case_id,vacancy_id,candidate_id,lane,activity,activity_type,assignee,start_time,end_time,duration_min,outcome,notes
019dba5c-c90e-408a-9c6b-6e68eb4c74c4,VAC-1053,CAND-10053,РУКОВОДИТЕЛЬ,Создать заявку,User Task,Иванов_5,2025-10-05 20:43:26,2025-10-05 21:34:26,51,,
019dba5c-c90e-408a-9c6b-6e68eb4c74c4,VAC-1053,CAND-10053,HR,Зарегистрировать в HCM,Service Task,Марина_1,2025-10-05 22:35:26,2025-10-05 22:54:26,19,,
019dba5c-c90e-408a-9c6b-6e68eb4c74c4,VAC-1053,CAND-10053,РЕКРУТЕР,Разместить вакансию,Task,Екатерина_4,2025-10-05 23:46:26,2025-10-06 01:29:26,103,,
019dba5c-c90e-408a-9c6b-6e68eb4c74c4,VAC-1053,CAND-10053,РЕКРУТЕР,Собирать резюме,Task,Екатерина_1,2025-10-06 02:29:26,2025-10-08 15:00:26,3631,,
019dba5c-c90e-408a-9c6b-6e68eb4c74c4,VAC-1053,CAND-10053,РЕКРУТЕР,Скрининг,Task,Алексей_1,2025-10-08 15:21:26,2025-10-08 15:44:26,23,rejected,некорректное резюме
02074922-796b-4e36-a29a-d4042c651e2f,VAC-1106,CAND-10106,РУКОВОДИТЕЛЬ,Создать заявку,User Task,Сидоров_6,2025-10-16 23:13:26,2025-10-16 23:30:26,17,,
02074922-796b-4e36-a29a-d4042c651e2f,VAC-1106,CAND-10106,HR,Зарегистрировать в HCM,Service Task,Марина_4,2025-10-17 00:47:26,2025-10-17 01:04:26,17,,
02074922-796b-4e36-a29a-d4042c651e2f,VAC-1106,CAND-10106,РЕКРУТЕР,Разместить вакансию,Task,Дмитрий_7,2025-10-17 01:44:26,2025-10-17 03:31:26,107,,
02074922-796b-4e36-a29a-d4042c651e2f,VAC-1106,CAND-10106,РЕКРУТЕР,Собирать резюме,Task,Дмитрий_5,2025-10-17 04:31:26,2025-10-18 12:15:26,1904,,
02074922-796b-4e36-a29a-d4042c651e2f,VAC-1106,CAND-10106,РЕКРУТЕР,Скрининг,Task,Дмитрий_1,2025-10-18 12:59:26,2025-10-18 13:32:26,33,rejected,некорректное резюме
024f2bb2-25bb-46d8-a837-7b92937d3929,VAC-1133,CAND-10133,РУКОВОДИТЕЛЬ,Создать заявку,User Task,Сидоров_6,2025-09-04 15:48:26,2025-09-04 16:23:26,35,,
024f2bb2-25bb-46d8-a837-7b92937d3929,VAC-1133,CAND-10133,HR,Зарегистрировать в HCM,Service Task,Марина_8,2025-09-04 18:07:26,2025-09-04 18:22:26,15,,
024f2bb2-25bb-46d8-a837-7b92937d3929,VAC-1133,CAND-10133,РЕКРУТЕР,Разместить вакансию,Task,Екатерина_6,2025-09-04 20:22:26,2025-09-04 21:22:26,60,,
024f2bb2-25bb-46d8-a837-7b92937d3929,VAC-1133,CAND-10133,РЕКРУТЕР,Собирать резюме,Task,Дмитрий_7,2025-09-04 22:22:26,2025-09-06 23:44:26,2962,,
024f2bb2-25bb-46d8-a837-7b92937d3929,VAC-1133,CAND-10133,РЕКРУТЕР,Скрининг,Task,Екатерина_4,2025-09-07 00:40:26,2025-09-07 01:00:26,20,passed,
024f2bb2-25bb-46d8-a837-7b92937d3929,VAC-1133,CAND-10133,ИНТЕРВЬЮЕРЫ,Назначить интервью,User Task,Анна_5,2025-09-07 01:47:26,2025-09-07 02:09:26,22,,
024f2bb2-25bb-46d8-a837-7b92937d3929,VAC-1133,CAND-10133,ИНТЕРВЬЮЕРЫ,Интервью (раунд 1),User Task,Андрей_1,2025-09-07 04:34:26,2025-09-07 06:16:26,102,rejected,поведенческий
02f442ce-6e26-40b2-a45d-3577ccb1eecc,VAC-1199,CAND-10199,РУКОВОДИТЕЛЬ,Создать заявку,User Task,Петров_1,2025-10-24 22:03:26,2025-10-24 22:56:26,53,,
02f442ce-6e26-40b2-a45d-3577ccb1eecc,VAC-1199,CAND-10199,HR,Зарегистрировать в HCM,Service Task,Наталья_9,2025-10-25 00:12:26,2025-10-25 00:26:26,14,,
02f442ce-6e26-40b2-a45d-3577ccb1eecc,VAC-1199,CAND-10199,РЕКРУТЕР,Разместить вакансию,Task,Дмитрий_6,2025-10-25 01:13:26,2025-10-25 01:43:26,30,,
02f442ce-6e26-40b2-a45d-3577ccb1eecc,VAC-1199,CAND-10199,РЕКРУТЕР,Собирать резюме,Task,Алексей_7,2025-10-25 02:43:26,2025-10-27 06:08:26,3085,,
02f442ce-6e26-40b2-a45d-3577ccb1eecc,VAC-1199,CAND-10199,РЕКРУТЕР,Скрининг,Task,Алексей_3,2025-10-27 06:21:26,2025-10-27 06:43:26,22,rejected,не соотв. опыту
04a05016-c12b-4b02-938b-7f82ef266684,VAC-1144,CAND-10144,РУКОВОДИТЕЛЬ,Создать заявку,User Task,Петров_3,2025-10-17 15:49:26,2025-10-17 16:37:26,48,,
04a05016-c12b-4b02-938b-7f82ef266684,VAC-1144,CAND-10144,HR,Зарегистрировать в HCM,Service Task,Ольга_6,2025-10-17 18:13:26,2025-10-17 18:26:26,13,,
04a05016-c12b-4b02-938b-7f82ef266684,VAC-1144,CAND-10144,РЕКРУТЕР,Разместить вакансию,Task,Дмитрий_2,2025-10-17 19:04:26,2025-10-17 19:58:26,54,,
04a05016-c12b-4b02-938b-7f82ef266684,VAC-1144,CAND-10144,РЕКРУТЕР,Собирать резюме,Task,Алексей_6,2025-10-17 20:58:26,2025-10-20 06:53:26,3475,,
04a05016-c12b-4b02-938b-7f82ef266684,VAC-1144,CAND-10144,РЕКРУТЕР,Скрининг,Task,Дмитрий_4,2025-10-20 07:31:26,2025-10-20 08:07:26,36,passed,
04a05016-c12b-4b02-938b-7f82ef266684,VAC-1144,CAND-10144,ИНТЕРВЬЮЕРЫ,Назначить интервью,User Task,Сергей_1,2025-10-20 08:49:26,2025-10-20 09:02:26,13,,
04a05016-c12b-4b02-938b-7f82ef266684,VAC-1144,CAND-10144,ИНТЕРВЬЮЕРЫ,Интервью (раунд 1),User Task,Сергей_9,2025-10-20 09:55:26,2025-10-20 11:36:26,101,passed,
04a05016-c12b-4b02-938b-7f82ef266684,VAC-1144,CAND-10144,ИНТЕРВЬЮЕРЫ,Интервью (раунд 2),User Task,Сергей_9,2025-10-20 12:45:26,2025-10-20 13:54:26,69,passed,
04a05016-c12b-4b02-938b-7f82ef266684,VAC-1144,CAND-10144,ИНТЕРВЬЮЕРЫ,Интервью (раунд 3),User Task,Андрей_9,2025-10-20 15:43:26,2025-10-20 17:09:26,86,passed,
04a05016-c12b-4b02-938b-7f82ef266684,VAC-1144,CAND-10144,ИНТЕРВЬЮЕРЫ,Финальное интервью,User Task,Андрей_8,2025-10-20 21:02:26,2025-10-20 22:03:26,61,passed,
04a05016-c12b-4b02-938b-7f82ef266684,VAC-1144,CAND-10144,HR (ОФФЕР),Согласовать условия,User Task,Наталья_1,2025-10-21 00:42:26,2025-10-21 03:55:26,193,,
04a05016-c12b-4b02-938b-7f82ef266684,VAC-1144,CAND-10144,HR (ОФФЕР),Сгенерировать оффер,Service Task,Наталья_2,2025-10-21 04:15:26,2025-10-21 04:29:26,14,,
04a05016-c12b-4b02-938b-7f82ef266684,VAC-1144,CAND-10144,HR (ОФФЕР),Отправить оффер,Send Task,Ольга_8,2025-10-21 04:34:26,2025-10-21 04:44:26,10,sent,
04a05016-c12b-4b02-938b-7f82ef266684,VAC-1144,CAND-10144,HR (ОФФЕР),Переговоры / отказ,Task,Марина_5,2025-10-21 06:44:26,2025-10-21 08:10:26,86,rejected,
05470c20-0b40-46ce-8737-d2a29768b5ff,VAC-1078,CAND-10078,РУКОВОДИТЕЛЬ,Создать заявку,User Task,Сидоров_3,2025-09-18 22:39:26,2025-09-18 23:12:26,33,,
05470c20-0b40-46ce-8737-d2a29768b5ff,VAC-1078,CAND-10078,HR,Зарегистрировать в HCM,Service Task,Наталья_1,2025-09-19 01:09:26,2025-09-19 01:34:26,25,,
05470c20-0b40-46ce-8737-d2a29768b5ff,VAC-1078,CAND-10078,РЕКРУТЕР,Разместить вакансию,Task,Алексей_5,2025-09-19 04:34:26,2025-09-19 05:02:26,28,,
05470c20-0b40-46ce-8737-d2a29768b5ff,VAC-1078,CAND-10078,РЕКРУТЕР,Собирать резюме,Task,Алексей_1,2025-09-19 06:02:26,2025-09-20 20:45:26,2323,,
05470c20-0b40-46ce-8737-d2a29768b5ff,VAC-1078,CAND-10078,РЕКРУТЕР,Скрининг,Task,Екатерина_5,2025-09-20 21:45:26,2025-09-20 22:07:26,22,passed,
05470c20-0b40-46ce-8737-d2a29768b5ff,VAC-1078,CAND-10078,ИНТЕРВЬЮЕРЫ,Назначить интервью,User Task,Сергей_7,2025-09-20 23:31:26,2025-09-21 00:05:26,34,,
05470c20-0b40-46ce-8737-d2a29768b5ff,VAC-1078,CAND-10078,ИНТЕРВЬЮЕРЫ,Интервью (раунд 1),User Task,Андрей_5,2025-09-21 00:56:26,2025-09-21 02:49:26,113,passed,
05470c20-0b40-46ce-8737-d2a29768b5ff,VAC-1078,CAND-10078,ИНТЕРВЬЮЕРЫ,Интервью (раунд 2),User Task,Андрей_3,2025-09-21 03:40:26,2025-09-21 05:04:26,84,passed,
05470c20-0b40-46ce-8737-d2a29768b5ff,VAC-1078,CAND-10078,ИНТЕРВЬЮЕРЫ,Финальное интервью,User Task,Анна_2,2025-09-21 08:21:26,2025-09-21 09:47:26,86,passed,
05470c20-0b40-46ce-8737-d2a29768b5ff,VAC-1078,CAND-10078,HR (ОФФЕР),Согласовать условия,User Task,Ольга_4,2025-09-21 12:06:26,2025-09-21 16:04:26,238,,
05470c20-0b40-46ce-8737-d2a29768b5ff,VAC-1078,CAND-10078,HR (ОФФЕР),Сгенерировать оффер,Service Task,Наталья_2,2025-09-21 16:24:26,2025-09-21 16:30:26,6,,
05470c20-0b40-46ce-8737-d2a29768b5ff,VAC-1078,CAND-10078,HR (ОФФЕР),Отправить оффер,Send Task,Ольга_2,2025-09-21 16:35:26,2025-09-21 16:45:26,10,sent,
05470c20-0b40-46ce-8737-d2a29768b5ff,VAC-1078,CAND-10078,SECURITY,Background Check,Call Activity,Служба_БД_3,2025-09-21 19:45:26,2025-09-24 03:15:26,3330,report_ready,
05470c20-0b40-46ce-8737-d2a29768b5ff,VAC-1078,CAND-10078,IT,Выдача оборудования,Task,IT_Specialist_1,2025-09-24 04:15:26,2025-09-24 06:45:26,150,,
05470c20-0b40-46ce-8737-d2a29768b5ff,VAC-1078,CAND-10078,IT,Создать доступы,Task,IT_Specialist_6,2025-09-24 07:15:26,2025-09-24 08:05:26,50,,
05470c20-0b40-46ce-8737-d2a29768b5ff,VAC-1078,CAND-10078,IT,Вводное обучение,Service Task,Марина_5,2025-09-24 09:05:26,2025-09-24 16:32:26,447,,
05470c20-0b40-46ce-8737-d2a29768b5ff,VAC-1078,CAND-10078,HR,Назначить ментора,Task,Ольга_3,2025-09-24 17:32:26,2025-09-24 18:12:26,40,,
05470c20-0b40-46ce-8737-d2a29768b5ff,VAC-1078,CAND-10078,HR,Уведомить всех,Message,system,2025-09-24 18:32:26,2025-09-24 18:37:26,5,notified,
05470c20-0b40-46ce-8737-d2a29768b5ff,VAC-1078,CAND-10078,HR,Обновить HCM,Service Task,Марина_5,2025-09-24 19:07:26,2025-09-24 19:27:26,20,,
05470c20-0b40-46ce-8737-d2a29768b5ff,VAC-1078,CAND-10078,HR,Payroll,Service Task,Марина_2,2025-09-24 19:57:26,2025-09-24 20:17:26,20,,
05470c20-0b40-46ce-8737-d2a29768b5ff,VAC-1078,CAND-10078,HR,Закрыть вакансию,Service Task,Наталья_6,2025-09-24 20:37:26,2025-09-24 20:42:26,5,,
09c59f20-f3e0-4bb8-b034-fca760985db8,VAC-1008,CAND-10008,РУКОВОДИТЕЛЬ,Создать заявку,User Task,Сидоров_7,2025-09-10 16:00:26,2025-09-10 16:38:26,38,,
09c59f20-f3e0-4bb8-b034-fca760985db8,VAC-1008,CAND-10008,HR,Зарегистрировать в HCM,Service Task,Наталья_2,2025-09-10 18:09:26,2025-09-10 18:19:26,10,,
09c59f20-f3e0-4bb8-b034-fca760985db8,VAC-1008,CAND-10008,РЕКРУТЕР,Разместить вакансию,Task,Алексей_6,2025-09-10 19:27:26,2025-09-10 20:56:26,89,,
09c59f20-f3e0-4bb8-b034-fca760985db8,VAC-1008,CAND-10008,РЕКРУТЕР,Собирать резюме,Task,Екатерина_3,2025-09-10 21:56:26,2025-09-13 13:41:26,3825,,
09c59f20-f3e0-4bb8-b034-fca760985db8,VAC-1008,CAND-10008,РЕКРУТЕР,Скрининг,Task,Алексей_5,2025-09-13 14:18:26,2025-09-13 14:32:26,14,passed,
09c59f20-f3e0-4bb8-b034-fca760985db8,VAC-1008,CAND-10008,ИНТЕРВЬЮЕРЫ,Назначить интервью,User Task,Сергей_4,2025-09-13 14:57:26,2025-09-13 15:35:26,38,,
09c59f20-f3e0-4bb8-b034-fca760985db8,VAC-1008,CAND-10008,ИНТЕРВЬЮЕРЫ,Интервью (раунд 1),User Task,Сергей_3,2025-09-13 16:31:26,2025-09-13 18:01:26,90,passed,
09c59f20-f3e0-4bb8-b034-fca760985db8,VAC-1008,CAND-10008,ИНТЕРВЬЮЕРЫ,Интервью (раунд 2),User Task,Андрей_7,2025-09-13 19:31:26,2025-09-13 20:36:26,65,rejected,недостаточно навыков
0af3a756-3d1e-49f5-9c4c-c40f7567e89c,VAC-1120,CAND-10120,РУКОВОДИТЕЛЬ,Создать заявку,User Task,Петров_2,2025-09-23 23:08:26,2025-09-23 23:19:26,11,,
0af3a756-3d1e-49f5-9c4c-c40f7567e89c,VAC-1120,CAND-10120,HR,Зарегистрировать в HCM,Service Task,Ольга_4,2025-09-24 00:12:26,2025-09-24 00:24:26,12,,
0af3a756-3d1e-49f5-9c4c-c40f7567e89c,VAC-1120,CAND-10120,РЕКРУТЕР,Разместить вакансию,Task,Дмитрий_6,2025-09-24 01:52:26,2025-09-24 02:52:26,60,,
0af3a756-3d1e-49f5-9c4c-c40f7567e89c,VAC-1120,CAND-10120,РЕКРУТЕР,Собирать резюме,Task,Екатерина_1,2025-09-24 03:52:26,2025-09-26 15:07:26,3555,,
0af3a756-3d1e-49f5-9c4c-c40f7567e89c,VAC-1120,CAND-10120,РЕКРУТЕР,Скрининг,Task,Дмитрий_4,2025-09-26 16:01:26,2025-09-26 16:37:26,36,passed,
0af3a756-3d1e-49f5-9c4c-c40f7567e89c,VAC-1120,CAND-10120,ИНТЕРВЬЮЕРЫ,Назначить интервью,User Task,Анна_6,2025-09-26 17:48:26,2025-09-26 18:19:26,31,,
0af3a756-3d1e-49f5-9c4c-c40f7567e89c,VAC-1120,CAND-10120,ИНТЕРВЬЮЕРЫ,Интервью (раунд 1),User Task,Андрей_5,2025-09-26 19:34:26,2025-09-26 21:19:26,105,passed,
0af3a756-3d1e-49f5-9c4c-c40f7567e89c,VAC-1120,CAND-10120,ИНТЕРВЬЮЕРЫ,Финальное интервью,User Task,Андрей_4,2025-09-26 23:05:26,2025-09-27 00:14:26,69,passed,
0af3a756-3d1e-49f5-9c4c-c40f7567e89c,VAC-1120,CAND-10120,HR (ОФФЕР),Согласовать условия,User Task,Ольга_4,2025-09-27 04:22:26,2025-09-27 06:23:26,121,,
0af3a756-3d1e-49f5-9c4c-c40f7567e89c,VAC-1120,CAND-10120,HR (ОФФЕР),Сгенерировать оффер,Service Task,Наталья_4,2025-09-27 06:43:26,2025-09-27 06:55:26,12,,
0af3a756-3d1e-49f5-9c4c-c40f7567e89c,VAC-1120,CAND-10120,HR (ОФФЕР),Отправить оффер,Send Task,Марина_6,2025-09-27 07:00:26,2025-09-27 07:10:26,10,sent,
0af3a756-3d1e-49f5-9c4c-c40f7567e89c,VAC-1120,CAND-10120,SECURITY,Background Check,Call Activity,Служба_БД_2,2025-09-27 10:10:26,2025-09-30 00:43:26,3753,report_ready,
0af3a756-3d1e-49f5-9c4c-c40f7567e89c,VAC-1120,CAND-10120,IT,Выдача оборудования,Task,IT_Specialist_1,2025-09-30 01:43:26,2025-09-30 04:07:26,144,,
0af3a756-3d1e-49f5-9c4c-c40f7567e89c,VAC-1120,CAND-10120,IT,Создать доступы,Task,IT_Specialist_8,2025-09-30 04:37:26,2025-09-30 06:16:26,99,,
0af3a756-3d1e-49f5-9c4c-c40f7567e89c,VAC-1120,CAND-10120,IT,Вводное обучение,Service Task,Марина_6,2025-09-30 07:16:26,2025-09-30 13:26:26,370,,
0af3a756-3d1e-49f5-9c4c-c40f7567e89c,VAC-1120,CAND-10120,HR,Назначить ментора,Task,Марина_5,2025-09-30 14:26:26,2025-09-30 15:27:26,61,,
0af3a756-3d1e-49f5-9c4c-c40f7567e89c,VAC-1120,CAND-10120,HR,Уведомить всех,Message,system,2025-09-30 15:47:26,2025-09-30 15:52:26,5,notified,
0af3a756-3d1e-49f5-9c4c-c40f7567e89c,VAC-1120,CAND-10120,HR,Обновить HCM,Service Task,Ольга_3,2025-09-30 16:22:26,2025-09-30 16:42:26,20,,
0af3a756-3d1e-49f5-9c4c-c40f7567e89c,VAC-1120,CAND-10120,HR,Payroll,Service Task,Марина_5,2025-09-30 17:12:26,2025-09-30 17:32:26,20,,
0af3a756-3d1e-49f5-9c4c-c40f7567e89c,VAC-1120,CAND-10120,HR,Закрыть вакансию,Service Task,Ольга_4,2025-09-30 17:52:26,2025-09-30 17:57:26,5,,
0b51fa1f-42c9-42da-83c6-d20c81e69461,VAC-1039,CAND-10039,РУКОВОДИТЕЛЬ,Создать заявку,User Task,Иванов_8,2025-09-20 18:56:26,2025-09-20 19:52:26,56,,
0b51fa1f-42c9-42da-83c6-d20c81e69461,VAC-1039,CAND-10039,HR,Зарегистрировать в HCM,Service Task,Марина_8,2025-09-20 21:30:26,2025-09-20 21:49:26,19,,
0b51fa1f-42c9-42da-83c6-d20c81e69461,VAC-1039,CAND-10039,РЕКРУТЕР,Разместить вакансию,Task,Алексей_5,2025-09-20 23:18:26,2025-09-21 00:46:26,88,,
0b51fa1f-42c9-42da-83c6-d20c81e69461,VAC-1039,CAND-10039,РЕКРУТЕР,Собирать резюме,Task,Алексей_6,2025-09-21 01:46:26,2025-09-23 09:47:26,3361,,
0b51fa1f-42c9-42da-83c6-d20c81e69461,VAC-1039,CAND-10039,РЕКРУТЕР,Скрининг,Task,Екатерина_8,2025-09-23 10:40:26,2025-09-23 11:20:26,40,passed,
0b51fa1f-42c9-42da-83c6-d20c81e69461,VAC-1039,CAND-10039,ИНТЕРВЬЮЕРЫ,Назначить интервью,User Task,Сергей_9,2025-09-23 12:16:26,2025-09-23 12:50:26,34,,
0b51fa1f-42c9-42da-83c6-d20c81e69461,VAC-1039,CAND-10039,ИНТЕРВЬЮЕРЫ,Интервью (раунд 1),User Task,Андрей_5,2025-09-23 14:01:26,2025-09-23 15:11:26,70,rejected,недостаточно навыков
0c1b1a89-c9e1-4072-8fa4-5284a8becc22,VAC-1164,CAND-10164,РУКОВОДИТЕЛЬ,Создать заявку,User Task,Петров_8,2025-09-29 00:05:26,2025-09-29 00:49:26,44,,
0c1b1a89-c9e1-4072-8fa4-5284a8becc22,VAC-1164,CAND-10164,HR,Зарегистрировать в HCM,Service Task,Марина_2,2025-09-29 02:28:26,2025-09-29 02:49:26,21,,
0c1b1a89-c9e1-4072-8fa4-5284a8becc22,VAC-1164,CAND-10164,РЕКРУТЕР,Разместить вакансию,Task,Алексей_2,2025-09-29 04:07:26,2025-09-29 05:25:26,78,,
0c1b1a89-c9e1-4072-8fa4-5284a8becc22,VAC-1164,CAND-10164,РЕКРУТЕР,Собирать резюме,Task,Алексей_5,2025-09-29 06:25:26,2025-10-01 09:05:26,3040,,
0c1b1a89-c9e1-4072-8fa4-5284a8becc22,VAC-1164,CAND-10164,РЕКРУТЕР,Скрининг,Task,Алексей_5,2025-10-01 09:19:26,2025-10-01 09:32:26,13,passed,
0c1b1a89-c9e1-4072-8fa4-5284a8becc22,VAC-1164,CAND-10164,ИНТЕРВЬЮЕРЫ,Назначить интервью,User Task,Андрей_4,2025-10-01 10:10:26,2025-10-01 10:35:26,25,,
0c1b1a89-c9e1-4072-8fa4-5284a8becc22,VAC-1164,CAND-10164,ИНТЕРВЬЮЕРЫ,Интервью (раунд 1),User Task,Анна_9,2025-10-01 11:10:26,2025-10-01 12:32:26,82,passed,
0c1b1a89-c9e1-4072-8fa4-5284a8becc22,VAC-1164,CAND-10164,ИНТЕРВЬЮЕРЫ,Интервью (раунд 2),User Task,Сергей_1,2025-10-01 13:35:26,2025-10-01 15:20:26,105,passed,
0c1b1a89-c9e1-4072-8fa4-5284a8becc22,VAC-1164,CAND-10164,ИНТЕРВЬЮЕРЫ,Финальное интервью,User Task,Андрей_9,2025-10-01 17:34:26,2025-10-01 18:43:26,69,passed,
0c1b1a89-c9e1-4072-8fa4-5284a8becc22,VAC-1164,CAND-10164,HR (ОФФЕР),Согласовать условия,User Task,Ольга_6,2025-10-01 22:28:26,2025-10-02 00:53:26,145,,
0c1b1a89-c9e1-4072-8fa4-5284a8becc22,VAC-1164,CAND-10164,HR (ОФФЕР),Сгенерировать оффер,Service Task,Марина_6,2025-10-02 01:13:26,2025-10-02 01:38:26,25,,
0c1b1a89-c9e1-4072-8fa4-5284a8becc22,VAC-1164,CAND-10164,HR (ОФФЕР),Отправить оффер,Send Task,Ольга_9,2025-10-02 01:43:26,2025-10-02 01:53:26,10,sent,
0c1b1a89-c9e1-4072-8fa4-5284a8becc22,VAC-1164,CAND-10164,HR (ОФФЕР),Переговоры / отказ,Task,Ольга_5,2025-10-02 03:53:26,2025-10-02 06:46:26,173,rejected,
0ce94418-7a67-46bc-ada9-de9a73a24c10,VAC-1014,CAND-10014,РУКОВОДИТЕЛЬ,Создать заявку,User Task,Иванов_7,2025-10-22 15:52:26,2025-10-22 16:36:26,44,,
0ce94418-7a67-46bc-ada9-de9a73a24c10,VAC-1014,CAND-10014,HR,Зарегистрировать в HCM,Service Task,Марина_1,2025-10-22 18:11:26,2025-10-22 18:39:26,28,,
0ce94418-7a67-46bc-ada9-de9a73a24c10,VAC-1014,CAND-10014,РЕКРУТЕР,Разместить вакансию,Task,Дмитрий_3,2025-10-22 19:30:26,2025-10-22 21:12:26,102,,
0ce94418-7a67-46bc-ada9-de9a73a24c10,VAC-1014,CAND-10014,РЕКРУТЕР,Собирать резюме,Task,Алексей_1,2025-10-22 22:12:26,2025-10-25 05:43:26,3331,,
0ce94418-7a67-46bc-ada9-de9a73a24c10,VAC-1014,CAND-10014,РЕКРУТЕР,Скрининг,Task,Дмитрий_4,2025-10-25 06:09:26,2025-10-25 06:31:26,22,passed,
0ce94418-7a67-46bc-ada9-de9a73a24c10,VAC-1014,CAND-10014,ИНТЕРВЬЮЕРЫ,Назначить интервью,User Task,Сергей_5,2025-10-25 07:34:26,2025-10-25 08:08:26,34,,
0ce94418-7a67-46bc-ada9-de9a73a24c10,VAC-1014,CAND-10014,ИНТЕРВЬЮЕРЫ,Интервью (раунд 1),User Task,Сергей_1,2025-10-25 10:25:26,2025-10-25 11:42:26,77,rejected,культурный профиль
0da6d276-aa06-422c-b3c6-0c7b77a53521,VAC-1045,CAND-10045,РУКОВОДИТЕЛЬ,Создать заявку,User Task,Петров_4,2025-09-07 22:31:26,2025-09-07 23:25:26,54,,
0da6d276-aa06-422c-b3c6-0c7b77a53521,VAC-1045,CAND-10045,HR,Зарегистрировать в HCM,Service Task,Наталья_8,2025-09-08 00:00:26,2025-09-08 00:14:26,14,,
0da6d276-aa06-422c-b3c6-0c7b77a53521,VAC-1045,CAND-10045,РЕКРУТЕР,Разместить вакансию,Task,Дмитрий_2,2025-09-08 01:28:26,2025-09-08 03:19:26,111,,
0da6d276-aa06-422c-b3c6-0c7b77a53521,VAC-1045,CAND-10045,РЕКРУТЕР,Собирать резюме,Task,Дмитрий_6,2025-09-08 04:19:26,2025-09-11 02:52:26,4233,,
0da6d276-aa06-422c-b3c6-0c7b77a53521,VAC-1045,CAND-10045,РЕКРУТЕР,Скрининг,Task,Екатерина_9,2025-09-11 03:47:26,2025-09-11 03:59:26,12,passed,
0da6d276-aa06-422c-b3c6-0c7b77a53521,VAC-1045,CAND-10045,ИНТЕРВЬЮЕРЫ,Назначить интервью,User Task,Андрей_3,2025-09-11 04:57:26,2025-09-11 05:34:26,37,,
0da6d276-aa06-422c-b3c6-0c7b77a53521,VAC-1045,CAND-10045,ИНТЕРВЬЮЕРЫ,Интервью (раунд 1),User Task,Андрей_3,2025-09-11 08:14:26,2025-09-11 09:27:26,73,passed,
0da6d276-aa06-422c-b3c6-0c7b77a53521,VAC-1045,CAND-10045,ИНТЕРВЬЮЕРЫ,Интервью (раунд 2),User Task,Анна_6,2025-09-11 10:57:26,2025-09-11 12:45:26,108,passed,
0da6d276-aa06-422c-b3c6-0c7b77a53521,VAC-1045,CAND-10045,ИНТЕРВЬЮЕРЫ,Интервью (раунд 3),User Task,Андрей_2,2025-09-11 15:14:26,2025-09-11 17:09:26,115,passed,
0da6d276-aa06-422c-b3c6-0c7b77a53521,VAC-1045,CAND-10045,ИНТЕРВЬЮЕРЫ,Финальное интервью,User Task,Анна_8,2025-09-11 19:28:26,2025-09-11 21:03:26,95,rejected,финал не пройден
0e2ad4b2-adac-4bf8-8218-46587b1ef370,VAC-1040,CAND-10040,РУКОВОДИТЕЛЬ,Создать заявку,User Task,Сидоров_2,2025-10-05 21:08:26,2025-10-05 21:41:26,33,,
0e2ad4b2-adac-4bf8-8218-46587b1ef370,VAC-1040,CAND-10040,HR,Зарегистрировать в HCM,Service Task,Марина_2,2025-10-05 23:32:26,2025-10-06 00:09:26,37,,
0e2ad4b2-adac-4bf8-8218-46587b1ef370,VAC-1040,CAND-10040,РЕКРУТЕР,Разместить вакансию,Task,Алексей_5,2025-10-06 01:51:26,2025-10-06 02:21:26,30,,
0e2ad4b2-adac-4bf8-8218-46587b1ef370,VAC-1040,CAND-10040,РЕКРУТЕР,Собирать резюме,Task,Екатерина_3,2025-10-06 03:21:26,2025-10-08 10:01:26,3280,,
0e2ad4b2-adac-4bf8-8218-46587b1ef370,VAC-1040,CAND-10040,РЕКРУТЕР,Скрининг,Task,Алексей_8,2025-10-08 10:38:26,2025-10-08 10:50:26,12,rejected,не соотв. опыту
0e57f489-5cf9-46fb-ab0b-6d51d3ace1c6,VAC-1167,CAND-10167,РУКОВОДИТЕЛЬ,Создать заявку,User Task,Сидоров_6,2025-09-03 14:00:26,2025-09-03 14:44:26,44,,
0e57f489-5cf9-46fb-ab0b-6d51d3ace1c6,VAC-1167,CAND-10167,HR,Зарегистрировать в HCM,Service Task,Ольга_8,2025-09-03 16:26:26,2025-09-03 16:58:26,32,,
0e57f489-5cf9-46fb-ab0b-6d51d3ace1c6,VAC-1167,CAND-10167,РЕКРУТЕР,Разместить вакансию,Task,Екатерина_3,2025-09-03 18:42:26,2025-09-03 20:38:26,116,,
0e57f489-5cf9-46fb-ab0b-6d51d3ace1c6,VAC-1167,CAND-10167,РЕКРУТЕР,Собирать резюме,Task,Екатерина_8,2025-09-03 21:38:26,2025-09-06 12:13:26,3755,,
0e57f489-5cf9-46fb-ab0b-6d51d3ace1c6,VAC-1167,CAND-10167,РЕКРУТЕР,Скрининг,Task,Алексей_8,2025-09-06 12:44:26,2025-09-06 13:16:26,32,rejected,не соотв. опыту
113321ec-5372-44e2-ab09-19939fb9bed0,VAC-1051,CAND-10051,РУКОВОДИТЕЛЬ,Создать заявку,User Task,Петров_5,2025-10-19 23:14:26,2025-10-20 00:02:26,48,,
113321ec-5372-44e2-ab09-19939fb9bed0,VAC-1051,CAND-10051,HR,Зарегистрировать в HCM,Service Task,Марина_4,2025-10-20 01:45:26,2025-10-20 02:20:26,35,,
113321ec-5372-44e2-ab09-19939fb9bed0,VAC-1051,CAND-10051,РЕКРУТЕР,Разместить вакансию,Task,Дмитрий_3,2025-10-20 03:03:26,2025-10-20 04:37:26,94,,
113321ec-5372-44e2-ab09-19939fb9bed0,VAC-1051,CAND-10051,РЕКРУТЕР,Собирать резюме,Task,Екатерина_7,2025-10-20 05:37:26,2025-10-22 17:24:26,3587,,
113321ec-5372-44e2-ab09-19939fb9bed0,VAC-1051,CAND-10051,РЕКРУТЕР,Скрининг,Task,Екатерина_4,2025-10-22 17:43:26,2025-10-22 18:19:26,36,passed,
113321ec-5372-44e2-ab09-19939fb9bed0,VAC-1051,CAND-10051,ИНТЕРВЬЮЕРЫ,Назначить интервью,User Task,Андрей_1,2025-10-22 20:08:26,2025-10-22 20:21:26,13,,
113321ec-5372-44e2-ab09-19939fb9bed0,VAC-1051,CAND-10051,ИНТЕРВЬЮЕРЫ,Интервью (раунд 1),User Task,Андрей_7,2025-10-22 22:38:26,2025-10-22 23:42:26,64,passed,
113321ec-5372-44e2-ab09-19939fb9bed0,VAC-1051,CAND-10051,ИНТЕРВЬЮЕРЫ,Интервью (раунд 2),User Task,Анна_1,2025-10-23 02:20:26,2025-10-23 04:05:26,105,rejected,культурный профиль
1163a29b-774b-42a0-a6ad-d6577f1fa371,VAC-1178,CAND-10178,РУКОВОДИТЕЛЬ,Создать заявку,User Task,Петров_9,2025-10-06 20:44:26,2025-10-06 21:26:26,42,,
1163a29b-774b-42a0-a6ad-d6577f1fa371,VAC-1178,CAND-10178,HR,Зарегистрировать в HCM,Service Task,Марина_9,2025-10-06 22:29:26,2025-10-06 23:04:26,35,,
1163a29b-774b-42a0-a6ad-d6577f1fa371,VAC-1178,CAND-10178,РЕКРУТЕР,Разместить вакансию,Task,Алексей_7,2025-10-06 23:38:26,2025-10-07 01:35:26,117,,
1163a29b-774b-42a0-a6ad-d6577f1fa371,VAC-1178,CAND-10178,РЕКРУТЕР,Собирать резюме,Task,Дмитрий_8,2025-10-07 02:35:26,2025-10-08 10:42:26,1927,,
1163a29b-774b-42a0-a6ad-d6577f1fa371,VAC-1178,CAND-10178,РЕКРУТЕР,Скрининг,Task,Дмитрий_8,2025-10-08 11:12:26,2025-10-08 11:49:26,37,passed,
1163a29b-774b-42a0-a6ad-d6577f1fa371,VAC-1178,CAND-10178,ИНТЕРВЬЮЕРЫ,Назначить интервью,User Task,Анна_5,2025-10-08 12:13:26,2025-10-08 12:28:26,15,,
1163a29b-774b-42a0-a6ad-d6577f1fa371,VAC-1178,CAND-10178,ИНТЕРВЬЮЕРЫ,Интервью (раунд 1),User Task,Сергей_7,2025-10-08 13:40:26,2025-10-08 15:27:26,107,passed,
1163a29b-774b-42a0-a6ad-d6577f1fa371,VAC-1178,CAND-10178,ИНТЕРВЬЮЕРЫ,Интервью (раунд 2),User Task,Сергей_9,2025-10-08 18:01:26,2025-10-08 19:00:26,59,passed,
1163a29b-774b-42a0-a6ad-d6577f1fa371,VAC-1178,CAND-10178,ИНТЕРВЬЮЕРЫ,Интервью (раунд 3),User Task,Анна_3,2025-10-08 21:48:26,2025-10-08 23:46:26,118,passed,
1163a29b-774b-42a0-a6ad-d6577f1fa371,VAC-1178,CAND-10178,ИНТЕРВЬЮЕРЫ,Финальное интервью,User Task,Сергей_7,2025-10-09 02:55:26,2025-10-09 03:47:26,52,passed,
1163a29b-774b-42a0-a6ad-d6577f1fa371,VAC-1178,CAND-10178,HR (ОФФЕР),Согласовать условия,User Task,Ольга_5,2025-10-09 07:24:26,2025-10-09 11:17:26,233,,
1163a29b-774b-42a0-a6ad-d6577f1fa371,VAC-1178,CAND-10178,HR (ОФФЕР),Сгенерировать оффер,Service Task,Наталья_1,2025-10-09 11:37:26,2025-10-09 11:52:26,15,,
1163a29b-774b-42a0-a6ad-d6577f1fa371,VAC-1178,CAND-10178,HR (ОФФЕР),Отправить оффер,Send Task,Марина_1,2025-10-09 11:57:26,2025-10-09 12:07:26,10,sent,
1163a29b-774b-42a0-a6ad-d6577f1fa371,VAC-1178,CAND-10178,SECURITY,Background Check,Call Activity,Служба_БД_1,2025-10-09 15:07:26,2025-10-13 17:08:26,5881,report_ready,
1163a29b-774b-42a0-a6ad-d6577f1fa371,VAC-1178,CAND-10178,IT,Выдача оборудования,Task,IT_Specialist_7,2025-10-13 18:08:26,2025-10-13 20:28:26,140,,
1163a29b-774b-42a0-a6ad-d6577f1fa371,VAC-1178,CAND-10178,IT,Создать доступы,Task,IT_Specialist_6,2025-10-13 20:58:26,2025-10-13 21:40:26,42,,
1163a29b-774b-42a0-a6ad-d6577f1fa371,VAC-1178,CAND-10178,IT,Вводное обучение,Service Task,Ольга_6,2025-10-13 22:40:26,2025-10-14 04:42:26,362,,
1163a29b-774b-42a0-a6ad-d6577f1fa371,VAC-1178,CAND-10178,HR,Назначить ментора,Task,Марина_4,2025-10-14 05:42:26,2025-10-14 06:15:26,33,,
1163a29b-774b-42a0-a6ad-d6577f1fa371,VAC-1178,CAND-10178,HR,Уведомить всех,Message,system,2025-10-14 06:35:26,2025-10-14 06:40:26,5,notified,
1163a29b-774b-42a0-a6ad-d6577f1fa371,VAC-1178,CAND-10178,HR,Обновить HCM,Service Task,Наталья_4,2025-10-14 07:10:26,2025-10-14 07:30:26,20,,
1163a29b-774b-42a0-a6ad-d6577f1fa371,VAC-1178,CAND-10178,HR,Payroll,Service Task,Марина_5,2025-10-14 08:00:26,2025-10-14 08:20:26,20,,
1163a29b-774b-42a0-a6ad-d6577f1fa371,VAC-1178,CAND-10178,HR,Закрыть вакансию,Service Task,Марина_2,2025-10-14 08:40:26,2025-10-14 08:45:26,5,,
13a3199a-7643-4e73-9d57-9ae60a29ea6d,VAC-1093,CAND-10093,РУКОВОДИТЕЛЬ,Создать заявку,User Task,Сидоров_5,2025-10-06 18:48:26,2025-10-06 19:39:26,51,,
13a3199a-7643-4e73-9d57-9ae60a29ea6d,VAC-1093,CAND-10093,HR,Зарегистрировать в HCM,Service Task,Наталья_8,2025-10-06 20:37:26,2025-10-06 21:08:26,31,,
13a3199a-7643-4e73-9d57-9ae60a29ea6d,VAC-1093,CAND-10093,РЕКРУТЕР,Разместить вакансию,Task,Дмитрий_6,2025-10-06 21:54:26,2025-10-06 22:57:26,63,,
13a3199a-7643-4e73-9d57-9ae60a29ea6d,VAC-1093,CAND-10093,РЕКРУТЕР,Собирать резюме,Task,Дмитрий_5,2025-10-06 23:57:26,2025-10-08 18:51:26,2574,,
13a3199a-7643-4e73-9d57-9ae60a29ea6d,VAC-1093,CAND-10093,РЕКРУТЕР,Скрининг,Task,Екатерина_4,2025-10-08 19:13:26,2025-10-08 19:27:26,14,rejected,не прошёл тест
155df4c8-6325-4b48-8510-2361fa01fb36,VAC-1101,CAND-10101,РУКОВОДИТЕЛЬ,Создать заявку,User Task,Петров_3,2025-10-05 15:45:26,2025-10-05 16:25:26,40,,
155df4c8-6325-4b48-8510-2361fa01fb36,VAC-1101,CAND-10101,HR,Зарегистрировать в HCM,Service Task,Ольга_6,2025-10-05 16:54:26,2025-10-05 17:28:26,34,,
155df4c8-6325-4b48-8510-2361fa01fb36,VAC-1101,CAND-10101,РЕКРУТЕР,Разместить вакансию,Task,Дмитрий_1,2025-10-05 18:59:26,2025-10-05 20:01:26,62,,
155df4c8-6325-4b48-8510-2361fa01fb36,VAC-1101,CAND-10101,РЕКРУТЕР,Собирать резюме,Task,Алексей_9,2025-10-05 21:01:26,2025-10-08 07:37:26,3516,,
155df4c8-6325-4b48-8510-2361fa01fb36,VAC-1101,CAND-10101,РЕКРУТЕР,Скрининг,Task,Дмитрий_4,2025-10-08 08:28:26,2025-10-08 08:50:26,22,passed,
155df4c8-6325-4b48-8510-2361fa01fb36,VAC-1101,CAND-10101,ИНТЕРВЬЮЕРЫ,Назначить интервью,User Task,Анна_8,2025-10-08 10:06:26,2025-10-08 10:41:26,35,,
155df4c8-6325-4b48-8510-2361fa01fb36,VAC-1101,CAND-10101,ИНТЕРВЬЮЕРЫ,Интервью (раунд 1),User Task,Сергей_1,2025-10-08 13:18:26,2025-10-08 15:00:26,102,passed,
155df4c8-6325-4b48-8510-2361fa01fb36,VAC-1101,CAND-10101,ИНТЕРВЬЮЕРЫ,Финальное интервью,User Task,Анна_9,2025-10-08 16:26:26,2025-10-08 18:02:26,96,passed,
155df4c8-6325-4b48-8510-2361fa01fb36,VAC-1101,CAND-10101,HR (ОФФЕР),Согласовать условия,User Task,Марина_5,2025-10-08 19:02:26,2025-10-08 20:25:26,83,,
155df4c8-6325-4b48-8510-2361fa01fb36,VAC-1101,CAND-10101,HR (ОФФЕР),Сгенерировать оффер,Service Task,Марина_4,2025-10-08 20:45:26,2025-10-08 21:06:26,21,,
155df4c8-6325-4b48-8510-2361fa01fb36,VAC-1101,CAND-10101,HR (ОФФЕР),Отправить оффер,Send Task,Марина_8,2025-10-08 21:11:26,2025-10-08 21:21:26,10,sent,
155df4c8-6325-4b48-8510-2361fa01fb36,VAC-1101,CAND-10101,HR (ОФФЕР),Переговоры / отказ,Task,Наталья_4,2025-10-08 23:21:26,2025-10-09 01:54:26,153,rejected,
158b65cb-bbd2-401b-ae2e-c53507baf5f1,VAC-1026,CAND-10026,РУКОВОДИТЕЛЬ,Создать заявку,User Task,Сидоров_4,2025-09-23 19:08:26,2025-09-23 19:30:26,22,,
158b65cb-bbd2-401b-ae2e-c53507baf5f1,VAC-1026,CAND-10026,HR,Зарегистрировать в HCM,Service Task,Наталья_7,2025-09-23 21:03:26,2025-09-23 21:25:26,22,,
158b65cb-bbd2-401b-ae2e-c53507baf5f1,VAC-1026,CAND-10026,РЕКРУТЕР,Разместить вакансию,Task,Екатерина_8,2025-09-23 22:06:26,2025-09-23 23:06:26,60,,
158b65cb-bbd2-401b-ae2e-c53507baf5f1,VAC-1026,CAND-10026,РЕКРУТЕР,Собирать резюме,Task,Дмитрий_3,2025-09-24 00:06:26,2025-09-26 02:07:26,3001,,
158b65cb-bbd2-401b-ae2e-c53507baf5f1,VAC-1026,CAND-10026,РЕКРУТЕР,Скрининг,Task,Алексей_3,2025-09-26 02:48:26,2025-09-26 03:28:26,40,passed,
158b65cb-bbd2-401b-ae2e-c53507baf5f1,VAC-1026,CAND-10026,ИНТЕРВЬЮЕРЫ,Назначить интервью,User Task,Андрей_8,2025-09-26 05:03:26,2025-09-26 05:23:26,20,,
158b65cb-bbd2-401b-ae2e-c53507baf5f1,VAC-1026,CAND-10026,ИНТЕРВЬЮЕРЫ,Интервью (раунд 1),User Task,Сергей_3,2025-09-26 07:49:26,2025-09-26 08:35:26,46,passed,
158b65cb-bbd2-401b-ae2e-c53507baf5f1,VAC-1026,CAND-10026,ИНТЕРВЬЮЕРЫ,Финальное интервью,User Task,Сергей_6,2025-09-26 09:54:26,2025-09-26 11:39:26,105,passed,
158b65cb-bbd2-401b-ae2e-c53507baf5f1,VAC-1026,CAND-10026,HR (ОФФЕР),Согласовать условия,User Task,Ольга_2,2025-09-26 15:18:26,2025-09-26 19:15:26,237,,
158b65cb-bbd2-401b-ae2e-c53507baf5f1,VAC-1026,CAND-10026,HR (ОФФЕР),Сгенерировать оффер,Service Task,Марина_9,2025-09-26 19:35:26,2025-09-26 19:50:26,15,,
158b65cb-bbd2-401b-ae2e-c53507baf5f1,VAC-1026,CAND-10026,HR (ОФФЕР),Отправить оффер,Send Task,Ольга_6,2025-09-26 19:55:26,2025-09-26 20:05:26,10,sent,
158b65cb-bbd2-401b-ae2e-c53507baf5f1,VAC-1026,CAND-10026,SECURITY,Background Check,Call Activity,Служба_БД_2,2025-09-26 23:05:26,2025-10-01 17:42:26,6877,report_ready,
158b65cb-bbd2-401b-ae2e-c53507baf5f1,VAC-1026,CAND-10026,IT,Выдача оборудования,Task,IT_Specialist_4,2025-10-01 18:42:26,2025-10-01 21:09:26,147,,
158b65cb-bbd2-401b-ae2e-c53507baf5f1,VAC-1026,CAND-10026,IT,Создать доступы,Task,IT_Specialist_2,2025-10-01 21:39:26,2025-10-01 22:20:26,41,,
158b65cb-bbd2-401b-ae2e-c53507baf5f1,VAC-1026,CAND-10026,IT,Вводное обучение,Service Task,Ольга_3,2025-10-01 23:20:26,2025-10-02 03:11:26,231,,
158b65cb-bbd2-401b-ae2e-c53507baf5f1,VAC-1026,CAND-10026,HR,Назначить ментора,Task,Ольга_1,2025-10-02 04:11:26,2025-10-02 05:25:26,74,,
158b65cb-bbd2-401b-ae2e-c53507baf5f1,VAC-1026,CAND-10026,HR,Уведомить всех,Message,system,2025-10-02 05:45:26,2025-10-02 05:50:26,5,notified,
158b65cb-bbd2-401b-ae2e-c53507baf5f1,VAC-1026,CAND-10026,HR,Обновить HCM,Service Task,Наталья_6,2025-10-02 06:20:26,2025-10-02 06:40:26,20,,
158b65cb-bbd2-401b-ae2e-c53507baf5f1,VAC-1026,CAND-10026,HR,Payroll,Service Task,Наталья_5,2025-10-02 07:10:26,2025-10-02 07:30:26,20,,
158b65cb-bbd2-401b-ae2e-c53507baf5f1,VAC-1026,CAND-10026,HR,Закрыть вакансию,Service Task,Ольга_6,2025-10-02 07:50:26,2025-10-02 07:55:26,5,,
183276f1-fc72-40ab-a13c-32e57ca602ff,VAC-1016,CAND-10016,РУКОВОДИТЕЛЬ,Создать заявку,User Task,Петров_9,2025-10-14 23:03:26,2025-10-14 23:15:26,12,,
183276f1-fc72-40ab-a13c-32e57ca602ff,VAC-1016,CAND-10016,HR,Зарегистрировать в HCM,Service Task,Ольга_2,2025-10-15 00:29:26,2025-10-15 01:00:26,31,,
183276f1-fc72-40ab-a13c-32e57ca602ff,VAC-1016,CAND-10016,РЕКРУТЕР,Разместить вакансию,Task,Дмитрий_1,2025-10-15 03:39:26,2025-10-15 05:21:26,102,,
183276f1-fc72-40ab-a13c-32e57ca602ff,VAC-1016,CAND-10016,РЕКРУТЕР,Собирать резюме,Task,Дмитрий_2,2025-10-15 06:21:26,2025-10-17 11:01:26,3160,,
183276f1-fc72-40ab-a13c-32e57ca602ff,VAC-1016,CAND-10016,РЕКРУТЕР,Скрининг,Task,Дмитрий_8,2025-10-17 11:38:26,2025-10-17 12:18:26,40,rejected,некорректное резюме
18b8b21f-3080-4db3-9cb7-462b30d5f4b1,VAC-1082,CAND-10082,РУКОВОДИТЕЛЬ,Создать заявку,User Task,Иванов_3,2025-09-22 17:27:26,2025-09-22 17:41:26,14,,
18b8b21f-3080-4db3-9cb7-462b30d5f4b1,VAC-1082,CAND-10082,HR,Зарегистрировать в HCM,Service Task,Марина_2,2025-09-22 19:40:26,2025-09-22 20:14:26,34,,
18b8b21f-3080-4db3-9cb7-462b30d5f4b1,VAC-1082,CAND-10082,РЕКРУТЕР,Разместить вакансию,Task,Алексей_8,2025-09-22 21:23:26,2025-09-22 21:56:26,33,,
18b8b21f-3080-4db3-9cb7-462b30d5f4b1,VAC-1082,CAND-10082,РЕКРУТЕР,Собирать резюме,Task,Дмитрий_7,2025-09-22 22:56:26,2025-09-25 06:44:26,3348,,
18b8b21f-3080-4db3-9cb7-462b30d5f4b1,VAC-1082,CAND-10082,РЕКРУТЕР,Скрининг,Task,Дмитрий_4,2025-09-25 07:01:26,2025-09-25 07:28:26,27,passed,
18b8b21f-3080-4db3-9cb7-462b30d5f4b1,VAC-1082,CAND-10082,ИНТЕРВЬЮЕРЫ,Назначить интервью,User Task,Андрей_2,2025-09-25 08:47:26,2025-09-25 09:05:26,18,,
18b8b21f-3080-4db3-9cb7-462b30d5f4b1,VAC-1082,CAND-10082,ИНТЕРВЬЮЕРЫ,Интервью (раунд 1),User Task,Сергей_3,2025-09-25 10:52:26,2025-09-25 11:42:26,50,passed,
18b8b21f-3080-4db3-9cb7-462b30d5f4b1,VAC-1082,CAND-10082,ИНТЕРВЬЮЕРЫ,Финальное интервью,User Task,Сергей_9,2025-09-25 13:05:26,2025-09-25 14:21:26,76,rejected,финал не пройден
1ae78486-d618-4950-a123-c997511b708d,VAC-1027,CAND-10027,РУКОВОДИТЕЛЬ,Создать заявку,User Task,Петров_3,2025-09-21 15:28:26,2025-09-21 16:11:26,43,,
1ae78486-d618-4950-a123-c997511b708d,VAC-1027,CAND-10027,HR,Зарегистрировать в HCM,Service Task,Наталья_7,2025-09-21 16:52:26,2025-09-21 17:07:26,15,,
1ae78486-d618-4950-a123-c997511b708d,VAC-1027,CAND-10027,РЕКРУТЕР,Разместить вакансию,Task,Екатерина_3,2025-09-21 18:38:26,2025-09-21 20:01:26,83,,
1ae78486-d618-4950-a123-c997511b708d,VAC-1027,CAND-10027,РЕКРУТЕР,Собирать резюме,Task,Дмитрий_5,2025-09-21 21:01:26,2025-09-23 12:52:26,2391,,
1ae78486-d618-4950-a123-c997511b708d,VAC-1027,CAND-10027,РЕКРУТЕР,Скрининг,Task,Екатерина_1,2025-09-23 13:31:26,2025-09-23 13:49:26,18,rejected,некорректное резюме
1b66e1b3-e69c-499a-bdb0-e027622d0e6b,VAC-1128,CAND-10128,РУКОВОДИТЕЛЬ,Создать заявку,User Task,Иванов_1,2025-10-08 13:34:26,2025-10-08 13:49:26,15,,
1b66e1b3-e69c-499a-bdb0-e027622d0e6b,VAC-1128,CAND-10128,HR,Зарегистрировать в HCM,Service Task,Ольга_2,2025-10-08 14:43:26,2025-10-08 15:17:26,34,,
1b66e1b3-e69c-499a-bdb0-e027622d0e6b,VAC-1128,CAND-10128,РЕКРУТЕР,Разместить вакансию,Task,Алексей_4,2025-10-08 18:06:26,2025-10-08 19:26:26,80,,
1b66e1b3-e69c-499a-bdb0-e027622d0e6b,VAC-1128,CAND-10128,РЕКРУТЕР,Собирать резюме,Task,Дмитрий_1,2025-10-08 20:26:26,2025-10-10 13:30:26,2464,,
1b66e1b3-e69c-499a-bdb0-e027622d0e6b,VAC-1128,CAND-10128,РЕКРУТЕР,Скрининг,Task,Екатерина_4,2025-10-10 13:47:26,2025-10-10 14:21:26,34,passed,
1b66e1b3-e69c-499a-bdb0-e027622d0e6b,VAC-1128,CAND-10128,ИНТЕРВЬЮЕРЫ,Назначить интервью,User Task,Анна_1,2025-10-10 15:37:26,2025-10-10 15:54:26,17,,
1b66e1b3-e69c-499a-bdb0-e027622d0e6b,VAC-1128,CAND-10128,ИНТЕРВЬЮЕРЫ,Интервью (раунд 1),User Task,Андрей_8,2025-10-10 16:48:26,2025-10-10 18:39:26,111,passed,
1b66e1b3-e69c-499a-bdb0-e027622d0e6b,VAC-1128,CAND-10128,ИНТЕРВЬЮЕРЫ,Финальное интервью,User Task,Андрей_1,2025-10-10 21:18:26,2025-10-10 22:42:26,84,rejected,финал не пройден
1c5fda2b-c4de-4569-9a2d-4da7e75a8f31,VAC-1071,CAND-10071,РУКОВОДИТЕЛЬ,Создать заявку,User Task,Сидоров_8,2025-09-06 19:48:26,2025-09-06 20:30:26,42,,
1c5fda2b-c4de-4569-9a2d-4da7e75a8f31,VAC-1071,CAND-10071,HR,Зарегистрировать в HCM,Service Task,Ольга_7,2025-09-06 21:42:26,2025-09-06 22:13:26,31,,
1c5fda2b-c4de-4569-9a2d-4da7e75a8f31,VAC-1071,CAND-10071,РЕКРУТЕР,Разместить вакансию,Task,Алексей_2,2025-09-07 00:36:26,2025-09-07 01:58:26,82,,
1c5fda2b-c4de-4569-9a2d-4da7e75a8f31,VAC-1071,CAND-10071,РЕКРУТЕР,Собирать резюме,Task,Алексей_4,2025-09-07 02:58:26,2025-09-09 17:33:26,3755,,
1c5fda2b-c4de-4569-9a2d-4da7e75a8f31,VAC-1071,CAND-10071,РЕКРУТЕР,Скрининг,Task,Дмитрий_4,2025-09-09 18:01:26,2025-09-09 18:12:26,11,passed,
1c5fda2b-c4de-4569-9a2d-4da7e75a8f31,VAC-1071,CAND-10071,ИНТЕРВЬЮЕРЫ,Назначить интервью,User Task,Сергей_8,2025-09-09 18:53:26,2025-09-09 19:27:26,34,,
1c5fda2b-c4de-4569-9a2d-4da7e75a8f31,VAC-1071,CAND-10071,ИНТЕРВЬЮЕРЫ,Интервью (раунд 1),User Task,Анна_6,2025-09-09 20:25:26,2025-09-09 22:23:26,118,passed,
1c5fda2b-c4de-4569-9a2d-4da7e75a8f31,VAC-1071,CAND-10071,ИНТЕРВЬЮЕРЫ,Интервью (раунд 2),User Task,Сергей_9,2025-09-10 01:11:26,2025-09-10 02:01:26,50,rejected,недостаточно навыков
1ecc1e5f-dc7a-4a37-90bf-74b60d3f8832,VAC-1047,CAND-10047,РУКОВОДИТЕЛЬ,Создать заявку,User Task,Иванов_5,2025-09-06 23:48:26,2025-09-07 00:15:26,27,,
1ecc1e5f-dc7a-4a37-90bf-74b60d3f8832,VAC-1047,CAND-10047,HR,Зарегистрировать в HCM,Service Task,Наталья_9,2025-09-07 01:53:26,2025-09-07 02:20:26,27,,
1ecc1e5f-dc7a-4a37-90bf-74b60d3f8832,VAC-1047,CAND-10047,РЕКРУТЕР,Разместить вакансию,Task,Екатерина_3,2025-09-07 03:33:26,2025-09-07 05:08:26,95,,
1ecc1e5f-dc7a-4a37-90bf-74b60d3f8832,VAC-1047,CAND-10047,РЕКРУТЕР,Собирать резюме,Task,Екатерина_6,2025-09-07 06:08:26,2025-09-08 17:49:26,2141,,
1ecc1e5f-dc7a-4a37-90bf-74b60d3f8832,VAC-1047,CAND-10047,РЕКРУТЕР,Скрининг,Task,Алексей_2,2025-09-08 18:35:26,2025-09-08 18:46:26,11,passed,
1ecc1e5f-dc7a-4a37-90bf-74b60d3f8832,VAC-1047,CAND-10047,ИНТЕРВЬЮЕРЫ,Назначить интервью,User Task,Анна_5,2025-09-08 20:28:26,2025-09-08 21:02:26,34,,
1ecc1e5f-dc7a-4a37-90bf-74b60d3f8832,VAC-1047,CAND-10047,ИНТЕРВЬЮЕРЫ,Интервью (раунд 1),User Task,Андрей_8,2025-09-08 23:58:26,2025-09-09 01:36:26,98,passed,
1ecc1e5f-dc7a-4a37-90bf-74b60d3f8832,VAC-1047,CAND-10047,ИНТЕРВЬЮЕРЫ,Интервью (раунд 2),User Task,Сергей_8,2025-09-09 04:25:26,2025-09-09 05:47:26,82,passed,
1ecc1e5f-dc7a-4a37-90bf-74b60d3f8832,VAC-1047,CAND-10047,ИНТЕРВЬЮЕРЫ,Финальное интервью,User Task,Андрей_1,2025-09-09 07:49:26,2025-09-09 09:25:26,96,passed,
1ecc1e5f-dc7a-4a37-90bf-74b60d3f8832,VAC-1047,CAND-10047,HR (ОФФЕР),Согласовать условия,User Task,Ольга_8,2025-09-09 11:05:26,2025-09-09 13:57:26,172,,
1ecc1e5f-dc7a-4a37-90bf-74b60d3f8832,VAC-1047,CAND-10047,HR (ОФФЕР),Сгенерировать оффер,Service Task,Наталья_6,2025-09-09 14:17:26,2025-09-09 14:36:26,19,,
1ecc1e5f-dc7a-4a37-90bf-74b60d3f8832,VAC-1047,CAND-10047,HR (ОФФЕР),Отправить оффер,Send Task,Марина_3,2025-09-09 14:41:26,2025-09-09 14:51:26,10,sent,
1ecc1e5f-dc7a-4a37-90bf-74b60d3f8832,VAC-1047,CAND-10047,SECURITY,Background Check,Call Activity,Служба_БД_7,2025-09-09 17:51:26,2025-09-13 13:26:26,5495,report_ready,
1ecc1e5f-dc7a-4a37-90bf-74b60d3f8832,VAC-1047,CAND-10047,IT,Выдача оборудования,Task,IT_Specialist_6,2025-09-13 14:26:26,2025-09-13 16:13:26,107,,
1ecc1e5f-dc7a-4a37-90bf-74b60d3f8832,VAC-1047,CAND-10047,IT,Создать доступы,Task,IT_Specialist_2,2025-09-13 16:43:26,2025-09-13 17:43:26,60,,
1ecc1e5f-dc7a-4a37-90bf-74b60d3f8832,VAC-1047,CAND-10047,IT,Вводное обучение,Service Task,Ольга_4,2025-09-13 18:43:26,2025-09-13 23:59:26,316,,
1ecc1e5f-dc7a-4a37-90bf-74b60d3f8832,VAC-1047,CAND-10047,HR,Назначить ментора,Task,Наталья_1,2025-09-14 00:59:26,2025-09-14 01:38:26,39,,
1ecc1e5f-dc7a-4a37-90bf-74b60d3f8832,VAC-1047,CAND-10047,HR,Уведомить всех,Message,system,2025-09-14 01:58:26,2025-09-14 02:03:26,5,notified,
1ecc1e5f-dc7a-4a37-90bf-74b60d3f8832,VAC-1047,CAND-10047,HR,Обновить HCM,Service Task,Ольга_7,2025-09-14 02:33:26,2025-09-14 02:53:26,20,,
1ecc1e5f-dc7a-4a37-90bf-74b60d3f8832,VAC-1047,CAND-10047,HR,Payroll,Service Task,Марина_7,2025-09-14 03:23:26,2025-09-14 03:43:26,20,,
1ecc1e5f-dc7a-4a37-90bf-74b60d3f8832,VAC-1047,CAND-10047,HR,Закрыть вакансию,Service Task,Наталья_3,2025-09-14 04:03:26,2025-09-14 04:08:26,5,,
1fbc2797-afb6-4d93-bcc5-a9b8a93d5a35,VAC-1069,CAND-10069,РУКОВОДИТЕЛЬ,Создать заявку,User Task,Петров_7,2025-09-05 15:53:26,2025-09-05 16:45:26,52,,
1fbc2797-afb6-4d93-bcc5-a9b8a93d5a35,VAC-1069,CAND-10069,HR,Зарегистрировать в HCM,Service Task,Марина_4,2025-09-05 17:08:26,2025-09-05 17:41:26,33,,
1fbc2797-afb6-4d93-bcc5-a9b8a93d5a35,VAC-1069,CAND-10069,РЕКРУТЕР,Разместить вакансию,Task,Дмитрий_7,2025-09-05 20:06:26,2025-09-05 21:41:26,95,,
1fbc2797-afb6-4d93-bcc5-a9b8a93d5a35,VAC-1069,CAND-10069,РЕКРУТЕР,Собирать резюме,Task,Екатерина_4,2025-09-05 22:41:26,2025-09-06 22:59:26,1458,,
1fbc2797-afb6-4d93-bcc5-a9b8a93d5a35,VAC-1069,CAND-10069,РЕКРУТЕР,Скрининг,Task,Екатерина_2,2025-09-06 23:22:26,2025-09-06 23:40:26,18,passed,
1fbc2797-afb6-4d93-bcc5-a9b8a93d5a35,VAC-1069,CAND-10069,ИНТЕРВЬЮЕРЫ,Назначить интервью,User Task,Сергей_6,2025-09-07 01:08:26,2025-09-07 01:23:26,15,,
1fbc2797-afb6-4d93-bcc5-a9b8a93d5a35,VAC-1069,CAND-10069,ИНТЕРВЬЮЕРЫ,Интервью (раунд 1),User Task,Сергей_9,2025-09-07 02:22:26,2025-09-07 03:40:26,78,passed,
1fbc2797-afb6-4d93-bcc5-a9b8a93d5a35,VAC-1069,CAND-10069,ИНТЕРВЬЮЕРЫ,Финальное интервью,User Task,Анна_7,2025-09-07 07:23:26,2025-09-07 08:48:26,85,passed,
1fbc2797-afb6-4d93-bcc5-a9b8a93d5a35,VAC-1069,CAND-10069,HR (ОФФЕР),Согласовать условия,User Task,Ольга_6,2025-09-07 12:18:26,2025-09-07 13:47:26,89,,
1fbc2797-afb6-4d93-bcc5-a9b8a93d5a35,VAC-1069,CAND-10069,HR (ОФФЕР),Сгенерировать оффер,Service Task,Марина_3,2025-09-07 14:07:26,2025-09-07 14:26:26,19,,
1fbc2797-afb6-4d93-bcc5-a9b8a93d5a35,VAC-1069,CAND-10069,HR (ОФФЕР),Отправить оффер,Send Task,Марина_5,2025-09-07 14:31:26,2025-09-07 14:41:26,10,sent,
1fbc2797-afb6-4d93-bcc5-a9b8a93d5a35,VAC-1069,CAND-10069,HR (ОФФЕР),Переговоры / отказ,Task,Наталья_3,2025-09-07 16:41:26,2025-09-07 20:12:26,211,rejected,
2513764d-1f7f-448a-bc4e-96efed9c5570,VAC-1138,CAND-10138,РУКОВОДИТЕЛЬ,Создать заявку,User Task,Сидоров_4,2025-10-07 23:08:26,2025-10-07 23:58:26,50,,
2513764d-1f7f-448a-bc4e-96efed9c5570,VAC-1138,CAND-10138,HR,Зарегистрировать в HCM,Service Task,Марина_3,2025-10-08 01:11:26,2025-10-08 01:28:26,17,,
2513764d-1f7f-448a-bc4e-96efed9c5570,VAC-1138,CAND-10138,РЕКРУТЕР,Разместить вакансию,Task,Екатерина_6,2025-10-08 03:47:26,2025-10-08 04:46:26,59,,
2513764d-1f7f-448a-bc4e-96efed9c5570,VAC-1138,CAND-10138,РЕКРУТЕР,Собирать резюме,Task,Екатерина_3,2025-10-08 05:46:26,2025-10-10 12:25:26,3279,,
2513764d-1f7f-448a-bc4e-96efed9c5570,VAC-1138,CAND-10138,РЕКРУТЕР,Скрининг,Task,Алексей_9,2025-10-10 12:48:26,2025-10-10 13:18:26,30,passed,
2513764d-1f7f-448a-bc4e-96efed9c5570,VAC-1138,CAND-10138,ИНТЕРВЬЮЕРЫ,Назначить интервью,User Task,Андрей_5,2025-10-10 14:03:26,2025-10-10 14:40:26,37,,
2513764d-1f7f-448a-bc4e-96efed9c5570,VAC-1138,CAND-10138,ИНТЕРВЬЮЕРЫ,Интервью (раунд 1),User Task,Андрей_3,2025-10-10 17:24:26,2025-10-10 18:26:26,62,passed,
2513764d-1f7f-448a-bc4e-96efed9c5570,VAC-1138,CAND-10138,ИНТЕРВЬЮЕРЫ,Интервью (раунд 2),User Task,Анна_2,2025-10-10 20:17:26,2025-10-10 21:10:26,53,passed,
2513764d-1f7f-448a-bc4e-96efed9c5570,VAC-1138,CAND-10138,ИНТЕРВЬЮЕРЫ,Финальное интервью,User Task,Андрей_1,2025-10-10 22:57:26,2025-10-11 00:22:26,85,passed,
2513764d-1f7f-448a-bc4e-96efed9c5570,VAC-1138,CAND-10138,HR (ОФФЕР),Согласовать условия,User Task,Ольга_7,2025-10-11 04:37:26,2025-10-11 06:58:26,141,,
2513764d-1f7f-448a-bc4e-96efed9c5570,VAC-1138,CAND-10138,HR (ОФФЕР),Сгенерировать оффер,Service Task,Ольга_5,2025-10-11 07:18:26,2025-10-11 07:32:26,14,,
2513764d-1f7f-448a-bc4e-96efed9c5570,VAC-1138,CAND-10138,HR (ОФФЕР),Отправить оффер,Send Task,Наталья_4,2025-10-11 07:37:26,2025-10-11 07:47:26,10,sent,
2513764d-1f7f-448a-bc4e-96efed9c5570,VAC-1138,CAND-10138,SECURITY,Background Check,Call Activity,Служба_БД_5,2025-10-11 10:47:26,2025-10-14 12:00:26,4393,report_ready,
2513764d-1f7f-448a-bc4e-96efed9c5570,VAC-1138,CAND-10138,IT,Выдача оборудования,Task,IT_Specialist_4,2025-10-14 13:00:26,2025-10-14 15:18:26,138,,
2513764d-1f7f-448a-bc4e-96efed9c5570,VAC-1138,CAND-10138,IT,Создать доступы,Task,IT_Specialist_6,2025-10-14 15:48:26,2025-10-14 16:47:26,59,,
2513764d-1f7f-448a-bc4e-96efed9c5570,VAC-1138,CAND-10138,IT,Вводное обучение,Service Task,Марина_8,2025-10-14 17:47:26,2025-10-14 21:27:26,220,,
2513764d-1f7f-448a-bc4e-96efed9c5570,VAC-1138,CAND-10138,HR,Назначить ментора,Task,Марина_8,2025-10-14 22:27:26,2025-10-14 23:05:26,38,,
2513764d-1f7f-448a-bc4e-96efed9c5570,VAC-1138,CAND-10138,HR,Уведомить всех,Message,system,2025-10-14 23:25:26,2025-10-14 23:30:26,5,notified,
2513764d-1f7f-448a-bc4e-96efed9c5570,VAC-1138,CAND-10138,HR,Обновить HCM,Service Task,Марина_6,2025-10-15 00:00:26,2025-10-15 00:20:26,20,,
2513764d-1f7f-448a-bc4e-96efed9c5570,VAC-1138,CAND-10138,HR,Payroll,Service Task,Наталья_7,2025-10-15 00:50:26,2025-10-15 01:10:26,20,,
2513764d-1f7f-448a-bc4e-96efed9c5570,VAC-1138,CAND-10138,HR,Закрыть вакансию,Service Task,Ольга_8,2025-10-15 01:30:26,2025-10-15 01:35:26,5,,
278f9a17-ac95-42f4-aa2a-5b2578a27604,VAC-1077,CAND-10077,РУКОВОДИТЕЛЬ,Создать заявку,User Task,Сидоров_7,2025-09-27 22:45:26,2025-09-27 23:07:26,22,,
278f9a17-ac95-42f4-aa2a-5b2578a27604,VAC-1077,CAND-10077,HR,Зарегистрировать в HCM,Service Task,Наталья_4,2025-09-28 00:04:26,2025-09-28 00:34:26,30,,
278f9a17-ac95-42f4-aa2a-5b2578a27604,VAC-1077,CAND-10077,РЕКРУТЕР,Разместить вакансию,Task,Алексей_4,2025-09-28 03:10:26,2025-09-28 04:19:26,69,,
278f9a17-ac95-42f4-aa2a-5b2578a27604,VAC-1077,CAND-10077,РЕКРУТЕР,Собирать резюме,Task,Екатерина_2,2025-09-28 05:19:26,2025-09-30 15:25:26,3486,,
278f9a17-ac95-42f4-aa2a-5b2578a27604,VAC-1077,CAND-10077,РЕКРУТЕР,Скрининг,Task,Алексей_6,2025-09-30 16:08:26,2025-09-30 16:46:26,38,rejected,не соотв. опыту
29691c3d-49d4-41bc-8723-382c8f41d714,VAC-1157,CAND-10157,РУКОВОДИТЕЛЬ,Создать заявку,User Task,Иванов_2,2025-09-25 23:04:26,2025-09-25 23:53:26,49,,
29691c3d-49d4-41bc-8723-382c8f41d714,VAC-1157,CAND-10157,HR,Зарегистрировать в HCM,Service Task,Ольга_7,2025-09-26 00:38:26,2025-09-26 01:01:26,23,,
29691c3d-49d4-41bc-8723-382c8f41d714,VAC-1157,CAND-10157,РЕКРУТЕР,Разместить вакансию,Task,Екатерина_9,2025-09-26 02:54:26,2025-09-26 03:29:26,35,,
29691c3d-49d4-41bc-8723-382c8f41d714,VAC-1157,CAND-10157,РЕКРУТЕР,Собирать резюме,Task,Дмитрий_4,2025-09-26 04:29:26,2025-09-27 13:51:26,2002,,
29691c3d-49d4-41bc-8723-382c8f41d714,VAC-1157,CAND-10157,РЕКРУТЕР,Скрининг,Task,Екатерина_3,2025-09-27 14:49:26,2025-09-27 15:00:26,11,passed,
29691c3d-49d4-41bc-8723-382c8f41d714,VAC-1157,CAND-10157,ИНТЕРВЬЮЕРЫ,Назначить интервью,User Task,Андрей_7,2025-09-27 15:35:26,2025-09-27 15:53:26,18,,
29691c3d-49d4-41bc-8723-382c8f41d714,VAC-1157,CAND-10157,ИНТЕРВЬЮЕРЫ,Интервью (раунд 1),User Task,Андрей_1,2025-09-27 17:57:26,2025-09-27 19:52:26,115,passed,
29691c3d-49d4-41bc-8723-382c8f41d714,VAC-1157,CAND-10157,ИНТЕРВЬЮЕРЫ,Финальное интервью,User Task,Анна_7,2025-09-27 21:26:26,2025-09-27 22:23:26,57,passed,
29691c3d-49d4-41bc-8723-382c8f41d714,VAC-1157,CAND-10157,HR (ОФФЕР),Согласовать условия,User Task,Наталья_8,2025-09-28 02:42:26,2025-09-28 04:22:26,100,,
29691c3d-49d4-41bc-8723-382c8f41d714,VAC-1157,CAND-10157,HR (ОФФЕР),Сгенерировать оффер,Service Task,Наталья_1,2025-09-28 04:42:26,2025-09-28 04:49:26,7,,
29691c3d-49d4-41bc-8723-382c8f41d714,VAC-1157,CAND-10157,HR (ОФФЕР),Отправить оффер,Send Task,Наталья_2,2025-09-28 04:54:26,2025-09-28 05:04:26,10,sent,
29691c3d-49d4-41bc-8723-382c8f41d714,VAC-1157,CAND-10157,SECURITY,Background Check,Call Activity,Служба_БД_8,2025-09-28 08:04:26,2025-10-01 22:48:26,5204,report_ready,
29691c3d-49d4-41bc-8723-382c8f41d714,VAC-1157,CAND-10157,IT,Выдача оборудования,Task,IT_Specialist_5,2025-10-01 23:48:26,2025-10-02 01:14:26,86,,
29691c3d-49d4-41bc-8723-382c8f41d714,VAC-1157,CAND-10157,IT,Создать доступы,Task,IT_Specialist_7,2025-10-02 01:44:26,2025-10-02 03:20:26,96,,
29691c3d-49d4-41bc-8723-382c8f41d714,VAC-1157,CAND-10157,IT,Вводное обучение,Service Task,Наталья_1,2025-10-02 04:20:26,2025-10-02 09:22:26,302,,
29691c3d-49d4-41bc-8723-382c8f41d714,VAC-1157,CAND-10157,HR,Назначить ментора,Task,Наталья_8,2025-10-02 10:22:26,2025-10-02 11:30:26,68,,
29691c3d-49d4-41bc-8723-382c8f41d714,VAC-1157,CAND-10157,HR,Уведомить всех,Message,system,2025-10-02 11:50:26,2025-10-02 11:55:26,5,notified,
29691c3d-49d4-41bc-8723-382c8f41d714,VAC-1157,CAND-10157,HR,Обновить HCM,Service Task,Марина_2,2025-10-02 12:25:26,2025-10-02 12:45:26,20,,
29691c3d-49d4-41bc-8723-382c8f41d714,VAC-1157,CAND-10157,HR,Payroll,Service Task,Марина_5,2025-10-02 13:15:26,2025-10-02 13:35:26,20,,
29691c3d-49d4-41bc-8723-382c8f41d714,VAC-1157,CAND-10157,HR,Закрыть вакансию,Service Task,Ольга_7,2025-10-02 13:55:26,2025-10-02 14:00:26,5,,
2a51d75a-c258-4bae-90f2-78adbf02b443,VAC-1131,CAND-10131,РУКОВОДИТЕЛЬ,Создать заявку,User Task,Сидоров_3,2025-09-27 23:44:26,2025-09-28 00:43:26,59,,
2a51d75a-c258-4bae-90f2-78adbf02b443,VAC-1131,CAND-10131,HR,Зарегистрировать в HCM,Service Task,Ольга_7,2025-09-28 02:21:26,2025-09-28 02:40:26,19,,
2a51d75a-c258-4bae-90f2-78adbf02b443,VAC-1131,CAND-10131,РЕКРУТЕР,Разместить вакансию,Task,Алексей_9,2025-09-28 04:32:26,2025-09-28 05:06:26,34,,
2a51d75a-c258-4bae-90f2-78adbf02b443,VAC-1131,CAND-10131,РЕКРУТЕР,Собирать резюме,Task,Алексей_1,2025-09-28 06:06:26,2025-10-01 03:04:26,4138,,
2a51d75a-c258-4bae-90f2-78adbf02b443,VAC-1131,CAND-10131,РЕКРУТЕР,Скрининг,Task,Алексей_4,2025-10-01 03:22:26,2025-10-01 03:37:26,15,passed,
2a51d75a-c258-4bae-90f2-78adbf02b443,VAC-1131,CAND-10131,ИНТЕРВЬЮЕРЫ,Назначить интервью,User Task,Андрей_7,2025-10-01 04:21:26,2025-10-01 04:34:26,13,,
2a51d75a-c258-4bae-90f2-78adbf02b443,VAC-1131,CAND-10131,ИНТЕРВЬЮЕРЫ,Интервью (раунд 1),User Task,Сергей_4,2025-10-01 07:18:26,2025-10-01 09:18:26,120,passed,
2a51d75a-c258-4bae-90f2-78adbf02b443,VAC-1131,CAND-10131,ИНТЕРВЬЮЕРЫ,Интервью (раунд 2),User Task,Андрей_8,2025-10-01 10:06:26,2025-10-01 10:52:26,46,rejected,недостаточно навыков
2ca1d40f-278e-4cde-b2d5-51c0348769d3,VAC-1043,CAND-10043,РУКОВОДИТЕЛЬ,Создать заявку,User Task,Петров_1,2025-10-15 15:17:26,2025-10-15 16:12:26,55,,
2ca1d40f-278e-4cde-b2d5-51c0348769d3,VAC-1043,CAND-10043,HR,Зарегистрировать в HCM,Service Task,Наталья_4,2025-10-15 17:09:26,2025-10-15 17:25:26,16,,
2ca1d40f-278e-4cde-b2d5-51c0348769d3,VAC-1043,CAND-10043,РЕКРУТЕР,Разместить вакансию,Task,Дмитрий_9,2025-10-15 18:05:26,2025-10-15 19:05:26,60,,
2ca1d40f-278e-4cde-b2d5-51c0348769d3,VAC-1043,CAND-10043,РЕКРУТЕР,Собирать резюме,Task,Екатерина_8,2025-10-15 20:05:26,2025-10-17 23:16:26,3071,,
2ca1d40f-278e-4cde-b2d5-51c0348769d3,VAC-1043,CAND-10043,РЕКРУТЕР,Скрининг,Task,Екатерина_4,2025-10-17 23:42:26,2025-10-17 23:53:26,11,passed,
2ca1d40f-278e-4cde-b2d5-51c0348769d3,VAC-1043,CAND-10043,ИНТЕРВЬЮЕРЫ,Назначить интервью,User Task,Анна_6,2025-10-18 01:52:26,2025-10-18 02:03:26,11,,
2ca1d40f-278e-4cde-b2d5-51c0348769d3,VAC-1043,CAND-10043,ИНТЕРВЬЮЕРЫ,Интервью (раунд 1),User Task,Анна_8,2025-10-18 04:07:26,2025-10-18 05:47:26,100,rejected,поведенческий
2d6b6757-5e0c-4507-aacc-eccddd280e0d,VAC-1050,CAND-10050,РУКОВОДИТЕЛЬ,Создать заявку,User Task,Иванов_9,2025-09-29 19:01:26,2025-09-29 19:20:26,19,,
2d6b6757-5e0c-4507-aacc-eccddd280e0d,VAC-1050,CAND-10050,HR,Зарегистрировать в HCM,Service Task,Наталья_1,2025-09-29 20:31:26,2025-09-29 20:57:26,26,,
2d6b6757-5e0c-4507-aacc-eccddd280e0d,VAC-1050,CAND-10050,РЕКРУТЕР,Разместить вакансию,Task,Екатерина_6,2025-09-29 21:36:26,2025-09-29 22:13:26,37,,
2d6b6757-5e0c-4507-aacc-eccddd280e0d,VAC-1050,CAND-10050,РЕКРУТЕР,Собирать резюме,Task,Екатерина_8,2025-09-29 23:13:26,2025-10-02 07:33:26,3380,,
2d6b6757-5e0c-4507-aacc-eccddd280e0d,VAC-1050,CAND-10050,РЕКРУТЕР,Скрининг,Task,Екатерина_3,2025-10-02 07:52:26,2025-10-02 08:21:26,29,passed,
2d6b6757-5e0c-4507-aacc-eccddd280e0d,VAC-1050,CAND-10050,ИНТЕРВЬЮЕРЫ,Назначить интервью,User Task,Андрей_7,2025-10-02 09:59:26,2025-10-02 10:19:26,20,,
2d6b6757-5e0c-4507-aacc-eccddd280e0d,VAC-1050,CAND-10050,ИНТЕРВЬЮЕРЫ,Интервью (раунд 1),User Task,Анна_9,2025-10-02 12:05:26,2025-10-02 14:05:26,120,passed,
2d6b6757-5e0c-4507-aacc-eccddd280e0d,VAC-1050,CAND-10050,ИНТЕРВЬЮЕРЫ,Интервью (раунд 2),User Task,Андрей_6,2025-10-02 16:40:26,2025-10-02 18:37:26,117,passed,
2d6b6757-5e0c-4507-aacc-eccddd280e0d,VAC-1050,CAND-10050,ИНТЕРВЬЮЕРЫ,Интервью (раунд 3),User Task,Анна_5,2025-10-02 20:31:26,2025-10-02 21:30:26,59,rejected,культурный профиль
2e871c9e-31be-4368-b3e5-a5eb7ab60035,VAC-1044,CAND-10044,РУКОВОДИТЕЛЬ,Создать заявку,User Task,Петров_6,2025-09-15 15:44:26,2025-09-15 16:38:26,54,,
2e871c9e-31be-4368-b3e5-a5eb7ab60035,VAC-1044,CAND-10044,HR,Зарегистрировать в HCM,Service Task,Наталья_7,2025-09-15 18:04:26,2025-09-15 18:22:26,18,,
2e871c9e-31be-4368-b3e5-a5eb7ab60035,VAC-1044,CAND-10044,РЕКРУТЕР,Разместить вакансию,Task,Екатерина_3,2025-09-15 19:12:26,2025-09-15 20:27:26,75,,
2e871c9e-31be-4368-b3e5-a5eb7ab60035,VAC-1044,CAND-10044,РЕКРУТЕР,Собирать резюме,Task,Дмитрий_6,2025-09-15 21:27:26,2025-09-18 10:41:26,3674,,
2e871c9e-31be-4368-b3e5-a5eb7ab60035,VAC-1044,CAND-10044,РЕКРУТЕР,Скрининг,Task,Дмитрий_5,2025-09-18 10:57:26,2025-09-18 11:09:26,12,passed,
2e871c9e-31be-4368-b3e5-a5eb7ab60035,VAC-1044,CAND-10044,ИНТЕРВЬЮЕРЫ,Назначить интервью,User Task,Сергей_3,2025-09-18 12:46:26,2025-09-18 13:18:26,32,,
2e871c9e-31be-4368-b3e5-a5eb7ab60035,VAC-1044,CAND-10044,ИНТЕРВЬЮЕРЫ,Интервью (раунд 1),User Task,Сергей_7,2025-09-18 15:17:26,2025-09-18 16:59:26,102,passed,
2e871c9e-31be-4368-b3e5-a5eb7ab60035,VAC-1044,CAND-10044,ИНТЕРВЬЮЕРЫ,Интервью (раунд 2),User Task,Анна_7,2025-09-18 18:39:26,2025-09-18 19:31:26,52,passed,
2e871c9e-31be-4368-b3e5-a5eb7ab60035,VAC-1044,CAND-10044,ИНТЕРВЬЮЕРЫ,Финальное интервью,User Task,Анна_3,2025-09-18 22:04:26,2025-09-18 23:54:26,110,passed,
2e871c9e-31be-4368-b3e5-a5eb7ab60035,VAC-1044,CAND-10044,HR (ОФФЕР),Согласовать условия,User Task,Марина_8,2025-09-19 01:01:26,2025-09-19 02:37:26,96,,
2e871c9e-31be-4368-b3e5-a5eb7ab60035,VAC-1044,CAND-10044,HR (ОФФЕР),Сгенерировать оффер,Service Task,Наталья_2,2025-09-19 02:57:26,2025-09-19 03:03:26,6,,
2e871c9e-31be-4368-b3e5-a5eb7ab60035,VAC-1044,CAND-10044,HR (ОФФЕР),Отправить оффер,Send Task,Наталья_6,2025-09-19 03:08:26,2025-09-19 03:18:26,10,sent,
2e871c9e-31be-4368-b3e5-a5eb7ab60035,VAC-1044,CAND-10044,SECURITY,Background Check,Call Activity,Служба_БД_8,2025-09-19 06:18:26,2025-09-21 10:43:26,3145,report_ready,
2e871c9e-31be-4368-b3e5-a5eb7ab60035,VAC-1044,CAND-10044,SECURITY,Решение руководителя по BG,User Task,Иванов_3,2025-09-21 12:43:26,2025-09-21 15:18:26,155,proceed_with_conditions,
2e871c9e-31be-4368-b3e5-a5eb7ab60035,VAC-1044,CAND-10044,IT,Выдача оборудования,Task,IT_Specialist_7,2025-09-21 16:18:26,2025-09-21 18:25:26,127,,
2e871c9e-31be-4368-b3e5-a5eb7ab60035,VAC-1044,CAND-10044,IT,Создать доступы,Task,IT_Specialist_4,2025-09-21 18:55:26,2025-09-21 20:05:26,70,,
2e871c9e-31be-4368-b3e5-a5eb7ab60035,VAC-1044,CAND-10044,IT,Вводное обучение,Service Task,Наталья_3,2025-09-21 21:05:26,2025-09-22 01:03:26,238,,
2e871c9e-31be-4368-b3e5-a5eb7ab60035,VAC-1044,CAND-10044,HR,Назначить ментора,Task,Марина_7,2025-09-22 02:03:26,2025-09-22 03:04:26,61,,
2e871c9e-31be-4368-b3e5-a5eb7ab60035,VAC-1044,CAND-10044,HR,Уведомить всех,Message,system,2025-09-22 03:24:26,2025-09-22 03:29:26,5,notified,
2e871c9e-31be-4368-b3e5-a5eb7ab60035,VAC-1044,CAND-10044,HR,Обновить HCM,Service Task,Марина_2,2025-09-22 03:59:26,2025-09-22 04:19:26,20,,
2e871c9e-31be-4368-b3e5-a5eb7ab60035,VAC-1044,CAND-10044,HR,Payroll,Service Task,Ольга_5,2025-09-22 04:49:26,2025-09-22 05:09:26,20,,
2e871c9e-31be-4368-b3e5-a5eb7ab60035,VAC-1044,CAND-10044,HR,Закрыть вакансию,Service Task,Марина_8,2025-09-22 05:29:26,2025-09-22 05:34:26,5,,
2ef72273-264c-46b0-b775-d7e73729681e,VAC-1142,CAND-10142,РУКОВОДИТЕЛЬ,Создать заявку,User Task,Сидоров_9,2025-10-03 13:19:26,2025-10-03 14:05:26,46,,
2ef72273-264c-46b0-b775-d7e73729681e,VAC-1142,CAND-10142,HR,Зарегистрировать в HCM,Service Task,Марина_5,2025-10-03 14:36:26,2025-10-03 15:01:26,25,,
2ef72273-264c-46b0-b775-d7e73729681e,VAC-1142,CAND-10142,РЕКРУТЕР,Разместить вакансию,Task,Дмитрий_5,2025-10-03 17:20:26,2025-10-03 18:57:26,97,,
2ef72273-264c-46b0-b775-d7e73729681e,VAC-1142,CAND-10142,РЕКРУТЕР,Собирать резюме,Task,Екатерина_6,2025-10-03 19:57:26,2025-10-06 07:49:26,3592,,
2ef72273-264c-46b0-b775-d7e73729681e,VAC-1142,CAND-10142,РЕКРУТЕР,Скрининг,Task,Екатерина_8,2025-10-06 08:07:26,2025-10-06 08:36:26,29,passed,
2ef72273-264c-46b0-b775-d7e73729681e,VAC-1142,CAND-10142,ИНТЕРВЬЮЕРЫ,Назначить интервью,User Task,Сергей_3,2025-10-06 10:16:26,2025-10-06 10:41:26,25,,
2ef72273-264c-46b0-b775-d7e73729681e,VAC-1142,CAND-10142,ИНТЕРВЬЮЕРЫ,Интервью (раунд 1),User Task,Андрей_2,2025-10-06 12:10:26,2025-10-06 13:32:26,82,rejected,недостаточно навыков
30ed51fc-e38d-49c7-be1f-3c4f0e362302,VAC-1076,CAND-10076,РУКОВОДИТЕЛЬ,Создать заявку,User Task,Петров_2,2025-09-02 20:17:26,2025-09-02 20:41:26,24,,
30ed51fc-e38d-49c7-be1f-3c4f0e362302,VAC-1076,CAND-10076,HR,Зарегистрировать в HCM,Service Task,Наталья_2,2025-09-02 22:34:26,2025-09-02 23:09:26,35,,
30ed51fc-e38d-49c7-be1f-3c4f0e362302,VAC-1076,CAND-10076,РЕКРУТЕР,Разместить вакансию,Task,Дмитрий_3,2025-09-03 00:59:26,2025-09-03 02:06:26,67,,
30ed51fc-e38d-49c7-be1f-3c4f0e362302,VAC-1076,CAND-10076,РЕКРУТЕР,Собирать резюме,Task,Алексей_3,2025-09-03 03:06:26,2025-09-05 05:13:26,3007,,
30ed51fc-e38d-49c7-be1f-3c4f0e362302,VAC-1076,CAND-10076,РЕКРУТЕР,Скрининг,Task,Екатерина_1,2025-09-05 05:27:26,2025-09-05 05:53:26,26,passed,
30ed51fc-e38d-49c7-be1f-3c4f0e362302,VAC-1076,CAND-10076,ИНТЕРВЬЮЕРЫ,Назначить интервью,User Task,Сергей_4,2025-09-05 06:34:26,2025-09-05 06:58:26,24,,
30ed51fc-e38d-49c7-be1f-3c4f0e362302,VAC-1076,CAND-10076,ИНТЕРВЬЮЕРЫ,Интервью (раунд 1),User Task,Сергей_4,2025-09-05 08:06:26,2025-09-05 09:43:26,97,passed,
30ed51fc-e38d-49c7-be1f-3c4f0e362302,VAC-1076,CAND-10076,ИНТЕРВЬЮЕРЫ,Интервью (раунд 2),User Task,Андрей_7,2025-09-05 10:35:26,2025-09-05 11:32:26,57,passed,
30ed51fc-e38d-49c7-be1f-3c4f0e362302,VAC-1076,CAND-10076,ИНТЕРВЬЮЕРЫ,Финальное интервью,User Task,Андрей_4,2025-09-05 14:01:26,2025-09-05 15:40:26,99,passed,
30ed51fc-e38d-49c7-be1f-3c4f0e362302,VAC-1076,CAND-10076,HR (ОФФЕР),Согласовать условия,User Task,Наталья_4,2025-09-05 17:50:26,2025-09-05 21:35:26,225,,
30ed51fc-e38d-49c7-be1f-3c4f0e362302,VAC-1076,CAND-10076,HR (ОФФЕР),Сгенерировать оффер,Service Task,Марина_5,2025-09-05 21:55:26,2025-09-05 22:17:26,22,,
30ed51fc-e38d-49c7-be1f-3c4f0e362302,VAC-1076,CAND-10076,HR (ОФФЕР),Отправить оффер,Send Task,Марина_1,2025-09-05 22:22:26,2025-09-05 22:32:26,10,sent,
30ed51fc-e38d-49c7-be1f-3c4f0e362302,VAC-1076,CAND-10076,HR (ОФФЕР),Переговоры / отказ,Task,Ольга_4,2025-09-06 00:32:26,2025-09-06 04:20:26,228,rejected,
33471c78-4f74-437a-942b-36496577af60,VAC-1012,CAND-10012,РУКОВОДИТЕЛЬ,Создать заявку,User Task,Иванов_5,2025-10-19 20:41:26,2025-10-19 21:07:26,26,,
33471c78-4f74-437a-942b-36496577af60,VAC-1012,CAND-10012,HR,Зарегистрировать в HCM,Service Task,Марина_8,2025-10-19 23:05:26,2025-10-19 23:39:26,34,,
33471c78-4f74-437a-942b-36496577af60,VAC-1012,CAND-10012,РЕКРУТЕР,Разместить вакансию,Task,Дмитрий_2,2025-10-20 01:10:26,2025-10-20 02:05:26,55,,
33471c78-4f74-437a-942b-36496577af60,VAC-1012,CAND-10012,РЕКРУТЕР,Собирать резюме,Task,Алексей_5,2025-10-20 03:05:26,2025-10-21 22:35:26,2610,,
33471c78-4f74-437a-942b-36496577af60,VAC-1012,CAND-10012,РЕКРУТЕР,Скрининг,Task,Екатерина_2,2025-10-21 23:06:26,2025-10-21 23:26:26,20,passed,
33471c78-4f74-437a-942b-36496577af60,VAC-1012,CAND-10012,ИНТЕРВЬЮЕРЫ,Назначить интервью,User Task,Анна_3,2025-10-22 00:15:26,2025-10-22 00:37:26,22,,
33471c78-4f74-437a-942b-36496577af60,VAC-1012,CAND-10012,ИНТЕРВЬЮЕРЫ,Интервью (раунд 1),User Task,Анна_8,2025-10-22 01:23:26,2025-10-22 03:01:26,98,passed,
33471c78-4f74-437a-942b-36496577af60,VAC-1012,CAND-10012,ИНТЕРВЬЮЕРЫ,Интервью (раунд 2),User Task,Сергей_7,2025-10-22 05:17:26,2025-10-22 06:09:26,52,passed,
33471c78-4f74-437a-942b-36496577af60,VAC-1012,CAND-10012,ИНТЕРВЬЮЕРЫ,Финальное интервью,User Task,Андрей_7,2025-10-22 11:00:26,2025-10-22 12:59:26,119,rejected,финал не пройден
3518ed40-87d1-4772-8a8b-af359d549061,VAC-1092,CAND-10092,РУКОВОДИТЕЛЬ,Создать заявку,User Task,Иванов_4,2025-09-05 17:09:26,2025-09-05 17:31:26,22,,
3518ed40-87d1-4772-8a8b-af359d549061,VAC-1092,CAND-10092,HR,Зарегистрировать в HCM,Service Task,Наталья_6,2025-09-05 17:55:26,2025-09-05 18:19:26,24,,
3518ed40-87d1-4772-8a8b-af359d549061,VAC-1092,CAND-10092,РЕКРУТЕР,Разместить вакансию,Task,Дмитрий_8,2025-09-05 19:39:26,2025-09-05 20:34:26,55,,
3518ed40-87d1-4772-8a8b-af359d549061,VAC-1092,CAND-10092,РЕКРУТЕР,Собирать резюме,Task,Дмитрий_2,2025-09-05 21:34:26,2025-09-08 08:02:26,3508,,
3518ed40-87d1-4772-8a8b-af359d549061,VAC-1092,CAND-10092,РЕКРУТЕР,Скрининг,Task,Алексей_6,2025-09-08 08:55:26,2025-09-08 09:05:26,10,passed,
3518ed40-87d1-4772-8a8b-af359d549061,VAC-1092,CAND-10092,ИНТЕРВЬЮЕРЫ,Назначить интервью,User Task,Сергей_9,2025-09-08 10:22:26,2025-09-08 10:37:26,15,,
3518ed40-87d1-4772-8a8b-af359d549061,VAC-1092,CAND-10092,ИНТЕРВЬЮЕРЫ,Интервью (раунд 1),User Task,Анна_2,2025-09-08 11:48:26,2025-09-08 13:06:26,78,passed,
3518ed40-87d1-4772-8a8b-af359d549061,VAC-1092,CAND-10092,ИНТЕРВЬЮЕРЫ,Интервью (раунд 2),User Task,Андрей_4,2025-09-08 14:48:26,2025-09-08 15:36:26,48,passed,
3518ed40-87d1-4772-8a8b-af359d549061,VAC-1092,CAND-10092,ИНТЕРВЬЮЕРЫ,Финальное интервью,User Task,Анна_4,2025-09-08 20:15:26,2025-09-08 21:28:26,73,passed,
3518ed40-87d1-4772-8a8b-af359d549061,VAC-1092,CAND-10092,HR (ОФФЕР),Согласовать условия,User Task,Ольга_9,2025-09-08 23:36:26,2025-09-09 03:22:26,226,,
3518ed40-87d1-4772-8a8b-af359d549061,VAC-1092,CAND-10092,HR (ОФФЕР),Сгенерировать оффер,Service Task,Марина_1,2025-09-09 03:42:26,2025-09-09 03:47:26,5,,
3518ed40-87d1-4772-8a8b-af359d549061,VAC-1092,CAND-10092,HR (ОФФЕР),Отправить оффер,Send Task,Ольга_3,2025-09-09 03:52:26,2025-09-09 04:02:26,10,sent,
3518ed40-87d1-4772-8a8b-af359d549061,VAC-1092,CAND-10092,SECURITY,Background Check,Call Activity,Служба_БД_5,2025-09-09 07:02:26,2025-09-11 08:11:26,2949,report_ready,
3518ed40-87d1-4772-8a8b-af359d549061,VAC-1092,CAND-10092,IT,Выдача оборудования,Task,IT_Specialist_5,2025-09-11 09:11:26,2025-09-11 12:11:26,180,,
3518ed40-87d1-4772-8a8b-af359d549061,VAC-1092,CAND-10092,IT,Создать доступы,Task,IT_Specialist_6,2025-09-11 12:41:26,2025-09-11 14:05:26,84,,
3518ed40-87d1-4772-8a8b-af359d549061,VAC-1092,CAND-10092,IT,Вводное обучение,Service Task,Ольга_4,2025-09-11 15:05:26,2025-09-11 22:00:26,415,,
3518ed40-87d1-4772-8a8b-af359d549061,VAC-1092,CAND-10092,HR,Назначить ментора,Task,Ольга_9,2025-09-11 23:00:26,2025-09-11 23:59:26,59,,
3518ed40-87d1-4772-8a8b-af359d549061,VAC-1092,CAND-10092,HR,Уведомить всех,Message,system,2025-09-12 00:19:26,2025-09-12 00:24:26,5,notified,
3518ed40-87d1-4772-8a8b-af359d549061,VAC-1092,CAND-10092,HR,Обновить HCM,Service Task,Марина_7,2025-09-12 00:54:26,2025-09-12 01:14:26,20,,
3518ed40-87d1-4772-8a8b-af359d549061,VAC-1092,CAND-10092,HR,Payroll,Service Task,Марина_2,2025-09-12 01:44:26,2025-09-12 02:04:26,20,,
3518ed40-87d1-4772-8a8b-af359d549061,VAC-1092,CAND-10092,HR,Закрыть вакансию,Service Task,Наталья_9,2025-09-12 02:24:26,2025-09-12 02:29:26,5,,
356b08df-cfed-4577-9345-309cca808753,VAC-1094,CAND-10094,РУКОВОДИТЕЛЬ,Создать заявку,User Task,Иванов_1,2025-09-19 23:33:26,2025-09-20 00:26:26,53,,
356b08df-cfed-4577-9345-309cca808753,VAC-1094,CAND-10094,HR,Зарегистрировать в HCM,Service Task,Ольга_5,2025-09-20 02:09:26,2025-09-20 02:34:26,25,,
356b08df-cfed-4577-9345-309cca808753,VAC-1094,CAND-10094,РЕКРУТЕР,Разместить вакансию,Task,Дмитрий_1,2025-09-20 04:51:26,2025-09-20 06:02:26,71,,
356b08df-cfed-4577-9345-309cca808753,VAC-1094,CAND-10094,РЕКРУТЕР,Собирать резюме,Task,Екатерина_4,2025-09-20 07:02:26,2025-09-22 22:50:26,3828,,
356b08df-cfed-4577-9345-309cca808753,VAC-1094,CAND-10094,РЕКРУТЕР,Скрининг,Task,Екатерина_4,2025-09-22 23:21:26,2025-09-22 23:54:26,33,passed,
356b08df-cfed-4577-9345-309cca808753,VAC-1094,CAND-10094,ИНТЕРВЬЮЕРЫ,Назначить интервью,User Task,Сергей_6,2025-09-23 01:35:26,2025-09-23 02:10:26,35,,
356b08df-cfed-4577-9345-309cca808753,VAC-1094,CAND-10094,ИНТЕРВЬЮЕРЫ,Интервью (раунд 1),User Task,Андрей_8,2025-09-23 03:23:26,2025-09-23 05:19:26,116,passed,
356b08df-cfed-4577-9345-309cca808753,VAC-1094,CAND-10094,ИНТЕРВЬЮЕРЫ,Интервью (раунд 2),User Task,Анна_3,2025-09-23 06:21:26,2025-09-23 07:39:26,78,rejected,культурный профиль
35b317fd-edef-40a1-a5a3-36921eae7e89,VAC-1088,CAND-10088,РУКОВОДИТЕЛЬ,Создать заявку,User Task,Сидоров_5,2025-09-13 19:43:26,2025-09-13 20:24:26,41,,
35b317fd-edef-40a1-a5a3-36921eae7e89,VAC-1088,CAND-10088,HR,Зарегистрировать в HCM,Service Task,Марина_7,2025-09-13 20:55:26,2025-09-13 21:25:26,30,,
35b317fd-edef-40a1-a5a3-36921eae7e89,VAC-1088,CAND-10088,РЕКРУТЕР,Разместить вакансию,Task,Дмитрий_6,2025-09-13 22:42:26,2025-09-13 23:49:26,67,,
35b317fd-edef-40a1-a5a3-36921eae7e89,VAC-1088,CAND-10088,РЕКРУТЕР,Собирать резюме,Task,Дмитрий_1,2025-09-14 00:49:26,2025-09-15 13:33:26,2204,,
35b317fd-edef-40a1-a5a3-36921eae7e89,VAC-1088,CAND-10088,РЕКРУТЕР,Скрининг,Task,Дмитрий_5,2025-09-15 13:59:26,2025-09-15 14:23:26,24,passed,
35b317fd-edef-40a1-a5a3-36921eae7e89,VAC-1088,CAND-10088,ИНТЕРВЬЮЕРЫ,Назначить интервью,User Task,Андрей_3,2025-09-15 15:17:26,2025-09-15 15:45:26,28,,
35b317fd-edef-40a1-a5a3-36921eae7e89,VAC-1088,CAND-10088,ИНТЕРВЬЮЕРЫ,Интервью (раунд 1),User Task,Анна_7,2025-09-15 16:39:26,2025-09-15 17:34:26,55,passed,
35b317fd-edef-40a1-a5a3-36921eae7e89,VAC-1088,CAND-10088,ИНТЕРВЬЮЕРЫ,Интервью (раунд 2),User Task,Сергей_9,2025-09-15 20:34:26,2025-09-15 21:48:26,74,passed,
35b317fd-edef-40a1-a5a3-36921eae7e89,VAC-1088,CAND-10088,ИНТЕРВЬЮЕРЫ,Интервью (раунд 3),User Task,Сергей_4,2025-09-16 00:05:26,2025-09-16 01:58:26,113,rejected,поведенческий
3787ff19-2b3f-41a6-add0-0a73e4467519,VAC-1042,CAND-10042,РУКОВОДИТЕЛЬ,Создать заявку,User Task,Иванов_5,2025-09-22 22:13:26,2025-09-22 22:28:26,15,,
3787ff19-2b3f-41a6-add0-0a73e4467519,VAC-1042,CAND-10042,HR,Зарегистрировать в HCM,Service Task,Наталья_9,2025-09-22 23:15:26,2025-09-22 23:51:26,36,,
3787ff19-2b3f-41a6-add0-0a73e4467519,VAC-1042,CAND-10042,РЕКРУТЕР,Разместить вакансию,Task,Алексей_5,2025-09-23 02:36:26,2025-09-23 03:50:26,74,,
3787ff19-2b3f-41a6-add0-0a73e4467519,VAC-1042,CAND-10042,РЕКРУТЕР,Собирать резюме,Task,Дмитрий_2,2025-09-23 04:50:26,2025-09-24 21:03:26,2413,,
3787ff19-2b3f-41a6-add0-0a73e4467519,VAC-1042,CAND-10042,РЕКРУТЕР,Скрининг,Task,Дмитрий_8,2025-09-24 21:16:26,2025-09-24 21:33:26,17,passed,
3787ff19-2b3f-41a6-add0-0a73e4467519,VAC-1042,CAND-10042,ИНТЕРВЬЮЕРЫ,Назначить интервью,User Task,Анна_1,2025-09-24 22:56:26,2025-09-24 23:25:26,29,,
3787ff19-2b3f-41a6-add0-0a73e4467519,VAC-1042,CAND-10042,ИНТЕРВЬЮЕРЫ,Интервью (раунд 1),User Task,Сергей_7,2025-09-25 02:22:26,2025-09-25 03:37:26,75,passed,
3787ff19-2b3f-41a6-add0-0a73e4467519,VAC-1042,CAND-10042,ИНТЕРВЬЮЕРЫ,Интервью (раунд 2),User Task,Сергей_3,2025-09-25 04:07:26,2025-09-25 05:37:26,90,passed,
3787ff19-2b3f-41a6-add0-0a73e4467519,VAC-1042,CAND-10042,ИНТЕРВЬЮЕРЫ,Финальное интервью,User Task,Сергей_2,2025-09-25 09:27:26,2025-09-25 10:22:26,55,passed,
3787ff19-2b3f-41a6-add0-0a73e4467519,VAC-1042,CAND-10042,HR (ОФФЕР),Согласовать условия,User Task,Марина_9,2025-09-25 13:36:26,2025-09-25 16:55:26,199,,
3787ff19-2b3f-41a6-add0-0a73e4467519,VAC-1042,CAND-10042,HR (ОФФЕР),Сгенерировать оффер,Service Task,Наталья_7,2025-09-25 17:15:26,2025-09-25 17:37:26,22,,
3787ff19-2b3f-41a6-add0-0a73e4467519,VAC-1042,CAND-10042,HR (ОФФЕР),Отправить оффер,Send Task,Ольга_1,2025-09-25 17:42:26,2025-09-25 17:52:26,10,sent,
3787ff19-2b3f-41a6-add0-0a73e4467519,VAC-1042,CAND-10042,SECURITY,Background Check,Call Activity,Служба_БД_1,2025-09-25 20:52:26,2025-09-29 23:50:26,5938,report_ready,
3787ff19-2b3f-41a6-add0-0a73e4467519,VAC-1042,CAND-10042,IT,Выдача оборудования,Task,IT_Specialist_4,2025-09-30 00:50:26,2025-09-30 01:58:26,68,,
3787ff19-2b3f-41a6-add0-0a73e4467519,VAC-1042,CAND-10042,IT,Создать доступы,Task,IT_Specialist_6,2025-09-30 02:28:26,2025-09-30 04:22:26,114,,
3787ff19-2b3f-41a6-add0-0a73e4467519,VAC-1042,CAND-10042,IT,Вводное обучение,Service Task,Наталья_6,2025-09-30 05:22:26,2025-09-30 09:30:26,248,,
3787ff19-2b3f-41a6-add0-0a73e4467519,VAC-1042,CAND-10042,HR,Назначить ментора,Task,Ольга_3,2025-09-30 10:30:26,2025-09-30 11:34:26,64,,
3787ff19-2b3f-41a6-add0-0a73e4467519,VAC-1042,CAND-10042,HR,Уведомить всех,Message,system,2025-09-30 11:54:26,2025-09-30 11:59:26,5,notified,
3787ff19-2b3f-41a6-add0-0a73e4467519,VAC-1042,CAND-10042,HR,Обновить HCM,Service Task,Марина_8,2025-09-30 12:29:26,2025-09-30 12:49:26,20,,
3787ff19-2b3f-41a6-add0-0a73e4467519,VAC-1042,CAND-10042,HR,Payroll,Service Task,Марина_8,2025-09-30 13:19:26,2025-09-30 13:39:26,20,,
3787ff19-2b3f-41a6-add0-0a73e4467519,VAC-1042,CAND-10042,HR,Закрыть вакансию,Service Task,Марина_3,2025-09-30 13:59:26,2025-09-30 14:04:26,5,,
37b5309b-7850-434d-9f7c-16cd389f3d2f,VAC-1126,CAND-10126,РУКОВОДИТЕЛЬ,Создать заявку,User Task,Петров_1,2025-10-08 21:01:26,2025-10-08 21:41:26,40,,
37b5309b-7850-434d-9f7c-16cd389f3d2f,VAC-1126,CAND-10126,HR,Зарегистрировать в HCM,Service Task,Ольга_4,2025-10-08 23:39:26,2025-10-09 00:02:26,23,,
37b5309b-7850-434d-9f7c-16cd389f3d2f,VAC-1126,CAND-10126,РЕКРУТЕР,Разместить вакансию,Task,Дмитрий_4,2025-10-09 00:33:26,2025-10-09 02:03:26,90,,
37b5309b-7850-434d-9f7c-16cd389f3d2f,VAC-1126,CAND-10126,РЕКРУТЕР,Собирать резюме,Task,Екатерина_7,2025-10-09 03:03:26,2025-10-11 07:09:26,3126,,
37b5309b-7850-434d-9f7c-16cd389f3d2f,VAC-1126,CAND-10126,РЕКРУТЕР,Скрининг,Task,Алексей_7,2025-10-11 07:44:26,2025-10-11 08:01:26,17,rejected,не соотв. опыту
38ba8251-8e20-4628-9d18-bcbd92919181,VAC-1048,CAND-10048,РУКОВОДИТЕЛЬ,Создать заявку,User Task,Сидоров_6,2025-10-16 19:12:26,2025-10-16 19:58:26,46,,
38ba8251-8e20-4628-9d18-bcbd92919181,VAC-1048,CAND-10048,HR,Зарегистрировать в HCM,Service Task,Наталья_8,2025-10-16 20:42:26,2025-10-16 21:16:26,34,,
38ba8251-8e20-4628-9d18-bcbd92919181,VAC-1048,CAND-10048,РЕКРУТЕР,Разместить вакансию,Task,Дмитрий_5,2025-10-16 23:57:26,2025-10-17 01:16:26,79,,
38ba8251-8e20-4628-9d18-bcbd92919181,VAC-1048,CAND-10048,РЕКРУТЕР,Собирать резюме,Task,Алексей_2,2025-10-17 02:16:26,2025-10-19 12:13:26,3477,,
38ba8251-8e20-4628-9d18-bcbd92919181,VAC-1048,CAND-10048,РЕКРУТЕР,Скрининг,Task,Дмитрий_4,2025-10-19 12:48:26,2025-10-19 13:14:26,26,passed,
38ba8251-8e20-4628-9d18-bcbd92919181,VAC-1048,CAND-10048,ИНТЕРВЬЮЕРЫ,Назначить интервью,User Task,Андрей_5,2025-10-19 14:19:26,2025-10-19 14:30:26,11,,
38ba8251-8e20-4628-9d18-bcbd92919181,VAC-1048,CAND-10048,ИНТЕРВЬЮЕРЫ,Интервью (раунд 1),User Task,Андрей_7,2025-10-19 17:00:26,2025-10-19 18:21:26,81,passed,
38ba8251-8e20-4628-9d18-bcbd92919181,VAC-1048,CAND-10048,ИНТЕРВЬЮЕРЫ,Интервью (раунд 2),User Task,Сергей_6,2025-10-19 19:25:26,2025-10-19 20:43:26,78,rejected,недостаточно навыков
3960feee-37bc-4162-b30b-acf790c5b075,VAC-1160,CAND-10160,РУКОВОДИТЕЛЬ,Создать заявку,User Task,Сидоров_8,2025-10-21 16:17:26,2025-10-21 16:57:26,40,,
3960feee-37bc-4162-b30b-acf790c5b075,VAC-1160,CAND-10160,HR,Зарегистрировать в HCM,Service Task,Ольга_3,2025-10-21 17:23:26,2025-10-21 18:01:26,38,,
3960feee-37bc-4162-b30b-acf790c5b075,VAC-1160,CAND-10160,РЕКРУТЕР,Разместить вакансию,Task,Дмитрий_3,2025-10-21 19:26:26,2025-10-21 21:04:26,98,,
3960feee-37bc-4162-b30b-acf790c5b075,VAC-1160,CAND-10160,РЕКРУТЕР,Собирать резюме,Task,Дмитрий_3,2025-10-21 22:04:26,2025-10-24 00:30:26,3026,,
3960feee-37bc-4162-b30b-acf790c5b075,VAC-1160,CAND-10160,РЕКРУТЕР,Скрининг,Task,Алексей_6,2025-10-24 01:09:26,2025-10-24 01:42:26,33,rejected,не соотв. опыту
3b6fbc99-d4ed-4079-9c84-a34b2265fe76,VAC-1141,CAND-10141,РУКОВОДИТЕЛЬ,Создать заявку,User Task,Петров_5,2025-09-20 17:32:26,2025-09-20 18:28:26,56,,
3b6fbc99-d4ed-4079-9c84-a34b2265fe76,VAC-1141,CAND-10141,HR,Зарегистрировать в HCM,Service Task,Наталья_3,2025-09-20 20:08:26,2025-09-20 20:23:26,15,,
3b6fbc99-d4ed-4079-9c84-a34b2265fe76,VAC-1141,CAND-10141,РЕКРУТЕР,Разместить вакансию,Task,Екатерина_5,2025-09-20 21:44:26,2025-09-20 22:04:26,20,,
3b6fbc99-d4ed-4079-9c84-a34b2265fe76,VAC-1141,CAND-10141,РЕКРУТЕР,Собирать резюме,Task,Дмитрий_8,2025-09-20 23:04:26,2025-09-21 23:54:26,1490,,
3b6fbc99-d4ed-4079-9c84-a34b2265fe76,VAC-1141,CAND-10141,РЕКРУТЕР,Скрининг,Task,Алексей_8,2025-09-22 00:35:26,2025-09-22 01:02:26,27,passed,
3b6fbc99-d4ed-4079-9c84-a34b2265fe76,VAC-1141,CAND-10141,ИНТЕРВЬЮЕРЫ,Назначить интервью,User Task,Сергей_8,2025-09-22 02:37:26,2025-09-22 03:08:26,31,,
3b6fbc99-d4ed-4079-9c84-a34b2265fe76,VAC-1141,CAND-10141,ИНТЕРВЬЮЕРЫ,Интервью (раунд 1),User Task,Анна_5,2025-09-22 03:58:26,2025-09-22 04:43:26,45,passed,
3b6fbc99-d4ed-4079-9c84-a34b2265fe76,VAC-1141,CAND-10141,ИНТЕРВЬЮЕРЫ,Интервью (раунд 2),User Task,Андрей_1,2025-09-22 07:35:26,2025-09-22 08:46:26,71,passed,
3b6fbc99-d4ed-4079-9c84-a34b2265fe76,VAC-1141,CAND-10141,ИНТЕРВЬЮЕРЫ,Финальное интервью,User Task,Андрей_5,2025-09-22 12:33:26,2025-09-22 14:02:26,89,passed,
3b6fbc99-d4ed-4079-9c84-a34b2265fe76,VAC-1141,CAND-10141,HR (ОФФЕР),Согласовать условия,User Task,Наталья_2,2025-09-22 16:26:26,2025-09-22 17:48:26,82,,
3b6fbc99-d4ed-4079-9c84-a34b2265fe76,VAC-1141,CAND-10141,HR (ОФФЕР),Сгенерировать оффер,Service Task,Наталья_3,2025-09-22 18:08:26,2025-09-22 18:26:26,18,,
3b6fbc99-d4ed-4079-9c84-a34b2265fe76,VAC-1141,CAND-10141,HR (ОФФЕР),Отправить оффер,Send Task,Марина_5,2025-09-22 18:31:26,2025-09-22 18:41:26,10,sent,
3b6fbc99-d4ed-4079-9c84-a34b2265fe76,VAC-1141,CAND-10141,SECURITY,Background Check,Call Activity,Служба_БД_6,2025-09-22 21:41:26,2025-09-25 21:54:26,4333,report_ready,
3b6fbc99-d4ed-4079-9c84-a34b2265fe76,VAC-1141,CAND-10141,SECURITY,Решение руководителя по BG,User Task,Петров_6,2025-09-25 23:54:26,2025-09-26 01:17:26,83,proceed_with_conditions,
3b6fbc99-d4ed-4079-9c84-a34b2265fe76,VAC-1141,CAND-10141,IT,Выдача оборудования,Task,IT_Specialist_2,2025-09-26 02:17:26,2025-09-26 05:11:26,174,,
3b6fbc99-d4ed-4079-9c84-a34b2265fe76,VAC-1141,CAND-10141,IT,Создать доступы,Task,IT_Specialist_5,2025-09-26 05:41:26,2025-09-26 07:05:26,84,,
3b6fbc99-d4ed-4079-9c84-a34b2265fe76,VAC-1141,CAND-10141,IT,Вводное обучение,Service Task,Наталья_2,2025-09-26 08:05:26,2025-09-26 15:06:26,421,,
3b6fbc99-d4ed-4079-9c84-a34b2265fe76,VAC-1141,CAND-10141,HR,Назначить ментора,Task,Ольга_6,2025-09-26 16:06:26,2025-09-26 17:20:26,74,,
3b6fbc99-d4ed-4079-9c84-a34b2265fe76,VAC-1141,CAND-10141,HR,Уведомить всех,Message,system,2025-09-26 17:40:26,2025-09-26 17:45:26,5,notified,
3b6fbc99-d4ed-4079-9c84-a34b2265fe76,VAC-1141,CAND-10141,HR,Обновить HCM,Service Task,Марина_7,2025-09-26 18:15:26,2025-09-26 18:35:26,20,,
3b6fbc99-d4ed-4079-9c84-a34b2265fe76,VAC-1141,CAND-10141,HR,Payroll,Service Task,Марина_4,2025-09-26 19:05:26,2025-09-26 19:25:26,20,,
3b6fbc99-d4ed-4079-9c84-a34b2265fe76,VAC-1141,CAND-10141,HR,Закрыть вакансию,Service Task,Марина_4,2025-09-26 19:45:26,2025-09-26 19:50:26,5,,
3bf304f3-67ab-4dad-b961-1eb23de691e1,VAC-1135,CAND-10135,РУКОВОДИТЕЛЬ,Создать заявку,User Task,Петров_8,2025-09-03 13:56:26,2025-09-03 14:52:26,56,,
3bf304f3-67ab-4dad-b961-1eb23de691e1,VAC-1135,CAND-10135,HR,Зарегистрировать в HCM,Service Task,Марина_9,2025-09-03 16:48:26,2025-09-03 17:17:26,29,,
3bf304f3-67ab-4dad-b961-1eb23de691e1,VAC-1135,CAND-10135,РЕКРУТЕР,Разместить вакансию,Task,Дмитрий_5,2025-09-03 18:10:26,2025-09-03 18:58:26,48,,
3bf304f3-67ab-4dad-b961-1eb23de691e1,VAC-1135,CAND-10135,РЕКРУТЕР,Собирать резюме,Task,Алексей_3,2025-09-03 19:58:26,2025-09-05 22:53:26,3055,,
3bf304f3-67ab-4dad-b961-1eb23de691e1,VAC-1135,CAND-10135,РЕКРУТЕР,Скрининг,Task,Дмитрий_1,2025-09-05 23:24:26,2025-09-05 23:36:26,12,passed,
3bf304f3-67ab-4dad-b961-1eb23de691e1,VAC-1135,CAND-10135,ИНТЕРВЬЮЕРЫ,Назначить интервью,User Task,Сергей_9,2025-09-06 00:29:26,2025-09-06 00:41:26,12,,
3bf304f3-67ab-4dad-b961-1eb23de691e1,VAC-1135,CAND-10135,ИНТЕРВЬЮЕРЫ,Интервью (раунд 1),User Task,Андрей_8,2025-09-06 01:44:26,2025-09-06 02:46:26,62,passed,
3bf304f3-67ab-4dad-b961-1eb23de691e1,VAC-1135,CAND-10135,ИНТЕРВЬЮЕРЫ,Интервью (раунд 2),User Task,Анна_9,2025-09-06 04:57:26,2025-09-06 06:55:26,118,passed,
3bf304f3-67ab-4dad-b961-1eb23de691e1,VAC-1135,CAND-10135,ИНТЕРВЬЮЕРЫ,Финальное интервью,User Task,Сергей_6,2025-09-06 08:58:26,2025-09-06 10:14:26,76,passed,
3bf304f3-67ab-4dad-b961-1eb23de691e1,VAC-1135,CAND-10135,HR (ОФФЕР),Согласовать условия,User Task,Наталья_2,2025-09-06 14:09:26,2025-09-06 17:36:26,207,,
3bf304f3-67ab-4dad-b961-1eb23de691e1,VAC-1135,CAND-10135,HR (ОФФЕР),Сгенерировать оффер,Service Task,Ольга_7,2025-09-06 17:56:26,2025-09-06 18:22:26,26,,
3bf304f3-67ab-4dad-b961-1eb23de691e1,VAC-1135,CAND-10135,HR (ОФФЕР),Отправить оффер,Send Task,Ольга_6,2025-09-06 18:27:26,2025-09-06 18:37:26,10,sent,
3bf304f3-67ab-4dad-b961-1eb23de691e1,VAC-1135,CAND-10135,SECURITY,Background Check,Call Activity,Служба_БД_5,2025-09-06 21:37:26,2025-09-10 20:39:26,5702,report_ready,
3bf304f3-67ab-4dad-b961-1eb23de691e1,VAC-1135,CAND-10135,IT,Выдача оборудования,Task,IT_Specialist_3,2025-09-10 21:39:26,2025-09-10 23:23:26,104,,
3bf304f3-67ab-4dad-b961-1eb23de691e1,VAC-1135,CAND-10135,IT,Создать доступы,Task,IT_Specialist_4,2025-09-10 23:53:26,2025-09-11 01:19:26,86,,
3bf304f3-67ab-4dad-b961-1eb23de691e1,VAC-1135,CAND-10135,IT,Вводное обучение,Service Task,Марина_6,2025-09-11 02:19:26,2025-09-11 07:01:26,282,,
3bf304f3-67ab-4dad-b961-1eb23de691e1,VAC-1135,CAND-10135,HR,Назначить ментора,Task,Марина_2,2025-09-11 08:01:26,2025-09-11 08:40:26,39,,
3bf304f3-67ab-4dad-b961-1eb23de691e1,VAC-1135,CAND-10135,HR,Уведомить всех,Message,system,2025-09-11 09:00:26,2025-09-11 09:05:26,5,notified,
3bf304f3-67ab-4dad-b961-1eb23de691e1,VAC-1135,CAND-10135,HR,Обновить HCM,Service Task,Наталья_1,2025-09-11 09:35:26,2025-09-11 09:55:26,20,,
3bf304f3-67ab-4dad-b961-1eb23de691e1,VAC-1135,CAND-10135,HR,Payroll,Service Task,Наталья_3,2025-09-11 10:25:26,2025-09-11 10:45:26,20,,
3bf304f3-67ab-4dad-b961-1eb23de691e1,VAC-1135,CAND-10135,HR,Закрыть вакансию,Service Task,Ольга_1,2025-09-11 11:05:26,2025-09-11 11:10:26,5,,
3cf35813-8825-4a85-93b4-fd62b2aa1490,VAC-1119,CAND-10119,РУКОВОДИТЕЛЬ,Создать заявку,User Task,Петров_6,2025-10-10 22:11:26,2025-10-10 22:58:26,47,,
3cf35813-8825-4a85-93b4-fd62b2aa1490,VAC-1119,CAND-10119,HR,Зарегистрировать в HCM,Service Task,Марина_4,2025-10-10 23:53:26,2025-10-11 00:10:26,17,,
3cf35813-8825-4a85-93b4-fd62b2aa1490,VAC-1119,CAND-10119,РЕКРУТЕР,Разместить вакансию,Task,Екатерина_1,2025-10-11 02:36:26,2025-10-11 03:47:26,71,,
3cf35813-8825-4a85-93b4-fd62b2aa1490,VAC-1119,CAND-10119,РЕКРУТЕР,Собирать резюме,Task,Алексей_7,2025-10-11 04:47:26,2025-10-12 22:36:26,2509,,
3cf35813-8825-4a85-93b4-fd62b2aa1490,VAC-1119,CAND-10119,РЕКРУТЕР,Скрининг,Task,Екатерина_2,2025-10-12 23:18:26,2025-10-12 23:31:26,13,passed,
3cf35813-8825-4a85-93b4-fd62b2aa1490,VAC-1119,CAND-10119,ИНТЕРВЬЮЕРЫ,Назначить интервью,User Task,Андрей_9,2025-10-13 00:34:26,2025-10-13 01:14:26,40,,
3cf35813-8825-4a85-93b4-fd62b2aa1490,VAC-1119,CAND-10119,ИНТЕРВЬЮЕРЫ,Интервью (раунд 1),User Task,Сергей_7,2025-10-13 04:01:26,2025-10-13 05:59:26,118,passed,
3cf35813-8825-4a85-93b4-fd62b2aa1490,VAC-1119,CAND-10119,ИНТЕРВЬЮЕРЫ,Интервью (раунд 2),User Task,Сергей_8,2025-10-13 08:53:26,2025-10-13 10:39:26,106,rejected,культурный профиль
4034c8b9-039a-4618-b094-aae27d9b95ce,VAC-1019,CAND-10019,РУКОВОДИТЕЛЬ,Создать заявку,User Task,Иванов_1,2025-09-01 14:38:26,2025-09-01 15:19:26,41,,
4034c8b9-039a-4618-b094-aae27d9b95ce,VAC-1019,CAND-10019,HR,Зарегистрировать в HCM,Service Task,Марина_5,2025-09-01 15:58:26,2025-09-01 16:12:26,14,,
4034c8b9-039a-4618-b094-aae27d9b95ce,VAC-1019,CAND-10019,РЕКРУТЕР,Разместить вакансию,Task,Алексей_9,2025-09-01 17:03:26,2025-09-01 17:54:26,51,,
4034c8b9-039a-4618-b094-aae27d9b95ce,VAC-1019,CAND-10019,РЕКРУТЕР,Собирать резюме,Task,Екатерина_4,2025-09-01 18:54:26,2025-09-03 23:18:26,3144,,
4034c8b9-039a-4618-b094-aae27d9b95ce,VAC-1019,CAND-10019,РЕКРУТЕР,Скрининг,Task,Дмитрий_8,2025-09-04 00:17:26,2025-09-04 00:43:26,26,rejected,некорректное резюме
41c96441-f13a-406e-837e-4b250a7518b5,VAC-1152,CAND-10152,РУКОВОДИТЕЛЬ,Создать заявку,User Task,Петров_4,2025-09-27 14:56:26,2025-09-27 15:34:26,38,,
41c96441-f13a-406e-837e-4b250a7518b5,VAC-1152,CAND-10152,HR,Зарегистрировать в HCM,Service Task,Ольга_4,2025-09-27 17:26:26,2025-09-27 17:45:26,19,,
41c96441-f13a-406e-837e-4b250a7518b5,VAC-1152,CAND-10152,РЕКРУТЕР,Разместить вакансию,Task,Екатерина_2,2025-09-27 18:23:26,2025-09-27 18:46:26,23,,
41c96441-f13a-406e-837e-4b250a7518b5,VAC-1152,CAND-10152,РЕКРУТЕР,Собирать резюме,Task,Екатерина_4,2025-09-27 19:46:26,2025-09-28 23:38:26,1672,,
41c96441-f13a-406e-837e-4b250a7518b5,VAC-1152,CAND-10152,РЕКРУТЕР,Скрининг,Task,Алексей_2,2025-09-29 00:26:26,2025-09-29 00:56:26,30,passed,
41c96441-f13a-406e-837e-4b250a7518b5,VAC-1152,CAND-10152,ИНТЕРВЬЮЕРЫ,Назначить интервью,User Task,Сергей_3,2025-09-29 02:33:26,2025-09-29 02:47:26,14,,
41c96441-f13a-406e-837e-4b250a7518b5,VAC-1152,CAND-10152,ИНТЕРВЬЮЕРЫ,Интервью (раунд 1),User Task,Анна_2,2025-09-29 04:04:26,2025-09-29 05:21:26,77,passed,
41c96441-f13a-406e-837e-4b250a7518b5,VAC-1152,CAND-10152,ИНТЕРВЬЮЕРЫ,Интервью (раунд 2),User Task,Анна_6,2025-09-29 07:47:26,2025-09-29 09:07:26,80,rejected,поведенческий
43bffb9e-4834-4ece-994d-01947574ac8a,VAC-1189,CAND-10189,РУКОВОДИТЕЛЬ,Создать заявку,User Task,Петров_2,2025-09-14 21:40:26,2025-09-14 21:59:26,19,,
43bffb9e-4834-4ece-994d-01947574ac8a,VAC-1189,CAND-10189,HR,Зарегистрировать в HCM,Service Task,Наталья_8,2025-09-14 22:59:26,2025-09-14 23:10:26,11,,
43bffb9e-4834-4ece-994d-01947574ac8a,VAC-1189,CAND-10189,РЕКРУТЕР,Разместить вакансию,Task,Дмитрий_7,2025-09-15 00:51:26,2025-09-15 02:46:26,115,,
43bffb9e-4834-4ece-994d-01947574ac8a,VAC-1189,CAND-10189,РЕКРУТЕР,Собирать резюме,Task,Дмитрий_5,2025-09-15 03:46:26,2025-09-16 23:04:26,2598,,
43bffb9e-4834-4ece-994d-01947574ac8a,VAC-1189,CAND-10189,РЕКРУТЕР,Скрининг,Task,Дмитрий_3,2025-09-16 23:47:26,2025-09-17 00:07:26,20,passed,
43bffb9e-4834-4ece-994d-01947574ac8a,VAC-1189,CAND-10189,ИНТЕРВЬЮЕРЫ,Назначить интервью,User Task,Андрей_9,2025-09-17 01:29:26,2025-09-17 02:03:26,34,,
43bffb9e-4834-4ece-994d-01947574ac8a,VAC-1189,CAND-10189,ИНТЕРВЬЮЕРЫ,Интервью (раунд 1),User Task,Андрей_4,2025-09-17 04:25:26,2025-09-17 05:16:26,51,passed,
43bffb9e-4834-4ece-994d-01947574ac8a,VAC-1189,CAND-10189,ИНТЕРВЬЮЕРЫ,Интервью (раунд 2),User Task,Андрей_8,2025-09-17 06:32:26,2025-09-17 07:21:26,49,passed,
43bffb9e-4834-4ece-994d-01947574ac8a,VAC-1189,CAND-10189,ИНТЕРВЬЮЕРЫ,Интервью (раунд 3),User Task,Сергей_1,2025-09-17 09:42:26,2025-09-17 10:41:26,59,rejected,поведенческий
4470e192-427d-4872-8807-cc662735bbbc,VAC-1113,CAND-10113,РУКОВОДИТЕЛЬ,Создать заявку,User Task,Сидоров_5,2025-08-31 21:53:26,2025-08-31 22:20:26,27,,
4470e192-427d-4872-8807-cc662735bbbc,VAC-1113,CAND-10113,HR,Зарегистрировать в HCM,Service Task,Марина_3,2025-08-31 23:54:26,2025-09-01 00:21:26,27,,
4470e192-427d-4872-8807-cc662735bbbc,VAC-1113,CAND-10113,РЕКРУТЕР,Разместить вакансию,Task,Дмитрий_6,2025-09-01 02:27:26,2025-09-01 04:10:26,103,,
4470e192-427d-4872-8807-cc662735bbbc,VAC-1113,CAND-10113,РЕКРУТЕР,Собирать резюме,Task,Екатерина_2,2025-09-01 05:10:26,2025-09-03 21:17:26,3847,,
4470e192-427d-4872-8807-cc662735bbbc,VAC-1113,CAND-10113,РЕКРУТЕР,Скрининг,Task,Дмитрий_4,2025-09-03 22:00:26,2025-09-03 22:18:26,18,passed,
4470e192-427d-4872-8807-cc662735bbbc,VAC-1113,CAND-10113,ИНТЕРВЬЮЕРЫ,Назначить интервью,User Task,Сергей_8,2025-09-03 23:23:26,2025-09-03 23:59:26,36,,
4470e192-427d-4872-8807-cc662735bbbc,VAC-1113,CAND-10113,ИНТЕРВЬЮЕРЫ,Интервью (раунд 1),User Task,Сергей_3,2025-09-04 00:30:26,2025-09-04 02:19:26,109,rejected,недостаточно навыков
460bde44-45b2-4fff-87a3-efb70be1445c,VAC-1130,CAND-10130,РУКОВОДИТЕЛЬ,Создать заявку,User Task,Сидоров_6,2025-09-22 18:05:26,2025-09-22 18:31:26,26,,
460bde44-45b2-4fff-87a3-efb70be1445c,VAC-1130,CAND-10130,HR,Зарегистрировать в HCM,Service Task,Марина_9,2025-09-22 19:49:26,2025-09-22 19:59:26,10,,
460bde44-45b2-4fff-87a3-efb70be1445c,VAC-1130,CAND-10130,РЕКРУТЕР,Разместить вакансию,Task,Алексей_1,2025-09-22 22:06:26,2025-09-22 23:59:26,113,,
460bde44-45b2-4fff-87a3-efb70be1445c,VAC-1130,CAND-10130,РЕКРУТЕР,Собирать резюме,Task,Дмитрий_4,2025-09-23 00:59:26,2025-09-25 19:17:26,3978,,
460bde44-45b2-4fff-87a3-efb70be1445c,VAC-1130,CAND-10130,РЕКРУТЕР,Скрининг,Task,Алексей_9,2025-09-25 19:47:26,2025-09-25 20:20:26,33,rejected,не соотв. опыту
4857e282-008c-4d35-b566-3db9ee9fbbc9,VAC-1132,CAND-10132,РУКОВОДИТЕЛЬ,Создать заявку,User Task,Сидоров_7,2025-09-23 23:16:26,2025-09-23 23:49:26,33,,
4857e282-008c-4d35-b566-3db9ee9fbbc9,VAC-1132,CAND-10132,HR,Зарегистрировать в HCM,Service Task,Марина_1,2025-09-24 00:56:26,2025-09-24 01:31:26,35,,
4857e282-008c-4d35-b566-3db9ee9fbbc9,VAC-1132,CAND-10132,РЕКРУТЕР,Разместить вакансию,Task,Алексей_2,2025-09-24 03:09:26,2025-09-24 04:36:26,87,,
4857e282-008c-4d35-b566-3db9ee9fbbc9,VAC-1132,CAND-10132,РЕКРУТЕР,Собирать резюме,Task,Алексей_4,2025-09-24 05:36:26,2025-09-26 02:20:26,2684,,
4857e282-008c-4d35-b566-3db9ee9fbbc9,VAC-1132,CAND-10132,РЕКРУТЕР,Скрининг,Task,Алексей_4,2025-09-26 03:03:26,2025-09-26 03:16:26,13,passed,
4857e282-008c-4d35-b566-3db9ee9fbbc9,VAC-1132,CAND-10132,ИНТЕРВЬЮЕРЫ,Назначить интервью,User Task,Анна_4,2025-09-26 04:00:26,2025-09-26 04:16:26,16,,
4857e282-008c-4d35-b566-3db9ee9fbbc9,VAC-1132,CAND-10132,ИНТЕРВЬЮЕРЫ,Интервью (раунд 1),User Task,Сергей_2,2025-09-26 05:31:26,2025-09-26 07:27:26,116,passed,
4857e282-008c-4d35-b566-3db9ee9fbbc9,VAC-1132,CAND-10132,ИНТЕРВЬЮЕРЫ,Интервью (раунд 2),User Task,Анна_7,2025-09-26 10:24:26,2025-09-26 11:54:26,90,rejected,недостаточно навыков
4a7384f0-16a6-447c-8bbf-fa9346b4cddf,VAC-1079,CAND-10079,РУКОВОДИТЕЛЬ,Создать заявку,User Task,Иванов_5,2025-10-15 19:30:26,2025-10-15 20:13:26,43,,
4a7384f0-16a6-447c-8bbf-fa9346b4cddf,VAC-1079,CAND-10079,HR,Зарегистрировать в HCM,Service Task,Марина_2,2025-10-15 22:04:26,2025-10-15 22:32:26,28,,
4a7384f0-16a6-447c-8bbf-fa9346b4cddf,VAC-1079,CAND-10079,РЕКРУТЕР,Разместить вакансию,Task,Екатерина_6,2025-10-16 01:09:26,2025-10-16 02:27:26,78,,
4a7384f0-16a6-447c-8bbf-fa9346b4cddf,VAC-1079,CAND-10079,РЕКРУТЕР,Собирать резюме,Task,Дмитрий_3,2025-10-16 03:27:26,2025-10-17 07:14:26,1667,,
4a7384f0-16a6-447c-8bbf-fa9346b4cddf,VAC-1079,CAND-10079,РЕКРУТЕР,Скрининг,Task,Дмитрий_2,2025-10-17 07:47:26,2025-10-17 08:02:26,15,rejected,не прошёл тест
4b6364cd-f724-4178-88a9-4c378068270a,VAC-1172,CAND-10172,РУКОВОДИТЕЛЬ,Создать заявку,User Task,Иванов_3,2025-09-20 21:11:26,2025-09-20 21:25:26,14,,
4b6364cd-f724-4178-88a9-4c378068270a,VAC-1172,CAND-10172,HR,Зарегистрировать в HCM,Service Task,Ольга_5,2025-09-20 21:47:26,2025-09-20 22:12:26,25,,
4b6364cd-f724-4178-88a9-4c378068270a,VAC-1172,CAND-10172,РЕКРУТЕР,Разместить вакансию,Task,Дмитрий_9,2025-09-21 00:14:26,2025-09-21 00:51:26,37,,
4b6364cd-f724-4178-88a9-4c378068270a,VAC-1172,CAND-10172,РЕКРУТЕР,Собирать резюме,Task,Алексей_5,2025-09-21 01:51:26,2025-09-23 01:12:26,2841,,
4b6364cd-f724-4178-88a9-4c378068270a,VAC-1172,CAND-10172,РЕКРУТЕР,Скрининг,Task,Алексей_4,2025-09-23 01:23:26,2025-09-23 01:56:26,33,passed,
4b6364cd-f724-4178-88a9-4c378068270a,VAC-1172,CAND-10172,ИНТЕРВЬЮЕРЫ,Назначить интервью,User Task,Анна_4,2025-09-23 03:44:26,2025-09-23 03:58:26,14,,
4b6364cd-f724-4178-88a9-4c378068270a,VAC-1172,CAND-10172,ИНТЕРВЬЮЕРЫ,Интервью (раунд 1),User Task,Сергей_2,2025-09-23 05:21:26,2025-09-23 06:22:26,61,rejected,недостаточно навыков
4b81fdc2-9289-420b-aaca-c423445f505f,VAC-1064,CAND-10064,РУКОВОДИТЕЛЬ,Создать заявку,User Task,Петров_1,2025-10-10 14:45:26,2025-10-10 15:42:26,57,,
4b81fdc2-9289-420b-aaca-c423445f505f,VAC-1064,CAND-10064,HR,Зарегистрировать в HCM,Service Task,Наталья_2,2025-10-10 16:14:26,2025-10-10 16:37:26,23,,
4b81fdc2-9289-420b-aaca-c423445f505f,VAC-1064,CAND-10064,РЕКРУТЕР,Разместить вакансию,Task,Екатерина_7,2025-10-10 18:34:26,2025-10-10 20:11:26,97,,
4b81fdc2-9289-420b-aaca-c423445f505f,VAC-1064,CAND-10064,РЕКРУТЕР,Собирать резюме,Task,Алексей_5,2025-10-10 21:11:26,2025-10-12 19:27:26,2776,,
4b81fdc2-9289-420b-aaca-c423445f505f,VAC-1064,CAND-10064,РЕКРУТЕР,Скрининг,Task,Дмитрий_4,2025-10-12 20:27:26,2025-10-12 20:51:26,24,passed,
4b81fdc2-9289-420b-aaca-c423445f505f,VAC-1064,CAND-10064,ИНТЕРВЬЮЕРЫ,Назначить интервью,User Task,Андрей_7,2025-10-12 21:59:26,2025-10-12 22:22:26,23,,
4b81fdc2-9289-420b-aaca-c423445f505f,VAC-1064,CAND-10064,ИНТЕРВЬЮЕРЫ,Интервью (раунд 1),User Task,Андрей_5,2025-10-13 00:07:26,2025-10-13 01:23:26,76,passed,
4b81fdc2-9289-420b-aaca-c423445f505f,VAC-1064,CAND-10064,ИНТЕРВЬЮЕРЫ,Финальное интервью,User Task,Анна_3,2025-10-13 03:02:26,2025-10-13 04:35:26,93,passed,
4b81fdc2-9289-420b-aaca-c423445f505f,VAC-1064,CAND-10064,HR (ОФФЕР),Согласовать условия,User Task,Ольга_6,2025-10-13 08:44:26,2025-10-13 11:23:26,159,,
4b81fdc2-9289-420b-aaca-c423445f505f,VAC-1064,CAND-10064,HR (ОФФЕР),Сгенерировать оффер,Service Task,Наталья_1,2025-10-13 11:43:26,2025-10-13 11:51:26,8,,
4b81fdc2-9289-420b-aaca-c423445f505f,VAC-1064,CAND-10064,HR (ОФФЕР),Отправить оффер,Send Task,Ольга_8,2025-10-13 11:56:26,2025-10-13 12:06:26,10,sent,
4b81fdc2-9289-420b-aaca-c423445f505f,VAC-1064,CAND-10064,SECURITY,Background Check,Call Activity,Служба_БД_3,2025-10-13 15:06:26,2025-10-17 03:55:26,5089,report_ready,
4b81fdc2-9289-420b-aaca-c423445f505f,VAC-1064,CAND-10064,IT,Выдача оборудования,Task,IT_Specialist_9,2025-10-17 04:55:26,2025-10-17 06:50:26,115,,
4b81fdc2-9289-420b-aaca-c423445f505f,VAC-1064,CAND-10064,IT,Создать доступы,Task,IT_Specialist_2,2025-10-17 07:20:26,2025-10-17 09:01:26,101,,
4b81fdc2-9289-420b-aaca-c423445f505f,VAC-1064,CAND-10064,IT,Вводное обучение,Service Task,Наталья_6,2025-10-17 10:01:26,2025-10-17 13:14:26,193,,
4b81fdc2-9289-420b-aaca-c423445f505f,VAC-1064,CAND-10064,HR,Назначить ментора,Task,Наталья_6,2025-10-17 14:14:26,2025-10-17 15:19:26,65,,
4b81fdc2-9289-420b-aaca-c423445f505f,VAC-1064,CAND-10064,HR,Уведомить всех,Message,system,2025-10-17 15:39:26,2025-10-17 15:44:26,5,notified,
4b81fdc2-9289-420b-aaca-c423445f505f,VAC-1064,CAND-10064,HR,Обновить HCM,Service Task,Ольга_1,2025-10-17 16:14:26,2025-10-17 16:34:26,20,,
4b81fdc2-9289-420b-aaca-c423445f505f,VAC-1064,CAND-10064,HR,Payroll,Service Task,Ольга_7,2025-10-17 17:04:26,2025-10-17 17:24:26,20,,
4b81fdc2-9289-420b-aaca-c423445f505f,VAC-1064,CAND-10064,HR,Закрыть вакансию,Service Task,Ольга_2,2025-10-17 17:44:26,2025-10-17 17:49:26,5,,
4c56bf5a-a288-4262-a3c7-f5044c42afb0,VAC-1030,CAND-10030,РУКОВОДИТЕЛЬ,Создать заявку,User Task,Петров_1,2025-10-17 20:52:26,2025-10-17 21:28:26,36,,
4c56bf5a-a288-4262-a3c7-f5044c42afb0,VAC-1030,CAND-10030,HR,Зарегистрировать в HCM,Service Task,Наталья_8,2025-10-17 23:16:26,2025-10-17 23:37:26,21,,
4c56bf5a-a288-4262-a3c7-f5044c42afb0,VAC-1030,CAND-10030,РЕКРУТЕР,Разместить вакансию,Task,Дмитрий_2,2025-10-18 02:00:26,2025-10-18 02:50:26,50,,
4c56bf5a-a288-4262-a3c7-f5044c42afb0,VAC-1030,CAND-10030,РЕКРУТЕР,Собирать резюме,Task,Дмитрий_9,2025-10-18 03:50:26,2025-10-21 02:38:26,4248,,
4c56bf5a-a288-4262-a3c7-f5044c42afb0,VAC-1030,CAND-10030,РЕКРУТЕР,Скрининг,Task,Алексей_7,2025-10-21 03:29:26,2025-10-21 03:50:26,21,passed,
4c56bf5a-a288-4262-a3c7-f5044c42afb0,VAC-1030,CAND-10030,ИНТЕРВЬЮЕРЫ,Назначить интервью,User Task,Сергей_2,2025-10-21 04:25:26,2025-10-21 05:05:26,40,,
4c56bf5a-a288-4262-a3c7-f5044c42afb0,VAC-1030,CAND-10030,ИНТЕРВЬЮЕРЫ,Интервью (раунд 1),User Task,Андрей_3,2025-10-21 05:40:26,2025-10-21 06:31:26,51,passed,
4c56bf5a-a288-4262-a3c7-f5044c42afb0,VAC-1030,CAND-10030,ИНТЕРВЬЮЕРЫ,Интервью (раунд 2),User Task,Анна_4,2025-10-21 09:25:26,2025-10-21 10:36:26,71,passed,
4c56bf5a-a288-4262-a3c7-f5044c42afb0,VAC-1030,CAND-10030,ИНТЕРВЬЮЕРЫ,Финальное интервью,User Task,Андрей_6,2025-10-21 14:06:26,2025-10-21 15:18:26,72,passed,
4c56bf5a-a288-4262-a3c7-f5044c42afb0,VAC-1030,CAND-10030,HR (ОФФЕР),Согласовать условия,User Task,Марина_1,2025-10-21 19:36:26,2025-10-21 21:13:26,97,,
4c56bf5a-a288-4262-a3c7-f5044c42afb0,VAC-1030,CAND-10030,HR (ОФФЕР),Сгенерировать оффер,Service Task,Наталья_3,2025-10-21 21:33:26,2025-10-21 21:46:26,13,,
4c56bf5a-a288-4262-a3c7-f5044c42afb0,VAC-1030,CAND-10030,HR (ОФФЕР),Отправить оффер,Send Task,Марина_5,2025-10-21 21:51:26,2025-10-21 22:01:26,10,sent,
4c56bf5a-a288-4262-a3c7-f5044c42afb0,VAC-1030,CAND-10030,HR (ОФФЕР),Переговоры / отказ,Task,Марина_1,2025-10-22 00:01:26,2025-10-22 01:29:26,88,rejected,
4e44440e-692d-4e09-87ba-d79fb5ae98b2,VAC-1038,CAND-10038,РУКОВОДИТЕЛЬ,Создать заявку,User Task,Иванов_5,2025-09-06 16:21:26,2025-09-06 16:40:26,19,,
4e44440e-692d-4e09-87ba-d79fb5ae98b2,VAC-1038,CAND-10038,HR,Зарегистрировать в HCM,Service Task,Марина_9,2025-09-06 18:40:26,2025-09-06 18:53:26,13,,
4e44440e-692d-4e09-87ba-d79fb5ae98b2,VAC-1038,CAND-10038,РЕКРУТЕР,Разместить вакансию,Task,Екатерина_6,2025-09-06 21:37:26,2025-09-06 22:01:26,24,,
4e44440e-692d-4e09-87ba-d79fb5ae98b2,VAC-1038,CAND-10038,РЕКРУТЕР,Собирать резюме,Task,Алексей_7,2025-09-06 23:01:26,2025-09-09 17:12:26,3971,,
4e44440e-692d-4e09-87ba-d79fb5ae98b2,VAC-1038,CAND-10038,РЕКРУТЕР,Скрининг,Task,Алексей_3,2025-09-09 17:31:26,2025-09-09 17:46:26,15,rejected,не соотв. опыту
4e887e71-9e61-4029-9ba7-5396a0a0d5cd,VAC-1162,CAND-10162,РУКОВОДИТЕЛЬ,Создать заявку,User Task,Сидоров_4,2025-09-11 13:59:26,2025-09-11 14:36:26,37,,
4e887e71-9e61-4029-9ba7-5396a0a0d5cd,VAC-1162,CAND-10162,HR,Зарегистрировать в HCM,Service Task,Ольга_4,2025-09-11 15:27:26,2025-09-11 15:47:26,20,,
4e887e71-9e61-4029-9ba7-5396a0a0d5cd,VAC-1162,CAND-10162,РЕКРУТЕР,Разместить вакансию,Task,Алексей_7,2025-09-11 16:55:26,2025-09-11 18:28:26,93,,
4e887e71-9e61-4029-9ba7-5396a0a0d5cd,VAC-1162,CAND-10162,РЕКРУТЕР,Собирать резюме,Task,Алексей_8,2025-09-11 19:28:26,2025-09-12 22:29:26,1621,,
4e887e71-9e61-4029-9ba7-5396a0a0d5cd,VAC-1162,CAND-10162,РЕКРУТЕР,Скрининг,Task,Екатерина_1,2025-09-12 23:25:26,2025-09-12 23:59:26,34,passed,
4e887e71-9e61-4029-9ba7-5396a0a0d5cd,VAC-1162,CAND-10162,ИНТЕРВЬЮЕРЫ,Назначить интервью,User Task,Анна_2,2025-09-13 01:09:26,2025-09-13 01:34:26,25,,
4e887e71-9e61-4029-9ba7-5396a0a0d5cd,VAC-1162,CAND-10162,ИНТЕРВЬЮЕРЫ,Интервью (раунд 1),User Task,Андрей_7,2025-09-13 03:05:26,2025-09-13 04:00:26,55,passed,
4e887e71-9e61-4029-9ba7-5396a0a0d5cd,VAC-1162,CAND-10162,ИНТЕРВЬЮЕРЫ,Интервью (раунд 2),User Task,Андрей_2,2025-09-13 05:25:26,2025-09-13 06:26:26,61,passed,
4e887e71-9e61-4029-9ba7-5396a0a0d5cd,VAC-1162,CAND-10162,ИНТЕРВЬЮЕРЫ,Финальное интервью,User Task,Андрей_8,2025-09-13 07:30:26,2025-09-13 09:16:26,106,passed,
4e887e71-9e61-4029-9ba7-5396a0a0d5cd,VAC-1162,CAND-10162,HR (ОФФЕР),Согласовать условия,User Task,Марина_1,2025-09-13 13:55:26,2025-09-13 17:21:26,206,,
4e887e71-9e61-4029-9ba7-5396a0a0d5cd,VAC-1162,CAND-10162,HR (ОФФЕР),Сгенерировать оффер,Service Task,Ольга_3,2025-09-13 17:41:26,2025-09-13 18:00:26,19,,
4e887e71-9e61-4029-9ba7-5396a0a0d5cd,VAC-1162,CAND-10162,HR (ОФФЕР),Отправить оффер,Send Task,Марина_7,2025-09-13 18:05:26,2025-09-13 18:15:26,10,sent,
4e887e71-9e61-4029-9ba7-5396a0a0d5cd,VAC-1162,CAND-10162,SECURITY,Background Check,Call Activity,Служба_БД_1,2025-09-13 21:15:26,2025-09-17 23:49:26,5914,report_ready,
4e887e71-9e61-4029-9ba7-5396a0a0d5cd,VAC-1162,CAND-10162,IT,Выдача оборудования,Task,IT_Specialist_6,2025-09-18 00:49:26,2025-09-18 01:58:26,69,,
4e887e71-9e61-4029-9ba7-5396a0a0d5cd,VAC-1162,CAND-10162,IT,Создать доступы,Task,IT_Specialist_5,2025-09-18 02:28:26,2025-09-18 04:05:26,97,,
4e887e71-9e61-4029-9ba7-5396a0a0d5cd,VAC-1162,CAND-10162,IT,Вводное обучение,Service Task,Ольга_9,2025-09-18 05:05:26,2025-09-18 11:43:26,398,,
4e887e71-9e61-4029-9ba7-5396a0a0d5cd,VAC-1162,CAND-10162,HR,Назначить ментора,Task,Наталья_2,2025-09-18 12:43:26,2025-09-18 13:49:26,66,,
4e887e71-9e61-4029-9ba7-5396a0a0d5cd,VAC-1162,CAND-10162,HR,Уведомить всех,Message,system,2025-09-18 14:09:26,2025-09-18 14:14:26,5,notified,
4e887e71-9e61-4029-9ba7-5396a0a0d5cd,VAC-1162,CAND-10162,HR,Обновить HCM,Service Task,Марина_6,2025-09-18 14:44:26,2025-09-18 15:04:26,20,,
4e887e71-9e61-4029-9ba7-5396a0a0d5cd,VAC-1162,CAND-10162,HR,Payroll,Service Task,Марина_1,2025-09-18 15:34:26,2025-09-18 15:54:26,20,,
4e887e71-9e61-4029-9ba7-5396a0a0d5cd,VAC-1162,CAND-10162,HR,Закрыть вакансию,Service Task,Марина_6,2025-09-18 16:14:26,2025-09-18 16:19:26,5,,
4f7555ac-d9e8-412d-870b-6c2448ff08ca,VAC-1061,CAND-10061,РУКОВОДИТЕЛЬ,Создать заявку,User Task,Иванов_9,2025-09-27 17:47:26,2025-09-27 18:15:26,28,,
4f7555ac-d9e8-412d-870b-6c2448ff08ca,VAC-1061,CAND-10061,HR,Зарегистрировать в HCM,Service Task,Ольга_3,2025-09-27 20:04:26,2025-09-27 20:35:26,31,,
4f7555ac-d9e8-412d-870b-6c2448ff08ca,VAC-1061,CAND-10061,РЕКРУТЕР,Разместить вакансию,Task,Екатерина_3,2025-09-27 21:32:26,2025-09-27 22:04:26,32,,
4f7555ac-d9e8-412d-870b-6c2448ff08ca,VAC-1061,CAND-10061,РЕКРУТЕР,Собирать резюме,Task,Алексей_9,2025-09-27 23:04:26,2025-09-29 15:31:26,2427,,
4f7555ac-d9e8-412d-870b-6c2448ff08ca,VAC-1061,CAND-10061,РЕКРУТЕР,Скрининг,Task,Дмитрий_5,2025-09-29 15:57:26,2025-09-29 16:33:26,36,rejected,не соотв. опыту
4f97b861-92ff-446d-9de7-1ccf109238a8,VAC-1036,CAND-10036,РУКОВОДИТЕЛЬ,Создать заявку,User Task,Иванов_2,2025-10-11 00:05:26,2025-10-11 00:24:26,19,,
4f97b861-92ff-446d-9de7-1ccf109238a8,VAC-1036,CAND-10036,HR,Зарегистрировать в HCM,Service Task,Наталья_3,2025-10-11 01:02:26,2025-10-11 01:20:26,18,,
4f97b861-92ff-446d-9de7-1ccf109238a8,VAC-1036,CAND-10036,РЕКРУТЕР,Разместить вакансию,Task,Екатерина_2,2025-10-11 02:29:26,2025-10-11 04:26:26,117,,
4f97b861-92ff-446d-9de7-1ccf109238a8,VAC-1036,CAND-10036,РЕКРУТЕР,Собирать резюме,Task,Екатерина_8,2025-10-11 05:26:26,2025-10-12 17:31:26,2165,,
4f97b861-92ff-446d-9de7-1ccf109238a8,VAC-1036,CAND-10036,РЕКРУТЕР,Скрининг,Task,Екатерина_8,2025-10-12 18:10:26,2025-10-12 18:44:26,34,passed,
4f97b861-92ff-446d-9de7-1ccf109238a8,VAC-1036,CAND-10036,ИНТЕРВЬЮЕРЫ,Назначить интервью,User Task,Анна_6,2025-10-12 20:16:26,2025-10-12 20:46:26,30,,
4f97b861-92ff-446d-9de7-1ccf109238a8,VAC-1036,CAND-10036,ИНТЕРВЬЮЕРЫ,Интервью (раунд 1),User Task,Сергей_8,2025-10-12 22:36:26,2025-10-12 23:40:26,64,passed,
4f97b861-92ff-446d-9de7-1ccf109238a8,VAC-1036,CAND-10036,ИНТЕРВЬЮЕРЫ,Интервью (раунд 2),User Task,Сергей_9,2025-10-13 01:27:26,2025-10-13 02:47:26,80,passed,
4f97b861-92ff-446d-9de7-1ccf109238a8,VAC-1036,CAND-10036,ИНТЕРВЬЮЕРЫ,Интервью (раунд 3),User Task,Андрей_1,2025-10-13 03:35:26,2025-10-13 04:59:26,84,passed,
4f97b861-92ff-446d-9de7-1ccf109238a8,VAC-1036,CAND-10036,ИНТЕРВЬЮЕРЫ,Финальное интервью,User Task,Андрей_9,2025-10-13 07:33:26,2025-10-13 08:54:26,81,passed,
4f97b861-92ff-446d-9de7-1ccf109238a8,VAC-1036,CAND-10036,HR (ОФФЕР),Согласовать условия,User Task,Марина_9,2025-10-13 11:32:26,2025-10-13 14:30:26,178,,
4f97b861-92ff-446d-9de7-1ccf109238a8,VAC-1036,CAND-10036,HR (ОФФЕР),Сгенерировать оффер,Service Task,Марина_1,2025-10-13 14:50:26,2025-10-13 15:20:26,30,,
4f97b861-92ff-446d-9de7-1ccf109238a8,VAC-1036,CAND-10036,HR (ОФФЕР),Отправить оффер,Send Task,Ольга_4,2025-10-13 15:25:26,2025-10-13 15:35:26,10,sent,
4f97b861-92ff-446d-9de7-1ccf109238a8,VAC-1036,CAND-10036,SECURITY,Background Check,Call Activity,Служба_БД_1,2025-10-13 18:35:26,2025-10-18 11:31:26,6776,report_ready,
4f97b861-92ff-446d-9de7-1ccf109238a8,VAC-1036,CAND-10036,IT,Выдача оборудования,Task,IT_Specialist_2,2025-10-18 12:31:26,2025-10-18 15:14:26,163,,
4f97b861-92ff-446d-9de7-1ccf109238a8,VAC-1036,CAND-10036,IT,Создать доступы,Task,IT_Specialist_1,2025-10-18 15:44:26,2025-10-18 17:18:26,94,,
4f97b861-92ff-446d-9de7-1ccf109238a8,VAC-1036,CAND-10036,IT,Вводное обучение,Service Task,Марина_8,2025-10-18 18:18:26,2025-10-18 23:24:26,306,,
4f97b861-92ff-446d-9de7-1ccf109238a8,VAC-1036,CAND-10036,HR,Назначить ментора,Task,Марина_9,2025-10-19 00:24:26,2025-10-19 01:22:26,58,,
4f97b861-92ff-446d-9de7-1ccf109238a8,VAC-1036,CAND-10036,HR,Уведомить всех,Message,system,2025-10-19 01:42:26,2025-10-19 01:47:26,5,notified,
4f97b861-92ff-446d-9de7-1ccf109238a8,VAC-1036,CAND-10036,HR,Обновить HCM,Service Task,Марина_3,2025-10-19 02:17:26,2025-10-19 02:37:26,20,,
4f97b861-92ff-446d-9de7-1ccf109238a8,VAC-1036,CAND-10036,HR,Payroll,Service Task,Ольга_6,2025-10-19 03:07:26,2025-10-19 03:27:26,20,,
4f97b861-92ff-446d-9de7-1ccf109238a8,VAC-1036,CAND-10036,HR,Закрыть вакансию,Service Task,Ольга_7,2025-10-19 03:47:26,2025-10-19 03:52:26,5,,
50a5e756-5a84-4e21-aa5b-51a38d52b7a8,VAC-1052,CAND-10052,РУКОВОДИТЕЛЬ,Создать заявку,User Task,Петров_8,2025-09-02 21:26:26,2025-09-02 22:11:26,45,,
50a5e756-5a84-4e21-aa5b-51a38d52b7a8,VAC-1052,CAND-10052,HR,Зарегистрировать в HCM,Service Task,Ольга_3,2025-09-02 23:38:26,2025-09-03 00:00:26,22,,
50a5e756-5a84-4e21-aa5b-51a38d52b7a8,VAC-1052,CAND-10052,РЕКРУТЕР,Разместить вакансию,Task,Дмитрий_9,2025-09-03 02:27:26,2025-09-03 03:55:26,88,,
50a5e756-5a84-4e21-aa5b-51a38d52b7a8,VAC-1052,CAND-10052,РЕКРУТЕР,Собирать резюме,Task,Екатерина_5,2025-09-03 04:55:26,2025-09-05 05:06:26,2891,,
50a5e756-5a84-4e21-aa5b-51a38d52b7a8,VAC-1052,CAND-10052,РЕКРУТЕР,Скрининг,Task,Алексей_4,2025-09-05 05:55:26,2025-09-05 06:20:26,25,passed,
50a5e756-5a84-4e21-aa5b-51a38d52b7a8,VAC-1052,CAND-10052,ИНТЕРВЬЮЕРЫ,Назначить интервью,User Task,Сергей_5,2025-09-05 07:18:26,2025-09-05 07:35:26,17,,
50a5e756-5a84-4e21-aa5b-51a38d52b7a8,VAC-1052,CAND-10052,ИНТЕРВЬЮЕРЫ,Интервью (раунд 1),User Task,Анна_5,2025-09-05 10:10:26,2025-09-05 11:35:26,85,passed,
50a5e756-5a84-4e21-aa5b-51a38d52b7a8,VAC-1052,CAND-10052,ИНТЕРВЬЮЕРЫ,Интервью (раунд 2),User Task,Анна_7,2025-09-05 13:18:26,2025-09-05 14:18:26,60,passed,
50a5e756-5a84-4e21-aa5b-51a38d52b7a8,VAC-1052,CAND-10052,ИНТЕРВЬЮЕРЫ,Финальное интервью,User Task,Андрей_5,2025-09-05 19:07:26,2025-09-05 20:42:26,95,passed,
50a5e756-5a84-4e21-aa5b-51a38d52b7a8,VAC-1052,CAND-10052,HR (ОФФЕР),Согласовать условия,User Task,Марина_2,2025-09-05 21:52:26,2025-09-06 00:05:26,133,,
50a5e756-5a84-4e21-aa5b-51a38d52b7a8,VAC-1052,CAND-10052,HR (ОФФЕР),Сгенерировать оффер,Service Task,Ольга_5,2025-09-06 00:25:26,2025-09-06 00:41:26,16,,
50a5e756-5a84-4e21-aa5b-51a38d52b7a8,VAC-1052,CAND-10052,HR (ОФФЕР),Отправить оффер,Send Task,Марина_8,2025-09-06 00:46:26,2025-09-06 00:56:26,10,sent,
50a5e756-5a84-4e21-aa5b-51a38d52b7a8,VAC-1052,CAND-10052,SECURITY,Background Check,Call Activity,Служба_БД_3,2025-09-06 03:56:26,2025-09-09 16:57:26,5101,report_ready,
50a5e756-5a84-4e21-aa5b-51a38d52b7a8,VAC-1052,CAND-10052,IT,Выдача оборудования,Task,IT_Specialist_4,2025-09-09 17:57:26,2025-09-09 20:31:26,154,,
50a5e756-5a84-4e21-aa5b-51a38d52b7a8,VAC-1052,CAND-10052,IT,Создать доступы,Task,IT_Specialist_4,2025-09-09 21:01:26,2025-09-09 21:37:26,36,,
50a5e756-5a84-4e21-aa5b-51a38d52b7a8,VAC-1052,CAND-10052,IT,Вводное обучение,Service Task,Наталья_7,2025-09-09 22:37:26,2025-09-10 02:03:26,206,,
50a5e756-5a84-4e21-aa5b-51a38d52b7a8,VAC-1052,CAND-10052,HR,Назначить ментора,Task,Марина_8,2025-09-10 03:03:26,2025-09-10 03:54:26,51,,
50a5e756-5a84-4e21-aa5b-51a38d52b7a8,VAC-1052,CAND-10052,HR,Уведомить всех,Message,system,2025-09-10 04:14:26,2025-09-10 04:19:26,5,notified,
50a5e756-5a84-4e21-aa5b-51a38d52b7a8,VAC-1052,CAND-10052,HR,Обновить HCM,Service Task,Наталья_3,2025-09-10 04:49:26,2025-09-10 05:09:26,20,,
50a5e756-5a84-4e21-aa5b-51a38d52b7a8,VAC-1052,CAND-10052,HR,Payroll,Service Task,Наталья_9,2025-09-10 05:39:26,2025-09-10 05:59:26,20,,
50a5e756-5a84-4e21-aa5b-51a38d52b7a8,VAC-1052,CAND-10052,HR,Закрыть вакансию,Service Task,Наталья_7,2025-09-10 06:19:26,2025-09-10 06:24:26,5,,
513c75ca-aae6-4b71-abb8-f65c15989c8f,VAC-1184,CAND-10184,РУКОВОДИТЕЛЬ,Создать заявку,User Task,Петров_6,2025-09-14 22:32:26,2025-09-14 22:46:26,14,,
513c75ca-aae6-4b71-abb8-f65c15989c8f,VAC-1184,CAND-10184,HR,Зарегистрировать в HCM,Service Task,Наталья_7,2025-09-15 00:31:26,2025-09-15 01:02:26,31,,
513c75ca-aae6-4b71-abb8-f65c15989c8f,VAC-1184,CAND-10184,РЕКРУТЕР,Разместить вакансию,Task,Алексей_9,2025-09-15 02:07:26,2025-09-15 02:57:26,50,,
513c75ca-aae6-4b71-abb8-f65c15989c8f,VAC-1184,CAND-10184,РЕКРУТЕР,Собирать резюме,Task,Екатерина_9,2025-09-15 03:57:26,2025-09-16 12:11:26,1934,,
513c75ca-aae6-4b71-abb8-f65c15989c8f,VAC-1184,CAND-10184,РЕКРУТЕР,Скрининг,Task,Алексей_4,2025-09-16 12:37:26,2025-09-16 13:02:26,25,passed,
513c75ca-aae6-4b71-abb8-f65c15989c8f,VAC-1184,CAND-10184,ИНТЕРВЬЮЕРЫ,Назначить интервью,User Task,Сергей_6,2025-09-16 15:00:26,2025-09-16 15:35:26,35,,
513c75ca-aae6-4b71-abb8-f65c15989c8f,VAC-1184,CAND-10184,ИНТЕРВЬЮЕРЫ,Интервью (раунд 1),User Task,Андрей_3,2025-09-16 17:44:26,2025-09-16 18:59:26,75,rejected,недостаточно навыков
5287d308-fc04-4826-bace-ea3cac642897,VAC-1024,CAND-10024,РУКОВОДИТЕЛЬ,Создать заявку,User Task,Иванов_4,2025-10-06 21:42:26,2025-10-06 22:18:26,36,,
5287d308-fc04-4826-bace-ea3cac642897,VAC-1024,CAND-10024,HR,Зарегистрировать в HCM,Service Task,Марина_8,2025-10-06 23:44:26,2025-10-07 00:05:26,21,,
5287d308-fc04-4826-bace-ea3cac642897,VAC-1024,CAND-10024,РЕКРУТЕР,Разместить вакансию,Task,Алексей_4,2025-10-07 02:28:26,2025-10-07 04:25:26,117,,
5287d308-fc04-4826-bace-ea3cac642897,VAC-1024,CAND-10024,РЕКРУТЕР,Собирать резюме,Task,Екатерина_3,2025-10-07 05:25:26,2025-10-08 23:38:26,2533,,
5287d308-fc04-4826-bace-ea3cac642897,VAC-1024,CAND-10024,РЕКРУТЕР,Скрининг,Task,Екатерина_8,2025-10-09 00:06:26,2025-10-09 00:30:26,24,passed,
5287d308-fc04-4826-bace-ea3cac642897,VAC-1024,CAND-10024,ИНТЕРВЬЮЕРЫ,Назначить интервью,User Task,Андрей_3,2025-10-09 02:10:26,2025-10-09 02:39:26,29,,
5287d308-fc04-4826-bace-ea3cac642897,VAC-1024,CAND-10024,ИНТЕРВЬЮЕРЫ,Интервью (раунд 1),User Task,Андрей_2,2025-10-09 03:12:26,2025-10-09 05:07:26,115,passed,
5287d308-fc04-4826-bace-ea3cac642897,VAC-1024,CAND-10024,ИНТЕРВЬЮЕРЫ,Интервью (раунд 2),User Task,Андрей_8,2025-10-09 07:35:26,2025-10-09 08:35:26,60,passed,
5287d308-fc04-4826-bace-ea3cac642897,VAC-1024,CAND-10024,ИНТЕРВЬЮЕРЫ,Финальное интервью,User Task,Сергей_7,2025-10-09 13:33:26,2025-10-09 14:55:26,82,passed,
5287d308-fc04-4826-bace-ea3cac642897,VAC-1024,CAND-10024,HR (ОФФЕР),Согласовать условия,User Task,Ольга_4,2025-10-09 19:28:26,2025-10-09 22:31:26,183,,
5287d308-fc04-4826-bace-ea3cac642897,VAC-1024,CAND-10024,HR (ОФФЕР),Сгенерировать оффер,Service Task,Марина_3,2025-10-09 22:51:26,2025-10-09 23:10:26,19,,
5287d308-fc04-4826-bace-ea3cac642897,VAC-1024,CAND-10024,HR (ОФФЕР),Отправить оффер,Send Task,Ольга_4,2025-10-09 23:15:26,2025-10-09 23:25:26,10,sent,
5287d308-fc04-4826-bace-ea3cac642897,VAC-1024,CAND-10024,HR (ОФФЕР),Переговоры / отказ,Task,Марина_3,2025-10-10 01:25:26,2025-10-10 04:35:26,190,rejected,
52a1bfb7-163a-40e0-a594-d5422cb3358c,VAC-1154,CAND-10154,РУКОВОДИТЕЛЬ,Создать заявку,User Task,Сидоров_6,2025-10-06 19:30:26,2025-10-06 19:49:26,19,,
52a1bfb7-163a-40e0-a594-d5422cb3358c,VAC-1154,CAND-10154,HR,Зарегистрировать в HCM,Service Task,Наталья_9,2025-10-06 20:59:26,2025-10-06 21:27:26,28,,
52a1bfb7-163a-40e0-a594-d5422cb3358c,VAC-1154,CAND-10154,РЕКРУТЕР,Разместить вакансию,Task,Дмитрий_7,2025-10-07 00:02:26,2025-10-07 01:23:26,81,,
52a1bfb7-163a-40e0-a594-d5422cb3358c,VAC-1154,CAND-10154,РЕКРУТЕР,Собирать резюме,Task,Екатерина_4,2025-10-07 02:23:26,2025-10-08 07:10:26,1727,,
52a1bfb7-163a-40e0-a594-d5422cb3358c,VAC-1154,CAND-10154,РЕКРУТЕР,Скрининг,Task,Екатерина_8,2025-10-08 07:20:26,2025-10-08 07:42:26,22,passed,
52a1bfb7-163a-40e0-a594-d5422cb3358c,VAC-1154,CAND-10154,ИНТЕРВЬЮЕРЫ,Назначить интервью,User Task,Сергей_6,2025-10-08 09:10:26,2025-10-08 09:49:26,39,,
52a1bfb7-163a-40e0-a594-d5422cb3358c,VAC-1154,CAND-10154,ИНТЕРВЬЮЕРЫ,Интервью (раунд 1),User Task,Анна_2,2025-10-08 12:01:26,2025-10-08 12:53:26,52,passed,
52a1bfb7-163a-40e0-a594-d5422cb3358c,VAC-1154,CAND-10154,ИНТЕРВЬЮЕРЫ,Интервью (раунд 2),User Task,Сергей_2,2025-10-08 14:56:26,2025-10-08 16:49:26,113,rejected,поведенческий
56079e4a-81a1-4d66-91f0-cfe94264c951,VAC-1073,CAND-10073,РУКОВОДИТЕЛЬ,Создать заявку,User Task,Иванов_3,2025-09-11 22:10:26,2025-09-11 23:03:26,53,,
56079e4a-81a1-4d66-91f0-cfe94264c951,VAC-1073,CAND-10073,HR,Зарегистрировать в HCM,Service Task,Ольга_1,2025-09-12 00:59:26,2025-09-12 01:34:26,35,,
56079e4a-81a1-4d66-91f0-cfe94264c951,VAC-1073,CAND-10073,РЕКРУТЕР,Разместить вакансию,Task,Алексей_3,2025-09-12 03:14:26,2025-09-12 04:57:26,103,,
56079e4a-81a1-4d66-91f0-cfe94264c951,VAC-1073,CAND-10073,РЕКРУТЕР,Собирать резюме,Task,Алексей_6,2025-09-12 05:57:26,2025-09-13 22:59:26,2462,,
56079e4a-81a1-4d66-91f0-cfe94264c951,VAC-1073,CAND-10073,РЕКРУТЕР,Скрининг,Task,Екатерина_7,2025-09-13 23:24:26,2025-09-13 23:58:26,34,passed,
56079e4a-81a1-4d66-91f0-cfe94264c951,VAC-1073,CAND-10073,ИНТЕРВЬЮЕРЫ,Назначить интервью,User Task,Сергей_7,2025-09-14 01:31:26,2025-09-14 02:01:26,30,,
56079e4a-81a1-4d66-91f0-cfe94264c951,VAC-1073,CAND-10073,ИНТЕРВЬЮЕРЫ,Интервью (раунд 1),User Task,Анна_5,2025-09-14 02:50:26,2025-09-14 03:46:26,56,passed,
56079e4a-81a1-4d66-91f0-cfe94264c951,VAC-1073,CAND-10073,ИНТЕРВЬЮЕРЫ,Интервью (раунд 2),User Task,Сергей_1,2025-09-14 05:50:26,2025-09-14 07:33:26,103,rejected,культурный профиль
57f2470e-e219-46f9-916d-46cf45b9dfdb,VAC-1075,CAND-10075,РУКОВОДИТЕЛЬ,Создать заявку,User Task,Петров_3,2025-10-08 16:09:26,2025-10-08 17:00:26,51,,
57f2470e-e219-46f9-916d-46cf45b9dfdb,VAC-1075,CAND-10075,HR,Зарегистрировать в HCM,Service Task,Марина_6,2025-10-08 17:55:26,2025-10-08 18:07:26,12,,
57f2470e-e219-46f9-916d-46cf45b9dfdb,VAC-1075,CAND-10075,РЕКРУТЕР,Разместить вакансию,Task,Дмитрий_3,2025-10-08 19:41:26,2025-10-08 20:11:26,30,,
57f2470e-e219-46f9-916d-46cf45b9dfdb,VAC-1075,CAND-10075,РЕКРУТЕР,Собирать резюме,Task,Дмитрий_5,2025-10-08 21:11:26,2025-10-10 00:43:26,1652,,
57f2470e-e219-46f9-916d-46cf45b9dfdb,VAC-1075,CAND-10075,РЕКРУТЕР,Скрининг,Task,Алексей_7,2025-10-10 01:39:26,2025-10-10 02:11:26,32,passed,
57f2470e-e219-46f9-916d-46cf45b9dfdb,VAC-1075,CAND-10075,ИНТЕРВЬЮЕРЫ,Назначить интервью,User Task,Андрей_4,2025-10-10 04:01:26,2025-10-10 04:14:26,13,,
57f2470e-e219-46f9-916d-46cf45b9dfdb,VAC-1075,CAND-10075,ИНТЕРВЬЮЕРЫ,Интервью (раунд 1),User Task,Анна_8,2025-10-10 05:17:26,2025-10-10 07:17:26,120,passed,
57f2470e-e219-46f9-916d-46cf45b9dfdb,VAC-1075,CAND-10075,ИНТЕРВЬЮЕРЫ,Интервью (раунд 2),User Task,Андрей_7,2025-10-10 07:49:26,2025-10-10 08:35:26,46,rejected,культурный профиль
5bf12061-99e7-47c0-9ef9-18be0deb3617,VAC-1058,CAND-10058,РУКОВОДИТЕЛЬ,Создать заявку,User Task,Иванов_3,2025-09-08 21:26:26,2025-09-08 22:24:26,58,,
5bf12061-99e7-47c0-9ef9-18be0deb3617,VAC-1058,CAND-10058,HR,Зарегистрировать в HCM,Service Task,Наталья_6,2025-09-08 23:48:26,2025-09-09 00:07:26,19,,
5bf12061-99e7-47c0-9ef9-18be0deb3617,VAC-1058,CAND-10058,РЕКРУТЕР,Разместить вакансию,Task,Екатерина_6,2025-09-09 03:04:26,2025-09-09 04:40:26,96,,
5bf12061-99e7-47c0-9ef9-18be0deb3617,VAC-1058,CAND-10058,РЕКРУТЕР,Собирать резюме,Task,Дмитрий_3,2025-09-09 05:40:26,2025-09-10 21:50:26,2410,,
5bf12061-99e7-47c0-9ef9-18be0deb3617,VAC-1058,CAND-10058,РЕКРУТЕР,Скрининг,Task,Алексей_7,2025-09-10 22:42:26,2025-09-10 23:08:26,26,passed,
5bf12061-99e7-47c0-9ef9-18be0deb3617,VAC-1058,CAND-10058,ИНТЕРВЬЮЕРЫ,Назначить интервью,User Task,Анна_3,2025-09-10 23:35:26,2025-09-11 00:02:26,27,,
5bf12061-99e7-47c0-9ef9-18be0deb3617,VAC-1058,CAND-10058,ИНТЕРВЬЮЕРЫ,Интервью (раунд 1),User Task,Сергей_7,2025-09-11 02:21:26,2025-09-11 04:17:26,116,passed,
5bf12061-99e7-47c0-9ef9-18be0deb3617,VAC-1058,CAND-10058,ИНТЕРВЬЮЕРЫ,Интервью (раунд 2),User Task,Сергей_3,2025-09-11 07:01:26,2025-09-11 08:26:26,85,rejected,поведенческий
5c59f3a5-2236-43ea-af1a-21594308c5c0,VAC-1155,CAND-10155,РУКОВОДИТЕЛЬ,Создать заявку,User Task,Иванов_9,2025-10-12 17:54:26,2025-10-12 18:16:26,22,,
5c59f3a5-2236-43ea-af1a-21594308c5c0,VAC-1155,CAND-10155,HR,Зарегистрировать в HCM,Service Task,Ольга_4,2025-10-12 18:41:26,2025-10-12 19:21:26,40,,
5c59f3a5-2236-43ea-af1a-21594308c5c0,VAC-1155,CAND-10155,РЕКРУТЕР,Разместить вакансию,Task,Дмитрий_2,2025-10-12 21:07:26,2025-10-12 22:56:26,109,,
5c59f3a5-2236-43ea-af1a-21594308c5c0,VAC-1155,CAND-10155,РЕКРУТЕР,Собирать резюме,Task,Екатерина_6,2025-10-12 23:56:26,2025-10-15 18:59:26,4023,,
5c59f3a5-2236-43ea-af1a-21594308c5c0,VAC-1155,CAND-10155,РЕКРУТЕР,Скрининг,Task,Екатерина_8,2025-10-15 19:40:26,2025-10-15 19:52:26,12,rejected,не соотв. опыту
5ce12597-103b-4b87-9232-f88c1123f7ed,VAC-1031,CAND-10031,РУКОВОДИТЕЛЬ,Создать заявку,User Task,Иванов_6,2025-09-02 13:35:26,2025-09-02 14:35:26,60,,
5ce12597-103b-4b87-9232-f88c1123f7ed,VAC-1031,CAND-10031,HR,Зарегистрировать в HCM,Service Task,Ольга_1,2025-09-02 14:57:26,2025-09-02 15:12:26,15,,
5ce12597-103b-4b87-9232-f88c1123f7ed,VAC-1031,CAND-10031,РЕКРУТЕР,Разместить вакансию,Task,Дмитрий_9,2025-09-02 16:14:26,2025-09-02 18:08:26,114,,
5ce12597-103b-4b87-9232-f88c1123f7ed,VAC-1031,CAND-10031,РЕКРУТЕР,Собирать резюме,Task,Екатерина_2,2025-09-02 19:08:26,2025-09-04 02:53:26,1905,,
5ce12597-103b-4b87-9232-f88c1123f7ed,VAC-1031,CAND-10031,РЕКРУТЕР,Скрининг,Task,Дмитрий_9,2025-09-04 03:33:26,2025-09-04 03:57:26,24,passed,
5ce12597-103b-4b87-9232-f88c1123f7ed,VAC-1031,CAND-10031,ИНТЕРВЬЮЕРЫ,Назначить интервью,User Task,Андрей_1,2025-09-04 05:14:26,2025-09-04 05:40:26,26,,
5ce12597-103b-4b87-9232-f88c1123f7ed,VAC-1031,CAND-10031,ИНТЕРВЬЮЕРЫ,Интервью (раунд 1),User Task,Андрей_1,2025-09-04 08:23:26,2025-09-04 09:46:26,83,passed,
5ce12597-103b-4b87-9232-f88c1123f7ed,VAC-1031,CAND-10031,ИНТЕРВЬЮЕРЫ,Интервью (раунд 2),User Task,Андрей_8,2025-09-04 12:18:26,2025-09-04 13:54:26,96,passed,
5ce12597-103b-4b87-9232-f88c1123f7ed,VAC-1031,CAND-10031,ИНТЕРВЬЮЕРЫ,Финальное интервью,User Task,Андрей_6,2025-09-04 17:56:26,2025-09-04 19:37:26,101,passed,
5ce12597-103b-4b87-9232-f88c1123f7ed,VAC-1031,CAND-10031,HR (ОФФЕР),Согласовать условия,User Task,Наталья_3,2025-09-04 23:12:26,2025-09-05 00:49:26,97,,
5ce12597-103b-4b87-9232-f88c1123f7ed,VAC-1031,CAND-10031,HR (ОФФЕР),Сгенерировать оффер,Service Task,Марина_9,2025-09-05 01:09:26,2025-09-05 01:22:26,13,,
5ce12597-103b-4b87-9232-f88c1123f7ed,VAC-1031,CAND-10031,HR (ОФФЕР),Отправить оффер,Send Task,Марина_6,2025-09-05 01:27:26,2025-09-05 01:37:26,10,sent,
5ce12597-103b-4b87-9232-f88c1123f7ed,VAC-1031,CAND-10031,SECURITY,Background Check,Call Activity,Служба_БД_9,2025-09-05 04:37:26,2025-09-08 20:52:26,5295,report_ready,
5ce12597-103b-4b87-9232-f88c1123f7ed,VAC-1031,CAND-10031,IT,Выдача оборудования,Task,IT_Specialist_9,2025-09-08 21:52:26,2025-09-08 23:04:26,72,,
5ce12597-103b-4b87-9232-f88c1123f7ed,VAC-1031,CAND-10031,IT,Создать доступы,Task,IT_Specialist_8,2025-09-08 23:34:26,2025-09-09 00:31:26,57,,
5ce12597-103b-4b87-9232-f88c1123f7ed,VAC-1031,CAND-10031,IT,Вводное обучение,Service Task,Ольга_6,2025-09-09 01:31:26,2025-09-09 06:27:26,296,,
5ce12597-103b-4b87-9232-f88c1123f7ed,VAC-1031,CAND-10031,HR,Назначить ментора,Task,Ольга_7,2025-09-09 07:27:26,2025-09-09 08:49:26,82,,
5ce12597-103b-4b87-9232-f88c1123f7ed,VAC-1031,CAND-10031,HR,Уведомить всех,Message,system,2025-09-09 09:09:26,2025-09-09 09:14:26,5,notified,
5ce12597-103b-4b87-9232-f88c1123f7ed,VAC-1031,CAND-10031,HR,Обновить HCM,Service Task,Ольга_2,2025-09-09 09:44:26,2025-09-09 10:04:26,20,,
5ce12597-103b-4b87-9232-f88c1123f7ed,VAC-1031,CAND-10031,HR,Payroll,Service Task,Ольга_7,2025-09-09 10:34:26,2025-09-09 10:54:26,20,,
5ce12597-103b-4b87-9232-f88c1123f7ed,VAC-1031,CAND-10031,HR,Закрыть вакансию,Service Task,Ольга_5,2025-09-09 11:14:26,2025-09-09 11:19:26,5,,
5d4fbb2c-1fb7-4dca-93d4-fe2e866ef758,VAC-1137,CAND-10137,РУКОВОДИТЕЛЬ,Создать заявку,User Task,Петров_4,2025-10-07 18:35:26,2025-10-07 19:25:26,50,,
5d4fbb2c-1fb7-4dca-93d4-fe2e866ef758,VAC-1137,CAND-10137,HR,Зарегистрировать в HCM,Service Task,Наталья_5,2025-10-07 20:49:26,2025-10-07 21:07:26,18,,
5d4fbb2c-1fb7-4dca-93d4-fe2e866ef758,VAC-1137,CAND-10137,РЕКРУТЕР,Разместить вакансию,Task,Екатерина_5,2025-10-07 23:16:26,2025-10-07 23:39:26,23,,
5d4fbb2c-1fb7-4dca-93d4-fe2e866ef758,VAC-1137,CAND-10137,РЕКРУТЕР,Собирать резюме,Task,Алексей_6,2025-10-08 00:39:26,2025-10-09 16:02:26,2363,,
5d4fbb2c-1fb7-4dca-93d4-fe2e866ef758,VAC-1137,CAND-10137,РЕКРУТЕР,Скрининг,Task,Алексей_2,2025-10-09 16:37:26,2025-10-09 17:08:26,31,rejected,не прошёл тест
5ee97676-0d1a-4e7e-8f33-8efe0702527a,VAC-1000,CAND-10000,РУКОВОДИТЕЛЬ,Создать заявку,User Task,Петров_4,2025-10-04 14:14:26,2025-10-04 15:11:26,57,,
5ee97676-0d1a-4e7e-8f33-8efe0702527a,VAC-1000,CAND-10000,HR,Зарегистрировать в HCM,Service Task,Марина_2,2025-10-04 15:59:26,2025-10-04 16:13:26,14,,
5ee97676-0d1a-4e7e-8f33-8efe0702527a,VAC-1000,CAND-10000,РЕКРУТЕР,Разместить вакансию,Task,Екатерина_7,2025-10-04 19:02:26,2025-10-04 19:33:26,31,,
5ee97676-0d1a-4e7e-8f33-8efe0702527a,VAC-1000,CAND-10000,РЕКРУТЕР,Собирать резюме,Task,Алексей_2,2025-10-04 20:33:26,2025-10-05 22:43:26,1570,,
5ee97676-0d1a-4e7e-8f33-8efe0702527a,VAC-1000,CAND-10000,РЕКРУТЕР,Скрининг,Task,Екатерина_1,2025-10-05 23:06:26,2025-10-05 23:23:26,17,passed,
5ee97676-0d1a-4e7e-8f33-8efe0702527a,VAC-1000,CAND-10000,ИНТЕРВЬЮЕРЫ,Назначить интервью,User Task,Анна_9,2025-10-06 01:14:26,2025-10-06 01:44:26,30,,
5ee97676-0d1a-4e7e-8f33-8efe0702527a,VAC-1000,CAND-10000,ИНТЕРВЬЮЕРЫ,Интервью (раунд 1),User Task,Андрей_3,2025-10-06 04:08:26,2025-10-06 06:08:26,120,passed,
5ee97676-0d1a-4e7e-8f33-8efe0702527a,VAC-1000,CAND-10000,ИНТЕРВЬЮЕРЫ,Интервью (раунд 2),User Task,Андрей_6,2025-10-06 08:26:26,2025-10-06 09:54:26,88,passed,
5ee97676-0d1a-4e7e-8f33-8efe0702527a,VAC-1000,CAND-10000,ИНТЕРВЬЮЕРЫ,Финальное интервью,User Task,Сергей_6,2025-10-06 11:20:26,2025-10-06 12:16:26,56,passed,
5ee97676-0d1a-4e7e-8f33-8efe0702527a,VAC-1000,CAND-10000,HR (ОФФЕР),Согласовать условия,User Task,Наталья_8,2025-10-06 15:50:26,2025-10-06 17:57:26,127,,
5ee97676-0d1a-4e7e-8f33-8efe0702527a,VAC-1000,CAND-10000,HR (ОФФЕР),Сгенерировать оффер,Service Task,Наталья_7,2025-10-06 18:17:26,2025-10-06 18:39:26,22,,
5ee97676-0d1a-4e7e-8f33-8efe0702527a,VAC-1000,CAND-10000,HR (ОФФЕР),Отправить оффер,Send Task,Наталья_9,2025-10-06 18:44:26,2025-10-06 18:54:26,10,sent,
5ee97676-0d1a-4e7e-8f33-8efe0702527a,VAC-1000,CAND-10000,SECURITY,Background Check,Call Activity,Служба_БД_2,2025-10-06 21:54:26,2025-10-10 23:16:26,5842,report_ready,
5ee97676-0d1a-4e7e-8f33-8efe0702527a,VAC-1000,CAND-10000,IT,Выдача оборудования,Task,IT_Specialist_2,2025-10-11 00:16:26,2025-10-11 01:45:26,89,,
5ee97676-0d1a-4e7e-8f33-8efe0702527a,VAC-1000,CAND-10000,IT,Создать доступы,Task,IT_Specialist_7,2025-10-11 02:15:26,2025-10-11 03:14:26,59,,
5ee97676-0d1a-4e7e-8f33-8efe0702527a,VAC-1000,CAND-10000,IT,Вводное обучение,Service Task,Ольга_6,2025-10-11 04:14:26,2025-10-11 09:36:26,322,,
5ee97676-0d1a-4e7e-8f33-8efe0702527a,VAC-1000,CAND-10000,HR,Назначить ментора,Task,Ольга_6,2025-10-11 10:36:26,2025-10-11 11:16:26,40,,
5ee97676-0d1a-4e7e-8f33-8efe0702527a,VAC-1000,CAND-10000,HR,Уведомить всех,Message,system,2025-10-11 11:36:26,2025-10-11 11:41:26,5,notified,
5ee97676-0d1a-4e7e-8f33-8efe0702527a,VAC-1000,CAND-10000,HR,Обновить HCM,Service Task,Наталья_5,2025-10-11 12:11:26,2025-10-11 12:31:26,20,,
5ee97676-0d1a-4e7e-8f33-8efe0702527a,VAC-1000,CAND-10000,HR,Payroll,Service Task,Марина_2,2025-10-11 13:01:26,2025-10-11 13:21:26,20,,
5ee97676-0d1a-4e7e-8f33-8efe0702527a,VAC-1000,CAND-10000,HR,Закрыть вакансию,Service Task,Марина_3,2025-10-11 13:41:26,2025-10-11 13:46:26,5,,
5fc2ad6b-a813-411b-a006-dd7d39fb2c96,VAC-1070,CAND-10070,РУКОВОДИТЕЛЬ,Создать заявку,User Task,Иванов_3,2025-09-14 14:28:26,2025-09-14 14:57:26,29,,
5fc2ad6b-a813-411b-a006-dd7d39fb2c96,VAC-1070,CAND-10070,HR,Зарегистрировать в HCM,Service Task,Наталья_9,2025-09-14 16:04:26,2025-09-14 16:36:26,32,,
5fc2ad6b-a813-411b-a006-dd7d39fb2c96,VAC-1070,CAND-10070,РЕКРУТЕР,Разместить вакансию,Task,Екатерина_3,2025-09-14 18:45:26,2025-09-14 19:58:26,73,,
5fc2ad6b-a813-411b-a006-dd7d39fb2c96,VAC-1070,CAND-10070,РЕКРУТЕР,Собирать резюме,Task,Дмитрий_7,2025-09-14 20:58:26,2025-09-17 12:12:26,3794,,
5fc2ad6b-a813-411b-a006-dd7d39fb2c96,VAC-1070,CAND-10070,РЕКРУТЕР,Скрининг,Task,Екатерина_9,2025-09-17 12:33:26,2025-09-17 12:58:26,25,passed,
5fc2ad6b-a813-411b-a006-dd7d39fb2c96,VAC-1070,CAND-10070,ИНТЕРВЬЮЕРЫ,Назначить интервью,User Task,Андрей_9,2025-09-17 14:40:26,2025-09-17 15:19:26,39,,
5fc2ad6b-a813-411b-a006-dd7d39fb2c96,VAC-1070,CAND-10070,ИНТЕРВЬЮЕРЫ,Интервью (раунд 1),User Task,Сергей_1,2025-09-17 17:02:26,2025-09-17 18:04:26,62,passed,
5fc2ad6b-a813-411b-a006-dd7d39fb2c96,VAC-1070,CAND-10070,ИНТЕРВЬЮЕРЫ,Финальное интервью,User Task,Сергей_3,2025-09-17 22:45:26,2025-09-18 00:15:26,90,rejected,финал не пройден
60d5997d-bbb6-4939-8e59-9fcafaa56e2f,VAC-1102,CAND-10102,РУКОВОДИТЕЛЬ,Создать заявку,User Task,Сидоров_8,2025-10-18 20:34:26,2025-10-18 21:19:26,45,,
60d5997d-bbb6-4939-8e59-9fcafaa56e2f,VAC-1102,CAND-10102,HR,Зарегистрировать в HCM,Service Task,Ольга_8,2025-10-18 23:10:26,2025-10-18 23:41:26,31,,
60d5997d-bbb6-4939-8e59-9fcafaa56e2f,VAC-1102,CAND-10102,РЕКРУТЕР,Разместить вакансию,Task,Екатерина_4,2025-10-19 00:40:26,2025-10-19 01:12:26,32,,
60d5997d-bbb6-4939-8e59-9fcafaa56e2f,VAC-1102,CAND-10102,РЕКРУТЕР,Собирать резюме,Task,Дмитрий_6,2025-10-19 02:12:26,2025-10-20 02:20:26,1448,,
60d5997d-bbb6-4939-8e59-9fcafaa56e2f,VAC-1102,CAND-10102,РЕКРУТЕР,Скрининг,Task,Дмитрий_9,2025-10-20 03:10:26,2025-10-20 03:50:26,40,passed,
60d5997d-bbb6-4939-8e59-9fcafaa56e2f,VAC-1102,CAND-10102,ИНТЕРВЬЮЕРЫ,Назначить интервью,User Task,Андрей_3,2025-10-20 05:39:26,2025-10-20 05:52:26,13,,
60d5997d-bbb6-4939-8e59-9fcafaa56e2f,VAC-1102,CAND-10102,ИНТЕРВЬЮЕРЫ,Интервью (раунд 1),User Task,Андрей_4,2025-10-20 08:06:26,2025-10-20 09:04:26,58,passed,
60d5997d-bbb6-4939-8e59-9fcafaa56e2f,VAC-1102,CAND-10102,ИНТЕРВЬЮЕРЫ,Интервью (раунд 2),User Task,Андрей_6,2025-10-20 10:04:26,2025-10-20 11:39:26,95,passed,
60d5997d-bbb6-4939-8e59-9fcafaa56e2f,VAC-1102,CAND-10102,ИНТЕРВЬЮЕРЫ,Финальное интервью,User Task,Анна_2,2025-10-20 13:06:26,2025-10-20 14:44:26,98,passed,
60d5997d-bbb6-4939-8e59-9fcafaa56e2f,VAC-1102,CAND-10102,HR (ОФФЕР),Согласовать условия,User Task,Ольга_9,2025-10-20 19:01:26,2025-10-20 21:56:26,175,,
60d5997d-bbb6-4939-8e59-9fcafaa56e2f,VAC-1102,CAND-10102,HR (ОФФЕР),Сгенерировать оффер,Service Task,Ольга_1,2025-10-20 22:16:26,2025-10-20 22:25:26,9,,
60d5997d-bbb6-4939-8e59-9fcafaa56e2f,VAC-1102,CAND-10102,HR (ОФФЕР),Отправить оффер,Send Task,Марина_1,2025-10-20 22:30:26,2025-10-20 22:40:26,10,sent,
60d5997d-bbb6-4939-8e59-9fcafaa56e2f,VAC-1102,CAND-10102,SECURITY,Background Check,Call Activity,Служба_БД_9,2025-10-21 01:40:26,2025-10-25 12:45:26,6425,report_ready,
60d5997d-bbb6-4939-8e59-9fcafaa56e2f,VAC-1102,CAND-10102,IT,Выдача оборудования,Task,IT_Specialist_3,2025-10-25 13:45:26,2025-10-25 16:41:26,176,,
60d5997d-bbb6-4939-8e59-9fcafaa56e2f,VAC-1102,CAND-10102,IT,Создать доступы,Task,IT_Specialist_7,2025-10-25 17:11:26,2025-10-25 17:57:26,46,,
60d5997d-bbb6-4939-8e59-9fcafaa56e2f,VAC-1102,CAND-10102,IT,Вводное обучение,Service Task,Марина_7,2025-10-25 18:57:26,2025-10-26 00:41:26,344,,
60d5997d-bbb6-4939-8e59-9fcafaa56e2f,VAC-1102,CAND-10102,HR,Назначить ментора,Task,Марина_4,2025-10-26 01:41:26,2025-10-26 02:37:26,56,,
60d5997d-bbb6-4939-8e59-9fcafaa56e2f,VAC-1102,CAND-10102,HR,Уведомить всех,Message,system,2025-10-26 02:57:26,2025-10-26 03:02:26,5,notified,
60d5997d-bbb6-4939-8e59-9fcafaa56e2f,VAC-1102,CAND-10102,HR,Обновить HCM,Service Task,Ольга_7,2025-10-26 03:32:26,2025-10-26 03:52:26,20,,
60d5997d-bbb6-4939-8e59-9fcafaa56e2f,VAC-1102,CAND-10102,HR,Payroll,Service Task,Ольга_5,2025-10-26 04:22:26,2025-10-26 04:42:26,20,,
60d5997d-bbb6-4939-8e59-9fcafaa56e2f,VAC-1102,CAND-10102,HR,Закрыть вакансию,Service Task,Ольга_3,2025-10-26 05:02:26,2025-10-26 05:07:26,5,,
620e0283-6ea2-4ee4-81dc-3648245844ad,VAC-1153,CAND-10153,РУКОВОДИТЕЛЬ,Создать заявку,User Task,Иванов_7,2025-09-04 14:30:26,2025-09-04 15:29:26,59,,
620e0283-6ea2-4ee4-81dc-3648245844ad,VAC-1153,CAND-10153,HR,Зарегистрировать в HCM,Service Task,Наталья_5,2025-09-04 16:38:26,2025-09-04 16:58:26,20,,
620e0283-6ea2-4ee4-81dc-3648245844ad,VAC-1153,CAND-10153,РЕКРУТЕР,Разместить вакансию,Task,Дмитрий_2,2025-09-04 18:35:26,2025-09-04 19:17:26,42,,
620e0283-6ea2-4ee4-81dc-3648245844ad,VAC-1153,CAND-10153,РЕКРУТЕР,Собирать резюме,Task,Алексей_7,2025-09-04 20:17:26,2025-09-07 05:51:26,3454,,
620e0283-6ea2-4ee4-81dc-3648245844ad,VAC-1153,CAND-10153,РЕКРУТЕР,Скрининг,Task,Дмитрий_2,2025-09-07 06:12:26,2025-09-07 06:42:26,30,passed,
620e0283-6ea2-4ee4-81dc-3648245844ad,VAC-1153,CAND-10153,ИНТЕРВЬЮЕРЫ,Назначить интервью,User Task,Андрей_2,2025-09-07 08:40:26,2025-09-07 09:03:26,23,,
620e0283-6ea2-4ee4-81dc-3648245844ad,VAC-1153,CAND-10153,ИНТЕРВЬЮЕРЫ,Интервью (раунд 1),User Task,Андрей_5,2025-09-07 10:39:26,2025-09-07 11:37:26,58,passed,
620e0283-6ea2-4ee4-81dc-3648245844ad,VAC-1153,CAND-10153,ИНТЕРВЬЮЕРЫ,Интервью (раунд 2),User Task,Андрей_1,2025-09-07 14:01:26,2025-09-07 14:48:26,47,rejected,недостаточно навыков
6395c477-04a8-4ec8-a6b9-855ca5784f04,VAC-1115,CAND-10115,РУКОВОДИТЕЛЬ,Создать заявку,User Task,Сидоров_2,2025-10-07 20:05:26,2025-10-07 20:24:26,19,,
6395c477-04a8-4ec8-a6b9-855ca5784f04,VAC-1115,CAND-10115,HR,Зарегистрировать в HCM,Service Task,Марина_1,2025-10-07 21:06:26,2025-10-07 21:31:26,25,,
6395c477-04a8-4ec8-a6b9-855ca5784f04,VAC-1115,CAND-10115,РЕКРУТЕР,Разместить вакансию,Task,Алексей_2,2025-10-08 00:17:26,2025-10-08 01:41:26,84,,
6395c477-04a8-4ec8-a6b9-855ca5784f04,VAC-1115,CAND-10115,РЕКРУТЕР,Собирать резюме,Task,Екатерина_3,2025-10-08 02:41:26,2025-10-10 11:36:26,3415,,
6395c477-04a8-4ec8-a6b9-855ca5784f04,VAC-1115,CAND-10115,РЕКРУТЕР,Скрининг,Task,Алексей_7,2025-10-10 12:24:26,2025-10-10 12:51:26,27,passed,
6395c477-04a8-4ec8-a6b9-855ca5784f04,VAC-1115,CAND-10115,ИНТЕРВЬЮЕРЫ,Назначить интервью,User Task,Андрей_9,2025-10-10 13:58:26,2025-10-10 14:35:26,37,,
6395c477-04a8-4ec8-a6b9-855ca5784f04,VAC-1115,CAND-10115,ИНТЕРВЬЮЕРЫ,Интервью (раунд 1),User Task,Анна_2,2025-10-10 17:08:26,2025-10-10 18:41:26,93,passed,
6395c477-04a8-4ec8-a6b9-855ca5784f04,VAC-1115,CAND-10115,ИНТЕРВЬЮЕРЫ,Интервью (раунд 2),User Task,Андрей_2,2025-10-10 20:59:26,2025-10-10 22:01:26,62,passed,
6395c477-04a8-4ec8-a6b9-855ca5784f04,VAC-1115,CAND-10115,ИНТЕРВЬЮЕРЫ,Финальное интервью,User Task,Андрей_1,2025-10-11 00:13:26,2025-10-11 02:07:26,114,passed,
6395c477-04a8-4ec8-a6b9-855ca5784f04,VAC-1115,CAND-10115,HR (ОФФЕР),Согласовать условия,User Task,Марина_9,2025-10-11 06:08:26,2025-10-11 07:09:26,61,,
6395c477-04a8-4ec8-a6b9-855ca5784f04,VAC-1115,CAND-10115,HR (ОФФЕР),Сгенерировать оффер,Service Task,Марина_1,2025-10-11 07:29:26,2025-10-11 07:37:26,8,,
6395c477-04a8-4ec8-a6b9-855ca5784f04,VAC-1115,CAND-10115,HR (ОФФЕР),Отправить оффер,Send Task,Ольга_4,2025-10-11 07:42:26,2025-10-11 07:52:26,10,sent,
6395c477-04a8-4ec8-a6b9-855ca5784f04,VAC-1115,CAND-10115,SECURITY,Background Check,Call Activity,Служба_БД_6,2025-10-11 10:52:26,2025-10-15 05:59:26,5467,report_ready,
6395c477-04a8-4ec8-a6b9-855ca5784f04,VAC-1115,CAND-10115,IT,Выдача оборудования,Task,IT_Specialist_5,2025-10-15 06:59:26,2025-10-15 08:53:26,114,,
6395c477-04a8-4ec8-a6b9-855ca5784f04,VAC-1115,CAND-10115,IT,Создать доступы,Task,IT_Specialist_6,2025-10-15 09:23:26,2025-10-15 11:01:26,98,,
6395c477-04a8-4ec8-a6b9-855ca5784f04,VAC-1115,CAND-10115,IT,Вводное обучение,Service Task,Марина_7,2025-10-15 12:01:26,2025-10-15 17:22:26,321,,
6395c477-04a8-4ec8-a6b9-855ca5784f04,VAC-1115,CAND-10115,HR,Назначить ментора,Task,Наталья_7,2025-10-15 18:22:26,2025-10-15 19:40:26,78,,
6395c477-04a8-4ec8-a6b9-855ca5784f04,VAC-1115,CAND-10115,HR,Уведомить всех,Message,system,2025-10-15 20:00:26,2025-10-15 20:05:26,5,notified,
6395c477-04a8-4ec8-a6b9-855ca5784f04,VAC-1115,CAND-10115,HR,Обновить HCM,Service Task,Марина_9,2025-10-15 20:35:26,2025-10-15 20:55:26,20,,
6395c477-04a8-4ec8-a6b9-855ca5784f04,VAC-1115,CAND-10115,HR,Payroll,Service Task,Ольга_3,2025-10-15 21:25:26,2025-10-15 21:45:26,20,,
6395c477-04a8-4ec8-a6b9-855ca5784f04,VAC-1115,CAND-10115,HR,Закрыть вакансию,Service Task,Ольга_9,2025-10-15 22:05:26,2025-10-15 22:10:26,5,,
64a73539-b056-46d7-97a8-ec97f4fa63e6,VAC-1143,CAND-10143,РУКОВОДИТЕЛЬ,Создать заявку,User Task,Сидоров_4,2025-09-24 00:03:26,2025-09-24 00:20:26,17,,
64a73539-b056-46d7-97a8-ec97f4fa63e6,VAC-1143,CAND-10143,HR,Зарегистрировать в HCM,Service Task,Ольга_1,2025-09-24 01:58:26,2025-09-24 02:21:26,23,,
64a73539-b056-46d7-97a8-ec97f4fa63e6,VAC-1143,CAND-10143,РЕКРУТЕР,Разместить вакансию,Task,Екатерина_4,2025-09-24 04:16:26,2025-09-24 05:20:26,64,,
64a73539-b056-46d7-97a8-ec97f4fa63e6,VAC-1143,CAND-10143,РЕКРУТЕР,Собирать резюме,Task,Екатерина_4,2025-09-24 06:20:26,2025-09-25 07:06:26,1486,,
64a73539-b056-46d7-97a8-ec97f4fa63e6,VAC-1143,CAND-10143,РЕКРУТЕР,Скрининг,Task,Дмитрий_2,2025-09-25 08:00:26,2025-09-25 08:19:26,19,passed,
64a73539-b056-46d7-97a8-ec97f4fa63e6,VAC-1143,CAND-10143,ИНТЕРВЬЮЕРЫ,Назначить интервью,User Task,Сергей_1,2025-09-25 09:43:26,2025-09-25 10:10:26,27,,
64a73539-b056-46d7-97a8-ec97f4fa63e6,VAC-1143,CAND-10143,ИНТЕРВЬЮЕРЫ,Интервью (раунд 1),User Task,Анна_1,2025-09-25 12:05:26,2025-09-25 13:33:26,88,passed,
64a73539-b056-46d7-97a8-ec97f4fa63e6,VAC-1143,CAND-10143,ИНТЕРВЬЮЕРЫ,Финальное интервью,User Task,Сергей_8,2025-09-25 18:06:26,2025-09-25 19:13:26,67,passed,
64a73539-b056-46d7-97a8-ec97f4fa63e6,VAC-1143,CAND-10143,HR (ОФФЕР),Согласовать условия,User Task,Наталья_3,2025-09-26 00:07:26,2025-09-26 03:08:26,181,,
64a73539-b056-46d7-97a8-ec97f4fa63e6,VAC-1143,CAND-10143,HR (ОФФЕР),Сгенерировать оффер,Service Task,Наталья_8,2025-09-26 03:28:26,2025-09-26 03:48:26,20,,
64a73539-b056-46d7-97a8-ec97f4fa63e6,VAC-1143,CAND-10143,HR (ОФФЕР),Отправить оффер,Send Task,Марина_6,2025-09-26 03:53:26,2025-09-26 04:03:26,10,sent,
64a73539-b056-46d7-97a8-ec97f4fa63e6,VAC-1143,CAND-10143,SECURITY,Background Check,Call Activity,Служба_БД_9,2025-09-26 07:03:26,2025-09-30 15:34:26,6271,report_ready,
64a73539-b056-46d7-97a8-ec97f4fa63e6,VAC-1143,CAND-10143,IT,Выдача оборудования,Task,IT_Specialist_9,2025-09-30 16:34:26,2025-09-30 19:06:26,152,,
64a73539-b056-46d7-97a8-ec97f4fa63e6,VAC-1143,CAND-10143,IT,Создать доступы,Task,IT_Specialist_4,2025-09-30 19:36:26,2025-09-30 21:14:26,98,,
64a73539-b056-46d7-97a8-ec97f4fa63e6,VAC-1143,CAND-10143,IT,Вводное обучение,Service Task,Марина_6,2025-09-30 22:14:26,2025-10-01 06:09:26,475,,
64a73539-b056-46d7-97a8-ec97f4fa63e6,VAC-1143,CAND-10143,HR,Назначить ментора,Task,Ольга_2,2025-10-01 07:09:26,2025-10-01 08:30:26,81,,
64a73539-b056-46d7-97a8-ec97f4fa63e6,VAC-1143,CAND-10143,HR,Уведомить всех,Message,system,2025-10-01 08:50:26,2025-10-01 08:55:26,5,notified,
64a73539-b056-46d7-97a8-ec97f4fa63e6,VAC-1143,CAND-10143,HR,Обновить HCM,Service Task,Наталья_5,2025-10-01 09:25:26,2025-10-01 09:45:26,20,,
64a73539-b056-46d7-97a8-ec97f4fa63e6,VAC-1143,CAND-10143,HR,Payroll,Service Task,Наталья_6,2025-10-01 10:15:26,2025-10-01 10:35:26,20,,
64a73539-b056-46d7-97a8-ec97f4fa63e6,VAC-1143,CAND-10143,HR,Закрыть вакансию,Service Task,Ольга_9,2025-10-01 10:55:26,2025-10-01 11:00:26,5,,
69b79c20-d707-4119-bead-4f60b4952e0e,VAC-1116,CAND-10116,РУКОВОДИТЕЛЬ,Создать заявку,User Task,Сидоров_6,2025-09-29 20:29:26,2025-09-29 20:58:26,29,,
69b79c20-d707-4119-bead-4f60b4952e0e,VAC-1116,CAND-10116,HR,Зарегистрировать в HCM,Service Task,Ольга_3,2025-09-29 22:57:26,2025-09-29 23:29:26,32,,
69b79c20-d707-4119-bead-4f60b4952e0e,VAC-1116,CAND-10116,РЕКРУТЕР,Разместить вакансию,Task,Алексей_8,2025-09-30 00:29:26,2025-09-30 02:24:26,115,,
69b79c20-d707-4119-bead-4f60b4952e0e,VAC-1116,CAND-10116,РЕКРУТЕР,Собирать резюме,Task,Алексей_2,2025-09-30 03:24:26,2025-10-03 03:08:26,4304,,
69b79c20-d707-4119-bead-4f60b4952e0e,VAC-1116,CAND-10116,РЕКРУТЕР,Скрининг,Task,Дмитрий_6,2025-10-03 03:31:26,2025-10-03 03:57:26,26,rejected,не прошёл тест
69e49bb7-806c-4b08-bdfd-2916484b821c,VAC-1063,CAND-10063,РУКОВОДИТЕЛЬ,Создать заявку,User Task,Петров_1,2025-09-30 23:15:26,2025-09-30 23:36:26,21,,
69e49bb7-806c-4b08-bdfd-2916484b821c,VAC-1063,CAND-10063,HR,Зарегистрировать в HCM,Service Task,Наталья_7,2025-10-01 00:22:26,2025-10-01 00:50:26,28,,
69e49bb7-806c-4b08-bdfd-2916484b821c,VAC-1063,CAND-10063,РЕКРУТЕР,Разместить вакансию,Task,Алексей_4,2025-10-01 01:39:26,2025-10-01 02:37:26,58,,
69e49bb7-806c-4b08-bdfd-2916484b821c,VAC-1063,CAND-10063,РЕКРУТЕР,Собирать резюме,Task,Дмитрий_9,2025-10-01 03:37:26,2025-10-03 18:18:26,3761,,
69e49bb7-806c-4b08-bdfd-2916484b821c,VAC-1063,CAND-10063,РЕКРУТЕР,Скрининг,Task,Екатерина_3,2025-10-03 18:49:26,2025-10-03 19:11:26,22,rejected,не прошёл тест
69f393cb-b910-4fb8-a10a-447b018275af,VAC-1009,CAND-10009,РУКОВОДИТЕЛЬ,Создать заявку,User Task,Сидоров_4,2025-09-05 19:03:26,2025-09-05 19:39:26,36,,
69f393cb-b910-4fb8-a10a-447b018275af,VAC-1009,CAND-10009,HR,Зарегистрировать в HCM,Service Task,Марина_2,2025-09-05 20:33:26,2025-09-05 20:48:26,15,,
69f393cb-b910-4fb8-a10a-447b018275af,VAC-1009,CAND-10009,РЕКРУТЕР,Разместить вакансию,Task,Дмитрий_4,2025-09-05 22:55:26,2025-09-05 23:19:26,24,,
69f393cb-b910-4fb8-a10a-447b018275af,VAC-1009,CAND-10009,РЕКРУТЕР,Собирать резюме,Task,Дмитрий_6,2025-09-06 00:19:26,2025-09-07 13:56:26,2257,,
69f393cb-b910-4fb8-a10a-447b018275af,VAC-1009,CAND-10009,РЕКРУТЕР,Скрининг,Task,Алексей_4,2025-09-07 14:25:26,2025-09-07 15:01:26,36,passed,
69f393cb-b910-4fb8-a10a-447b018275af,VAC-1009,CAND-10009,ИНТЕРВЬЮЕРЫ,Назначить интервью,User Task,Сергей_5,2025-09-07 15:45:26,2025-09-07 16:07:26,22,,
69f393cb-b910-4fb8-a10a-447b018275af,VAC-1009,CAND-10009,ИНТЕРВЬЮЕРЫ,Интервью (раунд 1),User Task,Сергей_9,2025-09-07 17:48:26,2025-09-07 19:17:26,89,passed,
69f393cb-b910-4fb8-a10a-447b018275af,VAC-1009,CAND-10009,ИНТЕРВЬЮЕРЫ,Интервью (раунд 2),User Task,Сергей_3,2025-09-07 21:11:26,2025-09-07 21:59:26,48,passed,
69f393cb-b910-4fb8-a10a-447b018275af,VAC-1009,CAND-10009,ИНТЕРВЬЮЕРЫ,Интервью (раунд 3),User Task,Анна_7,2025-09-08 00:57:26,2025-09-08 02:15:26,78,passed,
69f393cb-b910-4fb8-a10a-447b018275af,VAC-1009,CAND-10009,ИНТЕРВЬЮЕРЫ,Финальное интервью,User Task,Анна_2,2025-09-08 04:43:26,2025-09-08 06:08:26,85,passed,
69f393cb-b910-4fb8-a10a-447b018275af,VAC-1009,CAND-10009,HR (ОФФЕР),Согласовать условия,User Task,Наталья_5,2025-09-08 08:46:26,2025-09-08 12:13:26,207,,
69f393cb-b910-4fb8-a10a-447b018275af,VAC-1009,CAND-10009,HR (ОФФЕР),Сгенерировать оффер,Service Task,Марина_7,2025-09-08 12:33:26,2025-09-08 12:39:26,6,,
69f393cb-b910-4fb8-a10a-447b018275af,VAC-1009,CAND-10009,HR (ОФФЕР),Отправить оффер,Send Task,Наталья_9,2025-09-08 12:44:26,2025-09-08 12:54:26,10,sent,
69f393cb-b910-4fb8-a10a-447b018275af,VAC-1009,CAND-10009,HR (ОФФЕР),Переговоры / отказ,Task,Марина_4,2025-09-08 14:54:26,2025-09-08 18:11:26,197,rejected,
6a029b10-d47b-47f8-9c19-4034620b7628,VAC-1015,CAND-10015,РУКОВОДИТЕЛЬ,Создать заявку,User Task,Сидоров_2,2025-09-28 13:35:26,2025-09-28 13:59:26,24,,
6a029b10-d47b-47f8-9c19-4034620b7628,VAC-1015,CAND-10015,HR,Зарегистрировать в HCM,Service Task,Марина_1,2025-09-28 15:58:26,2025-09-28 16:38:26,40,,
6a029b10-d47b-47f8-9c19-4034620b7628,VAC-1015,CAND-10015,РЕКРУТЕР,Разместить вакансию,Task,Алексей_1,2025-09-28 17:15:26,2025-09-28 18:06:26,51,,
6a029b10-d47b-47f8-9c19-4034620b7628,VAC-1015,CAND-10015,РЕКРУТЕР,Собирать резюме,Task,Алексей_4,2025-09-28 19:06:26,2025-10-01 13:30:26,3984,,
6a029b10-d47b-47f8-9c19-4034620b7628,VAC-1015,CAND-10015,РЕКРУТЕР,Скрининг,Task,Екатерина_2,2025-10-01 13:48:26,2025-10-01 14:13:26,25,passed,
6a029b10-d47b-47f8-9c19-4034620b7628,VAC-1015,CAND-10015,ИНТЕРВЬЮЕРЫ,Назначить интервью,User Task,Анна_5,2025-10-01 15:00:26,2025-10-01 15:24:26,24,,
6a029b10-d47b-47f8-9c19-4034620b7628,VAC-1015,CAND-10015,ИНТЕРВЬЮЕРЫ,Интервью (раунд 1),User Task,Андрей_5,2025-10-01 16:36:26,2025-10-01 17:35:26,59,passed,
6a029b10-d47b-47f8-9c19-4034620b7628,VAC-1015,CAND-10015,ИНТЕРВЬЮЕРЫ,Интервью (раунд 2),User Task,Сергей_7,2025-10-01 18:32:26,2025-10-01 20:31:26,119,passed,
6a029b10-d47b-47f8-9c19-4034620b7628,VAC-1015,CAND-10015,ИНТЕРВЬЮЕРЫ,Интервью (раунд 3),User Task,Анна_4,2025-10-01 22:42:26,2025-10-01 23:52:26,70,passed,
6a029b10-d47b-47f8-9c19-4034620b7628,VAC-1015,CAND-10015,ИНТЕРВЬЮЕРЫ,Финальное интервью,User Task,Анна_2,2025-10-02 01:18:26,2025-10-02 02:41:26,83,rejected,финал не пройден
6a8ec101-482c-4de6-b9cb-69e7b533db65,VAC-1179,CAND-10179,РУКОВОДИТЕЛЬ,Создать заявку,User Task,Иванов_6,2025-10-22 15:08:26,2025-10-22 15:37:26,29,,
6a8ec101-482c-4de6-b9cb-69e7b533db65,VAC-1179,CAND-10179,HR,Зарегистрировать в HCM,Service Task,Марина_6,2025-10-22 16:18:26,2025-10-22 16:28:26,10,,
6a8ec101-482c-4de6-b9cb-69e7b533db65,VAC-1179,CAND-10179,РЕКРУТЕР,Разместить вакансию,Task,Екатерина_7,2025-10-22 17:07:26,2025-10-22 18:25:26,78,,
6a8ec101-482c-4de6-b9cb-69e7b533db65,VAC-1179,CAND-10179,РЕКРУТЕР,Собирать резюме,Task,Екатерина_7,2025-10-22 19:25:26,2025-10-25 10:11:26,3766,,
6a8ec101-482c-4de6-b9cb-69e7b533db65,VAC-1179,CAND-10179,РЕКРУТЕР,Скрининг,Task,Екатерина_8,2025-10-25 10:38:26,2025-10-25 10:48:26,10,passed,
6a8ec101-482c-4de6-b9cb-69e7b533db65,VAC-1179,CAND-10179,ИНТЕРВЬЮЕРЫ,Назначить интервью,User Task,Анна_7,2025-10-25 11:48:26,2025-10-25 12:10:26,22,,
6a8ec101-482c-4de6-b9cb-69e7b533db65,VAC-1179,CAND-10179,ИНТЕРВЬЮЕРЫ,Интервью (раунд 1),User Task,Анна_4,2025-10-25 13:05:26,2025-10-25 14:52:26,107,passed,
6a8ec101-482c-4de6-b9cb-69e7b533db65,VAC-1179,CAND-10179,ИНТЕРВЬЮЕРЫ,Интервью (раунд 2),User Task,Анна_6,2025-10-25 16:48:26,2025-10-25 18:36:26,108,passed,
6a8ec101-482c-4de6-b9cb-69e7b533db65,VAC-1179,CAND-10179,ИНТЕРВЬЮЕРЫ,Финальное интервью,User Task,Сергей_4,2025-10-25 20:18:26,2025-10-25 21:41:26,83,passed,
6a8ec101-482c-4de6-b9cb-69e7b533db65,VAC-1179,CAND-10179,HR (ОФФЕР),Согласовать условия,User Task,Наталья_9,2025-10-26 00:48:26,2025-10-26 04:30:26,222,,
6a8ec101-482c-4de6-b9cb-69e7b533db65,VAC-1179,CAND-10179,HR (ОФФЕР),Сгенерировать оффер,Service Task,Ольга_5,2025-10-26 04:50:26,2025-10-26 05:01:26,11,,
6a8ec101-482c-4de6-b9cb-69e7b533db65,VAC-1179,CAND-10179,HR (ОФФЕР),Отправить оффер,Send Task,Наталья_5,2025-10-26 05:06:26,2025-10-26 05:16:26,10,sent,
6a8ec101-482c-4de6-b9cb-69e7b533db65,VAC-1179,CAND-10179,HR (ОФФЕР),Переговоры / отказ,Task,Наталья_2,2025-10-26 07:16:26,2025-10-26 09:58:26,162,rejected,
6ec34757-1c06-455a-bb2c-d936dc06162e,VAC-1175,CAND-10175,РУКОВОДИТЕЛЬ,Создать заявку,User Task,Петров_3,2025-09-27 16:58:26,2025-09-27 17:20:26,22,,
6ec34757-1c06-455a-bb2c-d936dc06162e,VAC-1175,CAND-10175,HR,Зарегистрировать в HCM,Service Task,Наталья_2,2025-09-27 19:16:26,2025-09-27 19:43:26,27,,
6ec34757-1c06-455a-bb2c-d936dc06162e,VAC-1175,CAND-10175,РЕКРУТЕР,Разместить вакансию,Task,Екатерина_8,2025-09-27 21:07:26,2025-09-27 22:31:26,84,,
6ec34757-1c06-455a-bb2c-d936dc06162e,VAC-1175,CAND-10175,РЕКРУТЕР,Собирать резюме,Task,Екатерина_3,2025-09-27 23:31:26,2025-09-30 00:32:26,2941,,
6ec34757-1c06-455a-bb2c-d936dc06162e,VAC-1175,CAND-10175,РЕКРУТЕР,Скрининг,Task,Алексей_3,2025-09-30 01:10:26,2025-09-30 01:41:26,31,rejected,некорректное резюме
6fba0c88-f2ee-46de-8722-15523ebf56e0,VAC-1032,CAND-10032,РУКОВОДИТЕЛЬ,Создать заявку,User Task,Иванов_2,2025-09-17 15:56:26,2025-09-17 16:36:26,40,,
6fba0c88-f2ee-46de-8722-15523ebf56e0,VAC-1032,CAND-10032,HR,Зарегистрировать в HCM,Service Task,Ольга_2,2025-09-17 17:06:26,2025-09-17 17:18:26,12,,
6fba0c88-f2ee-46de-8722-15523ebf56e0,VAC-1032,CAND-10032,РЕКРУТЕР,Разместить вакансию,Task,Екатерина_1,2025-09-17 19:23:26,2025-09-17 19:59:26,36,,
6fba0c88-f2ee-46de-8722-15523ebf56e0,VAC-1032,CAND-10032,РЕКРУТЕР,Собирать резюме,Task,Екатерина_9,2025-09-17 20:59:26,2025-09-20 13:01:26,3842,,
6fba0c88-f2ee-46de-8722-15523ebf56e0,VAC-1032,CAND-10032,РЕКРУТЕР,Скрининг,Task,Алексей_7,2025-09-20 13:32:26,2025-09-20 14:03:26,31,passed,
6fba0c88-f2ee-46de-8722-15523ebf56e0,VAC-1032,CAND-10032,ИНТЕРВЬЮЕРЫ,Назначить интервью,User Task,Сергей_1,2025-09-20 15:48:26,2025-09-20 16:28:26,40,,
6fba0c88-f2ee-46de-8722-15523ebf56e0,VAC-1032,CAND-10032,ИНТЕРВЬЮЕРЫ,Интервью (раунд 1),User Task,Анна_4,2025-09-20 18:17:26,2025-09-20 19:47:26,90,passed,
6fba0c88-f2ee-46de-8722-15523ebf56e0,VAC-1032,CAND-10032,ИНТЕРВЬЮЕРЫ,Интервью (раунд 2),User Task,Андрей_6,2025-09-20 20:56:26,2025-09-20 22:42:26,106,passed,
6fba0c88-f2ee-46de-8722-15523ebf56e0,VAC-1032,CAND-10032,ИНТЕРВЬЮЕРЫ,Интервью (раунд 3),User Task,Сергей_4,2025-09-21 01:34:26,2025-09-21 03:06:26,92,passed,
6fba0c88-f2ee-46de-8722-15523ebf56e0,VAC-1032,CAND-10032,ИНТЕРВЬЮЕРЫ,Финальное интервью,User Task,Анна_9,2025-09-21 07:32:26,2025-09-21 09:11:26,99,passed,
6fba0c88-f2ee-46de-8722-15523ebf56e0,VAC-1032,CAND-10032,HR (ОФФЕР),Согласовать условия,User Task,Марина_5,2025-09-21 10:17:26,2025-09-21 13:52:26,215,,
6fba0c88-f2ee-46de-8722-15523ebf56e0,VAC-1032,CAND-10032,HR (ОФФЕР),Сгенерировать оффер,Service Task,Наталья_5,2025-09-21 14:12:26,2025-09-21 14:17:26,5,,
6fba0c88-f2ee-46de-8722-15523ebf56e0,VAC-1032,CAND-10032,HR (ОФФЕР),Отправить оффер,Send Task,Марина_5,2025-09-21 14:22:26,2025-09-21 14:32:26,10,sent,
6fba0c88-f2ee-46de-8722-15523ebf56e0,VAC-1032,CAND-10032,HR (ОФФЕР),Переговоры / отказ,Task,Наталья_3,2025-09-21 16:32:26,2025-09-21 19:01:26,149,rejected,
7121bf39-3a7c-4437-9dfa-00938b64b2a1,VAC-1025,CAND-10025,РУКОВОДИТЕЛЬ,Создать заявку,User Task,Петров_6,2025-10-19 14:30:26,2025-10-19 15:29:26,59,,
7121bf39-3a7c-4437-9dfa-00938b64b2a1,VAC-1025,CAND-10025,HR,Зарегистрировать в HCM,Service Task,Ольга_1,2025-10-19 17:29:26,2025-10-19 17:55:26,26,,
7121bf39-3a7c-4437-9dfa-00938b64b2a1,VAC-1025,CAND-10025,РЕКРУТЕР,Разместить вакансию,Task,Дмитрий_8,2025-10-19 19:37:26,2025-10-19 21:29:26,112,,
7121bf39-3a7c-4437-9dfa-00938b64b2a1,VAC-1025,CAND-10025,РЕКРУТЕР,Собирать резюме,Task,Дмитрий_9,2025-10-19 22:29:26,2025-10-21 08:37:26,2048,,
7121bf39-3a7c-4437-9dfa-00938b64b2a1,VAC-1025,CAND-10025,РЕКРУТЕР,Скрининг,Task,Дмитрий_9,2025-10-21 09:17:26,2025-10-21 09:38:26,21,rejected,некорректное резюме
71b30e96-edb1-4b62-975d-b9a545b500b5,VAC-1057,CAND-10057,РУКОВОДИТЕЛЬ,Создать заявку,User Task,Сидоров_7,2025-10-15 13:42:26,2025-10-15 14:00:26,18,,
71b30e96-edb1-4b62-975d-b9a545b500b5,VAC-1057,CAND-10057,HR,Зарегистрировать в HCM,Service Task,Наталья_9,2025-10-15 15:18:26,2025-10-15 15:46:26,28,,
71b30e96-edb1-4b62-975d-b9a545b500b5,VAC-1057,CAND-10057,РЕКРУТЕР,Разместить вакансию,Task,Дмитрий_1,2025-10-15 18:14:26,2025-10-15 20:00:26,106,,
71b30e96-edb1-4b62-975d-b9a545b500b5,VAC-1057,CAND-10057,РЕКРУТЕР,Собирать резюме,Task,Дмитрий_1,2025-10-15 21:00:26,2025-10-18 00:01:26,3061,,
71b30e96-edb1-4b62-975d-b9a545b500b5,VAC-1057,CAND-10057,РЕКРУТЕР,Скрининг,Task,Екатерина_2,2025-10-18 00:58:26,2025-10-18 01:14:26,16,passed,
71b30e96-edb1-4b62-975d-b9a545b500b5,VAC-1057,CAND-10057,ИНТЕРВЬЮЕРЫ,Назначить интервью,User Task,Андрей_9,2025-10-18 02:18:26,2025-10-18 02:50:26,32,,
71b30e96-edb1-4b62-975d-b9a545b500b5,VAC-1057,CAND-10057,ИНТЕРВЬЮЕРЫ,Интервью (раунд 1),User Task,Сергей_3,2025-10-18 03:37:26,2025-10-18 05:22:26,105,passed,
71b30e96-edb1-4b62-975d-b9a545b500b5,VAC-1057,CAND-10057,ИНТЕРВЬЮЕРЫ,Интервью (раунд 2),User Task,Сергей_8,2025-10-18 06:26:26,2025-10-18 08:04:26,98,passed,
71b30e96-edb1-4b62-975d-b9a545b500b5,VAC-1057,CAND-10057,ИНТЕРВЬЮЕРЫ,Интервью (раунд 3),User Task,Анна_9,2025-10-18 10:10:26,2025-10-18 11:43:26,93,passed,
71b30e96-edb1-4b62-975d-b9a545b500b5,VAC-1057,CAND-10057,ИНТЕРВЬЮЕРЫ,Финальное интервью,User Task,Анна_7,2025-10-18 13:17:26,2025-10-18 14:46:26,89,passed,
71b30e96-edb1-4b62-975d-b9a545b500b5,VAC-1057,CAND-10057,HR (ОФФЕР),Согласовать условия,User Task,Марина_4,2025-10-18 18:01:26,2025-10-18 19:33:26,92,,
71b30e96-edb1-4b62-975d-b9a545b500b5,VAC-1057,CAND-10057,HR (ОФФЕР),Сгенерировать оффер,Service Task,Наталья_5,2025-10-18 19:53:26,2025-10-18 19:58:26,5,,
71b30e96-edb1-4b62-975d-b9a545b500b5,VAC-1057,CAND-10057,HR (ОФФЕР),Отправить оффер,Send Task,Ольга_9,2025-10-18 20:03:26,2025-10-18 20:13:26,10,sent,
71b30e96-edb1-4b62-975d-b9a545b500b5,VAC-1057,CAND-10057,SECURITY,Background Check,Call Activity,Служба_БД_4,2025-10-18 23:13:26,2025-10-23 03:00:26,5987,report_ready,
71b30e96-edb1-4b62-975d-b9a545b500b5,VAC-1057,CAND-10057,IT,Выдача оборудования,Task,IT_Specialist_4,2025-10-23 04:00:26,2025-10-23 05:19:26,79,,
71b30e96-edb1-4b62-975d-b9a545b500b5,VAC-1057,CAND-10057,IT,Создать доступы,Task,IT_Specialist_7,2025-10-23 05:49:26,2025-10-23 06:33:26,44,,
71b30e96-edb1-4b62-975d-b9a545b500b5,VAC-1057,CAND-10057,IT,Вводное обучение,Service Task,Наталья_4,2025-10-23 07:33:26,2025-10-23 10:41:26,188,,
71b30e96-edb1-4b62-975d-b9a545b500b5,VAC-1057,CAND-10057,HR,Назначить ментора,Task,Наталья_1,2025-10-23 11:41:26,2025-10-23 12:15:26,34,,
71b30e96-edb1-4b62-975d-b9a545b500b5,VAC-1057,CAND-10057,HR,Уведомить всех,Message,system,2025-10-23 12:35:26,2025-10-23 12:40:26,5,notified,
71b30e96-edb1-4b62-975d-b9a545b500b5,VAC-1057,CAND-10057,HR,Обновить HCM,Service Task,Ольга_1,2025-10-23 13:10:26,2025-10-23 13:30:26,20,,
71b30e96-edb1-4b62-975d-b9a545b500b5,VAC-1057,CAND-10057,HR,Payroll,Service Task,Наталья_1,2025-10-23 14:00:26,2025-10-23 14:20:26,20,,
71b30e96-edb1-4b62-975d-b9a545b500b5,VAC-1057,CAND-10057,HR,Закрыть вакансию,Service Task,Ольга_8,2025-10-23 14:40:26,2025-10-23 14:45:26,5,,
7287c5b8-4ea3-41a0-8705-899f14eebd50,VAC-1110,CAND-10110,РУКОВОДИТЕЛЬ,Создать заявку,User Task,Иванов_5,2025-09-29 14:31:26,2025-09-29 15:23:26,52,,
7287c5b8-4ea3-41a0-8705-899f14eebd50,VAC-1110,CAND-10110,HR,Зарегистрировать в HCM,Service Task,Марина_8,2025-09-29 15:55:26,2025-09-29 16:11:26,16,,
7287c5b8-4ea3-41a0-8705-899f14eebd50,VAC-1110,CAND-10110,РЕКРУТЕР,Разместить вакансию,Task,Алексей_4,2025-09-29 18:05:26,2025-09-29 19:10:26,65,,
7287c5b8-4ea3-41a0-8705-899f14eebd50,VAC-1110,CAND-10110,РЕКРУТЕР,Собирать резюме,Task,Дмитрий_2,2025-09-29 20:10:26,2025-10-01 02:59:26,1849,,
7287c5b8-4ea3-41a0-8705-899f14eebd50,VAC-1110,CAND-10110,РЕКРУТЕР,Скрининг,Task,Дмитрий_8,2025-10-01 03:21:26,2025-10-01 03:41:26,20,passed,
7287c5b8-4ea3-41a0-8705-899f14eebd50,VAC-1110,CAND-10110,ИНТЕРВЬЮЕРЫ,Назначить интервью,User Task,Анна_3,2025-10-01 05:25:26,2025-10-01 05:44:26,19,,
7287c5b8-4ea3-41a0-8705-899f14eebd50,VAC-1110,CAND-10110,ИНТЕРВЬЮЕРЫ,Интервью (раунд 1),User Task,Андрей_1,2025-10-01 07:47:26,2025-10-01 09:12:26,85,rejected,поведенческий
74a54ccd-06e5-4f2c-b043-6068ec7d48fd,VAC-1139,CAND-10139,РУКОВОДИТЕЛЬ,Создать заявку,User Task,Иванов_7,2025-09-02 15:25:26,2025-09-02 15:49:26,24,,
74a54ccd-06e5-4f2c-b043-6068ec7d48fd,VAC-1139,CAND-10139,HR,Зарегистрировать в HCM,Service Task,Ольга_7,2025-09-02 17:46:26,2025-09-02 17:56:26,10,,
74a54ccd-06e5-4f2c-b043-6068ec7d48fd,VAC-1139,CAND-10139,РЕКРУТЕР,Разместить вакансию,Task,Екатерина_4,2025-09-02 19:22:26,2025-09-02 21:17:26,115,,
74a54ccd-06e5-4f2c-b043-6068ec7d48fd,VAC-1139,CAND-10139,РЕКРУТЕР,Собирать резюме,Task,Алексей_3,2025-09-02 22:17:26,2025-09-04 12:14:26,2277,,
74a54ccd-06e5-4f2c-b043-6068ec7d48fd,VAC-1139,CAND-10139,РЕКРУТЕР,Скрининг,Task,Екатерина_8,2025-09-04 12:52:26,2025-09-04 13:29:26,37,passed,
74a54ccd-06e5-4f2c-b043-6068ec7d48fd,VAC-1139,CAND-10139,ИНТЕРВЬЮЕРЫ,Назначить интервью,User Task,Андрей_7,2025-09-04 14:47:26,2025-09-04 15:25:26,38,,
74a54ccd-06e5-4f2c-b043-6068ec7d48fd,VAC-1139,CAND-10139,ИНТЕРВЬЮЕРЫ,Интервью (раунд 1),User Task,Сергей_9,2025-09-04 16:05:26,2025-09-04 17:38:26,93,passed,
74a54ccd-06e5-4f2c-b043-6068ec7d48fd,VAC-1139,CAND-10139,ИНТЕРВЬЮЕРЫ,Интервью (раунд 2),User Task,Сергей_8,2025-09-04 20:22:26,2025-09-04 21:11:26,49,passed,
74a54ccd-06e5-4f2c-b043-6068ec7d48fd,VAC-1139,CAND-10139,ИНТЕРВЬЮЕРЫ,Финальное интервью,User Task,Андрей_9,2025-09-05 01:42:26,2025-09-05 02:32:26,50,rejected,финал не пройден
781dcea1-4d30-4502-99b3-144251fd5556,VAC-1134,CAND-10134,РУКОВОДИТЕЛЬ,Создать заявку,User Task,Петров_1,2025-10-02 13:46:26,2025-10-02 14:04:26,18,,
781dcea1-4d30-4502-99b3-144251fd5556,VAC-1134,CAND-10134,HR,Зарегистрировать в HCM,Service Task,Наталья_6,2025-10-02 15:02:26,2025-10-02 15:19:26,17,,
781dcea1-4d30-4502-99b3-144251fd5556,VAC-1134,CAND-10134,РЕКРУТЕР,Разместить вакансию,Task,Екатерина_5,2025-10-02 15:54:26,2025-10-02 17:52:26,118,,
781dcea1-4d30-4502-99b3-144251fd5556,VAC-1134,CAND-10134,РЕКРУТЕР,Собирать резюме,Task,Екатерина_9,2025-10-02 18:52:26,2025-10-05 08:39:26,3707,,
781dcea1-4d30-4502-99b3-144251fd5556,VAC-1134,CAND-10134,РЕКРУТЕР,Скрининг,Task,Екатерина_3,2025-10-05 09:25:26,2025-10-05 10:04:26,39,passed,
781dcea1-4d30-4502-99b3-144251fd5556,VAC-1134,CAND-10134,ИНТЕРВЬЮЕРЫ,Назначить интервью,User Task,Андрей_3,2025-10-05 11:22:26,2025-10-05 11:43:26,21,,
781dcea1-4d30-4502-99b3-144251fd5556,VAC-1134,CAND-10134,ИНТЕРВЬЮЕРЫ,Интервью (раунд 1),User Task,Сергей_2,2025-10-05 14:42:26,2025-10-05 15:58:26,76,passed,
781dcea1-4d30-4502-99b3-144251fd5556,VAC-1134,CAND-10134,ИНТЕРВЬЮЕРЫ,Финальное интервью,User Task,Андрей_2,2025-10-05 19:24:26,2025-10-05 21:00:26,96,passed,
781dcea1-4d30-4502-99b3-144251fd5556,VAC-1134,CAND-10134,HR (ОФФЕР),Согласовать условия,User Task,Ольга_3,2025-10-06 01:05:26,2025-10-06 03:28:26,143,,
781dcea1-4d30-4502-99b3-144251fd5556,VAC-1134,CAND-10134,HR (ОФФЕР),Сгенерировать оффер,Service Task,Марина_2,2025-10-06 03:48:26,2025-10-06 04:08:26,20,,
781dcea1-4d30-4502-99b3-144251fd5556,VAC-1134,CAND-10134,HR (ОФФЕР),Отправить оффер,Send Task,Марина_5,2025-10-06 04:13:26,2025-10-06 04:23:26,10,sent,
781dcea1-4d30-4502-99b3-144251fd5556,VAC-1134,CAND-10134,SECURITY,Background Check,Call Activity,Служба_БД_1,2025-10-06 07:23:26,2025-10-10 11:28:26,6005,report_ready,
781dcea1-4d30-4502-99b3-144251fd5556,VAC-1134,CAND-10134,SECURITY,Решение руководителя по BG,User Task,Петров_7,2025-10-10 13:28:26,2025-10-10 15:53:26,145,proceed_with_conditions,
781dcea1-4d30-4502-99b3-144251fd5556,VAC-1134,CAND-10134,IT,Выдача оборудования,Task,IT_Specialist_4,2025-10-10 16:53:26,2025-10-10 19:52:26,179,,
781dcea1-4d30-4502-99b3-144251fd5556,VAC-1134,CAND-10134,IT,Создать доступы,Task,IT_Specialist_7,2025-10-10 20:22:26,2025-10-10 22:15:26,113,,
781dcea1-4d30-4502-99b3-144251fd5556,VAC-1134,CAND-10134,IT,Вводное обучение,Service Task,Ольга_9,2025-10-10 23:15:26,2025-10-11 02:42:26,207,,
781dcea1-4d30-4502-99b3-144251fd5556,VAC-1134,CAND-10134,HR,Назначить ментора,Task,Ольга_9,2025-10-11 03:42:26,2025-10-11 04:14:26,32,,
781dcea1-4d30-4502-99b3-144251fd5556,VAC-1134,CAND-10134,HR,Уведомить всех,Message,system,2025-10-11 04:34:26,2025-10-11 04:39:26,5,notified,
781dcea1-4d30-4502-99b3-144251fd5556,VAC-1134,CAND-10134,HR,Обновить HCM,Service Task,Марина_3,2025-10-11 05:09:26,2025-10-11 05:29:26,20,,
781dcea1-4d30-4502-99b3-144251fd5556,VAC-1134,CAND-10134,HR,Payroll,Service Task,Ольга_9,2025-10-11 05:59:26,2025-10-11 06:19:26,20,,
781dcea1-4d30-4502-99b3-144251fd5556,VAC-1134,CAND-10134,HR,Закрыть вакансию,Service Task,Марина_4,2025-10-11 06:39:26,2025-10-11 06:44:26,5,,
7c154f22-184c-4bb9-b9a8-b48307017ea3,VAC-1146,CAND-10146,РУКОВОДИТЕЛЬ,Создать заявку,User Task,Сидоров_5,2025-09-24 16:27:26,2025-09-24 16:46:26,19,,
7c154f22-184c-4bb9-b9a8-b48307017ea3,VAC-1146,CAND-10146,HR,Зарегистрировать в HCM,Service Task,Наталья_6,2025-09-24 17:52:26,2025-09-24 18:14:26,22,,
7c154f22-184c-4bb9-b9a8-b48307017ea3,VAC-1146,CAND-10146,РЕКРУТЕР,Разместить вакансию,Task,Дмитрий_1,2025-09-24 20:07:26,2025-09-24 21:25:26,78,,
7c154f22-184c-4bb9-b9a8-b48307017ea3,VAC-1146,CAND-10146,РЕКРУТЕР,Собирать резюме,Task,Дмитрий_2,2025-09-24 22:25:26,2025-09-26 02:52:26,1707,,
7c154f22-184c-4bb9-b9a8-b48307017ea3,VAC-1146,CAND-10146,РЕКРУТЕР,Скрининг,Task,Дмитрий_3,2025-09-26 03:24:26,2025-09-26 03:49:26,25,passed,
7c154f22-184c-4bb9-b9a8-b48307017ea3,VAC-1146,CAND-10146,ИНТЕРВЬЮЕРЫ,Назначить интервью,User Task,Анна_3,2025-09-26 04:53:26,2025-09-26 05:22:26,29,,
7c154f22-184c-4bb9-b9a8-b48307017ea3,VAC-1146,CAND-10146,ИНТЕРВЬЮЕРЫ,Интервью (раунд 1),User Task,Анна_2,2025-09-26 07:35:26,2025-09-26 08:33:26,58,passed,
7c154f22-184c-4bb9-b9a8-b48307017ea3,VAC-1146,CAND-10146,ИНТЕРВЬЮЕРЫ,Интервью (раунд 2),User Task,Анна_7,2025-09-26 10:20:26,2025-09-26 12:13:26,113,passed,
7c154f22-184c-4bb9-b9a8-b48307017ea3,VAC-1146,CAND-10146,ИНТЕРВЬЮЕРЫ,Финальное интервью,User Task,Сергей_7,2025-09-26 14:14:26,2025-09-26 15:30:26,76,passed,
7c154f22-184c-4bb9-b9a8-b48307017ea3,VAC-1146,CAND-10146,HR (ОФФЕР),Согласовать условия,User Task,Наталья_7,2025-09-26 16:46:26,2025-09-26 19:13:26,147,,
7c154f22-184c-4bb9-b9a8-b48307017ea3,VAC-1146,CAND-10146,HR (ОФФЕР),Сгенерировать оффер,Service Task,Ольга_6,2025-09-26 19:33:26,2025-09-26 20:03:26,30,,
7c154f22-184c-4bb9-b9a8-b48307017ea3,VAC-1146,CAND-10146,HR (ОФФЕР),Отправить оффер,Send Task,Марина_4,2025-09-26 20:08:26,2025-09-26 20:18:26,10,sent,
7c154f22-184c-4bb9-b9a8-b48307017ea3,VAC-1146,CAND-10146,SECURITY,Background Check,Call Activity,Служба_БД_2,2025-09-26 23:18:26,2025-09-29 09:56:26,3518,report_ready,
7c154f22-184c-4bb9-b9a8-b48307017ea3,VAC-1146,CAND-10146,IT,Выдача оборудования,Task,IT_Specialist_9,2025-09-29 10:56:26,2025-09-29 12:55:26,119,,
7c154f22-184c-4bb9-b9a8-b48307017ea3,VAC-1146,CAND-10146,IT,Создать доступы,Task,IT_Specialist_3,2025-09-29 13:25:26,2025-09-29 14:07:26,42,,
7c154f22-184c-4bb9-b9a8-b48307017ea3,VAC-1146,CAND-10146,IT,Вводное обучение,Service Task,Ольга_2,2025-09-29 15:07:26,2025-09-29 20:44:26,337,,
7c154f22-184c-4bb9-b9a8-b48307017ea3,VAC-1146,CAND-10146,HR,Назначить ментора,Task,Наталья_7,2025-09-29 21:44:26,2025-09-29 22:52:26,68,,
7c154f22-184c-4bb9-b9a8-b48307017ea3,VAC-1146,CAND-10146,HR,Уведомить всех,Message,system,2025-09-29 23:12:26,2025-09-29 23:17:26,5,notified,
7c154f22-184c-4bb9-b9a8-b48307017ea3,VAC-1146,CAND-10146,HR,Обновить HCM,Service Task,Ольга_8,2025-09-29 23:47:26,2025-09-30 00:07:26,20,,
7c154f22-184c-4bb9-b9a8-b48307017ea3,VAC-1146,CAND-10146,HR,Payroll,Service Task,Марина_1,2025-09-30 00:37:26,2025-09-30 00:57:26,20,,
7c154f22-184c-4bb9-b9a8-b48307017ea3,VAC-1146,CAND-10146,HR,Закрыть вакансию,Service Task,Наталья_4,2025-09-30 01:17:26,2025-09-30 01:22:26,5,,
7c6623ba-f0a1-43f7-a9f3-6ed6f0b3042d,VAC-1191,CAND-10191,РУКОВОДИТЕЛЬ,Создать заявку,User Task,Иванов_7,2025-08-30 14:07:26,2025-08-30 14:30:26,23,,
7c6623ba-f0a1-43f7-a9f3-6ed6f0b3042d,VAC-1191,CAND-10191,HR,Зарегистрировать в HCM,Service Task,Ольга_3,2025-08-30 16:29:26,2025-08-30 16:51:26,22,,
7c6623ba-f0a1-43f7-a9f3-6ed6f0b3042d,VAC-1191,CAND-10191,РЕКРУТЕР,Разместить вакансию,Task,Дмитрий_7,2025-08-30 17:51:26,2025-08-30 18:49:26,58,,
7c6623ba-f0a1-43f7-a9f3-6ed6f0b3042d,VAC-1191,CAND-10191,РЕКРУТЕР,Собирать резюме,Task,Екатерина_3,2025-08-30 19:49:26,2025-09-01 16:59:26,2710,,
7c6623ba-f0a1-43f7-a9f3-6ed6f0b3042d,VAC-1191,CAND-10191,РЕКРУТЕР,Скрининг,Task,Алексей_6,2025-09-01 17:31:26,2025-09-01 18:02:26,31,passed,
7c6623ba-f0a1-43f7-a9f3-6ed6f0b3042d,VAC-1191,CAND-10191,ИНТЕРВЬЮЕРЫ,Назначить интервью,User Task,Сергей_8,2025-09-01 19:24:26,2025-09-01 19:48:26,24,,
7c6623ba-f0a1-43f7-a9f3-6ed6f0b3042d,VAC-1191,CAND-10191,ИНТЕРВЬЮЕРЫ,Интервью (раунд 1),User Task,Сергей_3,2025-09-01 22:06:26,2025-09-01 23:02:26,56,passed,
7c6623ba-f0a1-43f7-a9f3-6ed6f0b3042d,VAC-1191,CAND-10191,ИНТЕРВЬЮЕРЫ,Финальное интервью,User Task,Анна_6,2025-09-02 01:53:26,2025-09-02 03:32:26,99,passed,
7c6623ba-f0a1-43f7-a9f3-6ed6f0b3042d,VAC-1191,CAND-10191,HR (ОФФЕР),Согласовать условия,User Task,Наталья_3,2025-09-02 06:30:26,2025-09-02 10:23:26,233,,
7c6623ba-f0a1-43f7-a9f3-6ed6f0b3042d,VAC-1191,CAND-10191,HR (ОФФЕР),Сгенерировать оффер,Service Task,Марина_9,2025-09-02 10:43:26,2025-09-02 11:03:26,20,,
7c6623ba-f0a1-43f7-a9f3-6ed6f0b3042d,VAC-1191,CAND-10191,HR (ОФФЕР),Отправить оффер,Send Task,Наталья_5,2025-09-02 11:08:26,2025-09-02 11:18:26,10,sent,
7c6623ba-f0a1-43f7-a9f3-6ed6f0b3042d,VAC-1191,CAND-10191,SECURITY,Background Check,Call Activity,Служба_БД_5,2025-09-02 14:18:26,2025-09-05 01:06:26,3528,report_ready,
7c6623ba-f0a1-43f7-a9f3-6ed6f0b3042d,VAC-1191,CAND-10191,IT,Выдача оборудования,Task,IT_Specialist_4,2025-09-05 02:06:26,2025-09-05 03:22:26,76,,
7c6623ba-f0a1-43f7-a9f3-6ed6f0b3042d,VAC-1191,CAND-10191,IT,Создать доступы,Task,IT_Specialist_5,2025-09-05 03:52:26,2025-09-05 05:28:26,96,,
7c6623ba-f0a1-43f7-a9f3-6ed6f0b3042d,VAC-1191,CAND-10191,IT,Вводное обучение,Service Task,Наталья_9,2025-09-05 06:28:26,2025-09-05 14:19:26,471,,
7c6623ba-f0a1-43f7-a9f3-6ed6f0b3042d,VAC-1191,CAND-10191,HR,Назначить ментора,Task,Наталья_9,2025-09-05 15:19:26,2025-09-05 15:53:26,34,,
7c6623ba-f0a1-43f7-a9f3-6ed6f0b3042d,VAC-1191,CAND-10191,HR,Уведомить всех,Message,system,2025-09-05 16:13:26,2025-09-05 16:18:26,5,notified,
7c6623ba-f0a1-43f7-a9f3-6ed6f0b3042d,VAC-1191,CAND-10191,HR,Обновить HCM,Service Task,Наталья_9,2025-09-05 16:48:26,2025-09-05 17:08:26,20,,
7c6623ba-f0a1-43f7-a9f3-6ed6f0b3042d,VAC-1191,CAND-10191,HR,Payroll,Service Task,Ольга_7,2025-09-05 17:38:26,2025-09-05 17:58:26,20,,
7c6623ba-f0a1-43f7-a9f3-6ed6f0b3042d,VAC-1191,CAND-10191,HR,Закрыть вакансию,Service Task,Наталья_8,2025-09-05 18:18:26,2025-09-05 18:23:26,5,,
7d0c93e1-6ae4-4e77-a1e6-c659c78268e4,VAC-1004,CAND-10004,РУКОВОДИТЕЛЬ,Создать заявку,User Task,Иванов_9,2025-09-09 17:55:26,2025-09-09 18:36:26,41,,
7d0c93e1-6ae4-4e77-a1e6-c659c78268e4,VAC-1004,CAND-10004,HR,Зарегистрировать в HCM,Service Task,Марина_8,2025-09-09 19:12:26,2025-09-09 19:45:26,33,,
7d0c93e1-6ae4-4e77-a1e6-c659c78268e4,VAC-1004,CAND-10004,РЕКРУТЕР,Разместить вакансию,Task,Дмитрий_7,2025-09-09 21:17:26,2025-09-09 23:17:26,120,,
7d0c93e1-6ae4-4e77-a1e6-c659c78268e4,VAC-1004,CAND-10004,РЕКРУТЕР,Собирать резюме,Task,Алексей_2,2025-09-10 00:17:26,2025-09-11 13:16:26,2219,,
7d0c93e1-6ae4-4e77-a1e6-c659c78268e4,VAC-1004,CAND-10004,РЕКРУТЕР,Скрининг,Task,Дмитрий_7,2025-09-11 14:08:26,2025-09-11 14:31:26,23,passed,
7d0c93e1-6ae4-4e77-a1e6-c659c78268e4,VAC-1004,CAND-10004,ИНТЕРВЬЮЕРЫ,Назначить интервью,User Task,Анна_2,2025-09-11 16:24:26,2025-09-11 16:35:26,11,,
7d0c93e1-6ae4-4e77-a1e6-c659c78268e4,VAC-1004,CAND-10004,ИНТЕРВЬЮЕРЫ,Интервью (раунд 1),User Task,Андрей_9,2025-09-11 18:31:26,2025-09-11 19:29:26,58,passed,
7d0c93e1-6ae4-4e77-a1e6-c659c78268e4,VAC-1004,CAND-10004,ИНТЕРВЬЮЕРЫ,Финальное интервью,User Task,Сергей_8,2025-09-11 22:23:26,2025-09-11 23:25:26,62,passed,
7d0c93e1-6ae4-4e77-a1e6-c659c78268e4,VAC-1004,CAND-10004,HR (ОФФЕР),Согласовать условия,User Task,Ольга_9,2025-09-12 01:28:26,2025-09-12 02:47:26,79,,
7d0c93e1-6ae4-4e77-a1e6-c659c78268e4,VAC-1004,CAND-10004,HR (ОФФЕР),Сгенерировать оффер,Service Task,Наталья_9,2025-09-12 03:07:26,2025-09-12 03:15:26,8,,
7d0c93e1-6ae4-4e77-a1e6-c659c78268e4,VAC-1004,CAND-10004,HR (ОФФЕР),Отправить оффер,Send Task,Наталья_2,2025-09-12 03:20:26,2025-09-12 03:30:26,10,sent,
7d0c93e1-6ae4-4e77-a1e6-c659c78268e4,VAC-1004,CAND-10004,HR (ОФФЕР),Переговоры / отказ,Task,Наталья_7,2025-09-12 05:30:26,2025-09-12 07:30:26,120,rejected,
7e37bf3c-1cbc-411a-a67c-4e006529d577,VAC-1127,CAND-10127,РУКОВОДИТЕЛЬ,Создать заявку,User Task,Иванов_9,2025-09-10 14:40:26,2025-09-10 15:30:26,50,,
7e37bf3c-1cbc-411a-a67c-4e006529d577,VAC-1127,CAND-10127,HR,Зарегистрировать в HCM,Service Task,Марина_5,2025-09-10 17:27:26,2025-09-10 18:02:26,35,,
7e37bf3c-1cbc-411a-a67c-4e006529d577,VAC-1127,CAND-10127,РЕКРУТЕР,Разместить вакансию,Task,Екатерина_9,2025-09-10 19:44:26,2025-09-10 21:27:26,103,,
7e37bf3c-1cbc-411a-a67c-4e006529d577,VAC-1127,CAND-10127,РЕКРУТЕР,Собирать резюме,Task,Дмитрий_4,2025-09-10 22:27:26,2025-09-12 16:48:26,2541,,
7e37bf3c-1cbc-411a-a67c-4e006529d577,VAC-1127,CAND-10127,РЕКРУТЕР,Скрининг,Task,Алексей_5,2025-09-12 17:02:26,2025-09-12 17:17:26,15,passed,
7e37bf3c-1cbc-411a-a67c-4e006529d577,VAC-1127,CAND-10127,ИНТЕРВЬЮЕРЫ,Назначить интервью,User Task,Сергей_5,2025-09-12 18:35:26,2025-09-12 19:04:26,29,,
7e37bf3c-1cbc-411a-a67c-4e006529d577,VAC-1127,CAND-10127,ИНТЕРВЬЮЕРЫ,Интервью (раунд 1),User Task,Андрей_1,2025-09-12 21:39:26,2025-09-12 22:48:26,69,passed,
7e37bf3c-1cbc-411a-a67c-4e006529d577,VAC-1127,CAND-10127,ИНТЕРВЬЮЕРЫ,Интервью (раунд 2),User Task,Андрей_5,2025-09-13 01:34:26,2025-09-13 02:21:26,47,passed,
7e37bf3c-1cbc-411a-a67c-4e006529d577,VAC-1127,CAND-10127,ИНТЕРВЬЮЕРЫ,Финальное интервью,User Task,Анна_1,2025-09-13 04:29:26,2025-09-13 05:30:26,61,passed,
7e37bf3c-1cbc-411a-a67c-4e006529d577,VAC-1127,CAND-10127,HR (ОФФЕР),Согласовать условия,User Task,Наталья_1,2025-09-13 07:29:26,2025-09-13 08:52:26,83,,
7e37bf3c-1cbc-411a-a67c-4e006529d577,VAC-1127,CAND-10127,HR (ОФФЕР),Сгенерировать оффер,Service Task,Наталья_6,2025-09-13 09:12:26,2025-09-13 09:32:26,20,,
7e37bf3c-1cbc-411a-a67c-4e006529d577,VAC-1127,CAND-10127,HR (ОФФЕР),Отправить оффер,Send Task,Ольга_5,2025-09-13 09:37:26,2025-09-13 09:47:26,10,sent,
7e37bf3c-1cbc-411a-a67c-4e006529d577,VAC-1127,CAND-10127,HR (ОФФЕР),Переговоры / отказ,Task,Ольга_8,2025-09-13 11:47:26,2025-09-13 14:54:26,187,rejected,
7e42bea2-5871-4505-94b0-cdfaacbc2582,VAC-1090,CAND-10090,РУКОВОДИТЕЛЬ,Создать заявку,User Task,Петров_6,2025-09-06 23:22:26,2025-09-07 00:10:26,48,,
7e42bea2-5871-4505-94b0-cdfaacbc2582,VAC-1090,CAND-10090,HR,Зарегистрировать в HCM,Service Task,Наталья_2,2025-09-07 02:03:26,2025-09-07 02:42:26,39,,
7e42bea2-5871-4505-94b0-cdfaacbc2582,VAC-1090,CAND-10090,РЕКРУТЕР,Разместить вакансию,Task,Дмитрий_9,2025-09-07 04:51:26,2025-09-07 06:22:26,91,,
7e42bea2-5871-4505-94b0-cdfaacbc2582,VAC-1090,CAND-10090,РЕКРУТЕР,Собирать резюме,Task,Дмитрий_9,2025-09-07 07:22:26,2025-09-09 05:37:26,2775,,
7e42bea2-5871-4505-94b0-cdfaacbc2582,VAC-1090,CAND-10090,РЕКРУТЕР,Скрининг,Task,Алексей_9,2025-09-09 06:16:26,2025-09-09 06:55:26,39,rejected,не соотв. опыту
7f29f0f3-164c-4ac1-bc0b-5fa329fb16c4,VAC-1190,CAND-10190,РУКОВОДИТЕЛЬ,Создать заявку,User Task,Петров_2,2025-09-16 21:44:26,2025-09-16 22:23:26,39,,
7f29f0f3-164c-4ac1-bc0b-5fa329fb16c4,VAC-1190,CAND-10190,HR,Зарегистрировать в HCM,Service Task,Наталья_2,2025-09-17 00:15:26,2025-09-17 00:52:26,37,,
7f29f0f3-164c-4ac1-bc0b-5fa329fb16c4,VAC-1190,CAND-10190,РЕКРУТЕР,Разместить вакансию,Task,Алексей_5,2025-09-17 02:51:26,2025-09-17 03:22:26,31,,
7f29f0f3-164c-4ac1-bc0b-5fa329fb16c4,VAC-1190,CAND-10190,РЕКРУТЕР,Собирать резюме,Task,Алексей_9,2025-09-17 04:22:26,2025-09-18 16:41:26,2179,,
7f29f0f3-164c-4ac1-bc0b-5fa329fb16c4,VAC-1190,CAND-10190,РЕКРУТЕР,Скрининг,Task,Екатерина_4,2025-09-18 17:08:26,2025-09-18 17:36:26,28,passed,
7f29f0f3-164c-4ac1-bc0b-5fa329fb16c4,VAC-1190,CAND-10190,ИНТЕРВЬЮЕРЫ,Назначить интервью,User Task,Анна_3,2025-09-18 17:56:26,2025-09-18 18:22:26,26,,
7f29f0f3-164c-4ac1-bc0b-5fa329fb16c4,VAC-1190,CAND-10190,ИНТЕРВЬЮЕРЫ,Интервью (раунд 1),User Task,Анна_2,2025-09-18 19:11:26,2025-09-18 20:27:26,76,passed,
7f29f0f3-164c-4ac1-bc0b-5fa329fb16c4,VAC-1190,CAND-10190,ИНТЕРВЬЮЕРЫ,Интервью (раунд 2),User Task,Анна_2,2025-09-18 22:21:26,2025-09-18 23:09:26,48,passed,
7f29f0f3-164c-4ac1-bc0b-5fa329fb16c4,VAC-1190,CAND-10190,ИНТЕРВЬЮЕРЫ,Финальное интервью,User Task,Андрей_6,2025-09-19 01:49:26,2025-09-19 03:21:26,92,passed,
7f29f0f3-164c-4ac1-bc0b-5fa329fb16c4,VAC-1190,CAND-10190,HR (ОФФЕР),Согласовать условия,User Task,Наталья_8,2025-09-19 05:00:26,2025-09-19 06:07:26,67,,
7f29f0f3-164c-4ac1-bc0b-5fa329fb16c4,VAC-1190,CAND-10190,HR (ОФФЕР),Сгенерировать оффер,Service Task,Марина_8,2025-09-19 06:27:26,2025-09-19 06:54:26,27,,
7f29f0f3-164c-4ac1-bc0b-5fa329fb16c4,VAC-1190,CAND-10190,HR (ОФФЕР),Отправить оффер,Send Task,Ольга_5,2025-09-19 06:59:26,2025-09-19 07:09:26,10,sent,
7f29f0f3-164c-4ac1-bc0b-5fa329fb16c4,VAC-1190,CAND-10190,SECURITY,Background Check,Call Activity,Служба_БД_1,2025-09-19 10:09:26,2025-09-21 10:56:26,2927,report_ready,
7f29f0f3-164c-4ac1-bc0b-5fa329fb16c4,VAC-1190,CAND-10190,IT,Выдача оборудования,Task,IT_Specialist_3,2025-09-21 11:56:26,2025-09-21 13:53:26,117,,
7f29f0f3-164c-4ac1-bc0b-5fa329fb16c4,VAC-1190,CAND-10190,IT,Создать доступы,Task,IT_Specialist_5,2025-09-21 14:23:26,2025-09-21 15:20:26,57,,
7f29f0f3-164c-4ac1-bc0b-5fa329fb16c4,VAC-1190,CAND-10190,IT,Вводное обучение,Service Task,Наталья_2,2025-09-21 16:20:26,2025-09-21 22:05:26,345,,
7f29f0f3-164c-4ac1-bc0b-5fa329fb16c4,VAC-1190,CAND-10190,HR,Назначить ментора,Task,Марина_7,2025-09-21 23:05:26,2025-09-22 00:10:26,65,,
7f29f0f3-164c-4ac1-bc0b-5fa329fb16c4,VAC-1190,CAND-10190,HR,Уведомить всех,Message,system,2025-09-22 00:30:26,2025-09-22 00:35:26,5,notified,
7f29f0f3-164c-4ac1-bc0b-5fa329fb16c4,VAC-1190,CAND-10190,HR,Обновить HCM,Service Task,Наталья_7,2025-09-22 01:05:26,2025-09-22 01:25:26,20,,
7f29f0f3-164c-4ac1-bc0b-5fa329fb16c4,VAC-1190,CAND-10190,HR,Payroll,Service Task,Ольга_3,2025-09-22 01:55:26,2025-09-22 02:15:26,20,,
7f29f0f3-164c-4ac1-bc0b-5fa329fb16c4,VAC-1190,CAND-10190,HR,Закрыть вакансию,Service Task,Наталья_7,2025-09-22 02:35:26,2025-09-22 02:40:26,5,,
831cc36d-abe8-4299-8fd6-2108e4057278,VAC-1060,CAND-10060,РУКОВОДИТЕЛЬ,Создать заявку,User Task,Сидоров_4,2025-09-17 18:39:26,2025-09-17 18:51:26,12,,
831cc36d-abe8-4299-8fd6-2108e4057278,VAC-1060,CAND-10060,HR,Зарегистрировать в HCM,Service Task,Наталья_5,2025-09-17 20:45:26,2025-09-17 20:59:26,14,,
831cc36d-abe8-4299-8fd6-2108e4057278,VAC-1060,CAND-10060,РЕКРУТЕР,Разместить вакансию,Task,Екатерина_7,2025-09-17 23:50:26,2025-09-18 01:24:26,94,,
831cc36d-abe8-4299-8fd6-2108e4057278,VAC-1060,CAND-10060,РЕКРУТЕР,Собирать резюме,Task,Алексей_4,2025-09-18 02:24:26,2025-09-19 22:33:26,2649,,
831cc36d-abe8-4299-8fd6-2108e4057278,VAC-1060,CAND-10060,РЕКРУТЕР,Скрининг,Task,Дмитрий_4,2025-09-19 23:04:26,2025-09-19 23:21:26,17,passed,
831cc36d-abe8-4299-8fd6-2108e4057278,VAC-1060,CAND-10060,ИНТЕРВЬЮЕРЫ,Назначить интервью,User Task,Анна_6,2025-09-20 01:04:26,2025-09-20 01:44:26,40,,
831cc36d-abe8-4299-8fd6-2108e4057278,VAC-1060,CAND-10060,ИНТЕРВЬЮЕРЫ,Интервью (раунд 1),User Task,Анна_6,2025-09-20 04:19:26,2025-09-20 06:06:26,107,passed,
831cc36d-abe8-4299-8fd6-2108e4057278,VAC-1060,CAND-10060,ИНТЕРВЬЮЕРЫ,Финальное интервью,User Task,Сергей_3,2025-09-20 07:49:26,2025-09-20 08:51:26,62,passed,
831cc36d-abe8-4299-8fd6-2108e4057278,VAC-1060,CAND-10060,HR (ОФФЕР),Согласовать условия,User Task,Марина_1,2025-09-20 13:45:26,2025-09-20 17:03:26,198,,
831cc36d-abe8-4299-8fd6-2108e4057278,VAC-1060,CAND-10060,HR (ОФФЕР),Сгенерировать оффер,Service Task,Наталья_2,2025-09-20 17:23:26,2025-09-20 17:44:26,21,,
831cc36d-abe8-4299-8fd6-2108e4057278,VAC-1060,CAND-10060,HR (ОФФЕР),Отправить оффер,Send Task,Марина_1,2025-09-20 17:49:26,2025-09-20 17:59:26,10,sent,
831cc36d-abe8-4299-8fd6-2108e4057278,VAC-1060,CAND-10060,SECURITY,Background Check,Call Activity,Служба_БД_4,2025-09-20 20:59:26,2025-09-25 05:17:26,6258,report_ready,
831cc36d-abe8-4299-8fd6-2108e4057278,VAC-1060,CAND-10060,IT,Выдача оборудования,Task,IT_Specialist_4,2025-09-25 06:17:26,2025-09-25 07:36:26,79,,
831cc36d-abe8-4299-8fd6-2108e4057278,VAC-1060,CAND-10060,IT,Создать доступы,Task,IT_Specialist_6,2025-09-25 08:06:26,2025-09-25 09:40:26,94,,
831cc36d-abe8-4299-8fd6-2108e4057278,VAC-1060,CAND-10060,IT,Вводное обучение,Service Task,Марина_8,2025-09-25 10:40:26,2025-09-25 14:10:26,210,,
831cc36d-abe8-4299-8fd6-2108e4057278,VAC-1060,CAND-10060,HR,Назначить ментора,Task,Ольга_1,2025-09-25 15:10:26,2025-09-25 16:22:26,72,,
831cc36d-abe8-4299-8fd6-2108e4057278,VAC-1060,CAND-10060,HR,Уведомить всех,Message,system,2025-09-25 16:42:26,2025-09-25 16:47:26,5,notified,
831cc36d-abe8-4299-8fd6-2108e4057278,VAC-1060,CAND-10060,HR,Обновить HCM,Service Task,Наталья_9,2025-09-25 17:17:26,2025-09-25 17:37:26,20,,
831cc36d-abe8-4299-8fd6-2108e4057278,VAC-1060,CAND-10060,HR,Payroll,Service Task,Марина_7,2025-09-25 18:07:26,2025-09-25 18:27:26,20,,
831cc36d-abe8-4299-8fd6-2108e4057278,VAC-1060,CAND-10060,HR,Закрыть вакансию,Service Task,Наталья_1,2025-09-25 18:47:26,2025-09-25 18:52:26,5,,
8518c60f-8de4-49f8-ac40-c73e15e85992,VAC-1114,CAND-10114,РУКОВОДИТЕЛЬ,Создать заявку,User Task,Иванов_3,2025-08-29 21:54:26,2025-08-29 22:21:26,27,,
8518c60f-8de4-49f8-ac40-c73e15e85992,VAC-1114,CAND-10114,HR,Зарегистрировать в HCM,Service Task,Ольга_2,2025-08-29 23:04:26,2025-08-29 23:19:26,15,,
8518c60f-8de4-49f8-ac40-c73e15e85992,VAC-1114,CAND-10114,РЕКРУТЕР,Разместить вакансию,Task,Дмитрий_2,2025-08-30 00:47:26,2025-08-30 02:00:26,73,,
8518c60f-8de4-49f8-ac40-c73e15e85992,VAC-1114,CAND-10114,РЕКРУТЕР,Собирать резюме,Task,Екатерина_8,2025-08-30 03:00:26,2025-09-01 11:52:26,3412,,
8518c60f-8de4-49f8-ac40-c73e15e85992,VAC-1114,CAND-10114,РЕКРУТЕР,Скрининг,Task,Екатерина_3,2025-09-01 12:32:26,2025-09-01 12:48:26,16,passed,
8518c60f-8de4-49f8-ac40-c73e15e85992,VAC-1114,CAND-10114,ИНТЕРВЬЮЕРЫ,Назначить интервью,User Task,Андрей_1,2025-09-01 14:00:26,2025-09-01 14:10:26,10,,
8518c60f-8de4-49f8-ac40-c73e15e85992,VAC-1114,CAND-10114,ИНТЕРВЬЮЕРЫ,Интервью (раунд 1),User Task,Андрей_3,2025-09-01 15:21:26,2025-09-01 16:23:26,62,passed,
8518c60f-8de4-49f8-ac40-c73e15e85992,VAC-1114,CAND-10114,ИНТЕРВЬЮЕРЫ,Финальное интервью,User Task,Андрей_9,2025-09-01 17:37:26,2025-09-01 18:43:26,66,passed,
8518c60f-8de4-49f8-ac40-c73e15e85992,VAC-1114,CAND-10114,HR (ОФФЕР),Согласовать условия,User Task,Марина_1,2025-09-01 21:26:26,2025-09-02 00:59:26,213,,
8518c60f-8de4-49f8-ac40-c73e15e85992,VAC-1114,CAND-10114,HR (ОФФЕР),Сгенерировать оффер,Service Task,Марина_5,2025-09-02 01:19:26,2025-09-02 01:47:26,28,,
8518c60f-8de4-49f8-ac40-c73e15e85992,VAC-1114,CAND-10114,HR (ОФФЕР),Отправить оффер,Send Task,Наталья_4,2025-09-02 01:52:26,2025-09-02 02:02:26,10,sent,
8518c60f-8de4-49f8-ac40-c73e15e85992,VAC-1114,CAND-10114,SECURITY,Background Check,Call Activity,Служба_БД_3,2025-09-02 05:02:26,2025-09-06 21:23:26,6741,report_ready,
8518c60f-8de4-49f8-ac40-c73e15e85992,VAC-1114,CAND-10114,IT,Выдача оборудования,Task,IT_Specialist_3,2025-09-06 22:23:26,2025-09-07 00:15:26,112,,
8518c60f-8de4-49f8-ac40-c73e15e85992,VAC-1114,CAND-10114,IT,Создать доступы,Task,IT_Specialist_3,2025-09-07 00:45:26,2025-09-07 02:34:26,109,,
8518c60f-8de4-49f8-ac40-c73e15e85992,VAC-1114,CAND-10114,IT,Вводное обучение,Service Task,Ольга_2,2025-09-07 03:34:26,2025-09-07 09:29:26,355,,
8518c60f-8de4-49f8-ac40-c73e15e85992,VAC-1114,CAND-10114,HR,Назначить ментора,Task,Ольга_7,2025-09-07 10:29:26,2025-09-07 11:13:26,44,,
8518c60f-8de4-49f8-ac40-c73e15e85992,VAC-1114,CAND-10114,HR,Уведомить всех,Message,system,2025-09-07 11:33:26,2025-09-07 11:38:26,5,notified,
8518c60f-8de4-49f8-ac40-c73e15e85992,VAC-1114,CAND-10114,HR,Обновить HCM,Service Task,Наталья_2,2025-09-07 12:08:26,2025-09-07 12:28:26,20,,
8518c60f-8de4-49f8-ac40-c73e15e85992,VAC-1114,CAND-10114,HR,Payroll,Service Task,Наталья_4,2025-09-07 12:58:26,2025-09-07 13:18:26,20,,
8518c60f-8de4-49f8-ac40-c73e15e85992,VAC-1114,CAND-10114,HR,Закрыть вакансию,Service Task,Марина_9,2025-09-07 13:38:26,2025-09-07 13:43:26,5,,
85294fc8-e9dd-4a5c-8bd2-1abed3f6d765,VAC-1186,CAND-10186,РУКОВОДИТЕЛЬ,Создать заявку,User Task,Иванов_5,2025-10-20 23:39:26,2025-10-21 00:39:26,60,,
85294fc8-e9dd-4a5c-8bd2-1abed3f6d765,VAC-1186,CAND-10186,HR,Зарегистрировать в HCM,Service Task,Ольга_8,2025-10-21 01:09:26,2025-10-21 01:45:26,36,,
85294fc8-e9dd-4a5c-8bd2-1abed3f6d765,VAC-1186,CAND-10186,РЕКРУТЕР,Разместить вакансию,Task,Екатерина_7,2025-10-21 04:00:26,2025-10-21 05:02:26,62,,
85294fc8-e9dd-4a5c-8bd2-1abed3f6d765,VAC-1186,CAND-10186,РЕКРУТЕР,Собирать резюме,Task,Алексей_5,2025-10-21 06:02:26,2025-10-22 12:53:26,1851,,
85294fc8-e9dd-4a5c-8bd2-1abed3f6d765,VAC-1186,CAND-10186,РЕКРУТЕР,Скрининг,Task,Дмитрий_7,2025-10-22 13:35:26,2025-10-22 13:47:26,12,passed,
85294fc8-e9dd-4a5c-8bd2-1abed3f6d765,VAC-1186,CAND-10186,ИНТЕРВЬЮЕРЫ,Назначить интервью,User Task,Сергей_8,2025-10-22 15:17:26,2025-10-22 15:50:26,33,,
85294fc8-e9dd-4a5c-8bd2-1abed3f6d765,VAC-1186,CAND-10186,ИНТЕРВЬЮЕРЫ,Интервью (раунд 1),User Task,Анна_3,2025-10-22 16:33:26,2025-10-22 17:41:26,68,passed,
85294fc8-e9dd-4a5c-8bd2-1abed3f6d765,VAC-1186,CAND-10186,ИНТЕРВЬЮЕРЫ,Интервью (раунд 2),User Task,Сергей_6,2025-10-22 18:11:26,2025-10-22 19:47:26,96,passed,
85294fc8-e9dd-4a5c-8bd2-1abed3f6d765,VAC-1186,CAND-10186,ИНТЕРВЬЮЕРЫ,Финальное интервью,User Task,Андрей_9,2025-10-22 23:14:26,2025-10-23 00:09:26,55,passed,
85294fc8-e9dd-4a5c-8bd2-1abed3f6d765,VAC-1186,CAND-10186,HR (ОФФЕР),Согласовать условия,User Task,Наталья_7,2025-10-23 04:11:26,2025-10-23 07:57:26,226,,
85294fc8-e9dd-4a5c-8bd2-1abed3f6d765,VAC-1186,CAND-10186,HR (ОФФЕР),Сгенерировать оффер,Service Task,Ольга_8,2025-10-23 08:17:26,2025-10-23 08:47:26,30,,
85294fc8-e9dd-4a5c-8bd2-1abed3f6d765,VAC-1186,CAND-10186,HR (ОФФЕР),Отправить оффер,Send Task,Ольга_3,2025-10-23 08:52:26,2025-10-23 09:02:26,10,sent,
85294fc8-e9dd-4a5c-8bd2-1abed3f6d765,VAC-1186,CAND-10186,SECURITY,Background Check,Call Activity,Служба_БД_4,2025-10-23 12:02:26,2025-10-27 08:45:26,5563,report_ready,
85294fc8-e9dd-4a5c-8bd2-1abed3f6d765,VAC-1186,CAND-10186,IT,Выдача оборудования,Task,IT_Specialist_7,2025-10-27 09:45:26,2025-10-27 11:32:26,107,,
85294fc8-e9dd-4a5c-8bd2-1abed3f6d765,VAC-1186,CAND-10186,IT,Создать доступы,Task,IT_Specialist_1,2025-10-27 12:02:26,2025-10-27 13:20:26,78,,
85294fc8-e9dd-4a5c-8bd2-1abed3f6d765,VAC-1186,CAND-10186,IT,Вводное обучение,Service Task,Марина_4,2025-10-27 14:20:26,2025-10-27 17:31:26,191,,
85294fc8-e9dd-4a5c-8bd2-1abed3f6d765,VAC-1186,CAND-10186,HR,Назначить ментора,Task,Наталья_8,2025-10-27 18:31:26,2025-10-27 19:59:26,88,,
85294fc8-e9dd-4a5c-8bd2-1abed3f6d765,VAC-1186,CAND-10186,HR,Уведомить всех,Message,system,2025-10-27 20:19:26,2025-10-27 20:24:26,5,notified,
85294fc8-e9dd-4a5c-8bd2-1abed3f6d765,VAC-1186,CAND-10186,HR,Обновить HCM,Service Task,Наталья_5,2025-10-27 20:54:26,2025-10-27 21:14:26,20,,
85294fc8-e9dd-4a5c-8bd2-1abed3f6d765,VAC-1186,CAND-10186,HR,Payroll,Service Task,Марина_3,2025-10-27 21:44:26,2025-10-27 22:04:26,20,,
85294fc8-e9dd-4a5c-8bd2-1abed3f6d765,VAC-1186,CAND-10186,HR,Закрыть вакансию,Service Task,Наталья_7,2025-10-27 22:24:26,2025-10-27 22:29:26,5,,
8535e060-8512-4377-8d0e-a60bfcb4700d,VAC-1002,CAND-10002,РУКОВОДИТЕЛЬ,Создать заявку,User Task,Петров_9,2025-09-26 15:08:26,2025-09-26 15:58:26,50,,
8535e060-8512-4377-8d0e-a60bfcb4700d,VAC-1002,CAND-10002,HR,Зарегистрировать в HCM,Service Task,Наталья_6,2025-09-26 17:35:26,2025-09-26 17:51:26,16,,
8535e060-8512-4377-8d0e-a60bfcb4700d,VAC-1002,CAND-10002,РЕКРУТЕР,Разместить вакансию,Task,Екатерина_1,2025-09-26 19:02:26,2025-09-26 20:31:26,89,,
8535e060-8512-4377-8d0e-a60bfcb4700d,VAC-1002,CAND-10002,РЕКРУТЕР,Собирать резюме,Task,Дмитрий_8,2025-09-26 21:31:26,2025-09-29 14:24:26,3893,,
8535e060-8512-4377-8d0e-a60bfcb4700d,VAC-1002,CAND-10002,РЕКРУТЕР,Скрининг,Task,Дмитрий_5,2025-09-29 14:35:26,2025-09-29 14:48:26,13,passed,
8535e060-8512-4377-8d0e-a60bfcb4700d,VAC-1002,CAND-10002,ИНТЕРВЬЮЕРЫ,Назначить интервью,User Task,Анна_2,2025-09-29 15:38:26,2025-09-29 16:16:26,38,,
8535e060-8512-4377-8d0e-a60bfcb4700d,VAC-1002,CAND-10002,ИНТЕРВЬЮЕРЫ,Интервью (раунд 1),User Task,Анна_3,2025-09-29 18:50:26,2025-09-29 19:43:26,53,rejected,недостаточно навыков
85fe48b2-b8aa-425a-b645-c28727e6f41a,VAC-1185,CAND-10185,РУКОВОДИТЕЛЬ,Создать заявку,User Task,Петров_5,2025-09-05 16:30:26,2025-09-05 17:08:26,38,,
85fe48b2-b8aa-425a-b645-c28727e6f41a,VAC-1185,CAND-10185,HR,Зарегистрировать в HCM,Service Task,Ольга_9,2025-09-05 18:43:26,2025-09-05 18:54:26,11,,
85fe48b2-b8aa-425a-b645-c28727e6f41a,VAC-1185,CAND-10185,РЕКРУТЕР,Разместить вакансию,Task,Алексей_6,2025-09-05 20:59:26,2025-09-05 22:48:26,109,,
85fe48b2-b8aa-425a-b645-c28727e6f41a,VAC-1185,CAND-10185,РЕКРУТЕР,Собирать резюме,Task,Дмитрий_8,2025-09-05 23:48:26,2025-09-08 13:03:26,3675,,
85fe48b2-b8aa-425a-b645-c28727e6f41a,VAC-1185,CAND-10185,РЕКРУТЕР,Скрининг,Task,Дмитрий_3,2025-09-08 13:56:26,2025-09-08 14:13:26,17,passed,
85fe48b2-b8aa-425a-b645-c28727e6f41a,VAC-1185,CAND-10185,ИНТЕРВЬЮЕРЫ,Назначить интервью,User Task,Сергей_1,2025-09-08 16:04:26,2025-09-08 16:25:26,21,,
85fe48b2-b8aa-425a-b645-c28727e6f41a,VAC-1185,CAND-10185,ИНТЕРВЬЮЕРЫ,Интервью (раунд 1),User Task,Анна_4,2025-09-08 17:03:26,2025-09-08 17:54:26,51,passed,
85fe48b2-b8aa-425a-b645-c28727e6f41a,VAC-1185,CAND-10185,ИНТЕРВЬЮЕРЫ,Интервью (раунд 2),User Task,Анна_6,2025-09-08 19:28:26,2025-09-08 21:23:26,115,passed,
85fe48b2-b8aa-425a-b645-c28727e6f41a,VAC-1185,CAND-10185,ИНТЕРВЬЮЕРЫ,Финальное интервью,User Task,Андрей_8,2025-09-09 02:14:26,2025-09-09 03:14:26,60,passed,
85fe48b2-b8aa-425a-b645-c28727e6f41a,VAC-1185,CAND-10185,HR (ОФФЕР),Согласовать условия,User Task,Ольга_5,2025-09-09 05:53:26,2025-09-09 06:55:26,62,,
85fe48b2-b8aa-425a-b645-c28727e6f41a,VAC-1185,CAND-10185,HR (ОФФЕР),Сгенерировать оффер,Service Task,Наталья_4,2025-09-09 07:15:26,2025-09-09 07:29:26,14,,
85fe48b2-b8aa-425a-b645-c28727e6f41a,VAC-1185,CAND-10185,HR (ОФФЕР),Отправить оффер,Send Task,Ольга_4,2025-09-09 07:34:26,2025-09-09 07:44:26,10,sent,
85fe48b2-b8aa-425a-b645-c28727e6f41a,VAC-1185,CAND-10185,HR (ОФФЕР),Переговоры / отказ,Task,Ольга_6,2025-09-09 09:44:26,2025-09-09 11:25:26,101,rejected,
868b7475-f6cf-4a0c-ac3a-2ec3cc831c11,VAC-1033,CAND-10033,РУКОВОДИТЕЛЬ,Создать заявку,User Task,Петров_2,2025-10-19 15:49:26,2025-10-19 16:41:26,52,,
868b7475-f6cf-4a0c-ac3a-2ec3cc831c11,VAC-1033,CAND-10033,HR,Зарегистрировать в HCM,Service Task,Марина_1,2025-10-19 17:19:26,2025-10-19 17:52:26,33,,
868b7475-f6cf-4a0c-ac3a-2ec3cc831c11,VAC-1033,CAND-10033,РЕКРУТЕР,Разместить вакансию,Task,Екатерина_4,2025-10-19 18:45:26,2025-10-19 20:40:26,115,,
868b7475-f6cf-4a0c-ac3a-2ec3cc831c11,VAC-1033,CAND-10033,РЕКРУТЕР,Собирать резюме,Task,Дмитрий_8,2025-10-19 21:40:26,2025-10-21 23:20:26,2980,,
868b7475-f6cf-4a0c-ac3a-2ec3cc831c11,VAC-1033,CAND-10033,РЕКРУТЕР,Скрининг,Task,Дмитрий_5,2025-10-21 23:51:26,2025-10-22 00:06:26,15,rejected,не прошёл тест
87f2f4a4-3153-45c5-b620-551e9d5391b0,VAC-1059,CAND-10059,РУКОВОДИТЕЛЬ,Создать заявку,User Task,Петров_4,2025-09-18 16:01:26,2025-09-18 16:45:26,44,,
87f2f4a4-3153-45c5-b620-551e9d5391b0,VAC-1059,CAND-10059,HR,Зарегистрировать в HCM,Service Task,Марина_3,2025-09-18 17:33:26,2025-09-18 17:52:26,19,,
87f2f4a4-3153-45c5-b620-551e9d5391b0,VAC-1059,CAND-10059,РЕКРУТЕР,Разместить вакансию,Task,Екатерина_7,2025-09-18 20:20:26,2025-09-18 20:47:26,27,,
87f2f4a4-3153-45c5-b620-551e9d5391b0,VAC-1059,CAND-10059,РЕКРУТЕР,Собирать резюме,Task,Екатерина_9,2025-09-18 21:47:26,2025-09-21 02:13:26,3146,,
87f2f4a4-3153-45c5-b620-551e9d5391b0,VAC-1059,CAND-10059,РЕКРУТЕР,Скрининг,Task,Алексей_5,2025-09-21 02:31:26,2025-09-21 02:53:26,22,passed,
87f2f4a4-3153-45c5-b620-551e9d5391b0,VAC-1059,CAND-10059,ИНТЕРВЬЮЕРЫ,Назначить интервью,User Task,Сергей_6,2025-09-21 04:35:26,2025-09-21 04:47:26,12,,
87f2f4a4-3153-45c5-b620-551e9d5391b0,VAC-1059,CAND-10059,ИНТЕРВЬЮЕРЫ,Интервью (раунд 1),User Task,Анна_1,2025-09-21 06:05:26,2025-09-21 06:56:26,51,passed,
87f2f4a4-3153-45c5-b620-551e9d5391b0,VAC-1059,CAND-10059,ИНТЕРВЬЮЕРЫ,Финальное интервью,User Task,Анна_9,2025-09-21 11:39:26,2025-09-21 12:33:26,54,passed,
87f2f4a4-3153-45c5-b620-551e9d5391b0,VAC-1059,CAND-10059,HR (ОФФЕР),Согласовать условия,User Task,Наталья_6,2025-09-21 14:28:26,2025-09-21 17:30:26,182,,
87f2f4a4-3153-45c5-b620-551e9d5391b0,VAC-1059,CAND-10059,HR (ОФФЕР),Сгенерировать оффер,Service Task,Наталья_4,2025-09-21 17:50:26,2025-09-21 18:04:26,14,,
87f2f4a4-3153-45c5-b620-551e9d5391b0,VAC-1059,CAND-10059,HR (ОФФЕР),Отправить оффер,Send Task,Наталья_2,2025-09-21 18:09:26,2025-09-21 18:19:26,10,sent,
87f2f4a4-3153-45c5-b620-551e9d5391b0,VAC-1059,CAND-10059,SECURITY,Background Check,Call Activity,Служба_БД_4,2025-09-21 21:19:26,2025-09-26 14:42:26,6803,report_ready,
87f2f4a4-3153-45c5-b620-551e9d5391b0,VAC-1059,CAND-10059,IT,Выдача оборудования,Task,IT_Specialist_5,2025-09-26 15:42:26,2025-09-26 17:12:26,90,,
87f2f4a4-3153-45c5-b620-551e9d5391b0,VAC-1059,CAND-10059,IT,Создать доступы,Task,IT_Specialist_9,2025-09-26 17:42:26,2025-09-26 19:00:26,78,,
87f2f4a4-3153-45c5-b620-551e9d5391b0,VAC-1059,CAND-10059,IT,Вводное обучение,Service Task,Ольга_5,2025-09-26 20:00:26,2025-09-27 02:03:26,363,,
87f2f4a4-3153-45c5-b620-551e9d5391b0,VAC-1059,CAND-10059,HR,Назначить ментора,Task,Марина_8,2025-09-27 03:03:26,2025-09-27 03:56:26,53,,
87f2f4a4-3153-45c5-b620-551e9d5391b0,VAC-1059,CAND-10059,HR,Уведомить всех,Message,system,2025-09-27 04:16:26,2025-09-27 04:21:26,5,notified,
87f2f4a4-3153-45c5-b620-551e9d5391b0,VAC-1059,CAND-10059,HR,Обновить HCM,Service Task,Ольга_2,2025-09-27 04:51:26,2025-09-27 05:11:26,20,,
87f2f4a4-3153-45c5-b620-551e9d5391b0,VAC-1059,CAND-10059,HR,Payroll,Service Task,Марина_8,2025-09-27 05:41:26,2025-09-27 06:01:26,20,,
87f2f4a4-3153-45c5-b620-551e9d5391b0,VAC-1059,CAND-10059,HR,Закрыть вакансию,Service Task,Ольга_4,2025-09-27 06:21:26,2025-09-27 06:26:26,5,,
8934b161-78c9-4ee1-9740-8b1ac4c1e3fd,VAC-1103,CAND-10103,РУКОВОДИТЕЛЬ,Создать заявку,User Task,Сидоров_9,2025-09-02 19:51:26,2025-09-02 20:45:26,54,,
8934b161-78c9-4ee1-9740-8b1ac4c1e3fd,VAC-1103,CAND-10103,HR,Зарегистрировать в HCM,Service Task,Марина_9,2025-09-02 21:43:26,2025-09-02 22:19:26,36,,
8934b161-78c9-4ee1-9740-8b1ac4c1e3fd,VAC-1103,CAND-10103,РЕКРУТЕР,Разместить вакансию,Task,Екатерина_9,2025-09-03 00:09:26,2025-09-03 02:00:26,111,,
8934b161-78c9-4ee1-9740-8b1ac4c1e3fd,VAC-1103,CAND-10103,РЕКРУТЕР,Собирать резюме,Task,Алексей_4,2025-09-03 03:00:26,2025-09-05 22:11:26,4031,,
8934b161-78c9-4ee1-9740-8b1ac4c1e3fd,VAC-1103,CAND-10103,РЕКРУТЕР,Скрининг,Task,Екатерина_5,2025-09-05 22:34:26,2025-09-05 23:03:26,29,passed,
8934b161-78c9-4ee1-9740-8b1ac4c1e3fd,VAC-1103,CAND-10103,ИНТЕРВЬЮЕРЫ,Назначить интервью,User Task,Анна_3,2025-09-06 00:49:26,2025-09-06 01:03:26,14,,
8934b161-78c9-4ee1-9740-8b1ac4c1e3fd,VAC-1103,CAND-10103,ИНТЕРВЬЮЕРЫ,Интервью (раунд 1),User Task,Анна_8,2025-09-06 02:55:26,2025-09-06 03:54:26,59,passed,
8934b161-78c9-4ee1-9740-8b1ac4c1e3fd,VAC-1103,CAND-10103,ИНТЕРВЬЮЕРЫ,Интервью (раунд 2),User Task,Анна_7,2025-09-06 06:53:26,2025-09-06 08:51:26,118,rejected,культурный профиль
89a2e140-b916-48d5-8922-0af6fca28962,VAC-1111,CAND-10111,РУКОВОДИТЕЛЬ,Создать заявку,User Task,Сидоров_7,2025-09-09 16:58:26,2025-09-09 17:55:26,57,,
89a2e140-b916-48d5-8922-0af6fca28962,VAC-1111,CAND-10111,HR,Зарегистрировать в HCM,Service Task,Ольга_3,2025-09-09 18:50:26,2025-09-09 19:26:26,36,,
89a2e140-b916-48d5-8922-0af6fca28962,VAC-1111,CAND-10111,РЕКРУТЕР,Разместить вакансию,Task,Дмитрий_8,2025-09-09 21:20:26,2025-09-09 22:41:26,81,,
89a2e140-b916-48d5-8922-0af6fca28962,VAC-1111,CAND-10111,РЕКРУТЕР,Собирать резюме,Task,Дмитрий_8,2025-09-09 23:41:26,2025-09-12 00:10:26,2909,,
89a2e140-b916-48d5-8922-0af6fca28962,VAC-1111,CAND-10111,РЕКРУТЕР,Скрининг,Task,Алексей_2,2025-09-12 00:55:26,2025-09-12 01:08:26,13,rejected,не соотв. опыту
8adab1dc-2b03-47a9-a4ab-5c2a549e217d,VAC-1192,CAND-10192,РУКОВОДИТЕЛЬ,Создать заявку,User Task,Петров_5,2025-10-06 23:05:26,2025-10-06 23:31:26,26,,
8adab1dc-2b03-47a9-a4ab-5c2a549e217d,VAC-1192,CAND-10192,HR,Зарегистрировать в HCM,Service Task,Марина_1,2025-10-07 01:05:26,2025-10-07 01:17:26,12,,
8adab1dc-2b03-47a9-a4ab-5c2a549e217d,VAC-1192,CAND-10192,РЕКРУТЕР,Разместить вакансию,Task,Екатерина_8,2025-10-07 02:16:26,2025-10-07 04:10:26,114,,
8adab1dc-2b03-47a9-a4ab-5c2a549e217d,VAC-1192,CAND-10192,РЕКРУТЕР,Собирать резюме,Task,Алексей_7,2025-10-07 05:10:26,2025-10-08 17:25:26,2175,,
8adab1dc-2b03-47a9-a4ab-5c2a549e217d,VAC-1192,CAND-10192,РЕКРУТЕР,Скрининг,Task,Дмитрий_5,2025-10-08 17:37:26,2025-10-08 17:49:26,12,passed,
8adab1dc-2b03-47a9-a4ab-5c2a549e217d,VAC-1192,CAND-10192,ИНТЕРВЬЮЕРЫ,Назначить интервью,User Task,Анна_8,2025-10-08 19:41:26,2025-10-08 20:05:26,24,,
8adab1dc-2b03-47a9-a4ab-5c2a549e217d,VAC-1192,CAND-10192,ИНТЕРВЬЮЕРЫ,Интервью (раунд 1),User Task,Андрей_4,2025-10-08 21:42:26,2025-10-08 23:10:26,88,rejected,недостаточно навыков
8f3f5586-64b9-47dc-ac5f-a448666dc445,VAC-1194,CAND-10194,РУКОВОДИТЕЛЬ,Создать заявку,User Task,Сидоров_9,2025-09-03 23:28:26,2025-09-04 00:05:26,37,,
8f3f5586-64b9-47dc-ac5f-a448666dc445,VAC-1194,CAND-10194,HR,Зарегистрировать в HCM,Service Task,Ольга_8,2025-09-04 00:49:26,2025-09-04 01:01:26,12,,
8f3f5586-64b9-47dc-ac5f-a448666dc445,VAC-1194,CAND-10194,РЕКРУТЕР,Разместить вакансию,Task,Дмитрий_1,2025-09-04 02:08:26,2025-09-04 03:28:26,80,,
8f3f5586-64b9-47dc-ac5f-a448666dc445,VAC-1194,CAND-10194,РЕКРУТЕР,Собирать резюме,Task,Алексей_3,2025-09-04 04:28:26,2025-09-05 12:25:26,1917,,
8f3f5586-64b9-47dc-ac5f-a448666dc445,VAC-1194,CAND-10194,РЕКРУТЕР,Скрининг,Task,Дмитрий_8,2025-09-05 13:22:26,2025-09-05 13:54:26,32,passed,
8f3f5586-64b9-47dc-ac5f-a448666dc445,VAC-1194,CAND-10194,ИНТЕРВЬЮЕРЫ,Назначить интервью,User Task,Андрей_4,2025-09-05 15:11:26,2025-09-05 15:39:26,28,,
8f3f5586-64b9-47dc-ac5f-a448666dc445,VAC-1194,CAND-10194,ИНТЕРВЬЮЕРЫ,Интервью (раунд 1),User Task,Андрей_7,2025-09-05 17:49:26,2025-09-05 18:40:26,51,passed,
8f3f5586-64b9-47dc-ac5f-a448666dc445,VAC-1194,CAND-10194,ИНТЕРВЬЮЕРЫ,Финальное интервью,User Task,Анна_9,2025-09-05 21:26:26,2025-09-05 23:14:26,108,passed,
8f3f5586-64b9-47dc-ac5f-a448666dc445,VAC-1194,CAND-10194,HR (ОФФЕР),Согласовать условия,User Task,Ольга_7,2025-09-06 01:28:26,2025-09-06 02:37:26,69,,
8f3f5586-64b9-47dc-ac5f-a448666dc445,VAC-1194,CAND-10194,HR (ОФФЕР),Сгенерировать оффер,Service Task,Марина_8,2025-09-06 02:57:26,2025-09-06 03:17:26,20,,
8f3f5586-64b9-47dc-ac5f-a448666dc445,VAC-1194,CAND-10194,HR (ОФФЕР),Отправить оффер,Send Task,Наталья_1,2025-09-06 03:22:26,2025-09-06 03:32:26,10,sent,
8f3f5586-64b9-47dc-ac5f-a448666dc445,VAC-1194,CAND-10194,SECURITY,Background Check,Call Activity,Служба_БД_9,2025-09-06 06:32:26,2025-09-10 16:09:26,6337,report_ready,
8f3f5586-64b9-47dc-ac5f-a448666dc445,VAC-1194,CAND-10194,IT,Выдача оборудования,Task,IT_Specialist_8,2025-09-10 17:09:26,2025-09-10 20:03:26,174,,
8f3f5586-64b9-47dc-ac5f-a448666dc445,VAC-1194,CAND-10194,IT,Создать доступы,Task,IT_Specialist_6,2025-09-10 20:33:26,2025-09-10 21:17:26,44,,
8f3f5586-64b9-47dc-ac5f-a448666dc445,VAC-1194,CAND-10194,IT,Вводное обучение,Service Task,Марина_7,2025-09-10 22:17:26,2025-09-11 05:06:26,409,,
8f3f5586-64b9-47dc-ac5f-a448666dc445,VAC-1194,CAND-10194,HR,Назначить ментора,Task,Наталья_5,2025-09-11 06:06:26,2025-09-11 06:37:26,31,,
8f3f5586-64b9-47dc-ac5f-a448666dc445,VAC-1194,CAND-10194,HR,Уведомить всех,Message,system,2025-09-11 06:57:26,2025-09-11 07:02:26,5,notified,
8f3f5586-64b9-47dc-ac5f-a448666dc445,VAC-1194,CAND-10194,HR,Обновить HCM,Service Task,Марина_4,2025-09-11 07:32:26,2025-09-11 07:52:26,20,,
8f3f5586-64b9-47dc-ac5f-a448666dc445,VAC-1194,CAND-10194,HR,Payroll,Service Task,Ольга_6,2025-09-11 08:22:26,2025-09-11 08:42:26,20,,
8f3f5586-64b9-47dc-ac5f-a448666dc445,VAC-1194,CAND-10194,HR,Закрыть вакансию,Service Task,Ольга_4,2025-09-11 09:02:26,2025-09-11 09:07:26,5,,
8ffa305e-ddda-4867-932f-041e1d93841f,VAC-1084,CAND-10084,РУКОВОДИТЕЛЬ,Создать заявку,User Task,Иванов_7,2025-09-10 00:04:26,2025-09-10 00:48:26,44,,
8ffa305e-ddda-4867-932f-041e1d93841f,VAC-1084,CAND-10084,HR,Зарегистрировать в HCM,Service Task,Ольга_8,2025-09-10 02:48:26,2025-09-10 03:20:26,32,,
8ffa305e-ddda-4867-932f-041e1d93841f,VAC-1084,CAND-10084,РЕКРУТЕР,Разместить вакансию,Task,Дмитрий_6,2025-09-10 06:09:26,2025-09-10 08:09:26,120,,
8ffa305e-ddda-4867-932f-041e1d93841f,VAC-1084,CAND-10084,РЕКРУТЕР,Собирать резюме,Task,Екатерина_6,2025-09-10 09:09:26,2025-09-12 23:45:26,3756,,
8ffa305e-ddda-4867-932f-041e1d93841f,VAC-1084,CAND-10084,РЕКРУТЕР,Скрининг,Task,Алексей_1,2025-09-13 00:19:26,2025-09-13 00:37:26,18,passed,
8ffa305e-ddda-4867-932f-041e1d93841f,VAC-1084,CAND-10084,ИНТЕРВЬЮЕРЫ,Назначить интервью,User Task,Сергей_1,2025-09-13 01:25:26,2025-09-13 01:35:26,10,,
8ffa305e-ddda-4867-932f-041e1d93841f,VAC-1084,CAND-10084,ИНТЕРВЬЮЕРЫ,Интервью (раунд 1),User Task,Анна_4,2025-09-13 04:05:26,2025-09-13 05:57:26,112,passed,
8ffa305e-ddda-4867-932f-041e1d93841f,VAC-1084,CAND-10084,ИНТЕРВЬЮЕРЫ,Интервью (раунд 2),User Task,Андрей_5,2025-09-13 07:07:26,2025-09-13 08:04:26,57,passed,
8ffa305e-ddda-4867-932f-041e1d93841f,VAC-1084,CAND-10084,ИНТЕРВЬЮЕРЫ,Интервью (раунд 3),User Task,Андрей_7,2025-09-13 10:50:26,2025-09-13 11:42:26,52,rejected,поведенческий
91b3e4e0-b3fa-48ed-83c9-8881732bcffe,VAC-1145,CAND-10145,РУКОВОДИТЕЛЬ,Создать заявку,User Task,Сидоров_4,2025-08-26 23:01:26,2025-08-26 23:30:26,29,,
91b3e4e0-b3fa-48ed-83c9-8881732bcffe,VAC-1145,CAND-10145,HR,Зарегистрировать в HCM,Service Task,Наталья_5,2025-08-27 00:31:26,2025-08-27 00:47:26,16,,
91b3e4e0-b3fa-48ed-83c9-8881732bcffe,VAC-1145,CAND-10145,РЕКРУТЕР,Разместить вакансию,Task,Дмитрий_8,2025-08-27 02:27:26,2025-08-27 03:55:26,88,,
91b3e4e0-b3fa-48ed-83c9-8881732bcffe,VAC-1145,CAND-10145,РЕКРУТЕР,Собирать резюме,Task,Алексей_5,2025-08-27 04:55:26,2025-08-30 02:43:26,4188,,
91b3e4e0-b3fa-48ed-83c9-8881732bcffe,VAC-1145,CAND-10145,РЕКРУТЕР,Скрининг,Task,Дмитрий_2,2025-08-30 03:02:26,2025-08-30 03:17:26,15,passed,
91b3e4e0-b3fa-48ed-83c9-8881732bcffe,VAC-1145,CAND-10145,ИНТЕРВЬЮЕРЫ,Назначить интервью,User Task,Анна_2,2025-08-30 04:56:26,2025-08-30 05:23:26,27,,
91b3e4e0-b3fa-48ed-83c9-8881732bcffe,VAC-1145,CAND-10145,ИНТЕРВЬЮЕРЫ,Интервью (раунд 1),User Task,Андрей_5,2025-08-30 07:22:26,2025-08-30 09:17:26,115,passed,
91b3e4e0-b3fa-48ed-83c9-8881732bcffe,VAC-1145,CAND-10145,ИНТЕРВЬЮЕРЫ,Финальное интервью,User Task,Сергей_6,2025-08-30 12:43:26,2025-08-30 13:59:26,76,passed,
91b3e4e0-b3fa-48ed-83c9-8881732bcffe,VAC-1145,CAND-10145,HR (ОФФЕР),Согласовать условия,User Task,Наталья_3,2025-08-30 17:17:26,2025-08-30 20:10:26,173,,
91b3e4e0-b3fa-48ed-83c9-8881732bcffe,VAC-1145,CAND-10145,HR (ОФФЕР),Сгенерировать оффер,Service Task,Ольга_1,2025-08-30 20:30:26,2025-08-30 20:35:26,5,,
91b3e4e0-b3fa-48ed-83c9-8881732bcffe,VAC-1145,CAND-10145,HR (ОФФЕР),Отправить оффер,Send Task,Наталья_7,2025-08-30 20:40:26,2025-08-30 20:50:26,10,sent,
91b3e4e0-b3fa-48ed-83c9-8881732bcffe,VAC-1145,CAND-10145,SECURITY,Background Check,Call Activity,Служба_БД_3,2025-08-30 23:50:26,2025-09-04 10:03:26,6373,report_ready,
91b3e4e0-b3fa-48ed-83c9-8881732bcffe,VAC-1145,CAND-10145,IT,Выдача оборудования,Task,IT_Specialist_6,2025-09-04 11:03:26,2025-09-04 13:57:26,174,,
91b3e4e0-b3fa-48ed-83c9-8881732bcffe,VAC-1145,CAND-10145,IT,Создать доступы,Task,IT_Specialist_4,2025-09-04 14:27:26,2025-09-04 15:36:26,69,,
91b3e4e0-b3fa-48ed-83c9-8881732bcffe,VAC-1145,CAND-10145,IT,Вводное обучение,Service Task,Наталья_8,2025-09-04 16:36:26,2025-09-05 00:09:26,453,,
91b3e4e0-b3fa-48ed-83c9-8881732bcffe,VAC-1145,CAND-10145,HR,Назначить ментора,Task,Наталья_2,2025-09-05 01:09:26,2025-09-05 02:15:26,66,,
91b3e4e0-b3fa-48ed-83c9-8881732bcffe,VAC-1145,CAND-10145,HR,Уведомить всех,Message,system,2025-09-05 02:35:26,2025-09-05 02:40:26,5,notified,
91b3e4e0-b3fa-48ed-83c9-8881732bcffe,VAC-1145,CAND-10145,HR,Обновить HCM,Service Task,Марина_8,2025-09-05 03:10:26,2025-09-05 03:30:26,20,,
91b3e4e0-b3fa-48ed-83c9-8881732bcffe,VAC-1145,CAND-10145,HR,Payroll,Service Task,Наталья_8,2025-09-05 04:00:26,2025-09-05 04:20:26,20,,
91b3e4e0-b3fa-48ed-83c9-8881732bcffe,VAC-1145,CAND-10145,HR,Закрыть вакансию,Service Task,Ольга_8,2025-09-05 04:40:26,2025-09-05 04:45:26,5,,
9318afdd-5d76-45b3-9d7b-61a63bbc2672,VAC-1147,CAND-10147,РУКОВОДИТЕЛЬ,Создать заявку,User Task,Сидоров_1,2025-10-16 16:09:26,2025-10-16 16:56:26,47,,
9318afdd-5d76-45b3-9d7b-61a63bbc2672,VAC-1147,CAND-10147,HR,Зарегистрировать в HCM,Service Task,Марина_3,2025-10-16 18:52:26,2025-10-16 19:06:26,14,,
9318afdd-5d76-45b3-9d7b-61a63bbc2672,VAC-1147,CAND-10147,РЕКРУТЕР,Разместить вакансию,Task,Дмитрий_7,2025-10-16 21:31:26,2025-10-16 22:59:26,88,,
9318afdd-5d76-45b3-9d7b-61a63bbc2672,VAC-1147,CAND-10147,РЕКРУТЕР,Собирать резюме,Task,Екатерина_8,2025-10-16 23:59:26,2025-10-19 18:00:26,3961,,
9318afdd-5d76-45b3-9d7b-61a63bbc2672,VAC-1147,CAND-10147,РЕКРУТЕР,Скрининг,Task,Екатерина_6,2025-10-19 18:22:26,2025-10-19 18:38:26,16,passed,
9318afdd-5d76-45b3-9d7b-61a63bbc2672,VAC-1147,CAND-10147,ИНТЕРВЬЮЕРЫ,Назначить интервью,User Task,Сергей_6,2025-10-19 20:24:26,2025-10-19 20:43:26,19,,
9318afdd-5d76-45b3-9d7b-61a63bbc2672,VAC-1147,CAND-10147,ИНТЕРВЬЮЕРЫ,Интервью (раунд 1),User Task,Анна_7,2025-10-19 23:42:26,2025-10-20 00:28:26,46,passed,
9318afdd-5d76-45b3-9d7b-61a63bbc2672,VAC-1147,CAND-10147,ИНТЕРВЬЮЕРЫ,Интервью (раунд 2),User Task,Анна_1,2025-10-20 01:30:26,2025-10-20 02:52:26,82,passed,
9318afdd-5d76-45b3-9d7b-61a63bbc2672,VAC-1147,CAND-10147,ИНТЕРВЬЮЕРЫ,Интервью (раунд 3),User Task,Сергей_2,2025-10-20 03:22:26,2025-10-20 05:18:26,116,rejected,поведенческий
97826a85-6db6-4475-bbac-b20281d151fd,VAC-1005,CAND-10005,РУКОВОДИТЕЛЬ,Создать заявку,User Task,Иванов_3,2025-09-25 20:26:26,2025-09-25 21:01:26,35,,
97826a85-6db6-4475-bbac-b20281d151fd,VAC-1005,CAND-10005,HR,Зарегистрировать в HCM,Service Task,Ольга_5,2025-09-25 22:09:26,2025-09-25 22:19:26,10,,
97826a85-6db6-4475-bbac-b20281d151fd,VAC-1005,CAND-10005,РЕКРУТЕР,Разместить вакансию,Task,Дмитрий_9,2025-09-26 00:45:26,2025-09-26 01:41:26,56,,
97826a85-6db6-4475-bbac-b20281d151fd,VAC-1005,CAND-10005,РЕКРУТЕР,Собирать резюме,Task,Екатерина_8,2025-09-26 02:41:26,2025-09-28 23:52:26,4151,,
97826a85-6db6-4475-bbac-b20281d151fd,VAC-1005,CAND-10005,РЕКРУТЕР,Скрининг,Task,Дмитрий_4,2025-09-29 00:11:26,2025-09-29 00:27:26,16,rejected,не прошёл тест
98ca7e6f-96f7-4d33-afc2-0fe06678933a,VAC-1017,CAND-10017,РУКОВОДИТЕЛЬ,Создать заявку,User Task,Сидоров_9,2025-09-05 21:54:26,2025-09-05 22:21:26,27,,
98ca7e6f-96f7-4d33-afc2-0fe06678933a,VAC-1017,CAND-10017,HR,Зарегистрировать в HCM,Service Task,Ольга_7,2025-09-06 00:20:26,2025-09-06 00:45:26,25,,
98ca7e6f-96f7-4d33-afc2-0fe06678933a,VAC-1017,CAND-10017,РЕКРУТЕР,Разместить вакансию,Task,Алексей_2,2025-09-06 02:23:26,2025-09-06 03:24:26,61,,
98ca7e6f-96f7-4d33-afc2-0fe06678933a,VAC-1017,CAND-10017,РЕКРУТЕР,Собирать резюме,Task,Дмитрий_4,2025-09-06 04:24:26,2025-09-07 23:26:26,2582,,
98ca7e6f-96f7-4d33-afc2-0fe06678933a,VAC-1017,CAND-10017,РЕКРУТЕР,Скрининг,Task,Екатерина_7,2025-09-08 00:24:26,2025-09-08 00:48:26,24,passed,
98ca7e6f-96f7-4d33-afc2-0fe06678933a,VAC-1017,CAND-10017,ИНТЕРВЬЮЕРЫ,Назначить интервью,User Task,Сергей_3,2025-09-08 02:11:26,2025-09-08 02:48:26,37,,
98ca7e6f-96f7-4d33-afc2-0fe06678933a,VAC-1017,CAND-10017,ИНТЕРВЬЮЕРЫ,Интервью (раунд 1),User Task,Анна_5,2025-09-08 04:48:26,2025-09-08 06:06:26,78,passed,
98ca7e6f-96f7-4d33-afc2-0fe06678933a,VAC-1017,CAND-10017,ИНТЕРВЬЮЕРЫ,Интервью (раунд 2),User Task,Андрей_2,2025-09-08 08:58:26,2025-09-08 09:44:26,46,passed,
98ca7e6f-96f7-4d33-afc2-0fe06678933a,VAC-1017,CAND-10017,ИНТЕРВЬЮЕРЫ,Финальное интервью,User Task,Андрей_8,2025-09-08 11:45:26,2025-09-08 13:22:26,97,passed,
98ca7e6f-96f7-4d33-afc2-0fe06678933a,VAC-1017,CAND-10017,HR (ОФФЕР),Согласовать условия,User Task,Ольга_1,2025-09-08 17:07:26,2025-09-08 20:12:26,185,,
98ca7e6f-96f7-4d33-afc2-0fe06678933a,VAC-1017,CAND-10017,HR (ОФФЕР),Сгенерировать оффер,Service Task,Ольга_4,2025-09-08 20:32:26,2025-09-08 20:39:26,7,,
98ca7e6f-96f7-4d33-afc2-0fe06678933a,VAC-1017,CAND-10017,HR (ОФФЕР),Отправить оффер,Send Task,Ольга_4,2025-09-08 20:44:26,2025-09-08 20:54:26,10,sent,
98ca7e6f-96f7-4d33-afc2-0fe06678933a,VAC-1017,CAND-10017,SECURITY,Background Check,Call Activity,Служба_БД_9,2025-09-08 23:54:26,2025-09-13 02:17:26,5903,report_ready,
98ca7e6f-96f7-4d33-afc2-0fe06678933a,VAC-1017,CAND-10017,IT,Выдача оборудования,Task,IT_Specialist_6,2025-09-13 03:17:26,2025-09-13 05:11:26,114,,
98ca7e6f-96f7-4d33-afc2-0fe06678933a,VAC-1017,CAND-10017,IT,Создать доступы,Task,IT_Specialist_5,2025-09-13 05:41:26,2025-09-13 07:40:26,119,,
98ca7e6f-96f7-4d33-afc2-0fe06678933a,VAC-1017,CAND-10017,IT,Вводное обучение,Service Task,Ольга_4,2025-09-13 08:40:26,2025-09-13 14:16:26,336,,
98ca7e6f-96f7-4d33-afc2-0fe06678933a,VAC-1017,CAND-10017,HR,Назначить ментора,Task,Марина_4,2025-09-13 15:16:26,2025-09-13 15:53:26,37,,
98ca7e6f-96f7-4d33-afc2-0fe06678933a,VAC-1017,CAND-10017,HR,Уведомить всех,Message,system,2025-09-13 16:13:26,2025-09-13 16:18:26,5,notified,
98ca7e6f-96f7-4d33-afc2-0fe06678933a,VAC-1017,CAND-10017,HR,Обновить HCM,Service Task,Ольга_2,2025-09-13 16:48:26,2025-09-13 17:08:26,20,,
98ca7e6f-96f7-4d33-afc2-0fe06678933a,VAC-1017,CAND-10017,HR,Payroll,Service Task,Марина_9,2025-09-13 17:38:26,2025-09-13 17:58:26,20,,
98ca7e6f-96f7-4d33-afc2-0fe06678933a,VAC-1017,CAND-10017,HR,Закрыть вакансию,Service Task,Марина_3,2025-09-13 18:18:26,2025-09-13 18:23:26,5,,
9a1ce514-1086-483a-bfde-6f6957560bb7,VAC-1022,CAND-10022,РУКОВОДИТЕЛЬ,Создать заявку,User Task,Сидоров_1,2025-09-28 20:41:26,2025-09-28 20:56:26,15,,
9a1ce514-1086-483a-bfde-6f6957560bb7,VAC-1022,CAND-10022,HR,Зарегистрировать в HCM,Service Task,Ольга_5,2025-09-28 22:11:26,2025-09-28 22:44:26,33,,
9a1ce514-1086-483a-bfde-6f6957560bb7,VAC-1022,CAND-10022,РЕКРУТЕР,Разместить вакансию,Task,Алексей_1,2025-09-28 23:20:26,2025-09-28 23:51:26,31,,
9a1ce514-1086-483a-bfde-6f6957560bb7,VAC-1022,CAND-10022,РЕКРУТЕР,Собирать резюме,Task,Дмитрий_1,2025-09-29 00:51:26,2025-10-01 22:44:26,4193,,
9a1ce514-1086-483a-bfde-6f6957560bb7,VAC-1022,CAND-10022,РЕКРУТЕР,Скрининг,Task,Алексей_8,2025-10-01 23:42:26,2025-10-02 00:16:26,34,passed,
9a1ce514-1086-483a-bfde-6f6957560bb7,VAC-1022,CAND-10022,ИНТЕРВЬЮЕРЫ,Назначить интервью,User Task,Сергей_3,2025-10-02 01:32:26,2025-10-02 02:11:26,39,,
9a1ce514-1086-483a-bfde-6f6957560bb7,VAC-1022,CAND-10022,ИНТЕРВЬЮЕРЫ,Интервью (раунд 1),User Task,Сергей_6,2025-10-02 04:32:26,2025-10-02 06:19:26,107,rejected,поведенческий
9a3190eb-69e7-4bfa-8eb8-a919cac61ddc,VAC-1046,CAND-10046,РУКОВОДИТЕЛЬ,Создать заявку,User Task,Сидоров_2,2025-09-27 20:02:26,2025-09-27 20:38:26,36,,
9a3190eb-69e7-4bfa-8eb8-a919cac61ddc,VAC-1046,CAND-10046,HR,Зарегистрировать в HCM,Service Task,Марина_2,2025-09-27 21:14:26,2025-09-27 21:34:26,20,,
9a3190eb-69e7-4bfa-8eb8-a919cac61ddc,VAC-1046,CAND-10046,РЕКРУТЕР,Разместить вакансию,Task,Екатерина_9,2025-09-27 23:59:26,2025-09-28 01:18:26,79,,
9a3190eb-69e7-4bfa-8eb8-a919cac61ddc,VAC-1046,CAND-10046,РЕКРУТЕР,Собирать резюме,Task,Алексей_9,2025-09-28 02:18:26,2025-09-30 01:49:26,2851,,
9a3190eb-69e7-4bfa-8eb8-a919cac61ddc,VAC-1046,CAND-10046,РЕКРУТЕР,Скрининг,Task,Алексей_3,2025-09-30 02:39:26,2025-09-30 03:07:26,28,passed,
9a3190eb-69e7-4bfa-8eb8-a919cac61ddc,VAC-1046,CAND-10046,ИНТЕРВЬЮЕРЫ,Назначить интервью,User Task,Андрей_9,2025-09-30 03:34:26,2025-09-30 04:10:26,36,,
9a3190eb-69e7-4bfa-8eb8-a919cac61ddc,VAC-1046,CAND-10046,ИНТЕРВЬЮЕРЫ,Интервью (раунд 1),User Task,Анна_4,2025-09-30 05:22:26,2025-09-30 06:27:26,65,passed,
9a3190eb-69e7-4bfa-8eb8-a919cac61ddc,VAC-1046,CAND-10046,ИНТЕРВЬЮЕРЫ,Финальное интервью,User Task,Андрей_5,2025-09-30 08:55:26,2025-09-30 10:46:26,111,rejected,финал не пройден
9ad64439-44e0-4df9-b2b6-e5ba8600deef,VAC-1149,CAND-10149,РУКОВОДИТЕЛЬ,Создать заявку,User Task,Иванов_3,2025-09-01 22:43:26,2025-09-01 23:37:26,54,,
9ad64439-44e0-4df9-b2b6-e5ba8600deef,VAC-1149,CAND-10149,HR,Зарегистрировать в HCM,Service Task,Марина_5,2025-09-02 01:30:26,2025-09-02 02:03:26,33,,
9ad64439-44e0-4df9-b2b6-e5ba8600deef,VAC-1149,CAND-10149,РЕКРУТЕР,Разместить вакансию,Task,Алексей_9,2025-09-02 04:32:26,2025-09-02 05:58:26,86,,
9ad64439-44e0-4df9-b2b6-e5ba8600deef,VAC-1149,CAND-10149,РЕКРУТЕР,Собирать резюме,Task,Алексей_4,2025-09-02 06:58:26,2025-09-05 00:36:26,3938,,
9ad64439-44e0-4df9-b2b6-e5ba8600deef,VAC-1149,CAND-10149,РЕКРУТЕР,Скрининг,Task,Екатерина_2,2025-09-05 01:16:26,2025-09-05 01:46:26,30,passed,
9ad64439-44e0-4df9-b2b6-e5ba8600deef,VAC-1149,CAND-10149,ИНТЕРВЬЮЕРЫ,Назначить интервью,User Task,Анна_5,2025-09-05 03:15:26,2025-09-05 03:50:26,35,,
9ad64439-44e0-4df9-b2b6-e5ba8600deef,VAC-1149,CAND-10149,ИНТЕРВЬЮЕРЫ,Интервью (раунд 1),User Task,Сергей_8,2025-09-05 05:47:26,2025-09-05 07:40:26,113,passed,
9ad64439-44e0-4df9-b2b6-e5ba8600deef,VAC-1149,CAND-10149,ИНТЕРВЬЮЕРЫ,Интервью (раунд 2),User Task,Сергей_7,2025-09-05 10:21:26,2025-09-05 12:06:26,105,passed,
9ad64439-44e0-4df9-b2b6-e5ba8600deef,VAC-1149,CAND-10149,ИНТЕРВЬЮЕРЫ,Финальное интервью,User Task,Андрей_5,2025-09-05 14:36:26,2025-09-05 15:58:26,82,passed,
9ad64439-44e0-4df9-b2b6-e5ba8600deef,VAC-1149,CAND-10149,HR (ОФФЕР),Согласовать условия,User Task,Ольга_1,2025-09-05 20:04:26,2025-09-05 23:28:26,204,,
9ad64439-44e0-4df9-b2b6-e5ba8600deef,VAC-1149,CAND-10149,HR (ОФФЕР),Сгенерировать оффер,Service Task,Ольга_3,2025-09-05 23:48:26,2025-09-06 00:13:26,25,,
9ad64439-44e0-4df9-b2b6-e5ba8600deef,VAC-1149,CAND-10149,HR (ОФФЕР),Отправить оффер,Send Task,Марина_1,2025-09-06 00:18:26,2025-09-06 00:28:26,10,sent,
9ad64439-44e0-4df9-b2b6-e5ba8600deef,VAC-1149,CAND-10149,SECURITY,Background Check,Call Activity,Служба_БД_5,2025-09-06 03:28:26,2025-09-09 19:18:26,5270,report_ready,
9ad64439-44e0-4df9-b2b6-e5ba8600deef,VAC-1149,CAND-10149,IT,Выдача оборудования,Task,IT_Specialist_5,2025-09-09 20:18:26,2025-09-09 21:34:26,76,,
9ad64439-44e0-4df9-b2b6-e5ba8600deef,VAC-1149,CAND-10149,IT,Создать доступы,Task,IT_Specialist_5,2025-09-09 22:04:26,2025-09-09 23:06:26,62,,
9ad64439-44e0-4df9-b2b6-e5ba8600deef,VAC-1149,CAND-10149,IT,Вводное обучение,Service Task,Ольга_1,2025-09-10 00:06:26,2025-09-10 05:26:26,320,,
9ad64439-44e0-4df9-b2b6-e5ba8600deef,VAC-1149,CAND-10149,HR,Назначить ментора,Task,Наталья_3,2025-09-10 06:26:26,2025-09-10 07:43:26,77,,
9ad64439-44e0-4df9-b2b6-e5ba8600deef,VAC-1149,CAND-10149,HR,Уведомить всех,Message,system,2025-09-10 08:03:26,2025-09-10 08:08:26,5,notified,
9ad64439-44e0-4df9-b2b6-e5ba8600deef,VAC-1149,CAND-10149,HR,Обновить HCM,Service Task,Марина_3,2025-09-10 08:38:26,2025-09-10 08:58:26,20,,
9ad64439-44e0-4df9-b2b6-e5ba8600deef,VAC-1149,CAND-10149,HR,Payroll,Service Task,Марина_8,2025-09-10 09:28:26,2025-09-10 09:48:26,20,,
9ad64439-44e0-4df9-b2b6-e5ba8600deef,VAC-1149,CAND-10149,HR,Закрыть вакансию,Service Task,Ольга_3,2025-09-10 10:08:26,2025-09-10 10:13:26,5,,
9bdb80f6-e554-4253-978b-71813cd52e52,VAC-1161,CAND-10161,РУКОВОДИТЕЛЬ,Создать заявку,User Task,Сидоров_1,2025-09-15 15:15:26,2025-09-15 16:09:26,54,,
9bdb80f6-e554-4253-978b-71813cd52e52,VAC-1161,CAND-10161,HR,Зарегистрировать в HCM,Service Task,Наталья_8,2025-09-15 17:04:26,2025-09-15 17:18:26,14,,
9bdb80f6-e554-4253-978b-71813cd52e52,VAC-1161,CAND-10161,РЕКРУТЕР,Разместить вакансию,Task,Алексей_6,2025-09-15 19:45:26,2025-09-15 20:58:26,73,,
9bdb80f6-e554-4253-978b-71813cd52e52,VAC-1161,CAND-10161,РЕКРУТЕР,Собирать резюме,Task,Дмитрий_3,2025-09-15 21:58:26,2025-09-17 12:58:26,2340,,
9bdb80f6-e554-4253-978b-71813cd52e52,VAC-1161,CAND-10161,РЕКРУТЕР,Скрининг,Task,Екатерина_3,2025-09-17 13:58:26,2025-09-17 14:33:26,35,passed,
9bdb80f6-e554-4253-978b-71813cd52e52,VAC-1161,CAND-10161,ИНТЕРВЬЮЕРЫ,Назначить интервью,User Task,Андрей_2,2025-09-17 16:03:26,2025-09-17 16:40:26,37,,
9bdb80f6-e554-4253-978b-71813cd52e52,VAC-1161,CAND-10161,ИНТЕРВЬЮЕРЫ,Интервью (раунд 1),User Task,Андрей_8,2025-09-17 19:23:26,2025-09-17 21:10:26,107,rejected,поведенческий
9d9eb158-8bba-4f88-ad74-984cd75e1cb8,VAC-1177,CAND-10177,РУКОВОДИТЕЛЬ,Создать заявку,User Task,Иванов_7,2025-08-25 23:44:26,2025-08-26 00:37:26,53,,
9d9eb158-8bba-4f88-ad74-984cd75e1cb8,VAC-1177,CAND-10177,HR,Зарегистрировать в HCM,Service Task,Марина_2,2025-08-26 01:53:26,2025-08-26 02:19:26,26,,
9d9eb158-8bba-4f88-ad74-984cd75e1cb8,VAC-1177,CAND-10177,РЕКРУТЕР,Разместить вакансию,Task,Дмитрий_7,2025-08-26 03:19:26,2025-08-26 03:57:26,38,,
9d9eb158-8bba-4f88-ad74-984cd75e1cb8,VAC-1177,CAND-10177,РЕКРУТЕР,Собирать резюме,Task,Екатерина_2,2025-08-26 04:57:26,2025-08-29 04:23:26,4286,,
9d9eb158-8bba-4f88-ad74-984cd75e1cb8,VAC-1177,CAND-10177,РЕКРУТЕР,Скрининг,Task,Алексей_2,2025-08-29 05:20:26,2025-08-29 05:59:26,39,passed,
9d9eb158-8bba-4f88-ad74-984cd75e1cb8,VAC-1177,CAND-10177,ИНТЕРВЬЮЕРЫ,Назначить интервью,User Task,Андрей_7,2025-08-29 06:44:26,2025-08-29 07:04:26,20,,
9d9eb158-8bba-4f88-ad74-984cd75e1cb8,VAC-1177,CAND-10177,ИНТЕРВЬЮЕРЫ,Интервью (раунд 1),User Task,Анна_5,2025-08-29 09:22:26,2025-08-29 11:10:26,108,passed,
9d9eb158-8bba-4f88-ad74-984cd75e1cb8,VAC-1177,CAND-10177,ИНТЕРВЬЮЕРЫ,Финальное интервью,User Task,Анна_7,2025-08-29 15:23:26,2025-08-29 16:59:26,96,passed,
9d9eb158-8bba-4f88-ad74-984cd75e1cb8,VAC-1177,CAND-10177,HR (ОФФЕР),Согласовать условия,User Task,Ольга_3,2025-08-29 20:03:26,2025-08-29 23:13:26,190,,
9d9eb158-8bba-4f88-ad74-984cd75e1cb8,VAC-1177,CAND-10177,HR (ОФФЕР),Сгенерировать оффер,Service Task,Ольга_2,2025-08-29 23:33:26,2025-08-30 00:02:26,29,,
9d9eb158-8bba-4f88-ad74-984cd75e1cb8,VAC-1177,CAND-10177,HR (ОФФЕР),Отправить оффер,Send Task,Наталья_5,2025-08-30 00:07:26,2025-08-30 00:17:26,10,sent,
9d9eb158-8bba-4f88-ad74-984cd75e1cb8,VAC-1177,CAND-10177,SECURITY,Background Check,Call Activity,Служба_БД_1,2025-08-30 03:17:26,2025-09-02 10:47:26,4770,report_ready,
9d9eb158-8bba-4f88-ad74-984cd75e1cb8,VAC-1177,CAND-10177,IT,Выдача оборудования,Task,IT_Specialist_8,2025-09-02 11:47:26,2025-09-02 12:53:26,66,,
9d9eb158-8bba-4f88-ad74-984cd75e1cb8,VAC-1177,CAND-10177,IT,Создать доступы,Task,IT_Specialist_3,2025-09-02 13:23:26,2025-09-02 15:19:26,116,,
9d9eb158-8bba-4f88-ad74-984cd75e1cb8,VAC-1177,CAND-10177,IT,Вводное обучение,Service Task,Марина_6,2025-09-02 16:19:26,2025-09-02 22:34:26,375,,
9d9eb158-8bba-4f88-ad74-984cd75e1cb8,VAC-1177,CAND-10177,HR,Назначить ментора,Task,Ольга_2,2025-09-02 23:34:26,2025-09-03 00:13:26,39,,
9d9eb158-8bba-4f88-ad74-984cd75e1cb8,VAC-1177,CAND-10177,HR,Уведомить всех,Message,system,2025-09-03 00:33:26,2025-09-03 00:38:26,5,notified,
9d9eb158-8bba-4f88-ad74-984cd75e1cb8,VAC-1177,CAND-10177,HR,Обновить HCM,Service Task,Наталья_9,2025-09-03 01:08:26,2025-09-03 01:28:26,20,,
9d9eb158-8bba-4f88-ad74-984cd75e1cb8,VAC-1177,CAND-10177,HR,Payroll,Service Task,Ольга_8,2025-09-03 01:58:26,2025-09-03 02:18:26,20,,
9d9eb158-8bba-4f88-ad74-984cd75e1cb8,VAC-1177,CAND-10177,HR,Закрыть вакансию,Service Task,Наталья_5,2025-09-03 02:38:26,2025-09-03 02:43:26,5,,
9e0bd94a-d012-48d0-9d50-7c2b1287bf0b,VAC-1150,CAND-10150,РУКОВОДИТЕЛЬ,Создать заявку,User Task,Сидоров_1,2025-09-10 16:44:26,2025-09-10 17:05:26,21,,
9e0bd94a-d012-48d0-9d50-7c2b1287bf0b,VAC-1150,CAND-10150,HR,Зарегистрировать в HCM,Service Task,Наталья_3,2025-09-10 18:08:26,2025-09-10 18:20:26,12,,
9e0bd94a-d012-48d0-9d50-7c2b1287bf0b,VAC-1150,CAND-10150,РЕКРУТЕР,Разместить вакансию,Task,Дмитрий_7,2025-09-10 20:56:26,2025-09-10 22:52:26,116,,
9e0bd94a-d012-48d0-9d50-7c2b1287bf0b,VAC-1150,CAND-10150,РЕКРУТЕР,Собирать резюме,Task,Екатерина_8,2025-09-10 23:52:26,2025-09-12 16:06:26,2414,,
9e0bd94a-d012-48d0-9d50-7c2b1287bf0b,VAC-1150,CAND-10150,РЕКРУТЕР,Скрининг,Task,Алексей_4,2025-09-12 17:02:26,2025-09-12 17:32:26,30,passed,
9e0bd94a-d012-48d0-9d50-7c2b1287bf0b,VAC-1150,CAND-10150,ИНТЕРВЬЮЕРЫ,Назначить интервью,User Task,Анна_5,2025-09-12 18:36:26,2025-09-12 18:47:26,11,,
9e0bd94a-d012-48d0-9d50-7c2b1287bf0b,VAC-1150,CAND-10150,ИНТЕРВЬЮЕРЫ,Интервью (раунд 1),User Task,Сергей_8,2025-09-12 19:46:26,2025-09-12 20:37:26,51,passed,
9e0bd94a-d012-48d0-9d50-7c2b1287bf0b,VAC-1150,CAND-10150,ИНТЕРВЬЮЕРЫ,Интервью (раунд 2),User Task,Анна_4,2025-09-12 22:24:26,2025-09-13 00:09:26,105,rejected,поведенческий
9f469f9a-23f7-4f9d-87ee-4dfbaa652ee3,VAC-1054,CAND-10054,РУКОВОДИТЕЛЬ,Создать заявку,User Task,Петров_1,2025-10-14 20:24:26,2025-10-14 21:21:26,57,,
9f469f9a-23f7-4f9d-87ee-4dfbaa652ee3,VAC-1054,CAND-10054,HR,Зарегистрировать в HCM,Service Task,Марина_2,2025-10-14 21:42:26,2025-10-14 22:01:26,19,,
9f469f9a-23f7-4f9d-87ee-4dfbaa652ee3,VAC-1054,CAND-10054,РЕКРУТЕР,Разместить вакансию,Task,Дмитрий_9,2025-10-14 23:56:26,2025-10-15 00:52:26,56,,
9f469f9a-23f7-4f9d-87ee-4dfbaa652ee3,VAC-1054,CAND-10054,РЕКРУТЕР,Собирать резюме,Task,Дмитрий_3,2025-10-15 01:52:26,2025-10-17 13:39:26,3587,,
9f469f9a-23f7-4f9d-87ee-4dfbaa652ee3,VAC-1054,CAND-10054,РЕКРУТЕР,Скрининг,Task,Дмитрий_4,2025-10-17 14:21:26,2025-10-17 14:45:26,24,rejected,некорректное резюме
a289a181-d291-4632-bbe9-2fbb4f6a3ff7,VAC-1195,CAND-10195,РУКОВОДИТЕЛЬ,Создать заявку,User Task,Петров_8,2025-09-26 16:50:26,2025-09-26 17:43:26,53,,
a289a181-d291-4632-bbe9-2fbb4f6a3ff7,VAC-1195,CAND-10195,HR,Зарегистрировать в HCM,Service Task,Ольга_7,2025-09-26 18:19:26,2025-09-26 18:57:26,38,,
a289a181-d291-4632-bbe9-2fbb4f6a3ff7,VAC-1195,CAND-10195,РЕКРУТЕР,Разместить вакансию,Task,Екатерина_6,2025-09-26 21:13:26,2025-09-26 22:59:26,106,,
a289a181-d291-4632-bbe9-2fbb4f6a3ff7,VAC-1195,CAND-10195,РЕКРУТЕР,Собирать резюме,Task,Алексей_4,2025-09-26 23:59:26,2025-09-29 08:13:26,3374,,
a289a181-d291-4632-bbe9-2fbb4f6a3ff7,VAC-1195,CAND-10195,РЕКРУТЕР,Скрининг,Task,Екатерина_2,2025-09-29 08:41:26,2025-09-29 09:13:26,32,passed,
a289a181-d291-4632-bbe9-2fbb4f6a3ff7,VAC-1195,CAND-10195,ИНТЕРВЬЮЕРЫ,Назначить интервью,User Task,Андрей_3,2025-09-29 09:49:26,2025-09-29 10:04:26,15,,
a289a181-d291-4632-bbe9-2fbb4f6a3ff7,VAC-1195,CAND-10195,ИНТЕРВЬЮЕРЫ,Интервью (раунд 1),User Task,Сергей_5,2025-09-29 10:59:26,2025-09-29 12:37:26,98,rejected,недостаточно навыков
a340c0bf-e199-4b8c-8d25-e9655d13d490,VAC-1006,CAND-10006,РУКОВОДИТЕЛЬ,Создать заявку,User Task,Петров_1,2025-10-11 21:16:26,2025-10-11 22:13:26,57,,
a340c0bf-e199-4b8c-8d25-e9655d13d490,VAC-1006,CAND-10006,HR,Зарегистрировать в HCM,Service Task,Ольга_9,2025-10-11 22:39:26,2025-10-11 23:07:26,28,,
a340c0bf-e199-4b8c-8d25-e9655d13d490,VAC-1006,CAND-10006,РЕКРУТЕР,Разместить вакансию,Task,Алексей_9,2025-10-12 01:52:26,2025-10-12 02:32:26,40,,
a340c0bf-e199-4b8c-8d25-e9655d13d490,VAC-1006,CAND-10006,РЕКРУТЕР,Собирать резюме,Task,Алексей_2,2025-10-12 03:32:26,2025-10-13 09:00:26,1768,,
a340c0bf-e199-4b8c-8d25-e9655d13d490,VAC-1006,CAND-10006,РЕКРУТЕР,Скрининг,Task,Екатерина_4,2025-10-13 09:48:26,2025-10-13 10:00:26,12,passed,
a340c0bf-e199-4b8c-8d25-e9655d13d490,VAC-1006,CAND-10006,ИНТЕРВЬЮЕРЫ,Назначить интервью,User Task,Анна_1,2025-10-13 11:32:26,2025-10-13 11:49:26,17,,
a340c0bf-e199-4b8c-8d25-e9655d13d490,VAC-1006,CAND-10006,ИНТЕРВЬЮЕРЫ,Интервью (раунд 1),User Task,Сергей_5,2025-10-13 14:06:26,2025-10-13 16:05:26,119,passed,
a340c0bf-e199-4b8c-8d25-e9655d13d490,VAC-1006,CAND-10006,ИНТЕРВЬЮЕРЫ,Интервью (раунд 2),User Task,Сергей_3,2025-10-13 17:27:26,2025-10-13 18:52:26,85,passed,
a340c0bf-e199-4b8c-8d25-e9655d13d490,VAC-1006,CAND-10006,ИНТЕРВЬЮЕРЫ,Финальное интервью,User Task,Андрей_1,2025-10-13 22:43:26,2025-10-14 00:06:26,83,passed,
a340c0bf-e199-4b8c-8d25-e9655d13d490,VAC-1006,CAND-10006,HR (ОФФЕР),Согласовать условия,User Task,Марина_2,2025-10-14 03:03:26,2025-10-14 06:42:26,219,,
a340c0bf-e199-4b8c-8d25-e9655d13d490,VAC-1006,CAND-10006,HR (ОФФЕР),Сгенерировать оффер,Service Task,Марина_4,2025-10-14 07:02:26,2025-10-14 07:09:26,7,,
a340c0bf-e199-4b8c-8d25-e9655d13d490,VAC-1006,CAND-10006,HR (ОФФЕР),Отправить оффер,Send Task,Марина_5,2025-10-14 07:14:26,2025-10-14 07:24:26,10,sent,
a340c0bf-e199-4b8c-8d25-e9655d13d490,VAC-1006,CAND-10006,SECURITY,Background Check,Call Activity,Служба_БД_4,2025-10-14 10:24:26,2025-10-18 10:03:26,5739,report_ready,
a340c0bf-e199-4b8c-8d25-e9655d13d490,VAC-1006,CAND-10006,IT,Выдача оборудования,Task,IT_Specialist_9,2025-10-18 11:03:26,2025-10-18 12:23:26,80,,
a340c0bf-e199-4b8c-8d25-e9655d13d490,VAC-1006,CAND-10006,IT,Создать доступы,Task,IT_Specialist_9,2025-10-18 12:53:26,2025-10-18 14:53:26,120,,
a340c0bf-e199-4b8c-8d25-e9655d13d490,VAC-1006,CAND-10006,IT,Вводное обучение,Service Task,Марина_9,2025-10-18 15:53:26,2025-10-18 18:57:26,184,,
a340c0bf-e199-4b8c-8d25-e9655d13d490,VAC-1006,CAND-10006,HR,Назначить ментора,Task,Марина_2,2025-10-18 19:57:26,2025-10-18 20:46:26,49,,
a340c0bf-e199-4b8c-8d25-e9655d13d490,VAC-1006,CAND-10006,HR,Уведомить всех,Message,system,2025-10-18 21:06:26,2025-10-18 21:11:26,5,notified,
a340c0bf-e199-4b8c-8d25-e9655d13d490,VAC-1006,CAND-10006,HR,Обновить HCM,Service Task,Наталья_5,2025-10-18 21:41:26,2025-10-18 22:01:26,20,,
a340c0bf-e199-4b8c-8d25-e9655d13d490,VAC-1006,CAND-10006,HR,Payroll,Service Task,Наталья_2,2025-10-18 22:31:26,2025-10-18 22:51:26,20,,
a340c0bf-e199-4b8c-8d25-e9655d13d490,VAC-1006,CAND-10006,HR,Закрыть вакансию,Service Task,Марина_9,2025-10-18 23:11:26,2025-10-18 23:16:26,5,,
a40bf160-4740-4297-890b-e6163a64c74a,VAC-1049,CAND-10049,РУКОВОДИТЕЛЬ,Создать заявку,User Task,Иванов_6,2025-09-19 13:49:26,2025-09-19 14:34:26,45,,
a40bf160-4740-4297-890b-e6163a64c74a,VAC-1049,CAND-10049,HR,Зарегистрировать в HCM,Service Task,Наталья_7,2025-09-19 16:04:26,2025-09-19 16:23:26,19,,
a40bf160-4740-4297-890b-e6163a64c74a,VAC-1049,CAND-10049,РЕКРУТЕР,Разместить вакансию,Task,Екатерина_5,2025-09-19 19:02:26,2025-09-19 20:19:26,77,,
a40bf160-4740-4297-890b-e6163a64c74a,VAC-1049,CAND-10049,РЕКРУТЕР,Собирать резюме,Task,Екатерина_2,2025-09-19 21:19:26,2025-09-22 15:51:26,3992,,
a40bf160-4740-4297-890b-e6163a64c74a,VAC-1049,CAND-10049,РЕКРУТЕР,Скрининг,Task,Дмитрий_6,2025-09-22 16:09:26,2025-09-22 16:22:26,13,rejected,некорректное резюме
a7fea23a-1e72-4ae0-b676-33fbe8a79d5e,VAC-1091,CAND-10091,РУКОВОДИТЕЛЬ,Создать заявку,User Task,Сидоров_2,2025-09-20 15:22:26,2025-09-20 16:08:26,46,,
a7fea23a-1e72-4ae0-b676-33fbe8a79d5e,VAC-1091,CAND-10091,HR,Зарегистрировать в HCM,Service Task,Наталья_5,2025-09-20 16:41:26,2025-09-20 17:09:26,28,,
a7fea23a-1e72-4ae0-b676-33fbe8a79d5e,VAC-1091,CAND-10091,РЕКРУТЕР,Разместить вакансию,Task,Дмитрий_5,2025-09-20 19:56:26,2025-09-20 21:00:26,64,,
a7fea23a-1e72-4ae0-b676-33fbe8a79d5e,VAC-1091,CAND-10091,РЕКРУТЕР,Собирать резюме,Task,Екатерина_8,2025-09-20 22:00:26,2025-09-23 00:08:26,3008,,
a7fea23a-1e72-4ae0-b676-33fbe8a79d5e,VAC-1091,CAND-10091,РЕКРУТЕР,Скрининг,Task,Дмитрий_1,2025-09-23 00:54:26,2025-09-23 01:23:26,29,passed,
a7fea23a-1e72-4ae0-b676-33fbe8a79d5e,VAC-1091,CAND-10091,ИНТЕРВЬЮЕРЫ,Назначить интервью,User Task,Анна_7,2025-09-23 02:34:26,2025-09-23 02:48:26,14,,
a7fea23a-1e72-4ae0-b676-33fbe8a79d5e,VAC-1091,CAND-10091,ИНТЕРВЬЮЕРЫ,Интервью (раунд 1),User Task,Сергей_5,2025-09-23 04:42:26,2025-09-23 05:57:26,75,passed,
a7fea23a-1e72-4ae0-b676-33fbe8a79d5e,VAC-1091,CAND-10091,ИНТЕРВЬЮЕРЫ,Финальное интервью,User Task,Сергей_5,2025-09-23 10:46:26,2025-09-23 12:18:26,92,passed,
a7fea23a-1e72-4ae0-b676-33fbe8a79d5e,VAC-1091,CAND-10091,HR (ОФФЕР),Согласовать условия,User Task,Марина_2,2025-09-23 14:29:26,2025-09-23 17:34:26,185,,
a7fea23a-1e72-4ae0-b676-33fbe8a79d5e,VAC-1091,CAND-10091,HR (ОФФЕР),Сгенерировать оффер,Service Task,Наталья_5,2025-09-23 17:54:26,2025-09-23 18:06:26,12,,
a7fea23a-1e72-4ae0-b676-33fbe8a79d5e,VAC-1091,CAND-10091,HR (ОФФЕР),Отправить оффер,Send Task,Марина_8,2025-09-23 18:11:26,2025-09-23 18:21:26,10,sent,
a7fea23a-1e72-4ae0-b676-33fbe8a79d5e,VAC-1091,CAND-10091,SECURITY,Background Check,Call Activity,Служба_БД_7,2025-09-23 21:21:26,2025-09-27 17:09:26,5508,report_ready,
a7fea23a-1e72-4ae0-b676-33fbe8a79d5e,VAC-1091,CAND-10091,IT,Выдача оборудования,Task,IT_Specialist_8,2025-09-27 18:09:26,2025-09-27 19:20:26,71,,
a7fea23a-1e72-4ae0-b676-33fbe8a79d5e,VAC-1091,CAND-10091,IT,Создать доступы,Task,IT_Specialist_8,2025-09-27 19:50:26,2025-09-27 20:47:26,57,,
a7fea23a-1e72-4ae0-b676-33fbe8a79d5e,VAC-1091,CAND-10091,IT,Вводное обучение,Service Task,Ольга_1,2025-09-27 21:47:26,2025-09-28 05:11:26,444,,
a7fea23a-1e72-4ae0-b676-33fbe8a79d5e,VAC-1091,CAND-10091,HR,Назначить ментора,Task,Наталья_2,2025-09-28 06:11:26,2025-09-28 07:13:26,62,,
a7fea23a-1e72-4ae0-b676-33fbe8a79d5e,VAC-1091,CAND-10091,HR,Уведомить всех,Message,system,2025-09-28 07:33:26,2025-09-28 07:38:26,5,notified,
a7fea23a-1e72-4ae0-b676-33fbe8a79d5e,VAC-1091,CAND-10091,HR,Обновить HCM,Service Task,Ольга_9,2025-09-28 08:08:26,2025-09-28 08:28:26,20,,
a7fea23a-1e72-4ae0-b676-33fbe8a79d5e,VAC-1091,CAND-10091,HR,Payroll,Service Task,Ольга_3,2025-09-28 08:58:26,2025-09-28 09:18:26,20,,
a7fea23a-1e72-4ae0-b676-33fbe8a79d5e,VAC-1091,CAND-10091,HR,Закрыть вакансию,Service Task,Марина_1,2025-09-28 09:38:26,2025-09-28 09:43:26,5,,
a82ed92a-79e9-4705-aa4d-afd75ba1c0ac,VAC-1072,CAND-10072,РУКОВОДИТЕЛЬ,Создать заявку,User Task,Иванов_5,2025-09-21 15:00:26,2025-09-21 15:51:26,51,,
a82ed92a-79e9-4705-aa4d-afd75ba1c0ac,VAC-1072,CAND-10072,HR,Зарегистрировать в HCM,Service Task,Ольга_6,2025-09-21 16:15:26,2025-09-21 16:39:26,24,,
a82ed92a-79e9-4705-aa4d-afd75ba1c0ac,VAC-1072,CAND-10072,РЕКРУТЕР,Разместить вакансию,Task,Алексей_4,2025-09-21 17:31:26,2025-09-21 18:47:26,76,,
a82ed92a-79e9-4705-aa4d-afd75ba1c0ac,VAC-1072,CAND-10072,РЕКРУТЕР,Собирать резюме,Task,Екатерина_6,2025-09-21 19:47:26,2025-09-23 10:06:26,2299,,
a82ed92a-79e9-4705-aa4d-afd75ba1c0ac,VAC-1072,CAND-10072,РЕКРУТЕР,Скрининг,Task,Екатерина_7,2025-09-23 11:01:26,2025-09-23 11:30:26,29,passed,
a82ed92a-79e9-4705-aa4d-afd75ba1c0ac,VAC-1072,CAND-10072,ИНТЕРВЬЮЕРЫ,Назначить интервью,User Task,Андрей_4,2025-09-23 12:07:26,2025-09-23 12:42:26,35,,
a82ed92a-79e9-4705-aa4d-afd75ba1c0ac,VAC-1072,CAND-10072,ИНТЕРВЬЮЕРЫ,Интервью (раунд 1),User Task,Анна_9,2025-09-23 15:37:26,2025-09-23 17:06:26,89,passed,
a82ed92a-79e9-4705-aa4d-afd75ba1c0ac,VAC-1072,CAND-10072,ИНТЕРВЬЮЕРЫ,Интервью (раунд 2),User Task,Сергей_5,2025-09-23 18:19:26,2025-09-23 19:45:26,86,rejected,культурный профиль
a8705ba9-b501-45f9-b9c2-13a2b2b16899,VAC-1010,CAND-10010,РУКОВОДИТЕЛЬ,Создать заявку,User Task,Петров_6,2025-09-17 19:17:26,2025-09-17 20:09:26,52,,
a8705ba9-b501-45f9-b9c2-13a2b2b16899,VAC-1010,CAND-10010,HR,Зарегистрировать в HCM,Service Task,Наталья_5,2025-09-17 21:53:26,2025-09-17 22:30:26,37,,
a8705ba9-b501-45f9-b9c2-13a2b2b16899,VAC-1010,CAND-10010,РЕКРУТЕР,Разместить вакансию,Task,Екатерина_7,2025-09-18 01:09:26,2025-09-18 02:08:26,59,,
a8705ba9-b501-45f9-b9c2-13a2b2b16899,VAC-1010,CAND-10010,РЕКРУТЕР,Собирать резюме,Task,Дмитрий_5,2025-09-18 03:08:26,2025-09-20 01:24:26,2776,,
a8705ba9-b501-45f9-b9c2-13a2b2b16899,VAC-1010,CAND-10010,РЕКРУТЕР,Скрининг,Task,Алексей_7,2025-09-20 02:09:26,2025-09-20 02:23:26,14,passed,
a8705ba9-b501-45f9-b9c2-13a2b2b16899,VAC-1010,CAND-10010,ИНТЕРВЬЮЕРЫ,Назначить интервью,User Task,Анна_3,2025-09-20 03:31:26,2025-09-20 04:02:26,31,,
a8705ba9-b501-45f9-b9c2-13a2b2b16899,VAC-1010,CAND-10010,ИНТЕРВЬЮЕРЫ,Интервью (раунд 1),User Task,Андрей_5,2025-09-20 05:49:26,2025-09-20 07:25:26,96,passed,
a8705ba9-b501-45f9-b9c2-13a2b2b16899,VAC-1010,CAND-10010,ИНТЕРВЬЮЕРЫ,Интервью (раунд 2),User Task,Анна_6,2025-09-20 09:08:26,2025-09-20 10:19:26,71,passed,
a8705ba9-b501-45f9-b9c2-13a2b2b16899,VAC-1010,CAND-10010,ИНТЕРВЬЮЕРЫ,Финальное интервью,User Task,Андрей_9,2025-09-20 13:18:26,2025-09-20 14:59:26,101,passed,
a8705ba9-b501-45f9-b9c2-13a2b2b16899,VAC-1010,CAND-10010,HR (ОФФЕР),Согласовать условия,User Task,Марина_2,2025-09-20 18:00:26,2025-09-20 19:43:26,103,,
a8705ba9-b501-45f9-b9c2-13a2b2b16899,VAC-1010,CAND-10010,HR (ОФФЕР),Сгенерировать оффер,Service Task,Марина_6,2025-09-20 20:03:26,2025-09-20 20:17:26,14,,
a8705ba9-b501-45f9-b9c2-13a2b2b16899,VAC-1010,CAND-10010,HR (ОФФЕР),Отправить оффер,Send Task,Наталья_4,2025-09-20 20:22:26,2025-09-20 20:32:26,10,sent,
a8705ba9-b501-45f9-b9c2-13a2b2b16899,VAC-1010,CAND-10010,SECURITY,Background Check,Call Activity,Служба_БД_3,2025-09-20 23:32:26,2025-09-24 06:12:26,4720,report_ready,
a8705ba9-b501-45f9-b9c2-13a2b2b16899,VAC-1010,CAND-10010,IT,Выдача оборудования,Task,IT_Specialist_2,2025-09-24 07:12:26,2025-09-24 08:43:26,91,,
a8705ba9-b501-45f9-b9c2-13a2b2b16899,VAC-1010,CAND-10010,IT,Создать доступы,Task,IT_Specialist_4,2025-09-24 09:13:26,2025-09-24 10:41:26,88,,
a8705ba9-b501-45f9-b9c2-13a2b2b16899,VAC-1010,CAND-10010,IT,Вводное обучение,Service Task,Ольга_7,2025-09-24 11:41:26,2025-09-24 17:57:26,376,,
a8705ba9-b501-45f9-b9c2-13a2b2b16899,VAC-1010,CAND-10010,HR,Назначить ментора,Task,Наталья_1,2025-09-24 18:57:26,2025-09-24 19:42:26,45,,
a8705ba9-b501-45f9-b9c2-13a2b2b16899,VAC-1010,CAND-10010,HR,Уведомить всех,Message,system,2025-09-24 20:02:26,2025-09-24 20:07:26,5,notified,
a8705ba9-b501-45f9-b9c2-13a2b2b16899,VAC-1010,CAND-10010,HR,Обновить HCM,Service Task,Наталья_7,2025-09-24 20:37:26,2025-09-24 20:57:26,20,,
a8705ba9-b501-45f9-b9c2-13a2b2b16899,VAC-1010,CAND-10010,HR,Payroll,Service Task,Наталья_3,2025-09-24 21:27:26,2025-09-24 21:47:26,20,,
a8705ba9-b501-45f9-b9c2-13a2b2b16899,VAC-1010,CAND-10010,HR,Закрыть вакансию,Service Task,Марина_9,2025-09-24 22:07:26,2025-09-24 22:12:26,5,,
a8a092f8-cd68-40c9-9ac6-e518da279bb2,VAC-1118,CAND-10118,РУКОВОДИТЕЛЬ,Создать заявку,User Task,Сидоров_1,2025-10-03 23:46:26,2025-10-04 00:14:26,28,,
a8a092f8-cd68-40c9-9ac6-e518da279bb2,VAC-1118,CAND-10118,HR,Зарегистрировать в HCM,Service Task,Наталья_8,2025-10-04 02:13:26,2025-10-04 02:49:26,36,,
a8a092f8-cd68-40c9-9ac6-e518da279bb2,VAC-1118,CAND-10118,РЕКРУТЕР,Разместить вакансию,Task,Алексей_9,2025-10-04 05:11:26,2025-10-04 05:32:26,21,,
a8a092f8-cd68-40c9-9ac6-e518da279bb2,VAC-1118,CAND-10118,РЕКРУТЕР,Собирать резюме,Task,Алексей_1,2025-10-04 06:32:26,2025-10-06 02:03:26,2611,,
a8a092f8-cd68-40c9-9ac6-e518da279bb2,VAC-1118,CAND-10118,РЕКРУТЕР,Скрининг,Task,Екатерина_9,2025-10-06 03:03:26,2025-10-06 03:32:26,29,passed,
a8a092f8-cd68-40c9-9ac6-e518da279bb2,VAC-1118,CAND-10118,ИНТЕРВЬЮЕРЫ,Назначить интервью,User Task,Анна_1,2025-10-06 05:10:26,2025-10-06 05:25:26,15,,
a8a092f8-cd68-40c9-9ac6-e518da279bb2,VAC-1118,CAND-10118,ИНТЕРВЬЮЕРЫ,Интервью (раунд 1),User Task,Сергей_7,2025-10-06 05:55:26,2025-10-06 07:00:26,65,passed,
a8a092f8-cd68-40c9-9ac6-e518da279bb2,VAC-1118,CAND-10118,ИНТЕРВЬЮЕРЫ,Интервью (раунд 2),User Task,Андрей_9,2025-10-06 09:00:26,2025-10-06 10:35:26,95,passed,
a8a092f8-cd68-40c9-9ac6-e518da279bb2,VAC-1118,CAND-10118,ИНТЕРВЬЮЕРЫ,Финальное интервью,User Task,Анна_5,2025-10-06 11:38:26,2025-10-06 12:31:26,53,rejected,финал не пройден
aa80a91e-7606-4ac2-a2f4-e4adf9b025b5,VAC-1083,CAND-10083,РУКОВОДИТЕЛЬ,Создать заявку,User Task,Иванов_1,2025-08-28 23:32:26,2025-08-28 23:58:26,26,,
aa80a91e-7606-4ac2-a2f4-e4adf9b025b5,VAC-1083,CAND-10083,HR,Зарегистрировать в HCM,Service Task,Ольга_9,2025-08-29 01:09:26,2025-08-29 01:46:26,37,,
aa80a91e-7606-4ac2-a2f4-e4adf9b025b5,VAC-1083,CAND-10083,РЕКРУТЕР,Разместить вакансию,Task,Алексей_8,2025-08-29 04:36:26,2025-08-29 05:27:26,51,,
aa80a91e-7606-4ac2-a2f4-e4adf9b025b5,VAC-1083,CAND-10083,РЕКРУТЕР,Собирать резюме,Task,Алексей_2,2025-08-29 06:27:26,2025-08-30 13:24:26,1857,,
aa80a91e-7606-4ac2-a2f4-e4adf9b025b5,VAC-1083,CAND-10083,РЕКРУТЕР,Скрининг,Task,Алексей_3,2025-08-30 13:34:26,2025-08-30 13:45:26,11,passed,
aa80a91e-7606-4ac2-a2f4-e4adf9b025b5,VAC-1083,CAND-10083,ИНТЕРВЬЮЕРЫ,Назначить интервью,User Task,Анна_2,2025-08-30 14:56:26,2025-08-30 15:17:26,21,,
aa80a91e-7606-4ac2-a2f4-e4adf9b025b5,VAC-1083,CAND-10083,ИНТЕРВЬЮЕРЫ,Интервью (раунд 1),User Task,Андрей_4,2025-08-30 16:53:26,2025-08-30 17:47:26,54,passed,
aa80a91e-7606-4ac2-a2f4-e4adf9b025b5,VAC-1083,CAND-10083,ИНТЕРВЬЮЕРЫ,Интервью (раунд 2),User Task,Сергей_2,2025-08-30 20:10:26,2025-08-30 21:11:26,61,passed,
aa80a91e-7606-4ac2-a2f4-e4adf9b025b5,VAC-1083,CAND-10083,ИНТЕРВЬЮЕРЫ,Финальное интервью,User Task,Анна_7,2025-08-30 22:21:26,2025-08-31 00:05:26,104,passed,
aa80a91e-7606-4ac2-a2f4-e4adf9b025b5,VAC-1083,CAND-10083,HR (ОФФЕР),Согласовать условия,User Task,Ольга_1,2025-08-31 04:35:26,2025-08-31 07:16:26,161,,
aa80a91e-7606-4ac2-a2f4-e4adf9b025b5,VAC-1083,CAND-10083,HR (ОФФЕР),Сгенерировать оффер,Service Task,Марина_7,2025-08-31 07:36:26,2025-08-31 07:53:26,17,,
aa80a91e-7606-4ac2-a2f4-e4adf9b025b5,VAC-1083,CAND-10083,HR (ОФФЕР),Отправить оффер,Send Task,Наталья_6,2025-08-31 07:58:26,2025-08-31 08:08:26,10,sent,
aa80a91e-7606-4ac2-a2f4-e4adf9b025b5,VAC-1083,CAND-10083,SECURITY,Background Check,Call Activity,Служба_БД_5,2025-08-31 11:08:26,2025-09-03 12:41:26,4413,report_ready,
aa80a91e-7606-4ac2-a2f4-e4adf9b025b5,VAC-1083,CAND-10083,IT,Выдача оборудования,Task,IT_Specialist_4,2025-09-03 13:41:26,2025-09-03 15:00:26,79,,
aa80a91e-7606-4ac2-a2f4-e4adf9b025b5,VAC-1083,CAND-10083,IT,Создать доступы,Task,IT_Specialist_8,2025-09-03 15:30:26,2025-09-03 17:22:26,112,,
aa80a91e-7606-4ac2-a2f4-e4adf9b025b5,VAC-1083,CAND-10083,IT,Вводное обучение,Service Task,Марина_8,2025-09-03 18:22:26,2025-09-04 00:52:26,390,,
aa80a91e-7606-4ac2-a2f4-e4adf9b025b5,VAC-1083,CAND-10083,HR,Назначить ментора,Task,Наталья_5,2025-09-04 01:52:26,2025-09-04 02:25:26,33,,
aa80a91e-7606-4ac2-a2f4-e4adf9b025b5,VAC-1083,CAND-10083,HR,Уведомить всех,Message,system,2025-09-04 02:45:26,2025-09-04 02:50:26,5,notified,
aa80a91e-7606-4ac2-a2f4-e4adf9b025b5,VAC-1083,CAND-10083,HR,Обновить HCM,Service Task,Ольга_3,2025-09-04 03:20:26,2025-09-04 03:40:26,20,,
aa80a91e-7606-4ac2-a2f4-e4adf9b025b5,VAC-1083,CAND-10083,HR,Payroll,Service Task,Ольга_4,2025-09-04 04:10:26,2025-09-04 04:30:26,20,,
aa80a91e-7606-4ac2-a2f4-e4adf9b025b5,VAC-1083,CAND-10083,HR,Закрыть вакансию,Service Task,Марина_9,2025-09-04 04:50:26,2025-09-04 04:55:26,5,,
ad258cc5-f9b1-43ca-bce3-039e5540d91e,VAC-1104,CAND-10104,РУКОВОДИТЕЛЬ,Создать заявку,User Task,Иванов_9,2025-10-11 21:31:26,2025-10-11 22:08:26,37,,
ad258cc5-f9b1-43ca-bce3-039e5540d91e,VAC-1104,CAND-10104,HR,Зарегистрировать в HCM,Service Task,Ольга_3,2025-10-11 22:41:26,2025-10-11 22:51:26,10,,
ad258cc5-f9b1-43ca-bce3-039e5540d91e,VAC-1104,CAND-10104,РЕКРУТЕР,Разместить вакансию,Task,Алексей_4,2025-10-11 23:34:26,2025-10-12 01:19:26,105,,
ad258cc5-f9b1-43ca-bce3-039e5540d91e,VAC-1104,CAND-10104,РЕКРУТЕР,Собирать резюме,Task,Алексей_5,2025-10-12 02:19:26,2025-10-13 20:32:26,2533,,
ad258cc5-f9b1-43ca-bce3-039e5540d91e,VAC-1104,CAND-10104,РЕКРУТЕР,Скрининг,Task,Алексей_1,2025-10-13 21:25:26,2025-10-13 21:43:26,18,passed,
ad258cc5-f9b1-43ca-bce3-039e5540d91e,VAC-1104,CAND-10104,ИНТЕРВЬЮЕРЫ,Назначить интервью,User Task,Анна_1,2025-10-13 22:40:26,2025-10-13 22:56:26,16,,
ad258cc5-f9b1-43ca-bce3-039e5540d91e,VAC-1104,CAND-10104,ИНТЕРВЬЮЕРЫ,Интервью (раунд 1),User Task,Анна_9,2025-10-14 01:21:26,2025-10-14 02:19:26,58,passed,
ad258cc5-f9b1-43ca-bce3-039e5540d91e,VAC-1104,CAND-10104,ИНТЕРВЬЮЕРЫ,Интервью (раунд 2),User Task,Анна_5,2025-10-14 03:46:26,2025-10-14 05:42:26,116,passed,
ad258cc5-f9b1-43ca-bce3-039e5540d91e,VAC-1104,CAND-10104,ИНТЕРВЬЮЕРЫ,Финальное интервью,User Task,Сергей_7,2025-10-14 09:39:26,2025-10-14 10:30:26,51,rejected,финал не пройден
adb6fc35-080e-41dc-a1b9-5eb66864e127,VAC-1035,CAND-10035,РУКОВОДИТЕЛЬ,Создать заявку,User Task,Петров_2,2025-10-19 13:40:26,2025-10-19 13:51:26,11,,
adb6fc35-080e-41dc-a1b9-5eb66864e127,VAC-1035,CAND-10035,HR,Зарегистрировать в HCM,Service Task,Ольга_7,2025-10-19 14:51:26,2025-10-19 15:19:26,28,,
adb6fc35-080e-41dc-a1b9-5eb66864e127,VAC-1035,CAND-10035,РЕКРУТЕР,Разместить вакансию,Task,Алексей_7,2025-10-19 17:35:26,2025-10-19 18:32:26,57,,
adb6fc35-080e-41dc-a1b9-5eb66864e127,VAC-1035,CAND-10035,РЕКРУТЕР,Собирать резюме,Task,Дмитрий_3,2025-10-19 19:32:26,2025-10-20 20:57:26,1525,,
adb6fc35-080e-41dc-a1b9-5eb66864e127,VAC-1035,CAND-10035,РЕКРУТЕР,Скрининг,Task,Екатерина_6,2025-10-20 21:46:26,2025-10-20 22:10:26,24,passed,
adb6fc35-080e-41dc-a1b9-5eb66864e127,VAC-1035,CAND-10035,ИНТЕРВЬЮЕРЫ,Назначить интервью,User Task,Сергей_7,2025-10-20 22:43:26,2025-10-20 23:00:26,17,,
adb6fc35-080e-41dc-a1b9-5eb66864e127,VAC-1035,CAND-10035,ИНТЕРВЬЮЕРЫ,Интервью (раунд 1),User Task,Андрей_6,2025-10-21 01:11:26,2025-10-21 02:35:26,84,passed,
adb6fc35-080e-41dc-a1b9-5eb66864e127,VAC-1035,CAND-10035,ИНТЕРВЬЮЕРЫ,Интервью (раунд 2),User Task,Андрей_9,2025-10-21 03:48:26,2025-10-21 04:42:26,54,passed,
adb6fc35-080e-41dc-a1b9-5eb66864e127,VAC-1035,CAND-10035,ИНТЕРВЬЮЕРЫ,Финальное интервью,User Task,Сергей_6,2025-10-21 07:52:26,2025-10-21 09:01:26,69,rejected,финал не пройден
ae5249d7-8091-4e69-810d-94dfa1ce3556,VAC-1180,CAND-10180,РУКОВОДИТЕЛЬ,Создать заявку,User Task,Петров_5,2025-10-09 22:19:26,2025-10-09 23:06:26,47,,
ae5249d7-8091-4e69-810d-94dfa1ce3556,VAC-1180,CAND-10180,HR,Зарегистрировать в HCM,Service Task,Марина_8,2025-10-09 23:34:26,2025-10-10 00:02:26,28,,
ae5249d7-8091-4e69-810d-94dfa1ce3556,VAC-1180,CAND-10180,РЕКРУТЕР,Разместить вакансию,Task,Дмитрий_2,2025-10-10 02:21:26,2025-10-10 03:07:26,46,,
ae5249d7-8091-4e69-810d-94dfa1ce3556,VAC-1180,CAND-10180,РЕКРУТЕР,Собирать резюме,Task,Дмитрий_9,2025-10-10 04:07:26,2025-10-13 00:35:26,4108,,
ae5249d7-8091-4e69-810d-94dfa1ce3556,VAC-1180,CAND-10180,РЕКРУТЕР,Скрининг,Task,Екатерина_9,2025-10-13 01:04:26,2025-10-13 01:27:26,23,passed,
ae5249d7-8091-4e69-810d-94dfa1ce3556,VAC-1180,CAND-10180,ИНТЕРВЬЮЕРЫ,Назначить интервью,User Task,Сергей_9,2025-10-13 02:40:26,2025-10-13 03:02:26,22,,
ae5249d7-8091-4e69-810d-94dfa1ce3556,VAC-1180,CAND-10180,ИНТЕРВЬЮЕРЫ,Интервью (раунд 1),User Task,Анна_9,2025-10-13 05:52:26,2025-10-13 07:00:26,68,rejected,недостаточно навыков
afaba50e-89ce-499c-805e-88b3da63f663,VAC-1124,CAND-10124,РУКОВОДИТЕЛЬ,Создать заявку,User Task,Сидоров_6,2025-10-04 16:08:26,2025-10-04 16:28:26,20,,
afaba50e-89ce-499c-805e-88b3da63f663,VAC-1124,CAND-10124,HR,Зарегистрировать в HCM,Service Task,Марина_7,2025-10-04 17:41:26,2025-10-04 18:11:26,30,,
afaba50e-89ce-499c-805e-88b3da63f663,VAC-1124,CAND-10124,РЕКРУТЕР,Разместить вакансию,Task,Алексей_6,2025-10-04 18:59:26,2025-10-04 19:29:26,30,,
afaba50e-89ce-499c-805e-88b3da63f663,VAC-1124,CAND-10124,РЕКРУТЕР,Собирать резюме,Task,Дмитрий_6,2025-10-04 20:29:26,2025-10-06 12:03:26,2374,,
afaba50e-89ce-499c-805e-88b3da63f663,VAC-1124,CAND-10124,РЕКРУТЕР,Скрининг,Task,Екатерина_5,2025-10-06 12:54:26,2025-10-06 13:13:26,19,passed,
afaba50e-89ce-499c-805e-88b3da63f663,VAC-1124,CAND-10124,ИНТЕРВЬЮЕРЫ,Назначить интервью,User Task,Сергей_6,2025-10-06 14:23:26,2025-10-06 14:41:26,18,,
afaba50e-89ce-499c-805e-88b3da63f663,VAC-1124,CAND-10124,ИНТЕРВЬЮЕРЫ,Интервью (раунд 1),User Task,Андрей_1,2025-10-06 17:24:26,2025-10-06 19:06:26,102,passed,
afaba50e-89ce-499c-805e-88b3da63f663,VAC-1124,CAND-10124,ИНТЕРВЬЮЕРЫ,Интервью (раунд 2),User Task,Анна_2,2025-10-06 20:08:26,2025-10-06 21:23:26,75,rejected,недостаточно навыков
b06136d6-b421-42e1-9524-fc03c8350068,VAC-1095,CAND-10095,РУКОВОДИТЕЛЬ,Создать заявку,User Task,Иванов_6,2025-10-21 18:54:26,2025-10-21 19:09:26,15,,
b06136d6-b421-42e1-9524-fc03c8350068,VAC-1095,CAND-10095,HR,Зарегистрировать в HCM,Service Task,Ольга_7,2025-10-21 19:57:26,2025-10-21 20:30:26,33,,
b06136d6-b421-42e1-9524-fc03c8350068,VAC-1095,CAND-10095,РЕКРУТЕР,Разместить вакансию,Task,Дмитрий_5,2025-10-21 22:24:26,2025-10-21 23:31:26,67,,
b06136d6-b421-42e1-9524-fc03c8350068,VAC-1095,CAND-10095,РЕКРУТЕР,Собирать резюме,Task,Алексей_8,2025-10-22 00:31:26,2025-10-24 08:10:26,3339,,
b06136d6-b421-42e1-9524-fc03c8350068,VAC-1095,CAND-10095,РЕКРУТЕР,Скрининг,Task,Екатерина_2,2025-10-24 08:23:26,2025-10-24 09:00:26,37,passed,
b06136d6-b421-42e1-9524-fc03c8350068,VAC-1095,CAND-10095,ИНТЕРВЬЮЕРЫ,Назначить интервью,User Task,Андрей_7,2025-10-24 09:44:26,2025-10-24 10:10:26,26,,
b06136d6-b421-42e1-9524-fc03c8350068,VAC-1095,CAND-10095,ИНТЕРВЬЮЕРЫ,Интервью (раунд 1),User Task,Андрей_3,2025-10-24 12:25:26,2025-10-24 13:16:26,51,rejected,недостаточно навыков
b35b4a39-a05e-4665-a7f9-c80b93162686,VAC-1183,CAND-10183,РУКОВОДИТЕЛЬ,Создать заявку,User Task,Петров_1,2025-09-23 20:48:26,2025-09-23 21:25:26,37,,
b35b4a39-a05e-4665-a7f9-c80b93162686,VAC-1183,CAND-10183,HR,Зарегистрировать в HCM,Service Task,Ольга_3,2025-09-23 22:10:26,2025-09-23 22:25:26,15,,
b35b4a39-a05e-4665-a7f9-c80b93162686,VAC-1183,CAND-10183,РЕКРУТЕР,Разместить вакансию,Task,Дмитрий_9,2025-09-23 23:02:26,2025-09-23 23:55:26,53,,
b35b4a39-a05e-4665-a7f9-c80b93162686,VAC-1183,CAND-10183,РЕКРУТЕР,Собирать резюме,Task,Екатерина_1,2025-09-24 00:55:26,2025-09-25 12:55:26,2160,,
b35b4a39-a05e-4665-a7f9-c80b93162686,VAC-1183,CAND-10183,РЕКРУТЕР,Скрининг,Task,Алексей_1,2025-09-25 13:51:26,2025-09-25 14:16:26,25,rejected,не соотв. опыту
b3e3c231-72e3-4dc5-8004-053810b611c6,VAC-1140,CAND-10140,РУКОВОДИТЕЛЬ,Создать заявку,User Task,Сидоров_7,2025-09-28 20:00:26,2025-09-28 20:12:26,12,,
b3e3c231-72e3-4dc5-8004-053810b611c6,VAC-1140,CAND-10140,HR,Зарегистрировать в HCM,Service Task,Марина_1,2025-09-28 21:38:26,2025-09-28 22:12:26,34,,
b3e3c231-72e3-4dc5-8004-053810b611c6,VAC-1140,CAND-10140,РЕКРУТЕР,Разместить вакансию,Task,Дмитрий_7,2025-09-28 23:30:26,2025-09-29 00:27:26,57,,
b3e3c231-72e3-4dc5-8004-053810b611c6,VAC-1140,CAND-10140,РЕКРУТЕР,Собирать резюме,Task,Дмитрий_8,2025-09-29 01:27:26,2025-09-30 22:14:26,2687,,
b3e3c231-72e3-4dc5-8004-053810b611c6,VAC-1140,CAND-10140,РЕКРУТЕР,Скрининг,Task,Дмитрий_1,2025-09-30 22:34:26,2025-09-30 22:57:26,23,passed,
b3e3c231-72e3-4dc5-8004-053810b611c6,VAC-1140,CAND-10140,ИНТЕРВЬЮЕРЫ,Назначить интервью,User Task,Анна_8,2025-09-30 23:35:26,2025-09-30 23:59:26,24,,
b3e3c231-72e3-4dc5-8004-053810b611c6,VAC-1140,CAND-10140,ИНТЕРВЬЮЕРЫ,Интервью (раунд 1),User Task,Анна_9,2025-10-01 02:37:26,2025-10-01 03:36:26,59,passed,
b3e3c231-72e3-4dc5-8004-053810b611c6,VAC-1140,CAND-10140,ИНТЕРВЬЮЕРЫ,Финальное интервью,User Task,Сергей_1,2025-10-01 05:10:26,2025-10-01 06:45:26,95,passed,
b3e3c231-72e3-4dc5-8004-053810b611c6,VAC-1140,CAND-10140,HR (ОФФЕР),Согласовать условия,User Task,Марина_4,2025-10-01 08:30:26,2025-10-01 11:26:26,176,,
b3e3c231-72e3-4dc5-8004-053810b611c6,VAC-1140,CAND-10140,HR (ОФФЕР),Сгенерировать оффер,Service Task,Наталья_5,2025-10-01 11:46:26,2025-10-01 12:05:26,19,,
b3e3c231-72e3-4dc5-8004-053810b611c6,VAC-1140,CAND-10140,HR (ОФФЕР),Отправить оффер,Send Task,Ольга_3,2025-10-01 12:10:26,2025-10-01 12:20:26,10,sent,
b3e3c231-72e3-4dc5-8004-053810b611c6,VAC-1140,CAND-10140,SECURITY,Background Check,Call Activity,Служба_БД_2,2025-10-01 15:20:26,2025-10-04 08:12:26,3892,report_ready,
b3e3c231-72e3-4dc5-8004-053810b611c6,VAC-1140,CAND-10140,IT,Выдача оборудования,Task,IT_Specialist_2,2025-10-04 09:12:26,2025-10-04 11:33:26,141,,
b3e3c231-72e3-4dc5-8004-053810b611c6,VAC-1140,CAND-10140,IT,Создать доступы,Task,IT_Specialist_9,2025-10-04 12:03:26,2025-10-04 13:40:26,97,,
b3e3c231-72e3-4dc5-8004-053810b611c6,VAC-1140,CAND-10140,IT,Вводное обучение,Service Task,Ольга_9,2025-10-04 14:40:26,2025-10-04 19:01:26,261,,
b3e3c231-72e3-4dc5-8004-053810b611c6,VAC-1140,CAND-10140,HR,Назначить ментора,Task,Наталья_3,2025-10-04 20:01:26,2025-10-04 20:55:26,54,,
b3e3c231-72e3-4dc5-8004-053810b611c6,VAC-1140,CAND-10140,HR,Уведомить всех,Message,system,2025-10-04 21:15:26,2025-10-04 21:20:26,5,notified,
b3e3c231-72e3-4dc5-8004-053810b611c6,VAC-1140,CAND-10140,HR,Обновить HCM,Service Task,Ольга_3,2025-10-04 21:50:26,2025-10-04 22:10:26,20,,
b3e3c231-72e3-4dc5-8004-053810b611c6,VAC-1140,CAND-10140,HR,Payroll,Service Task,Наталья_3,2025-10-04 22:40:26,2025-10-04 23:00:26,20,,
b3e3c231-72e3-4dc5-8004-053810b611c6,VAC-1140,CAND-10140,HR,Закрыть вакансию,Service Task,Наталья_1,2025-10-04 23:20:26,2025-10-04 23:25:26,5,,
b44e32db-ca6a-4e53-b10d-3bea66caf5b9,VAC-1100,CAND-10100,РУКОВОДИТЕЛЬ,Создать заявку,User Task,Петров_1,2025-10-22 20:20:26,2025-10-22 20:56:26,36,,
b44e32db-ca6a-4e53-b10d-3bea66caf5b9,VAC-1100,CAND-10100,HR,Зарегистрировать в HCM,Service Task,Марина_6,2025-10-22 21:24:26,2025-10-22 21:42:26,18,,
b44e32db-ca6a-4e53-b10d-3bea66caf5b9,VAC-1100,CAND-10100,РЕКРУТЕР,Разместить вакансию,Task,Екатерина_9,2025-10-22 22:15:26,2025-10-23 00:05:26,110,,
b44e32db-ca6a-4e53-b10d-3bea66caf5b9,VAC-1100,CAND-10100,РЕКРУТЕР,Собирать резюме,Task,Екатерина_4,2025-10-23 01:05:26,2025-10-25 16:26:26,3801,,
b44e32db-ca6a-4e53-b10d-3bea66caf5b9,VAC-1100,CAND-10100,РЕКРУТЕР,Скрининг,Task,Дмитрий_9,2025-10-25 17:18:26,2025-10-25 17:55:26,37,passed,
b44e32db-ca6a-4e53-b10d-3bea66caf5b9,VAC-1100,CAND-10100,ИНТЕРВЬЮЕРЫ,Назначить интервью,User Task,Андрей_7,2025-10-25 19:44:26,2025-10-25 20:13:26,29,,
b44e32db-ca6a-4e53-b10d-3bea66caf5b9,VAC-1100,CAND-10100,ИНТЕРВЬЮЕРЫ,Интервью (раунд 1),User Task,Анна_7,2025-10-25 21:46:26,2025-10-25 23:32:26,106,passed,
b44e32db-ca6a-4e53-b10d-3bea66caf5b9,VAC-1100,CAND-10100,ИНТЕРВЬЮЕРЫ,Интервью (раунд 2),User Task,Анна_1,2025-10-26 00:40:26,2025-10-26 02:36:26,116,rejected,недостаточно навыков
b6a909ce-0858-4766-9875-39d59274a55a,VAC-1096,CAND-10096,РУКОВОДИТЕЛЬ,Создать заявку,User Task,Иванов_6,2025-09-15 19:49:26,2025-09-15 20:28:26,39,,
b6a909ce-0858-4766-9875-39d59274a55a,VAC-1096,CAND-10096,HR,Зарегистрировать в HCM,Service Task,Наталья_8,2025-09-15 22:19:26,2025-09-15 22:34:26,15,,
b6a909ce-0858-4766-9875-39d59274a55a,VAC-1096,CAND-10096,РЕКРУТЕР,Разместить вакансию,Task,Алексей_6,2025-09-16 00:29:26,2025-09-16 02:09:26,100,,
b6a909ce-0858-4766-9875-39d59274a55a,VAC-1096,CAND-10096,РЕКРУТЕР,Собирать резюме,Task,Алексей_1,2025-09-16 03:09:26,2025-09-18 22:27:26,4038,,
b6a909ce-0858-4766-9875-39d59274a55a,VAC-1096,CAND-10096,РЕКРУТЕР,Скрининг,Task,Алексей_3,2025-09-18 23:05:26,2025-09-18 23:23:26,18,passed,
b6a909ce-0858-4766-9875-39d59274a55a,VAC-1096,CAND-10096,ИНТЕРВЬЮЕРЫ,Назначить интервью,User Task,Андрей_3,2025-09-19 00:03:26,2025-09-19 00:28:26,25,,
b6a909ce-0858-4766-9875-39d59274a55a,VAC-1096,CAND-10096,ИНТЕРВЬЮЕРЫ,Интервью (раунд 1),User Task,Сергей_7,2025-09-19 02:47:26,2025-09-19 04:23:26,96,passed,
b6a909ce-0858-4766-9875-39d59274a55a,VAC-1096,CAND-10096,ИНТЕРВЬЮЕРЫ,Интервью (раунд 2),User Task,Анна_6,2025-09-19 04:54:26,2025-09-19 05:43:26,49,passed,
b6a909ce-0858-4766-9875-39d59274a55a,VAC-1096,CAND-10096,ИНТЕРВЬЮЕРЫ,Финальное интервью,User Task,Анна_4,2025-09-19 06:46:26,2025-09-19 08:12:26,86,passed,
b6a909ce-0858-4766-9875-39d59274a55a,VAC-1096,CAND-10096,HR (ОФФЕР),Согласовать условия,User Task,Наталья_4,2025-09-19 09:16:26,2025-09-19 13:09:26,233,,
b6a909ce-0858-4766-9875-39d59274a55a,VAC-1096,CAND-10096,HR (ОФФЕР),Сгенерировать оффер,Service Task,Марина_6,2025-09-19 13:29:26,2025-09-19 13:41:26,12,,
b6a909ce-0858-4766-9875-39d59274a55a,VAC-1096,CAND-10096,HR (ОФФЕР),Отправить оффер,Send Task,Ольга_3,2025-09-19 13:46:26,2025-09-19 13:56:26,10,sent,
b6a909ce-0858-4766-9875-39d59274a55a,VAC-1096,CAND-10096,SECURITY,Background Check,Call Activity,Служба_БД_3,2025-09-19 16:56:26,2025-09-24 13:39:26,7003,report_ready,
b6a909ce-0858-4766-9875-39d59274a55a,VAC-1096,CAND-10096,IT,Выдача оборудования,Task,IT_Specialist_5,2025-09-24 14:39:26,2025-09-24 15:44:26,65,,
b6a909ce-0858-4766-9875-39d59274a55a,VAC-1096,CAND-10096,IT,Создать доступы,Task,IT_Specialist_7,2025-09-24 16:14:26,2025-09-24 17:42:26,88,,
b6a909ce-0858-4766-9875-39d59274a55a,VAC-1096,CAND-10096,IT,Вводное обучение,Service Task,Ольга_8,2025-09-24 18:42:26,2025-09-24 22:50:26,248,,
b6a909ce-0858-4766-9875-39d59274a55a,VAC-1096,CAND-10096,HR,Назначить ментора,Task,Наталья_3,2025-09-24 23:50:26,2025-09-25 00:42:26,52,,
b6a909ce-0858-4766-9875-39d59274a55a,VAC-1096,CAND-10096,HR,Уведомить всех,Message,system,2025-09-25 01:02:26,2025-09-25 01:07:26,5,notified,
b6a909ce-0858-4766-9875-39d59274a55a,VAC-1096,CAND-10096,HR,Обновить HCM,Service Task,Ольга_1,2025-09-25 01:37:26,2025-09-25 01:57:26,20,,
b6a909ce-0858-4766-9875-39d59274a55a,VAC-1096,CAND-10096,HR,Payroll,Service Task,Наталья_4,2025-09-25 02:27:26,2025-09-25 02:47:26,20,,
b6a909ce-0858-4766-9875-39d59274a55a,VAC-1096,CAND-10096,HR,Закрыть вакансию,Service Task,Марина_3,2025-09-25 03:07:26,2025-09-25 03:12:26,5,,
b6ab4c7f-be9c-4c94-aef2-183d8d0b75f7,VAC-1007,CAND-10007,РУКОВОДИТЕЛЬ,Создать заявку,User Task,Иванов_6,2025-09-03 17:31:26,2025-09-03 18:19:26,48,,
b6ab4c7f-be9c-4c94-aef2-183d8d0b75f7,VAC-1007,CAND-10007,HR,Зарегистрировать в HCM,Service Task,Марина_5,2025-09-03 19:05:26,2025-09-03 19:36:26,31,,
b6ab4c7f-be9c-4c94-aef2-183d8d0b75f7,VAC-1007,CAND-10007,РЕКРУТЕР,Разместить вакансию,Task,Дмитрий_1,2025-09-03 22:15:26,2025-09-03 23:37:26,82,,
b6ab4c7f-be9c-4c94-aef2-183d8d0b75f7,VAC-1007,CAND-10007,РЕКРУТЕР,Собирать резюме,Task,Екатерина_7,2025-09-04 00:37:26,2025-09-05 06:55:26,1818,,
b6ab4c7f-be9c-4c94-aef2-183d8d0b75f7,VAC-1007,CAND-10007,РЕКРУТЕР,Скрининг,Task,Алексей_6,2025-09-05 07:22:26,2025-09-05 07:33:26,11,rejected,не прошёл тест
b6c1c696-d128-4b50-8c0c-d02637e109c5,VAC-1041,CAND-10041,РУКОВОДИТЕЛЬ,Создать заявку,User Task,Петров_4,2025-09-20 13:38:26,2025-09-20 14:20:26,42,,
b6c1c696-d128-4b50-8c0c-d02637e109c5,VAC-1041,CAND-10041,HR,Зарегистрировать в HCM,Service Task,Ольга_4,2025-09-20 15:29:26,2025-09-20 15:41:26,12,,
b6c1c696-d128-4b50-8c0c-d02637e109c5,VAC-1041,CAND-10041,РЕКРУТЕР,Разместить вакансию,Task,Алексей_6,2025-09-20 16:18:26,2025-09-20 17:18:26,60,,
b6c1c696-d128-4b50-8c0c-d02637e109c5,VAC-1041,CAND-10041,РЕКРУТЕР,Собирать резюме,Task,Алексей_1,2025-09-20 18:18:26,2025-09-22 04:16:26,2038,,
b6c1c696-d128-4b50-8c0c-d02637e109c5,VAC-1041,CAND-10041,РЕКРУТЕР,Скрининг,Task,Дмитрий_3,2025-09-22 04:44:26,2025-09-22 05:23:26,39,rejected,некорректное резюме
b71059aa-3250-4eb6-8b6b-3b38d4babf45,VAC-1037,CAND-10037,РУКОВОДИТЕЛЬ,Создать заявку,User Task,Иванов_6,2025-09-20 18:56:26,2025-09-20 19:44:26,48,,
b71059aa-3250-4eb6-8b6b-3b38d4babf45,VAC-1037,CAND-10037,HR,Зарегистрировать в HCM,Service Task,Наталья_9,2025-09-20 20:12:26,2025-09-20 20:32:26,20,,
b71059aa-3250-4eb6-8b6b-3b38d4babf45,VAC-1037,CAND-10037,РЕКРУТЕР,Разместить вакансию,Task,Дмитрий_3,2025-09-20 22:40:26,2025-09-20 23:36:26,56,,
b71059aa-3250-4eb6-8b6b-3b38d4babf45,VAC-1037,CAND-10037,РЕКРУТЕР,Собирать резюме,Task,Алексей_3,2025-09-21 00:36:26,2025-09-22 23:21:26,2805,,
b71059aa-3250-4eb6-8b6b-3b38d4babf45,VAC-1037,CAND-10037,РЕКРУТЕР,Скрининг,Task,Екатерина_7,2025-09-22 23:53:26,2025-09-23 00:12:26,19,passed,
b71059aa-3250-4eb6-8b6b-3b38d4babf45,VAC-1037,CAND-10037,ИНТЕРВЬЮЕРЫ,Назначить интервью,User Task,Андрей_5,2025-09-23 02:02:26,2025-09-23 02:42:26,40,,
b71059aa-3250-4eb6-8b6b-3b38d4babf45,VAC-1037,CAND-10037,ИНТЕРВЬЮЕРЫ,Интервью (раунд 1),User Task,Анна_9,2025-09-23 04:36:26,2025-09-23 05:37:26,61,passed,
b71059aa-3250-4eb6-8b6b-3b38d4babf45,VAC-1037,CAND-10037,ИНТЕРВЬЮЕРЫ,Интервью (раунд 2),User Task,Андрей_6,2025-09-23 06:30:26,2025-09-23 08:09:26,99,passed,
b71059aa-3250-4eb6-8b6b-3b38d4babf45,VAC-1037,CAND-10037,ИНТЕРВЬЮЕРЫ,Финальное интервью,User Task,Сергей_8,2025-09-23 10:28:26,2025-09-23 11:36:26,68,rejected,финал не пройден
b7c2eff8-4a78-4e07-9c23-be8ee794c463,VAC-1168,CAND-10168,РУКОВОДИТЕЛЬ,Создать заявку,User Task,Иванов_7,2025-10-07 21:20:26,2025-10-07 21:49:26,29,,
b7c2eff8-4a78-4e07-9c23-be8ee794c463,VAC-1168,CAND-10168,HR,Зарегистрировать в HCM,Service Task,Наталья_8,2025-10-07 23:28:26,2025-10-08 00:04:26,36,,
b7c2eff8-4a78-4e07-9c23-be8ee794c463,VAC-1168,CAND-10168,РЕКРУТЕР,Разместить вакансию,Task,Дмитрий_1,2025-10-08 02:05:26,2025-10-08 02:36:26,31,,
b7c2eff8-4a78-4e07-9c23-be8ee794c463,VAC-1168,CAND-10168,РЕКРУТЕР,Собирать резюме,Task,Екатерина_4,2025-10-08 03:36:26,2025-10-10 21:06:26,3930,,
b7c2eff8-4a78-4e07-9c23-be8ee794c463,VAC-1168,CAND-10168,РЕКРУТЕР,Скрининг,Task,Алексей_5,2025-10-10 21:53:26,2025-10-10 22:19:26,26,passed,
b7c2eff8-4a78-4e07-9c23-be8ee794c463,VAC-1168,CAND-10168,ИНТЕРВЬЮЕРЫ,Назначить интервью,User Task,Сергей_2,2025-10-10 22:49:26,2025-10-10 23:16:26,27,,
b7c2eff8-4a78-4e07-9c23-be8ee794c463,VAC-1168,CAND-10168,ИНТЕРВЬЮЕРЫ,Интервью (раунд 1),User Task,Анна_9,2025-10-11 01:26:26,2025-10-11 02:35:26,69,passed,
b7c2eff8-4a78-4e07-9c23-be8ee794c463,VAC-1168,CAND-10168,ИНТЕРВЬЮЕРЫ,Интервью (раунд 2),User Task,Анна_7,2025-10-11 03:19:26,2025-10-11 04:50:26,91,passed,
b7c2eff8-4a78-4e07-9c23-be8ee794c463,VAC-1168,CAND-10168,ИНТЕРВЬЮЕРЫ,Интервью (раунд 3),User Task,Сергей_6,2025-10-11 06:54:26,2025-10-11 08:28:26,94,passed,
b7c2eff8-4a78-4e07-9c23-be8ee794c463,VAC-1168,CAND-10168,ИНТЕРВЬЮЕРЫ,Финальное интервью,User Task,Анна_2,2025-10-11 10:57:26,2025-10-11 12:21:26,84,rejected,финал не пройден
b93b7ec0-fe79-4ffc-8c7a-883b9f8c586c,VAC-1173,CAND-10173,РУКОВОДИТЕЛЬ,Создать заявку,User Task,Иванов_4,2025-08-26 21:01:26,2025-08-26 21:38:26,37,,
b93b7ec0-fe79-4ffc-8c7a-883b9f8c586c,VAC-1173,CAND-10173,HR,Зарегистрировать в HCM,Service Task,Марина_9,2025-08-26 22:11:26,2025-08-26 22:22:26,11,,
b93b7ec0-fe79-4ffc-8c7a-883b9f8c586c,VAC-1173,CAND-10173,РЕКРУТЕР,Разместить вакансию,Task,Алексей_5,2025-08-26 23:07:26,2025-08-27 00:27:26,80,,
b93b7ec0-fe79-4ffc-8c7a-883b9f8c586c,VAC-1173,CAND-10173,РЕКРУТЕР,Собирать резюме,Task,Алексей_5,2025-08-27 01:27:26,2025-08-28 04:24:26,1617,,
b93b7ec0-fe79-4ffc-8c7a-883b9f8c586c,VAC-1173,CAND-10173,РЕКРУТЕР,Скрининг,Task,Алексей_2,2025-08-28 05:16:26,2025-08-28 05:26:26,10,rejected,не соотв. опыту
ba14eacf-c708-463a-9cc9-de98a620e5c8,VAC-1074,CAND-10074,РУКОВОДИТЕЛЬ,Создать заявку,User Task,Сидоров_6,2025-08-30 20:53:26,2025-08-30 21:45:26,52,,
ba14eacf-c708-463a-9cc9-de98a620e5c8,VAC-1074,CAND-10074,HR,Зарегистрировать в HCM,Service Task,Марина_7,2025-08-30 22:13:26,2025-08-30 22:48:26,35,,
ba14eacf-c708-463a-9cc9-de98a620e5c8,VAC-1074,CAND-10074,РЕКРУТЕР,Разместить вакансию,Task,Алексей_8,2025-08-31 00:13:26,2025-08-31 01:27:26,74,,
ba14eacf-c708-463a-9cc9-de98a620e5c8,VAC-1074,CAND-10074,РЕКРУТЕР,Собирать резюме,Task,Дмитрий_5,2025-08-31 02:27:26,2025-09-01 20:46:26,2539,,
ba14eacf-c708-463a-9cc9-de98a620e5c8,VAC-1074,CAND-10074,РЕКРУТЕР,Скрининг,Task,Екатерина_3,2025-09-01 21:17:26,2025-09-01 21:44:26,27,passed,
ba14eacf-c708-463a-9cc9-de98a620e5c8,VAC-1074,CAND-10074,ИНТЕРВЬЮЕРЫ,Назначить интервью,User Task,Сергей_1,2025-09-01 23:06:26,2025-09-01 23:41:26,35,,
ba14eacf-c708-463a-9cc9-de98a620e5c8,VAC-1074,CAND-10074,ИНТЕРВЬЮЕРЫ,Интервью (раунд 1),User Task,Андрей_8,2025-09-02 02:08:26,2025-09-02 02:55:26,47,passed,
ba14eacf-c708-463a-9cc9-de98a620e5c8,VAC-1074,CAND-10074,ИНТЕРВЬЮЕРЫ,Финальное интервью,User Task,Сергей_4,2025-09-02 05:51:26,2025-09-02 06:36:26,45,rejected,финал не пройден
bab57ee6-2332-4d8c-9362-d4be83217de3,VAC-1080,CAND-10080,РУКОВОДИТЕЛЬ,Создать заявку,User Task,Сидоров_1,2025-10-10 14:27:26,2025-10-10 15:24:26,57,,
bab57ee6-2332-4d8c-9362-d4be83217de3,VAC-1080,CAND-10080,HR,Зарегистрировать в HCM,Service Task,Наталья_4,2025-10-10 15:49:26,2025-10-10 16:26:26,37,,
bab57ee6-2332-4d8c-9362-d4be83217de3,VAC-1080,CAND-10080,РЕКРУТЕР,Разместить вакансию,Task,Дмитрий_7,2025-10-10 17:07:26,2025-10-10 18:27:26,80,,
bab57ee6-2332-4d8c-9362-d4be83217de3,VAC-1080,CAND-10080,РЕКРУТЕР,Собирать резюме,Task,Алексей_1,2025-10-10 19:27:26,2025-10-12 05:41:26,2054,,
bab57ee6-2332-4d8c-9362-d4be83217de3,VAC-1080,CAND-10080,РЕКРУТЕР,Скрининг,Task,Екатерина_7,2025-10-12 06:26:26,2025-10-12 07:01:26,35,passed,
bab57ee6-2332-4d8c-9362-d4be83217de3,VAC-1080,CAND-10080,ИНТЕРВЬЮЕРЫ,Назначить интервью,User Task,Анна_6,2025-10-12 07:52:26,2025-10-12 08:15:26,23,,
bab57ee6-2332-4d8c-9362-d4be83217de3,VAC-1080,CAND-10080,ИНТЕРВЬЮЕРЫ,Интервью (раунд 1),User Task,Анна_1,2025-10-12 09:04:26,2025-10-12 11:02:26,118,passed,
bab57ee6-2332-4d8c-9362-d4be83217de3,VAC-1080,CAND-10080,ИНТЕРВЬЮЕРЫ,Финальное интервью,User Task,Андрей_7,2025-10-12 12:47:26,2025-10-12 14:00:26,73,passed,
bab57ee6-2332-4d8c-9362-d4be83217de3,VAC-1080,CAND-10080,HR (ОФФЕР),Согласовать условия,User Task,Ольга_5,2025-10-12 15:17:26,2025-10-12 18:16:26,179,,
bab57ee6-2332-4d8c-9362-d4be83217de3,VAC-1080,CAND-10080,HR (ОФФЕР),Сгенерировать оффер,Service Task,Наталья_9,2025-10-12 18:36:26,2025-10-12 18:51:26,15,,
bab57ee6-2332-4d8c-9362-d4be83217de3,VAC-1080,CAND-10080,HR (ОФФЕР),Отправить оффер,Send Task,Ольга_1,2025-10-12 18:56:26,2025-10-12 19:06:26,10,sent,
bab57ee6-2332-4d8c-9362-d4be83217de3,VAC-1080,CAND-10080,SECURITY,Background Check,Call Activity,Служба_БД_4,2025-10-12 22:06:26,2025-10-16 13:54:26,5268,report_ready,
bab57ee6-2332-4d8c-9362-d4be83217de3,VAC-1080,CAND-10080,IT,Выдача оборудования,Task,IT_Specialist_4,2025-10-16 14:54:26,2025-10-16 17:09:26,135,,
bab57ee6-2332-4d8c-9362-d4be83217de3,VAC-1080,CAND-10080,IT,Создать доступы,Task,IT_Specialist_3,2025-10-16 17:39:26,2025-10-16 19:18:26,99,,
bab57ee6-2332-4d8c-9362-d4be83217de3,VAC-1080,CAND-10080,IT,Вводное обучение,Service Task,Ольга_1,2025-10-16 20:18:26,2025-10-16 23:21:26,183,,
bab57ee6-2332-4d8c-9362-d4be83217de3,VAC-1080,CAND-10080,HR,Назначить ментора,Task,Марина_6,2025-10-17 00:21:26,2025-10-17 01:05:26,44,,
bab57ee6-2332-4d8c-9362-d4be83217de3,VAC-1080,CAND-10080,HR,Уведомить всех,Message,system,2025-10-17 01:25:26,2025-10-17 01:30:26,5,notified,
bab57ee6-2332-4d8c-9362-d4be83217de3,VAC-1080,CAND-10080,HR,Обновить HCM,Service Task,Марина_1,2025-10-17 02:00:26,2025-10-17 02:20:26,20,,
bab57ee6-2332-4d8c-9362-d4be83217de3,VAC-1080,CAND-10080,HR,Payroll,Service Task,Ольга_1,2025-10-17 02:50:26,2025-10-17 03:10:26,20,,
bab57ee6-2332-4d8c-9362-d4be83217de3,VAC-1080,CAND-10080,HR,Закрыть вакансию,Service Task,Марина_7,2025-10-17 03:30:26,2025-10-17 03:35:26,5,,
bbca8935-ebbb-4d67-b83b-88a47c9846e3,VAC-1087,CAND-10087,РУКОВОДИТЕЛЬ,Создать заявку,User Task,Иванов_4,2025-09-04 13:19:26,2025-09-04 13:50:26,31,,
bbca8935-ebbb-4d67-b83b-88a47c9846e3,VAC-1087,CAND-10087,HR,Зарегистрировать в HCM,Service Task,Марина_9,2025-09-04 15:02:26,2025-09-04 15:34:26,32,,
bbca8935-ebbb-4d67-b83b-88a47c9846e3,VAC-1087,CAND-10087,РЕКРУТЕР,Разместить вакансию,Task,Дмитрий_5,2025-09-04 17:11:26,2025-09-04 18:55:26,104,,
bbca8935-ebbb-4d67-b83b-88a47c9846e3,VAC-1087,CAND-10087,РЕКРУТЕР,Собирать резюме,Task,Алексей_1,2025-09-04 19:55:26,2025-09-06 12:07:26,2412,,
bbca8935-ebbb-4d67-b83b-88a47c9846e3,VAC-1087,CAND-10087,РЕКРУТЕР,Скрининг,Task,Екатерина_8,2025-09-06 12:42:26,2025-09-06 13:10:26,28,passed,
bbca8935-ebbb-4d67-b83b-88a47c9846e3,VAC-1087,CAND-10087,ИНТЕРВЬЮЕРЫ,Назначить интервью,User Task,Сергей_2,2025-09-06 14:16:26,2025-09-06 14:26:26,10,,
bbca8935-ebbb-4d67-b83b-88a47c9846e3,VAC-1087,CAND-10087,ИНТЕРВЬЮЕРЫ,Интервью (раунд 1),User Task,Андрей_3,2025-09-06 16:58:26,2025-09-06 18:08:26,70,passed,
bbca8935-ebbb-4d67-b83b-88a47c9846e3,VAC-1087,CAND-10087,ИНТЕРВЬЮЕРЫ,Финальное интервью,User Task,Сергей_2,2025-09-06 21:51:26,2025-09-06 23:13:26,82,rejected,финал не пройден
bc271a67-e901-4e6c-b71d-96272ac68066,VAC-1121,CAND-10121,РУКОВОДИТЕЛЬ,Создать заявку,User Task,Сидоров_7,2025-10-12 22:21:26,2025-10-12 22:34:26,13,,
bc271a67-e901-4e6c-b71d-96272ac68066,VAC-1121,CAND-10121,HR,Зарегистрировать в HCM,Service Task,Марина_1,2025-10-12 23:55:26,2025-10-13 00:35:26,40,,
bc271a67-e901-4e6c-b71d-96272ac68066,VAC-1121,CAND-10121,РЕКРУТЕР,Разместить вакансию,Task,Дмитрий_3,2025-10-13 03:13:26,2025-10-13 04:17:26,64,,
bc271a67-e901-4e6c-b71d-96272ac68066,VAC-1121,CAND-10121,РЕКРУТЕР,Собирать резюме,Task,Алексей_9,2025-10-13 05:17:26,2025-10-15 12:29:26,3312,,
bc271a67-e901-4e6c-b71d-96272ac68066,VAC-1121,CAND-10121,РЕКРУТЕР,Скрининг,Task,Екатерина_1,2025-10-15 13:08:26,2025-10-15 13:28:26,20,passed,
bc271a67-e901-4e6c-b71d-96272ac68066,VAC-1121,CAND-10121,ИНТЕРВЬЮЕРЫ,Назначить интервью,User Task,Анна_2,2025-10-15 14:14:26,2025-10-15 14:36:26,22,,
bc271a67-e901-4e6c-b71d-96272ac68066,VAC-1121,CAND-10121,ИНТЕРВЬЮЕРЫ,Интервью (раунд 1),User Task,Андрей_5,2025-10-15 16:12:26,2025-10-15 17:20:26,68,passed,
bc271a67-e901-4e6c-b71d-96272ac68066,VAC-1121,CAND-10121,ИНТЕРВЬЮЕРЫ,Интервью (раунд 2),User Task,Сергей_7,2025-10-15 19:50:26,2025-10-15 21:18:26,88,passed,
bc271a67-e901-4e6c-b71d-96272ac68066,VAC-1121,CAND-10121,ИНТЕРВЬЮЕРЫ,Финальное интервью,User Task,Сергей_6,2025-10-15 23:11:26,2025-10-16 00:49:26,98,passed,
bc271a67-e901-4e6c-b71d-96272ac68066,VAC-1121,CAND-10121,HR (ОФФЕР),Согласовать условия,User Task,Ольга_8,2025-10-16 05:27:26,2025-10-16 08:09:26,162,,
bc271a67-e901-4e6c-b71d-96272ac68066,VAC-1121,CAND-10121,HR (ОФФЕР),Сгенерировать оффер,Service Task,Марина_3,2025-10-16 08:29:26,2025-10-16 08:39:26,10,,
bc271a67-e901-4e6c-b71d-96272ac68066,VAC-1121,CAND-10121,HR (ОФФЕР),Отправить оффер,Send Task,Марина_4,2025-10-16 08:44:26,2025-10-16 08:54:26,10,sent,
bc271a67-e901-4e6c-b71d-96272ac68066,VAC-1121,CAND-10121,HR (ОФФЕР),Переговоры / отказ,Task,Наталья_9,2025-10-16 10:54:26,2025-10-16 13:03:26,129,rejected,
bd21219c-e7a6-4635-ad91-6c6fc75791d9,VAC-1187,CAND-10187,РУКОВОДИТЕЛЬ,Создать заявку,User Task,Иванов_2,2025-10-03 19:51:26,2025-10-03 20:17:26,26,,
bd21219c-e7a6-4635-ad91-6c6fc75791d9,VAC-1187,CAND-10187,HR,Зарегистрировать в HCM,Service Task,Марина_2,2025-10-03 21:24:26,2025-10-03 21:39:26,15,,
bd21219c-e7a6-4635-ad91-6c6fc75791d9,VAC-1187,CAND-10187,РЕКРУТЕР,Разместить вакансию,Task,Екатерина_7,2025-10-03 22:12:26,2025-10-04 00:03:26,111,,
bd21219c-e7a6-4635-ad91-6c6fc75791d9,VAC-1187,CAND-10187,РЕКРУТЕР,Собирать резюме,Task,Екатерина_8,2025-10-04 01:03:26,2025-10-06 08:01:26,3298,,
bd21219c-e7a6-4635-ad91-6c6fc75791d9,VAC-1187,CAND-10187,РЕКРУТЕР,Скрининг,Task,Екатерина_4,2025-10-06 08:18:26,2025-10-06 08:35:26,17,passed,
bd21219c-e7a6-4635-ad91-6c6fc75791d9,VAC-1187,CAND-10187,ИНТЕРВЬЮЕРЫ,Назначить интервью,User Task,Сергей_8,2025-10-06 10:35:26,2025-10-06 10:53:26,18,,
bd21219c-e7a6-4635-ad91-6c6fc75791d9,VAC-1187,CAND-10187,ИНТЕРВЬЮЕРЫ,Интервью (раунд 1),User Task,Сергей_4,2025-10-06 13:13:26,2025-10-06 14:24:26,71,passed,
bd21219c-e7a6-4635-ad91-6c6fc75791d9,VAC-1187,CAND-10187,ИНТЕРВЬЮЕРЫ,Интервью (раунд 2),User Task,Андрей_1,2025-10-06 16:41:26,2025-10-06 17:49:26,68,passed,
bd21219c-e7a6-4635-ad91-6c6fc75791d9,VAC-1187,CAND-10187,ИНТЕРВЬЮЕРЫ,Финальное интервью,User Task,Сергей_4,2025-10-06 20:03:26,2025-10-06 21:21:26,78,passed,
bd21219c-e7a6-4635-ad91-6c6fc75791d9,VAC-1187,CAND-10187,HR (ОФФЕР),Согласовать условия,User Task,Марина_8,2025-10-06 23:55:26,2025-10-07 03:24:26,209,,
bd21219c-e7a6-4635-ad91-6c6fc75791d9,VAC-1187,CAND-10187,HR (ОФФЕР),Сгенерировать оффер,Service Task,Наталья_8,2025-10-07 03:44:26,2025-10-07 03:51:26,7,,
bd21219c-e7a6-4635-ad91-6c6fc75791d9,VAC-1187,CAND-10187,HR (ОФФЕР),Отправить оффер,Send Task,Наталья_6,2025-10-07 03:56:26,2025-10-07 04:06:26,10,sent,
bd21219c-e7a6-4635-ad91-6c6fc75791d9,VAC-1187,CAND-10187,HR (ОФФЕР),Переговоры / отказ,Task,Марина_4,2025-10-07 06:06:26,2025-10-07 08:47:26,161,rejected,
bf0c16d8-93aa-4312-af44-532342593cb6,VAC-1081,CAND-10081,РУКОВОДИТЕЛЬ,Создать заявку,User Task,Сидоров_4,2025-10-18 17:19:26,2025-10-18 17:42:26,23,,
bf0c16d8-93aa-4312-af44-532342593cb6,VAC-1081,CAND-10081,HR,Зарегистрировать в HCM,Service Task,Наталья_3,2025-10-18 18:55:26,2025-10-18 19:20:26,25,,
bf0c16d8-93aa-4312-af44-532342593cb6,VAC-1081,CAND-10081,РЕКРУТЕР,Разместить вакансию,Task,Алексей_4,2025-10-18 21:01:26,2025-10-18 21:32:26,31,,
bf0c16d8-93aa-4312-af44-532342593cb6,VAC-1081,CAND-10081,РЕКРУТЕР,Собирать резюме,Task,Дмитрий_6,2025-10-18 22:32:26,2025-10-21 10:00:26,3568,,
bf0c16d8-93aa-4312-af44-532342593cb6,VAC-1081,CAND-10081,РЕКРУТЕР,Скрининг,Task,Алексей_2,2025-10-21 10:39:26,2025-10-21 11:12:26,33,passed,
bf0c16d8-93aa-4312-af44-532342593cb6,VAC-1081,CAND-10081,ИНТЕРВЬЮЕРЫ,Назначить интервью,User Task,Сергей_2,2025-10-21 12:53:26,2025-10-21 13:29:26,36,,
bf0c16d8-93aa-4312-af44-532342593cb6,VAC-1081,CAND-10081,ИНТЕРВЬЮЕРЫ,Интервью (раунд 1),User Task,Андрей_4,2025-10-21 14:14:26,2025-10-21 15:54:26,100,passed,
bf0c16d8-93aa-4312-af44-532342593cb6,VAC-1081,CAND-10081,ИНТЕРВЬЮЕРЫ,Интервью (раунд 2),User Task,Сергей_6,2025-10-21 17:38:26,2025-10-21 18:56:26,78,rejected,поведенческий
c0ccc58c-1f3d-4f09-8b6d-c1d3baa65630,VAC-1174,CAND-10174,РУКОВОДИТЕЛЬ,Создать заявку,User Task,Петров_1,2025-10-01 16:24:26,2025-10-01 17:16:26,52,,
c0ccc58c-1f3d-4f09-8b6d-c1d3baa65630,VAC-1174,CAND-10174,HR,Зарегистрировать в HCM,Service Task,Марина_5,2025-10-01 17:47:26,2025-10-01 18:01:26,14,,
c0ccc58c-1f3d-4f09-8b6d-c1d3baa65630,VAC-1174,CAND-10174,РЕКРУТЕР,Разместить вакансию,Task,Дмитрий_3,2025-10-01 20:59:26,2025-10-01 22:03:26,64,,
c0ccc58c-1f3d-4f09-8b6d-c1d3baa65630,VAC-1174,CAND-10174,РЕКРУТЕР,Собирать резюме,Task,Екатерина_4,2025-10-01 23:03:26,2025-10-04 09:13:26,3490,,
c0ccc58c-1f3d-4f09-8b6d-c1d3baa65630,VAC-1174,CAND-10174,РЕКРУТЕР,Скрининг,Task,Алексей_2,2025-10-04 09:55:26,2025-10-04 10:23:26,28,rejected,не соотв. опыту
c12ea01a-2032-4771-8372-6ebdb6566c47,VAC-1151,CAND-10151,РУКОВОДИТЕЛЬ,Создать заявку,User Task,Иванов_9,2025-10-07 19:43:26,2025-10-07 20:09:26,26,,
c12ea01a-2032-4771-8372-6ebdb6566c47,VAC-1151,CAND-10151,HR,Зарегистрировать в HCM,Service Task,Ольга_8,2025-10-07 21:24:26,2025-10-07 21:34:26,10,,
c12ea01a-2032-4771-8372-6ebdb6566c47,VAC-1151,CAND-10151,РЕКРУТЕР,Разместить вакансию,Task,Дмитрий_9,2025-10-07 23:41:26,2025-10-08 01:27:26,106,,
c12ea01a-2032-4771-8372-6ebdb6566c47,VAC-1151,CAND-10151,РЕКРУТЕР,Собирать резюме,Task,Алексей_2,2025-10-08 02:27:26,2025-10-11 01:04:26,4237,,
c12ea01a-2032-4771-8372-6ebdb6566c47,VAC-1151,CAND-10151,РЕКРУТЕР,Скрининг,Task,Дмитрий_7,2025-10-11 01:48:26,2025-10-11 02:18:26,30,passed,
c12ea01a-2032-4771-8372-6ebdb6566c47,VAC-1151,CAND-10151,ИНТЕРВЬЮЕРЫ,Назначить интервью,User Task,Сергей_6,2025-10-11 04:01:26,2025-10-11 04:38:26,37,,
c12ea01a-2032-4771-8372-6ebdb6566c47,VAC-1151,CAND-10151,ИНТЕРВЬЮЕРЫ,Интервью (раунд 1),User Task,Сергей_8,2025-10-11 05:33:26,2025-10-11 06:50:26,77,passed,
c12ea01a-2032-4771-8372-6ebdb6566c47,VAC-1151,CAND-10151,ИНТЕРВЬЮЕРЫ,Финальное интервью,User Task,Анна_4,2025-10-11 11:07:26,2025-10-11 12:22:26,75,passed,
c12ea01a-2032-4771-8372-6ebdb6566c47,VAC-1151,CAND-10151,HR (ОФФЕР),Согласовать условия,User Task,Марина_3,2025-10-11 15:35:26,2025-10-11 18:01:26,146,,
c12ea01a-2032-4771-8372-6ebdb6566c47,VAC-1151,CAND-10151,HR (ОФФЕР),Сгенерировать оффер,Service Task,Марина_1,2025-10-11 18:21:26,2025-10-11 18:36:26,15,,
c12ea01a-2032-4771-8372-6ebdb6566c47,VAC-1151,CAND-10151,HR (ОФФЕР),Отправить оффер,Send Task,Марина_1,2025-10-11 18:41:26,2025-10-11 18:51:26,10,sent,
c12ea01a-2032-4771-8372-6ebdb6566c47,VAC-1151,CAND-10151,HR (ОФФЕР),Переговоры / отказ,Task,Ольга_2,2025-10-11 20:51:26,2025-10-11 21:54:26,63,rejected,
c218a72d-ec33-4f0a-91bb-989e54dacebc,VAC-1158,CAND-10158,РУКОВОДИТЕЛЬ,Создать заявку,User Task,Иванов_9,2025-08-25 21:28:26,2025-08-25 21:50:26,22,,
c218a72d-ec33-4f0a-91bb-989e54dacebc,VAC-1158,CAND-10158,HR,Зарегистрировать в HCM,Service Task,Ольга_9,2025-08-25 22:22:26,2025-08-25 22:51:26,29,,
c218a72d-ec33-4f0a-91bb-989e54dacebc,VAC-1158,CAND-10158,РЕКРУТЕР,Разместить вакансию,Task,Дмитрий_4,2025-08-26 01:30:26,2025-08-26 02:18:26,48,,
c218a72d-ec33-4f0a-91bb-989e54dacebc,VAC-1158,CAND-10158,РЕКРУТЕР,Собирать резюме,Task,Алексей_4,2025-08-26 03:18:26,2025-08-27 22:10:26,2572,,
c218a72d-ec33-4f0a-91bb-989e54dacebc,VAC-1158,CAND-10158,РЕКРУТЕР,Скрининг,Task,Алексей_8,2025-08-27 22:27:26,2025-08-27 23:02:26,35,passed,
c218a72d-ec33-4f0a-91bb-989e54dacebc,VAC-1158,CAND-10158,ИНТЕРВЬЮЕРЫ,Назначить интервью,User Task,Андрей_1,2025-08-27 23:42:26,2025-08-28 00:13:26,31,,
c218a72d-ec33-4f0a-91bb-989e54dacebc,VAC-1158,CAND-10158,ИНТЕРВЬЮЕРЫ,Интервью (раунд 1),User Task,Сергей_8,2025-08-28 01:55:26,2025-08-28 03:06:26,71,passed,
c218a72d-ec33-4f0a-91bb-989e54dacebc,VAC-1158,CAND-10158,ИНТЕРВЬЮЕРЫ,Интервью (раунд 2),User Task,Анна_3,2025-08-28 03:47:26,2025-08-28 04:45:26,58,rejected,недостаточно навыков
c299994b-43c2-474b-b748-bb69037c1fc9,VAC-1065,CAND-10065,РУКОВОДИТЕЛЬ,Создать заявку,User Task,Сидоров_9,2025-10-10 22:10:26,2025-10-10 22:35:26,25,,
c299994b-43c2-474b-b748-bb69037c1fc9,VAC-1065,CAND-10065,HR,Зарегистрировать в HCM,Service Task,Ольга_3,2025-10-10 23:16:26,2025-10-10 23:47:26,31,,
c299994b-43c2-474b-b748-bb69037c1fc9,VAC-1065,CAND-10065,РЕКРУТЕР,Разместить вакансию,Task,Дмитрий_5,2025-10-11 00:52:26,2025-10-11 01:46:26,54,,
c299994b-43c2-474b-b748-bb69037c1fc9,VAC-1065,CAND-10065,РЕКРУТЕР,Собирать резюме,Task,Алексей_2,2025-10-11 02:46:26,2025-10-13 12:25:26,3459,,
c299994b-43c2-474b-b748-bb69037c1fc9,VAC-1065,CAND-10065,РЕКРУТЕР,Скрининг,Task,Дмитрий_7,2025-10-13 12:45:26,2025-10-13 13:08:26,23,passed,
c299994b-43c2-474b-b748-bb69037c1fc9,VAC-1065,CAND-10065,ИНТЕРВЬЮЕРЫ,Назначить интервью,User Task,Сергей_5,2025-10-13 15:08:26,2025-10-13 15:20:26,12,,
c299994b-43c2-474b-b748-bb69037c1fc9,VAC-1065,CAND-10065,ИНТЕРВЬЮЕРЫ,Интервью (раунд 1),User Task,Андрей_5,2025-10-13 17:56:26,2025-10-13 19:06:26,70,passed,
c299994b-43c2-474b-b748-bb69037c1fc9,VAC-1065,CAND-10065,ИНТЕРВЬЮЕРЫ,Интервью (раунд 2),User Task,Анна_7,2025-10-13 19:37:26,2025-10-13 21:12:26,95,passed,
c299994b-43c2-474b-b748-bb69037c1fc9,VAC-1065,CAND-10065,ИНТЕРВЬЮЕРЫ,Интервью (раунд 3),User Task,Анна_3,2025-10-13 23:06:26,2025-10-14 00:47:26,101,passed,
c299994b-43c2-474b-b748-bb69037c1fc9,VAC-1065,CAND-10065,ИНТЕРВЬЮЕРЫ,Финальное интервью,User Task,Анна_4,2025-10-14 03:03:26,2025-10-14 04:29:26,86,passed,
c299994b-43c2-474b-b748-bb69037c1fc9,VAC-1065,CAND-10065,HR (ОФФЕР),Согласовать условия,User Task,Наталья_7,2025-10-14 07:31:26,2025-10-14 09:51:26,140,,
c299994b-43c2-474b-b748-bb69037c1fc9,VAC-1065,CAND-10065,HR (ОФФЕР),Сгенерировать оффер,Service Task,Ольга_8,2025-10-14 10:11:26,2025-10-14 10:26:26,15,,
c299994b-43c2-474b-b748-bb69037c1fc9,VAC-1065,CAND-10065,HR (ОФФЕР),Отправить оффер,Send Task,Марина_4,2025-10-14 10:31:26,2025-10-14 10:41:26,10,sent,
c299994b-43c2-474b-b748-bb69037c1fc9,VAC-1065,CAND-10065,SECURITY,Background Check,Call Activity,Служба_БД_6,2025-10-14 13:41:26,2025-10-18 03:57:26,5176,report_ready,
c299994b-43c2-474b-b748-bb69037c1fc9,VAC-1065,CAND-10065,IT,Выдача оборудования,Task,IT_Specialist_9,2025-10-18 04:57:26,2025-10-18 07:09:26,132,,
c299994b-43c2-474b-b748-bb69037c1fc9,VAC-1065,CAND-10065,IT,Создать доступы,Task,IT_Specialist_8,2025-10-18 07:39:26,2025-10-18 08:32:26,53,,
c299994b-43c2-474b-b748-bb69037c1fc9,VAC-1065,CAND-10065,IT,Вводное обучение,Service Task,Ольга_5,2025-10-18 09:32:26,2025-10-18 14:19:26,287,,
c299994b-43c2-474b-b748-bb69037c1fc9,VAC-1065,CAND-10065,HR,Назначить ментора,Task,Марина_2,2025-10-18 15:19:26,2025-10-18 16:42:26,83,,
c299994b-43c2-474b-b748-bb69037c1fc9,VAC-1065,CAND-10065,HR,Уведомить всех,Message,system,2025-10-18 17:02:26,2025-10-18 17:07:26,5,notified,
c299994b-43c2-474b-b748-bb69037c1fc9,VAC-1065,CAND-10065,HR,Обновить HCM,Service Task,Ольга_8,2025-10-18 17:37:26,2025-10-18 17:57:26,20,,
c299994b-43c2-474b-b748-bb69037c1fc9,VAC-1065,CAND-10065,HR,Payroll,Service Task,Наталья_5,2025-10-18 18:27:26,2025-10-18 18:47:26,20,,
c299994b-43c2-474b-b748-bb69037c1fc9,VAC-1065,CAND-10065,HR,Закрыть вакансию,Service Task,Наталья_5,2025-10-18 19:07:26,2025-10-18 19:12:26,5,,
c29e9e58-8b57-449f-ae61-c89c897d5ba8,VAC-1029,CAND-10029,РУКОВОДИТЕЛЬ,Создать заявку,User Task,Петров_3,2025-10-14 20:15:26,2025-10-14 21:02:26,47,,
c29e9e58-8b57-449f-ae61-c89c897d5ba8,VAC-1029,CAND-10029,HR,Зарегистрировать в HCM,Service Task,Ольга_6,2025-10-14 21:33:26,2025-10-14 22:12:26,39,,
c29e9e58-8b57-449f-ae61-c89c897d5ba8,VAC-1029,CAND-10029,РЕКРУТЕР,Разместить вакансию,Task,Алексей_3,2025-10-15 00:28:26,2025-10-15 01:10:26,42,,
c29e9e58-8b57-449f-ae61-c89c897d5ba8,VAC-1029,CAND-10029,РЕКРУТЕР,Собирать резюме,Task,Дмитрий_9,2025-10-15 02:10:26,2025-10-17 14:59:26,3649,,
c29e9e58-8b57-449f-ae61-c89c897d5ba8,VAC-1029,CAND-10029,РЕКРУТЕР,Скрининг,Task,Дмитрий_3,2025-10-17 15:41:26,2025-10-17 16:20:26,39,passed,
c29e9e58-8b57-449f-ae61-c89c897d5ba8,VAC-1029,CAND-10029,ИНТЕРВЬЮЕРЫ,Назначить интервью,User Task,Сергей_6,2025-10-17 17:41:26,2025-10-17 18:21:26,40,,
c29e9e58-8b57-449f-ae61-c89c897d5ba8,VAC-1029,CAND-10029,ИНТЕРВЬЮЕРЫ,Интервью (раунд 1),User Task,Андрей_7,2025-10-17 20:50:26,2025-10-17 21:44:26,54,passed,
c29e9e58-8b57-449f-ae61-c89c897d5ba8,VAC-1029,CAND-10029,ИНТЕРВЬЮЕРЫ,Интервью (раунд 2),User Task,Сергей_1,2025-10-18 00:36:26,2025-10-18 02:07:26,91,passed,
c29e9e58-8b57-449f-ae61-c89c897d5ba8,VAC-1029,CAND-10029,ИНТЕРВЬЮЕРЫ,Интервью (раунд 3),User Task,Сергей_5,2025-10-18 03:44:26,2025-10-18 05:37:26,113,passed,
c29e9e58-8b57-449f-ae61-c89c897d5ba8,VAC-1029,CAND-10029,ИНТЕРВЬЮЕРЫ,Финальное интервью,User Task,Сергей_2,2025-10-18 09:06:26,2025-10-18 10:39:26,93,passed,
c29e9e58-8b57-449f-ae61-c89c897d5ba8,VAC-1029,CAND-10029,HR (ОФФЕР),Согласовать условия,User Task,Ольга_1,2025-10-18 14:31:26,2025-10-18 16:30:26,119,,
c29e9e58-8b57-449f-ae61-c89c897d5ba8,VAC-1029,CAND-10029,HR (ОФФЕР),Сгенерировать оффер,Service Task,Марина_6,2025-10-18 16:50:26,2025-10-18 17:14:26,24,,
c29e9e58-8b57-449f-ae61-c89c897d5ba8,VAC-1029,CAND-10029,HR (ОФФЕР),Отправить оффер,Send Task,Марина_4,2025-10-18 17:19:26,2025-10-18 17:29:26,10,sent,
c29e9e58-8b57-449f-ae61-c89c897d5ba8,VAC-1029,CAND-10029,SECURITY,Background Check,Call Activity,Служба_БД_7,2025-10-18 20:29:26,2025-10-23 11:52:26,6683,report_ready,
c29e9e58-8b57-449f-ae61-c89c897d5ba8,VAC-1029,CAND-10029,IT,Выдача оборудования,Task,IT_Specialist_5,2025-10-23 12:52:26,2025-10-23 13:57:26,65,,
c29e9e58-8b57-449f-ae61-c89c897d5ba8,VAC-1029,CAND-10029,IT,Создать доступы,Task,IT_Specialist_2,2025-10-23 14:27:26,2025-10-23 16:00:26,93,,
c29e9e58-8b57-449f-ae61-c89c897d5ba8,VAC-1029,CAND-10029,IT,Вводное обучение,Service Task,Марина_3,2025-10-23 17:00:26,2025-10-23 22:00:26,300,,
c29e9e58-8b57-449f-ae61-c89c897d5ba8,VAC-1029,CAND-10029,HR,Назначить ментора,Task,Ольга_6,2025-10-23 23:00:26,2025-10-23 23:54:26,54,,
c29e9e58-8b57-449f-ae61-c89c897d5ba8,VAC-1029,CAND-10029,HR,Уведомить всех,Message,system,2025-10-24 00:14:26,2025-10-24 00:19:26,5,notified,
c29e9e58-8b57-449f-ae61-c89c897d5ba8,VAC-1029,CAND-10029,HR,Обновить HCM,Service Task,Марина_9,2025-10-24 00:49:26,2025-10-24 01:09:26,20,,
c29e9e58-8b57-449f-ae61-c89c897d5ba8,VAC-1029,CAND-10029,HR,Payroll,Service Task,Ольга_3,2025-10-24 01:39:26,2025-10-24 01:59:26,20,,
c29e9e58-8b57-449f-ae61-c89c897d5ba8,VAC-1029,CAND-10029,HR,Закрыть вакансию,Service Task,Ольга_2,2025-10-24 02:19:26,2025-10-24 02:24:26,5,,
c2ed2686-3aca-4ae5-8073-3913b5b17121,VAC-1011,CAND-10011,РУКОВОДИТЕЛЬ,Создать заявку,User Task,Иванов_8,2025-09-23 13:48:26,2025-09-23 14:13:26,25,,
c2ed2686-3aca-4ae5-8073-3913b5b17121,VAC-1011,CAND-10011,HR,Зарегистрировать в HCM,Service Task,Ольга_9,2025-09-23 14:50:26,2025-09-23 15:25:26,35,,
c2ed2686-3aca-4ae5-8073-3913b5b17121,VAC-1011,CAND-10011,РЕКРУТЕР,Разместить вакансию,Task,Дмитрий_8,2025-09-23 18:18:26,2025-09-23 19:54:26,96,,
c2ed2686-3aca-4ae5-8073-3913b5b17121,VAC-1011,CAND-10011,РЕКРУТЕР,Собирать резюме,Task,Екатерина_9,2025-09-23 20:54:26,2025-09-26 14:43:26,3949,,
c2ed2686-3aca-4ae5-8073-3913b5b17121,VAC-1011,CAND-10011,РЕКРУТЕР,Скрининг,Task,Екатерина_8,2025-09-26 15:20:26,2025-09-26 15:56:26,36,rejected,не прошёл тест
c34e24b1-b24b-44e2-b880-5aa396858486,VAC-1086,CAND-10086,РУКОВОДИТЕЛЬ,Создать заявку,User Task,Сидоров_7,2025-09-02 15:59:26,2025-09-02 16:09:26,10,,
c34e24b1-b24b-44e2-b880-5aa396858486,VAC-1086,CAND-10086,HR,Зарегистрировать в HCM,Service Task,Марина_1,2025-09-02 18:07:26,2025-09-02 18:47:26,40,,
c34e24b1-b24b-44e2-b880-5aa396858486,VAC-1086,CAND-10086,РЕКРУТЕР,Разместить вакансию,Task,Дмитрий_4,2025-09-02 20:03:26,2025-09-02 21:40:26,97,,
c34e24b1-b24b-44e2-b880-5aa396858486,VAC-1086,CAND-10086,РЕКРУТЕР,Собирать резюме,Task,Екатерина_2,2025-09-02 22:40:26,2025-09-05 18:19:26,4059,,
c34e24b1-b24b-44e2-b880-5aa396858486,VAC-1086,CAND-10086,РЕКРУТЕР,Скрининг,Task,Дмитрий_2,2025-09-05 19:00:26,2025-09-05 19:14:26,14,passed,
c34e24b1-b24b-44e2-b880-5aa396858486,VAC-1086,CAND-10086,ИНТЕРВЬЮЕРЫ,Назначить интервью,User Task,Анна_2,2025-09-05 20:14:26,2025-09-05 20:29:26,15,,
c34e24b1-b24b-44e2-b880-5aa396858486,VAC-1086,CAND-10086,ИНТЕРВЬЮЕРЫ,Интервью (раунд 1),User Task,Андрей_4,2025-09-05 22:24:26,2025-09-06 00:06:26,102,passed,
c34e24b1-b24b-44e2-b880-5aa396858486,VAC-1086,CAND-10086,ИНТЕРВЬЮЕРЫ,Интервью (раунд 2),User Task,Андрей_1,2025-09-06 00:53:26,2025-09-06 02:22:26,89,passed,
c34e24b1-b24b-44e2-b880-5aa396858486,VAC-1086,CAND-10086,ИНТЕРВЬЮЕРЫ,Интервью (раунд 3),User Task,Сергей_3,2025-09-06 03:04:26,2025-09-06 04:38:26,94,passed,
c34e24b1-b24b-44e2-b880-5aa396858486,VAC-1086,CAND-10086,ИНТЕРВЬЮЕРЫ,Финальное интервью,User Task,Сергей_6,2025-09-06 09:24:26,2025-09-06 11:01:26,97,passed,
c34e24b1-b24b-44e2-b880-5aa396858486,VAC-1086,CAND-10086,HR (ОФФЕР),Согласовать условия,User Task,Наталья_8,2025-09-06 14:20:26,2025-09-06 16:56:26,156,,
c34e24b1-b24b-44e2-b880-5aa396858486,VAC-1086,CAND-10086,HR (ОФФЕР),Сгенерировать оффер,Service Task,Марина_4,2025-09-06 17:16:26,2025-09-06 17:46:26,30,,
c34e24b1-b24b-44e2-b880-5aa396858486,VAC-1086,CAND-10086,HR (ОФФЕР),Отправить оффер,Send Task,Наталья_8,2025-09-06 17:51:26,2025-09-06 18:01:26,10,sent,
c34e24b1-b24b-44e2-b880-5aa396858486,VAC-1086,CAND-10086,SECURITY,Background Check,Call Activity,Служба_БД_1,2025-09-06 21:01:26,2025-09-09 01:34:26,3153,report_ready,
c34e24b1-b24b-44e2-b880-5aa396858486,VAC-1086,CAND-10086,IT,Выдача оборудования,Task,IT_Specialist_6,2025-09-09 02:34:26,2025-09-09 03:47:26,73,,
c34e24b1-b24b-44e2-b880-5aa396858486,VAC-1086,CAND-10086,IT,Создать доступы,Task,IT_Specialist_3,2025-09-09 04:17:26,2025-09-09 05:08:26,51,,
c34e24b1-b24b-44e2-b880-5aa396858486,VAC-1086,CAND-10086,IT,Вводное обучение,Service Task,Марина_2,2025-09-09 06:08:26,2025-09-09 09:46:26,218,,
c34e24b1-b24b-44e2-b880-5aa396858486,VAC-1086,CAND-10086,HR,Назначить ментора,Task,Марина_8,2025-09-09 10:46:26,2025-09-09 11:37:26,51,,
c34e24b1-b24b-44e2-b880-5aa396858486,VAC-1086,CAND-10086,HR,Уведомить всех,Message,system,2025-09-09 11:57:26,2025-09-09 12:02:26,5,notified,
c34e24b1-b24b-44e2-b880-5aa396858486,VAC-1086,CAND-10086,HR,Обновить HCM,Service Task,Марина_1,2025-09-09 12:32:26,2025-09-09 12:52:26,20,,
c34e24b1-b24b-44e2-b880-5aa396858486,VAC-1086,CAND-10086,HR,Payroll,Service Task,Ольга_3,2025-09-09 13:22:26,2025-09-09 13:42:26,20,,
c34e24b1-b24b-44e2-b880-5aa396858486,VAC-1086,CAND-10086,HR,Закрыть вакансию,Service Task,Марина_7,2025-09-09 14:02:26,2025-09-09 14:07:26,5,,
c68cf89b-02a7-48aa-b0e5-f8a9cc39618c,VAC-1122,CAND-10122,РУКОВОДИТЕЛЬ,Создать заявку,User Task,Сидоров_3,2025-09-21 19:25:26,2025-09-21 19:44:26,19,,
c68cf89b-02a7-48aa-b0e5-f8a9cc39618c,VAC-1122,CAND-10122,HR,Зарегистрировать в HCM,Service Task,Наталья_3,2025-09-21 21:04:26,2025-09-21 21:39:26,35,,
c68cf89b-02a7-48aa-b0e5-f8a9cc39618c,VAC-1122,CAND-10122,РЕКРУТЕР,Разместить вакансию,Task,Алексей_9,2025-09-21 23:56:26,2025-09-22 01:19:26,83,,
c68cf89b-02a7-48aa-b0e5-f8a9cc39618c,VAC-1122,CAND-10122,РЕКРУТЕР,Собирать резюме,Task,Екатерина_6,2025-09-22 02:19:26,2025-09-24 14:46:26,3627,,
c68cf89b-02a7-48aa-b0e5-f8a9cc39618c,VAC-1122,CAND-10122,РЕКРУТЕР,Скрининг,Task,Дмитрий_5,2025-09-24 15:46:26,2025-09-24 16:11:26,25,passed,
c68cf89b-02a7-48aa-b0e5-f8a9cc39618c,VAC-1122,CAND-10122,ИНТЕРВЬЮЕРЫ,Назначить интервью,User Task,Сергей_2,2025-09-24 17:43:26,2025-09-24 17:54:26,11,,
c68cf89b-02a7-48aa-b0e5-f8a9cc39618c,VAC-1122,CAND-10122,ИНТЕРВЬЮЕРЫ,Интервью (раунд 1),User Task,Сергей_2,2025-09-24 18:39:26,2025-09-24 19:51:26,72,rejected,поведенческий
c6a8a385-b187-4a16-bf2a-6b17f6558c5b,VAC-1021,CAND-10021,РУКОВОДИТЕЛЬ,Создать заявку,User Task,Сидоров_3,2025-09-21 14:47:26,2025-09-21 15:11:26,24,,
c6a8a385-b187-4a16-bf2a-6b17f6558c5b,VAC-1021,CAND-10021,HR,Зарегистрировать в HCM,Service Task,Наталья_2,2025-09-21 16:05:26,2025-09-21 16:41:26,36,,
c6a8a385-b187-4a16-bf2a-6b17f6558c5b,VAC-1021,CAND-10021,РЕКРУТЕР,Разместить вакансию,Task,Дмитрий_5,2025-09-21 17:26:26,2025-09-21 18:07:26,41,,
c6a8a385-b187-4a16-bf2a-6b17f6558c5b,VAC-1021,CAND-10021,РЕКРУТЕР,Собирать резюме,Task,Алексей_8,2025-09-21 19:07:26,2025-09-24 01:05:26,3238,,
c6a8a385-b187-4a16-bf2a-6b17f6558c5b,VAC-1021,CAND-10021,РЕКРУТЕР,Скрининг,Task,Екатерина_7,2025-09-24 01:59:26,2025-09-24 02:18:26,19,rejected,не прошёл тест
c729d261-3c63-4ac0-96ae-77add0da3264,VAC-1136,CAND-10136,РУКОВОДИТЕЛЬ,Создать заявку,User Task,Петров_1,2025-09-15 14:32:26,2025-09-15 15:10:26,38,,
c729d261-3c63-4ac0-96ae-77add0da3264,VAC-1136,CAND-10136,HR,Зарегистрировать в HCM,Service Task,Марина_9,2025-09-15 16:12:26,2025-09-15 16:28:26,16,,
c729d261-3c63-4ac0-96ae-77add0da3264,VAC-1136,CAND-10136,РЕКРУТЕР,Разместить вакансию,Task,Екатерина_9,2025-09-15 17:52:26,2025-09-15 18:38:26,46,,
c729d261-3c63-4ac0-96ae-77add0da3264,VAC-1136,CAND-10136,РЕКРУТЕР,Собирать резюме,Task,Екатерина_8,2025-09-15 19:38:26,2025-09-17 13:17:26,2499,,
c729d261-3c63-4ac0-96ae-77add0da3264,VAC-1136,CAND-10136,РЕКРУТЕР,Скрининг,Task,Алексей_1,2025-09-17 14:06:26,2025-09-17 14:39:26,33,passed,
c729d261-3c63-4ac0-96ae-77add0da3264,VAC-1136,CAND-10136,ИНТЕРВЬЮЕРЫ,Назначить интервью,User Task,Андрей_5,2025-09-17 16:23:26,2025-09-17 16:49:26,26,,
c729d261-3c63-4ac0-96ae-77add0da3264,VAC-1136,CAND-10136,ИНТЕРВЬЮЕРЫ,Интервью (раунд 1),User Task,Анна_5,2025-09-17 18:31:26,2025-09-17 19:41:26,70,passed,
c729d261-3c63-4ac0-96ae-77add0da3264,VAC-1136,CAND-10136,ИНТЕРВЬЮЕРЫ,Финальное интервью,User Task,Андрей_2,2025-09-17 20:54:26,2025-09-17 22:38:26,104,passed,
c729d261-3c63-4ac0-96ae-77add0da3264,VAC-1136,CAND-10136,HR (ОФФЕР),Согласовать условия,User Task,Ольга_6,2025-09-18 01:17:26,2025-09-18 05:06:26,229,,
c729d261-3c63-4ac0-96ae-77add0da3264,VAC-1136,CAND-10136,HR (ОФФЕР),Сгенерировать оффер,Service Task,Наталья_5,2025-09-18 05:26:26,2025-09-18 05:34:26,8,,
c729d261-3c63-4ac0-96ae-77add0da3264,VAC-1136,CAND-10136,HR (ОФФЕР),Отправить оффер,Send Task,Марина_7,2025-09-18 05:39:26,2025-09-18 05:49:26,10,sent,
c729d261-3c63-4ac0-96ae-77add0da3264,VAC-1136,CAND-10136,SECURITY,Background Check,Call Activity,Служба_БД_6,2025-09-18 08:49:26,2025-09-22 12:47:26,5998,report_ready,
c729d261-3c63-4ac0-96ae-77add0da3264,VAC-1136,CAND-10136,IT,Выдача оборудования,Task,IT_Specialist_3,2025-09-22 13:47:26,2025-09-22 16:03:26,136,,
c729d261-3c63-4ac0-96ae-77add0da3264,VAC-1136,CAND-10136,IT,Создать доступы,Task,IT_Specialist_9,2025-09-22 16:33:26,2025-09-22 17:28:26,55,,
c729d261-3c63-4ac0-96ae-77add0da3264,VAC-1136,CAND-10136,IT,Вводное обучение,Service Task,Наталья_4,2025-09-22 18:28:26,2025-09-22 21:39:26,191,,
c729d261-3c63-4ac0-96ae-77add0da3264,VAC-1136,CAND-10136,HR,Назначить ментора,Task,Марина_5,2025-09-22 22:39:26,2025-09-23 00:08:26,89,,
c729d261-3c63-4ac0-96ae-77add0da3264,VAC-1136,CAND-10136,HR,Уведомить всех,Message,system,2025-09-23 00:28:26,2025-09-23 00:33:26,5,notified,
c729d261-3c63-4ac0-96ae-77add0da3264,VAC-1136,CAND-10136,HR,Обновить HCM,Service Task,Ольга_8,2025-09-23 01:03:26,2025-09-23 01:23:26,20,,
c729d261-3c63-4ac0-96ae-77add0da3264,VAC-1136,CAND-10136,HR,Payroll,Service Task,Ольга_3,2025-09-23 01:53:26,2025-09-23 02:13:26,20,,
c729d261-3c63-4ac0-96ae-77add0da3264,VAC-1136,CAND-10136,HR,Закрыть вакансию,Service Task,Наталья_6,2025-09-23 02:33:26,2025-09-23 02:38:26,5,,
c9901998-7648-4419-9c95-269521babf68,VAC-1165,CAND-10165,РУКОВОДИТЕЛЬ,Создать заявку,User Task,Петров_3,2025-09-30 16:10:26,2025-09-30 17:10:26,60,,
c9901998-7648-4419-9c95-269521babf68,VAC-1165,CAND-10165,HR,Зарегистрировать в HCM,Service Task,Ольга_6,2025-09-30 18:03:26,2025-09-30 18:20:26,17,,
c9901998-7648-4419-9c95-269521babf68,VAC-1165,CAND-10165,РЕКРУТЕР,Разместить вакансию,Task,Алексей_3,2025-09-30 20:03:26,2025-09-30 22:01:26,118,,
c9901998-7648-4419-9c95-269521babf68,VAC-1165,CAND-10165,РЕКРУТЕР,Собирать резюме,Task,Дмитрий_8,2025-09-30 23:01:26,2025-10-02 23:07:26,2886,,
c9901998-7648-4419-9c95-269521babf68,VAC-1165,CAND-10165,РЕКРУТЕР,Скрининг,Task,Алексей_9,2025-10-02 23:27:26,2025-10-02 23:56:26,29,passed,
c9901998-7648-4419-9c95-269521babf68,VAC-1165,CAND-10165,ИНТЕРВЬЮЕРЫ,Назначить интервью,User Task,Анна_3,2025-10-03 00:38:26,2025-10-03 01:14:26,36,,
c9901998-7648-4419-9c95-269521babf68,VAC-1165,CAND-10165,ИНТЕРВЬЮЕРЫ,Интервью (раунд 1),User Task,Анна_3,2025-10-03 02:13:26,2025-10-03 03:03:26,50,rejected,поведенческий
ca5000a2-e876-48c6-b9f8-5feb924dced0,VAC-1181,CAND-10181,РУКОВОДИТЕЛЬ,Создать заявку,User Task,Сидоров_8,2025-09-30 20:26:26,2025-09-30 21:18:26,52,,
ca5000a2-e876-48c6-b9f8-5feb924dced0,VAC-1181,CAND-10181,HR,Зарегистрировать в HCM,Service Task,Марина_9,2025-09-30 22:12:26,2025-09-30 22:51:26,39,,
ca5000a2-e876-48c6-b9f8-5feb924dced0,VAC-1181,CAND-10181,РЕКРУТЕР,Разместить вакансию,Task,Екатерина_1,2025-10-01 01:12:26,2025-10-01 02:44:26,92,,
ca5000a2-e876-48c6-b9f8-5feb924dced0,VAC-1181,CAND-10181,РЕКРУТЕР,Собирать резюме,Task,Алексей_6,2025-10-01 03:44:26,2025-10-03 15:23:26,3579,,
ca5000a2-e876-48c6-b9f8-5feb924dced0,VAC-1181,CAND-10181,РЕКРУТЕР,Скрининг,Task,Алексей_3,2025-10-03 16:02:26,2025-10-03 16:16:26,14,rejected,некорректное резюме
cce78b6f-b892-4af7-b53f-b7455f275e57,VAC-1034,CAND-10034,РУКОВОДИТЕЛЬ,Создать заявку,User Task,Иванов_3,2025-10-02 15:09:26,2025-10-02 15:22:26,13,,
cce78b6f-b892-4af7-b53f-b7455f275e57,VAC-1034,CAND-10034,HR,Зарегистрировать в HCM,Service Task,Наталья_2,2025-10-02 17:18:26,2025-10-02 17:47:26,29,,
cce78b6f-b892-4af7-b53f-b7455f275e57,VAC-1034,CAND-10034,РЕКРУТЕР,Разместить вакансию,Task,Екатерина_7,2025-10-02 19:26:26,2025-10-02 20:42:26,76,,
cce78b6f-b892-4af7-b53f-b7455f275e57,VAC-1034,CAND-10034,РЕКРУТЕР,Собирать резюме,Task,Екатерина_8,2025-10-02 21:42:26,2025-10-05 06:51:26,3429,,
cce78b6f-b892-4af7-b53f-b7455f275e57,VAC-1034,CAND-10034,РЕКРУТЕР,Скрининг,Task,Алексей_9,2025-10-05 07:27:26,2025-10-05 07:45:26,18,passed,
cce78b6f-b892-4af7-b53f-b7455f275e57,VAC-1034,CAND-10034,ИНТЕРВЬЮЕРЫ,Назначить интервью,User Task,Сергей_8,2025-10-05 09:00:26,2025-10-05 09:13:26,13,,
cce78b6f-b892-4af7-b53f-b7455f275e57,VAC-1034,CAND-10034,ИНТЕРВЬЮЕРЫ,Интервью (раунд 1),User Task,Анна_1,2025-10-05 11:01:26,2025-10-05 11:51:26,50,passed,
cce78b6f-b892-4af7-b53f-b7455f275e57,VAC-1034,CAND-10034,ИНТЕРВЬЮЕРЫ,Интервью (раунд 2),User Task,Андрей_3,2025-10-05 12:22:26,2025-10-05 13:33:26,71,passed,
cce78b6f-b892-4af7-b53f-b7455f275e57,VAC-1034,CAND-10034,ИНТЕРВЬЮЕРЫ,Финальное интервью,User Task,Андрей_1,2025-10-05 17:48:26,2025-10-05 19:05:26,77,passed,
cce78b6f-b892-4af7-b53f-b7455f275e57,VAC-1034,CAND-10034,HR (ОФФЕР),Согласовать условия,User Task,Наталья_3,2025-10-05 22:12:26,2025-10-06 01:02:26,170,,
cce78b6f-b892-4af7-b53f-b7455f275e57,VAC-1034,CAND-10034,HR (ОФФЕР),Сгенерировать оффер,Service Task,Марина_4,2025-10-06 01:22:26,2025-10-06 01:39:26,17,,
cce78b6f-b892-4af7-b53f-b7455f275e57,VAC-1034,CAND-10034,HR (ОФФЕР),Отправить оффер,Send Task,Марина_9,2025-10-06 01:44:26,2025-10-06 01:54:26,10,sent,
cce78b6f-b892-4af7-b53f-b7455f275e57,VAC-1034,CAND-10034,HR (ОФФЕР),Переговоры / отказ,Task,Наталья_7,2025-10-06 03:54:26,2025-10-06 06:24:26,150,rejected,
cd82d5d3-2a5d-4be8-bfda-b06cd3c9f746,VAC-1193,CAND-10193,РУКОВОДИТЕЛЬ,Создать заявку,User Task,Иванов_7,2025-08-30 22:29:26,2025-08-30 23:22:26,53,,
cd82d5d3-2a5d-4be8-bfda-b06cd3c9f746,VAC-1193,CAND-10193,HR,Зарегистрировать в HCM,Service Task,Наталья_7,2025-08-31 00:50:26,2025-08-31 01:00:26,10,,
cd82d5d3-2a5d-4be8-bfda-b06cd3c9f746,VAC-1193,CAND-10193,РЕКРУТЕР,Разместить вакансию,Task,Алексей_8,2025-08-31 01:59:26,2025-08-31 02:20:26,21,,
cd82d5d3-2a5d-4be8-bfda-b06cd3c9f746,VAC-1193,CAND-10193,РЕКРУТЕР,Собирать резюме,Task,Екатерина_7,2025-08-31 03:20:26,2025-09-02 10:44:26,3324,,
cd82d5d3-2a5d-4be8-bfda-b06cd3c9f746,VAC-1193,CAND-10193,РЕКРУТЕР,Скрининг,Task,Екатерина_8,2025-09-02 11:36:26,2025-09-02 12:16:26,40,passed,
cd82d5d3-2a5d-4be8-bfda-b06cd3c9f746,VAC-1193,CAND-10193,ИНТЕРВЬЮЕРЫ,Назначить интервью,User Task,Анна_7,2025-09-02 13:54:26,2025-09-02 14:15:26,21,,
cd82d5d3-2a5d-4be8-bfda-b06cd3c9f746,VAC-1193,CAND-10193,ИНТЕРВЬЮЕРЫ,Интервью (раунд 1),User Task,Андрей_2,2025-09-02 15:07:26,2025-09-02 16:08:26,61,passed,
cd82d5d3-2a5d-4be8-bfda-b06cd3c9f746,VAC-1193,CAND-10193,ИНТЕРВЬЮЕРЫ,Интервью (раунд 2),User Task,Андрей_8,2025-09-02 16:42:26,2025-09-02 17:51:26,69,rejected,культурный профиль
cdbf5de9-9492-4e9d-896d-4e4b7242a5e4,VAC-1107,CAND-10107,РУКОВОДИТЕЛЬ,Создать заявку,User Task,Иванов_5,2025-09-26 21:41:26,2025-09-26 22:22:26,41,,
cdbf5de9-9492-4e9d-896d-4e4b7242a5e4,VAC-1107,CAND-10107,HR,Зарегистрировать в HCM,Service Task,Ольга_9,2025-09-27 00:05:26,2025-09-27 00:21:26,16,,
cdbf5de9-9492-4e9d-896d-4e4b7242a5e4,VAC-1107,CAND-10107,РЕКРУТЕР,Разместить вакансию,Task,Алексей_9,2025-09-27 01:12:26,2025-09-27 01:44:26,32,,
cdbf5de9-9492-4e9d-896d-4e4b7242a5e4,VAC-1107,CAND-10107,РЕКРУТЕР,Собирать резюме,Task,Алексей_2,2025-09-27 02:44:26,2025-09-29 15:08:26,3624,,
cdbf5de9-9492-4e9d-896d-4e4b7242a5e4,VAC-1107,CAND-10107,РЕКРУТЕР,Скрининг,Task,Екатерина_4,2025-09-29 15:31:26,2025-09-29 16:02:26,31,rejected,некорректное резюме
cdeb8574-56d6-4e39-a286-7c942c5cba54,VAC-1018,CAND-10018,РУКОВОДИТЕЛЬ,Создать заявку,User Task,Петров_9,2025-09-06 17:00:26,2025-09-06 17:40:26,40,,
cdeb8574-56d6-4e39-a286-7c942c5cba54,VAC-1018,CAND-10018,HR,Зарегистрировать в HCM,Service Task,Наталья_4,2025-09-06 19:16:26,2025-09-06 19:35:26,19,,
cdeb8574-56d6-4e39-a286-7c942c5cba54,VAC-1018,CAND-10018,РЕКРУТЕР,Разместить вакансию,Task,Дмитрий_3,2025-09-06 21:20:26,2025-09-06 22:09:26,49,,
cdeb8574-56d6-4e39-a286-7c942c5cba54,VAC-1018,CAND-10018,РЕКРУТЕР,Собирать резюме,Task,Алексей_9,2025-09-06 23:09:26,2025-09-08 19:47:26,2678,,
cdeb8574-56d6-4e39-a286-7c942c5cba54,VAC-1018,CAND-10018,РЕКРУТЕР,Скрининг,Task,Алексей_1,2025-09-08 20:05:26,2025-09-08 20:23:26,18,passed,
cdeb8574-56d6-4e39-a286-7c942c5cba54,VAC-1018,CAND-10018,ИНТЕРВЬЮЕРЫ,Назначить интервью,User Task,Андрей_8,2025-09-08 22:12:26,2025-09-08 22:52:26,40,,
cdeb8574-56d6-4e39-a286-7c942c5cba54,VAC-1018,CAND-10018,ИНТЕРВЬЮЕРЫ,Интервью (раунд 1),User Task,Сергей_8,2025-09-08 23:25:26,2025-09-09 01:23:26,118,passed,
cdeb8574-56d6-4e39-a286-7c942c5cba54,VAC-1018,CAND-10018,ИНТЕРВЬЮЕРЫ,Финальное интервью,User Task,Сергей_8,2025-09-09 03:50:26,2025-09-09 04:58:26,68,rejected,финал не пройден
d005ea42-a022-4fb0-96b6-a98bf988652e,VAC-1109,CAND-10109,РУКОВОДИТЕЛЬ,Создать заявку,User Task,Сидоров_7,2025-09-01 13:13:26,2025-09-01 13:59:26,46,,
d005ea42-a022-4fb0-96b6-a98bf988652e,VAC-1109,CAND-10109,HR,Зарегистрировать в HCM,Service Task,Наталья_5,2025-09-01 15:27:26,2025-09-01 15:54:26,27,,
d005ea42-a022-4fb0-96b6-a98bf988652e,VAC-1109,CAND-10109,РЕКРУТЕР,Разместить вакансию,Task,Екатерина_6,2025-09-01 17:17:26,2025-09-01 19:12:26,115,,
d005ea42-a022-4fb0-96b6-a98bf988652e,VAC-1109,CAND-10109,РЕКРУТЕР,Собирать резюме,Task,Дмитрий_9,2025-09-01 20:12:26,2025-09-03 10:39:26,2307,,
d005ea42-a022-4fb0-96b6-a98bf988652e,VAC-1109,CAND-10109,РЕКРУТЕР,Скрининг,Task,Алексей_4,2025-09-03 10:58:26,2025-09-03 11:13:26,15,passed,
d005ea42-a022-4fb0-96b6-a98bf988652e,VAC-1109,CAND-10109,ИНТЕРВЬЮЕРЫ,Назначить интервью,User Task,Андрей_3,2025-09-03 12:05:26,2025-09-03 12:21:26,16,,
d005ea42-a022-4fb0-96b6-a98bf988652e,VAC-1109,CAND-10109,ИНТЕРВЬЮЕРЫ,Интервью (раунд 1),User Task,Анна_8,2025-09-03 15:16:26,2025-09-03 16:07:26,51,rejected,культурный профиль
d3822a1b-6ce2-4749-90b5-20105f3250ce,VAC-1028,CAND-10028,РУКОВОДИТЕЛЬ,Создать заявку,User Task,Иванов_2,2025-10-21 17:56:26,2025-10-21 18:40:26,44,,
d3822a1b-6ce2-4749-90b5-20105f3250ce,VAC-1028,CAND-10028,HR,Зарегистрировать в HCM,Service Task,Ольга_5,2025-10-21 19:56:26,2025-10-21 20:36:26,40,,
d3822a1b-6ce2-4749-90b5-20105f3250ce,VAC-1028,CAND-10028,РЕКРУТЕР,Разместить вакансию,Task,Дмитрий_8,2025-10-21 22:54:26,2025-10-22 00:42:26,108,,
d3822a1b-6ce2-4749-90b5-20105f3250ce,VAC-1028,CAND-10028,РЕКРУТЕР,Собирать резюме,Task,Алексей_7,2025-10-22 01:42:26,2025-10-23 22:19:26,2677,,
d3822a1b-6ce2-4749-90b5-20105f3250ce,VAC-1028,CAND-10028,РЕКРУТЕР,Скрининг,Task,Алексей_7,2025-10-23 22:59:26,2025-10-23 23:12:26,13,passed,
d3822a1b-6ce2-4749-90b5-20105f3250ce,VAC-1028,CAND-10028,ИНТЕРВЬЮЕРЫ,Назначить интервью,User Task,Анна_5,2025-10-24 00:45:26,2025-10-24 01:04:26,19,,
d3822a1b-6ce2-4749-90b5-20105f3250ce,VAC-1028,CAND-10028,ИНТЕРВЬЮЕРЫ,Интервью (раунд 1),User Task,Анна_1,2025-10-24 03:15:26,2025-10-24 04:35:26,80,passed,
d3822a1b-6ce2-4749-90b5-20105f3250ce,VAC-1028,CAND-10028,ИНТЕРВЬЮЕРЫ,Финальное интервью,User Task,Сергей_4,2025-10-24 09:28:26,2025-10-24 11:16:26,108,passed,
d3822a1b-6ce2-4749-90b5-20105f3250ce,VAC-1028,CAND-10028,HR (ОФФЕР),Согласовать условия,User Task,Наталья_4,2025-10-24 14:51:26,2025-10-24 17:21:26,150,,
d3822a1b-6ce2-4749-90b5-20105f3250ce,VAC-1028,CAND-10028,HR (ОФФЕР),Сгенерировать оффер,Service Task,Ольга_3,2025-10-24 17:41:26,2025-10-24 18:05:26,24,,
d3822a1b-6ce2-4749-90b5-20105f3250ce,VAC-1028,CAND-10028,HR (ОФФЕР),Отправить оффер,Send Task,Марина_2,2025-10-24 18:10:26,2025-10-24 18:20:26,10,sent,
d3822a1b-6ce2-4749-90b5-20105f3250ce,VAC-1028,CAND-10028,HR (ОФФЕР),Переговоры / отказ,Task,Наталья_5,2025-10-24 20:20:26,2025-10-25 00:05:26,225,rejected,
d38bece8-5351-4043-a7b1-1744ed0dd2ed,VAC-1066,CAND-10066,РУКОВОДИТЕЛЬ,Создать заявку,User Task,Петров_2,2025-10-06 15:58:26,2025-10-06 16:35:26,37,,
d38bece8-5351-4043-a7b1-1744ed0dd2ed,VAC-1066,CAND-10066,HR,Зарегистрировать в HCM,Service Task,Ольга_7,2025-10-06 17:52:26,2025-10-06 18:21:26,29,,
d38bece8-5351-4043-a7b1-1744ed0dd2ed,VAC-1066,CAND-10066,РЕКРУТЕР,Разместить вакансию,Task,Екатерина_7,2025-10-06 21:07:26,2025-10-06 22:31:26,84,,
d38bece8-5351-4043-a7b1-1744ed0dd2ed,VAC-1066,CAND-10066,РЕКРУТЕР,Собирать резюме,Task,Алексей_6,2025-10-06 23:31:26,2025-10-09 12:37:26,3666,,
d38bece8-5351-4043-a7b1-1744ed0dd2ed,VAC-1066,CAND-10066,РЕКРУТЕР,Скрининг,Task,Екатерина_2,2025-10-09 13:31:26,2025-10-09 14:09:26,38,passed,
d38bece8-5351-4043-a7b1-1744ed0dd2ed,VAC-1066,CAND-10066,ИНТЕРВЬЮЕРЫ,Назначить интервью,User Task,Анна_6,2025-10-09 15:00:26,2025-10-09 15:31:26,31,,
d38bece8-5351-4043-a7b1-1744ed0dd2ed,VAC-1066,CAND-10066,ИНТЕРВЬЮЕРЫ,Интервью (раунд 1),User Task,Анна_7,2025-10-09 16:12:26,2025-10-09 18:09:26,117,rejected,поведенческий
d4139b38-fa6d-4d2b-93f2-c6c284510b4a,VAC-1125,CAND-10125,РУКОВОДИТЕЛЬ,Создать заявку,User Task,Иванов_8,2025-09-04 19:19:26,2025-09-04 19:35:26,16,,
d4139b38-fa6d-4d2b-93f2-c6c284510b4a,VAC-1125,CAND-10125,HR,Зарегистрировать в HCM,Service Task,Наталья_7,2025-09-04 21:05:26,2025-09-04 21:16:26,11,,
d4139b38-fa6d-4d2b-93f2-c6c284510b4a,VAC-1125,CAND-10125,РЕКРУТЕР,Разместить вакансию,Task,Алексей_2,2025-09-05 00:00:26,2025-09-05 01:57:26,117,,
d4139b38-fa6d-4d2b-93f2-c6c284510b4a,VAC-1125,CAND-10125,РЕКРУТЕР,Собирать резюме,Task,Екатерина_3,2025-09-05 02:57:26,2025-09-06 20:52:26,2515,,
d4139b38-fa6d-4d2b-93f2-c6c284510b4a,VAC-1125,CAND-10125,РЕКРУТЕР,Скрининг,Task,Дмитрий_5,2025-09-06 21:07:26,2025-09-06 21:37:26,30,passed,
d4139b38-fa6d-4d2b-93f2-c6c284510b4a,VAC-1125,CAND-10125,ИНТЕРВЬЮЕРЫ,Назначить интервью,User Task,Сергей_3,2025-09-06 23:31:26,2025-09-06 23:50:26,19,,
d4139b38-fa6d-4d2b-93f2-c6c284510b4a,VAC-1125,CAND-10125,ИНТЕРВЬЮЕРЫ,Интервью (раунд 1),User Task,Сергей_6,2025-09-07 01:03:26,2025-09-07 01:51:26,48,passed,
d4139b38-fa6d-4d2b-93f2-c6c284510b4a,VAC-1125,CAND-10125,ИНТЕРВЬЮЕРЫ,Финальное интервью,User Task,Анна_5,2025-09-07 06:32:26,2025-09-07 08:17:26,105,passed,
d4139b38-fa6d-4d2b-93f2-c6c284510b4a,VAC-1125,CAND-10125,HR (ОФФЕР),Согласовать условия,User Task,Наталья_9,2025-09-07 11:37:26,2025-09-07 14:30:26,173,,
d4139b38-fa6d-4d2b-93f2-c6c284510b4a,VAC-1125,CAND-10125,HR (ОФФЕР),Сгенерировать оффер,Service Task,Марина_8,2025-09-07 14:50:26,2025-09-07 15:00:26,10,,
d4139b38-fa6d-4d2b-93f2-c6c284510b4a,VAC-1125,CAND-10125,HR (ОФФЕР),Отправить оффер,Send Task,Марина_7,2025-09-07 15:05:26,2025-09-07 15:15:26,10,sent,
d4139b38-fa6d-4d2b-93f2-c6c284510b4a,VAC-1125,CAND-10125,SECURITY,Background Check,Call Activity,Служба_БД_8,2025-09-07 18:15:26,2025-09-11 12:31:26,5416,report_ready,
d4139b38-fa6d-4d2b-93f2-c6c284510b4a,VAC-1125,CAND-10125,IT,Выдача оборудования,Task,IT_Specialist_8,2025-09-11 13:31:26,2025-09-11 16:14:26,163,,
d4139b38-fa6d-4d2b-93f2-c6c284510b4a,VAC-1125,CAND-10125,IT,Создать доступы,Task,IT_Specialist_7,2025-09-11 16:44:26,2025-09-11 17:53:26,69,,
d4139b38-fa6d-4d2b-93f2-c6c284510b4a,VAC-1125,CAND-10125,IT,Вводное обучение,Service Task,Наталья_5,2025-09-11 18:53:26,2025-09-12 00:06:26,313,,
d4139b38-fa6d-4d2b-93f2-c6c284510b4a,VAC-1125,CAND-10125,HR,Назначить ментора,Task,Наталья_9,2025-09-12 01:06:26,2025-09-12 01:36:26,30,,
d4139b38-fa6d-4d2b-93f2-c6c284510b4a,VAC-1125,CAND-10125,HR,Уведомить всех,Message,system,2025-09-12 01:56:26,2025-09-12 02:01:26,5,notified,
d4139b38-fa6d-4d2b-93f2-c6c284510b4a,VAC-1125,CAND-10125,HR,Обновить HCM,Service Task,Наталья_6,2025-09-12 02:31:26,2025-09-12 02:51:26,20,,
d4139b38-fa6d-4d2b-93f2-c6c284510b4a,VAC-1125,CAND-10125,HR,Payroll,Service Task,Ольга_8,2025-09-12 03:21:26,2025-09-12 03:41:26,20,,
d4139b38-fa6d-4d2b-93f2-c6c284510b4a,VAC-1125,CAND-10125,HR,Закрыть вакансию,Service Task,Марина_1,2025-09-12 04:01:26,2025-09-12 04:06:26,5,,
d5eb2cff-3e3b-4ffe-91a1-b11139095c68,VAC-1188,CAND-10188,РУКОВОДИТЕЛЬ,Создать заявку,User Task,Сидоров_5,2025-10-09 19:58:26,2025-10-09 20:35:26,37,,
d5eb2cff-3e3b-4ffe-91a1-b11139095c68,VAC-1188,CAND-10188,HR,Зарегистрировать в HCM,Service Task,Марина_1,2025-10-09 21:04:26,2025-10-09 21:17:26,13,,
d5eb2cff-3e3b-4ffe-91a1-b11139095c68,VAC-1188,CAND-10188,РЕКРУТЕР,Разместить вакансию,Task,Алексей_8,2025-10-09 22:00:26,2025-10-09 23:02:26,62,,
d5eb2cff-3e3b-4ffe-91a1-b11139095c68,VAC-1188,CAND-10188,РЕКРУТЕР,Собирать резюме,Task,Екатерина_1,2025-10-10 00:02:26,2025-10-12 00:13:26,2891,,
d5eb2cff-3e3b-4ffe-91a1-b11139095c68,VAC-1188,CAND-10188,РЕКРУТЕР,Скрининг,Task,Екатерина_7,2025-10-12 00:23:26,2025-10-12 00:41:26,18,passed,
d5eb2cff-3e3b-4ffe-91a1-b11139095c68,VAC-1188,CAND-10188,ИНТЕРВЬЮЕРЫ,Назначить интервью,User Task,Сергей_3,2025-10-12 01:51:26,2025-10-12 02:22:26,31,,
d5eb2cff-3e3b-4ffe-91a1-b11139095c68,VAC-1188,CAND-10188,ИНТЕРВЬЮЕРЫ,Интервью (раунд 1),User Task,Сергей_3,2025-10-12 05:15:26,2025-10-12 06:05:26,50,passed,
d5eb2cff-3e3b-4ffe-91a1-b11139095c68,VAC-1188,CAND-10188,ИНТЕРВЬЮЕРЫ,Интервью (раунд 2),User Task,Сергей_3,2025-10-12 08:43:26,2025-10-12 10:31:26,108,rejected,недостаточно навыков
d9ad1405-b810-46d1-b994-0947de9aa699,VAC-1020,CAND-10020,РУКОВОДИТЕЛЬ,Создать заявку,User Task,Сидоров_1,2025-10-19 22:40:26,2025-10-19 23:09:26,29,,
d9ad1405-b810-46d1-b994-0947de9aa699,VAC-1020,CAND-10020,HR,Зарегистрировать в HCM,Service Task,Марина_2,2025-10-20 00:47:26,2025-10-20 01:27:26,40,,
d9ad1405-b810-46d1-b994-0947de9aa699,VAC-1020,CAND-10020,РЕКРУТЕР,Разместить вакансию,Task,Алексей_5,2025-10-20 02:50:26,2025-10-20 04:30:26,100,,
d9ad1405-b810-46d1-b994-0947de9aa699,VAC-1020,CAND-10020,РЕКРУТЕР,Собирать резюме,Task,Алексей_3,2025-10-20 05:30:26,2025-10-23 02:35:26,4145,,
d9ad1405-b810-46d1-b994-0947de9aa699,VAC-1020,CAND-10020,РЕКРУТЕР,Скрининг,Task,Екатерина_2,2025-10-23 03:00:26,2025-10-23 03:15:26,15,passed,
d9ad1405-b810-46d1-b994-0947de9aa699,VAC-1020,CAND-10020,ИНТЕРВЬЮЕРЫ,Назначить интервью,User Task,Анна_8,2025-10-23 04:27:26,2025-10-23 04:51:26,24,,
d9ad1405-b810-46d1-b994-0947de9aa699,VAC-1020,CAND-10020,ИНТЕРВЬЮЕРЫ,Интервью (раунд 1),User Task,Анна_8,2025-10-23 06:20:26,2025-10-23 07:41:26,81,passed,
d9ad1405-b810-46d1-b994-0947de9aa699,VAC-1020,CAND-10020,ИНТЕРВЬЮЕРЫ,Финальное интервью,User Task,Анна_4,2025-10-23 08:59:26,2025-10-23 10:13:26,74,rejected,финал не пройден
d9d05898-e323-413d-a92e-a661b3c8cd88,VAC-1163,CAND-10163,РУКОВОДИТЕЛЬ,Создать заявку,User Task,Петров_8,2025-10-20 13:20:26,2025-10-20 13:54:26,34,,
d9d05898-e323-413d-a92e-a661b3c8cd88,VAC-1163,CAND-10163,HR,Зарегистрировать в HCM,Service Task,Ольга_6,2025-10-20 15:33:26,2025-10-20 15:44:26,11,,
d9d05898-e323-413d-a92e-a661b3c8cd88,VAC-1163,CAND-10163,РЕКРУТЕР,Разместить вакансию,Task,Екатерина_2,2025-10-20 16:58:26,2025-10-20 18:40:26,102,,
d9d05898-e323-413d-a92e-a661b3c8cd88,VAC-1163,CAND-10163,РЕКРУТЕР,Собирать резюме,Task,Екатерина_4,2025-10-20 19:40:26,2025-10-23 09:56:26,3736,,
d9d05898-e323-413d-a92e-a661b3c8cd88,VAC-1163,CAND-10163,РЕКРУТЕР,Скрининг,Task,Алексей_9,2025-10-23 10:14:26,2025-10-23 10:34:26,20,passed,
d9d05898-e323-413d-a92e-a661b3c8cd88,VAC-1163,CAND-10163,ИНТЕРВЬЮЕРЫ,Назначить интервью,User Task,Анна_4,2025-10-23 11:55:26,2025-10-23 12:28:26,33,,
d9d05898-e323-413d-a92e-a661b3c8cd88,VAC-1163,CAND-10163,ИНТЕРВЬЮЕРЫ,Интервью (раунд 1),User Task,Сергей_9,2025-10-23 13:55:26,2025-10-23 15:21:26,86,passed,
d9d05898-e323-413d-a92e-a661b3c8cd88,VAC-1163,CAND-10163,ИНТЕРВЬЮЕРЫ,Интервью (раунд 2),User Task,Сергей_6,2025-10-23 17:39:26,2025-10-23 18:59:26,80,passed,
d9d05898-e323-413d-a92e-a661b3c8cd88,VAC-1163,CAND-10163,ИНТЕРВЬЮЕРЫ,Интервью (раунд 3),User Task,Андрей_8,2025-10-23 21:24:26,2025-10-23 23:11:26,107,rejected,культурный профиль
dae6e563-8a93-4e10-a044-50bfef0e6fbf,VAC-1148,CAND-10148,РУКОВОДИТЕЛЬ,Создать заявку,User Task,Сидоров_7,2025-10-19 13:28:26,2025-10-19 14:05:26,37,,
dae6e563-8a93-4e10-a044-50bfef0e6fbf,VAC-1148,CAND-10148,HR,Зарегистрировать в HCM,Service Task,Марина_7,2025-10-19 15:45:26,2025-10-19 16:05:26,20,,
dae6e563-8a93-4e10-a044-50bfef0e6fbf,VAC-1148,CAND-10148,РЕКРУТЕР,Разместить вакансию,Task,Дмитрий_9,2025-10-19 18:18:26,2025-10-19 19:26:26,68,,
dae6e563-8a93-4e10-a044-50bfef0e6fbf,VAC-1148,CAND-10148,РЕКРУТЕР,Собирать резюме,Task,Екатерина_3,2025-10-19 20:26:26,2025-10-21 10:51:26,2305,,
dae6e563-8a93-4e10-a044-50bfef0e6fbf,VAC-1148,CAND-10148,РЕКРУТЕР,Скрининг,Task,Алексей_9,2025-10-21 11:31:26,2025-10-21 11:45:26,14,passed,
dae6e563-8a93-4e10-a044-50bfef0e6fbf,VAC-1148,CAND-10148,ИНТЕРВЬЮЕРЫ,Назначить интервью,User Task,Сергей_3,2025-10-21 12:51:26,2025-10-21 13:27:26,36,,
dae6e563-8a93-4e10-a044-50bfef0e6fbf,VAC-1148,CAND-10148,ИНТЕРВЬЮЕРЫ,Интервью (раунд 1),User Task,Анна_1,2025-10-21 14:29:26,2025-10-21 15:31:26,62,passed,
dae6e563-8a93-4e10-a044-50bfef0e6fbf,VAC-1148,CAND-10148,ИНТЕРВЬЮЕРЫ,Финальное интервью,User Task,Андрей_2,2025-10-21 17:07:26,2025-10-21 18:54:26,107,passed,
dae6e563-8a93-4e10-a044-50bfef0e6fbf,VAC-1148,CAND-10148,HR (ОФФЕР),Согласовать условия,User Task,Ольга_8,2025-10-21 20:29:26,2025-10-22 00:13:26,224,,
dae6e563-8a93-4e10-a044-50bfef0e6fbf,VAC-1148,CAND-10148,HR (ОФФЕР),Сгенерировать оффер,Service Task,Марина_7,2025-10-22 00:33:26,2025-10-22 01:03:26,30,,
dae6e563-8a93-4e10-a044-50bfef0e6fbf,VAC-1148,CAND-10148,HR (ОФФЕР),Отправить оффер,Send Task,Марина_3,2025-10-22 01:08:26,2025-10-22 01:18:26,10,sent,
dae6e563-8a93-4e10-a044-50bfef0e6fbf,VAC-1148,CAND-10148,SECURITY,Background Check,Call Activity,Служба_БД_7,2025-10-22 04:18:26,2025-10-26 14:12:26,6354,report_ready,
dae6e563-8a93-4e10-a044-50bfef0e6fbf,VAC-1148,CAND-10148,IT,Выдача оборудования,Task,IT_Specialist_1,2025-10-26 15:12:26,2025-10-26 16:35:26,83,,
dae6e563-8a93-4e10-a044-50bfef0e6fbf,VAC-1148,CAND-10148,IT,Создать доступы,Task,IT_Specialist_4,2025-10-26 17:05:26,2025-10-26 18:48:26,103,,
dae6e563-8a93-4e10-a044-50bfef0e6fbf,VAC-1148,CAND-10148,IT,Вводное обучение,Service Task,Ольга_7,2025-10-26 19:48:26,2025-10-27 03:04:26,436,,
dae6e563-8a93-4e10-a044-50bfef0e6fbf,VAC-1148,CAND-10148,HR,Назначить ментора,Task,Марина_6,2025-10-27 04:04:26,2025-10-27 05:33:26,89,,
dae6e563-8a93-4e10-a044-50bfef0e6fbf,VAC-1148,CAND-10148,HR,Уведомить всех,Message,system,2025-10-27 05:53:26,2025-10-27 05:58:26,5,notified,
dae6e563-8a93-4e10-a044-50bfef0e6fbf,VAC-1148,CAND-10148,HR,Обновить HCM,Service Task,Наталья_1,2025-10-27 06:28:26,2025-10-27 06:48:26,20,,
dae6e563-8a93-4e10-a044-50bfef0e6fbf,VAC-1148,CAND-10148,HR,Payroll,Service Task,Марина_8,2025-10-27 07:18:26,2025-10-27 07:38:26,20,,
dae6e563-8a93-4e10-a044-50bfef0e6fbf,VAC-1148,CAND-10148,HR,Закрыть вакансию,Service Task,Марина_6,2025-10-27 07:58:26,2025-10-27 08:03:26,5,,
db1ba7b2-b969-4eb3-8ce8-7cb5fd927734,VAC-1196,CAND-10196,РУКОВОДИТЕЛЬ,Создать заявку,User Task,Петров_5,2025-09-07 21:16:26,2025-09-07 21:27:26,11,,
db1ba7b2-b969-4eb3-8ce8-7cb5fd927734,VAC-1196,CAND-10196,HR,Зарегистрировать в HCM,Service Task,Наталья_3,2025-09-07 22:32:26,2025-09-07 23:03:26,31,,
db1ba7b2-b969-4eb3-8ce8-7cb5fd927734,VAC-1196,CAND-10196,РЕКРУТЕР,Разместить вакансию,Task,Алексей_6,2025-09-08 01:41:26,2025-09-08 02:05:26,24,,
db1ba7b2-b969-4eb3-8ce8-7cb5fd927734,VAC-1196,CAND-10196,РЕКРУТЕР,Собирать резюме,Task,Алексей_4,2025-09-08 03:05:26,2025-09-10 08:28:26,3203,,
db1ba7b2-b969-4eb3-8ce8-7cb5fd927734,VAC-1196,CAND-10196,РЕКРУТЕР,Скрининг,Task,Алексей_8,2025-09-10 08:45:26,2025-09-10 09:12:26,27,passed,
db1ba7b2-b969-4eb3-8ce8-7cb5fd927734,VAC-1196,CAND-10196,ИНТЕРВЬЮЕРЫ,Назначить интервью,User Task,Сергей_1,2025-09-10 10:15:26,2025-09-10 10:50:26,35,,
db1ba7b2-b969-4eb3-8ce8-7cb5fd927734,VAC-1196,CAND-10196,ИНТЕРВЬЮЕРЫ,Интервью (раунд 1),User Task,Анна_9,2025-09-10 13:42:26,2025-09-10 15:01:26,79,rejected,культурный профиль
dbf5d157-2da7-4731-901f-84997e129f5e,VAC-1003,CAND-10003,РУКОВОДИТЕЛЬ,Создать заявку,User Task,Петров_9,2025-10-06 20:48:26,2025-10-06 21:08:26,20,,
dbf5d157-2da7-4731-901f-84997e129f5e,VAC-1003,CAND-10003,HR,Зарегистрировать в HCM,Service Task,Наталья_9,2025-10-06 22:45:26,2025-10-06 23:08:26,23,,
dbf5d157-2da7-4731-901f-84997e129f5e,VAC-1003,CAND-10003,РЕКРУТЕР,Разместить вакансию,Task,Дмитрий_7,2025-10-07 00:29:26,2025-10-07 02:20:26,111,,
dbf5d157-2da7-4731-901f-84997e129f5e,VAC-1003,CAND-10003,РЕКРУТЕР,Собирать резюме,Task,Екатерина_6,2025-10-07 03:20:26,2025-10-10 01:11:26,4191,,
dbf5d157-2da7-4731-901f-84997e129f5e,VAC-1003,CAND-10003,РЕКРУТЕР,Скрининг,Task,Екатерина_8,2025-10-10 01:49:26,2025-10-10 02:27:26,38,passed,
dbf5d157-2da7-4731-901f-84997e129f5e,VAC-1003,CAND-10003,ИНТЕРВЬЮЕРЫ,Назначить интервью,User Task,Сергей_1,2025-10-10 03:15:26,2025-10-10 03:27:26,12,,
dbf5d157-2da7-4731-901f-84997e129f5e,VAC-1003,CAND-10003,ИНТЕРВЬЮЕРЫ,Интервью (раунд 1),User Task,Андрей_1,2025-10-10 04:55:26,2025-10-10 06:55:26,120,passed,
dbf5d157-2da7-4731-901f-84997e129f5e,VAC-1003,CAND-10003,ИНТЕРВЬЮЕРЫ,Интервью (раунд 2),User Task,Сергей_2,2025-10-10 08:23:26,2025-10-10 09:16:26,53,rejected,культурный профиль
dd09af56-30b6-4067-b35a-3d218a3ab3b8,VAC-1112,CAND-10112,РУКОВОДИТЕЛЬ,Создать заявку,User Task,Сидоров_2,2025-10-21 21:25:26,2025-10-21 21:51:26,26,,
dd09af56-30b6-4067-b35a-3d218a3ab3b8,VAC-1112,CAND-10112,HR,Зарегистрировать в HCM,Service Task,Наталья_9,2025-10-21 23:44:26,2025-10-21 23:56:26,12,,
dd09af56-30b6-4067-b35a-3d218a3ab3b8,VAC-1112,CAND-10112,РЕКРУТЕР,Разместить вакансию,Task,Екатерина_7,2025-10-22 00:33:26,2025-10-22 02:07:26,94,,
dd09af56-30b6-4067-b35a-3d218a3ab3b8,VAC-1112,CAND-10112,РЕКРУТЕР,Собирать резюме,Task,Алексей_1,2025-10-22 03:07:26,2025-10-24 19:23:26,3856,,
dd09af56-30b6-4067-b35a-3d218a3ab3b8,VAC-1112,CAND-10112,РЕКРУТЕР,Скрининг,Task,Екатерина_9,2025-10-24 20:08:26,2025-10-24 20:26:26,18,passed,
dd09af56-30b6-4067-b35a-3d218a3ab3b8,VAC-1112,CAND-10112,ИНТЕРВЬЮЕРЫ,Назначить интервью,User Task,Сергей_7,2025-10-24 22:25:26,2025-10-24 22:39:26,14,,
dd09af56-30b6-4067-b35a-3d218a3ab3b8,VAC-1112,CAND-10112,ИНТЕРВЬЮЕРЫ,Интервью (раунд 1),User Task,Анна_9,2025-10-25 01:39:26,2025-10-25 03:01:26,82,passed,
dd09af56-30b6-4067-b35a-3d218a3ab3b8,VAC-1112,CAND-10112,ИНТЕРВЬЮЕРЫ,Финальное интервью,User Task,Андрей_4,2025-10-25 04:24:26,2025-10-25 05:59:26,95,passed,
dd09af56-30b6-4067-b35a-3d218a3ab3b8,VAC-1112,CAND-10112,HR (ОФФЕР),Согласовать условия,User Task,Марина_3,2025-10-25 10:36:26,2025-10-25 14:13:26,217,,
dd09af56-30b6-4067-b35a-3d218a3ab3b8,VAC-1112,CAND-10112,HR (ОФФЕР),Сгенерировать оффер,Service Task,Марина_3,2025-10-25 14:33:26,2025-10-25 15:02:26,29,,
dd09af56-30b6-4067-b35a-3d218a3ab3b8,VAC-1112,CAND-10112,HR (ОФФЕР),Отправить оффер,Send Task,Ольга_3,2025-10-25 15:07:26,2025-10-25 15:17:26,10,sent,
dd09af56-30b6-4067-b35a-3d218a3ab3b8,VAC-1112,CAND-10112,SECURITY,Background Check,Call Activity,Служба_БД_6,2025-10-25 18:17:26,2025-10-28 14:14:26,4077,report_ready,
dd09af56-30b6-4067-b35a-3d218a3ab3b8,VAC-1112,CAND-10112,IT,Выдача оборудования,Task,IT_Specialist_4,2025-10-28 15:14:26,2025-10-28 17:51:26,157,,
dd09af56-30b6-4067-b35a-3d218a3ab3b8,VAC-1112,CAND-10112,IT,Создать доступы,Task,IT_Specialist_6,2025-10-28 18:21:26,2025-10-28 18:59:26,38,,
dd09af56-30b6-4067-b35a-3d218a3ab3b8,VAC-1112,CAND-10112,IT,Вводное обучение,Service Task,Наталья_4,2025-10-28 19:59:26,2025-10-29 00:58:26,299,,
dd09af56-30b6-4067-b35a-3d218a3ab3b8,VAC-1112,CAND-10112,HR,Назначить ментора,Task,Ольга_7,2025-10-29 01:58:26,2025-10-29 03:01:26,63,,
dd09af56-30b6-4067-b35a-3d218a3ab3b8,VAC-1112,CAND-10112,HR,Уведомить всех,Message,system,2025-10-29 03:21:26,2025-10-29 03:26:26,5,notified,
dd09af56-30b6-4067-b35a-3d218a3ab3b8,VAC-1112,CAND-10112,HR,Обновить HCM,Service Task,Ольга_8,2025-10-29 03:56:26,2025-10-29 04:16:26,20,,
dd09af56-30b6-4067-b35a-3d218a3ab3b8,VAC-1112,CAND-10112,HR,Payroll,Service Task,Наталья_1,2025-10-29 04:46:26,2025-10-29 05:06:26,20,,
dd09af56-30b6-4067-b35a-3d218a3ab3b8,VAC-1112,CAND-10112,HR,Закрыть вакансию,Service Task,Марина_6,2025-10-29 05:26:26,2025-10-29 05:31:26,5,,
dfd2a9dd-ebde-4b68-b8ef-43c2d49260f6,VAC-1129,CAND-10129,РУКОВОДИТЕЛЬ,Создать заявку,User Task,Петров_8,2025-10-11 21:46:26,2025-10-11 22:03:26,17,,
dfd2a9dd-ebde-4b68-b8ef-43c2d49260f6,VAC-1129,CAND-10129,HR,Зарегистрировать в HCM,Service Task,Наталья_6,2025-10-11 23:44:26,2025-10-12 00:03:26,19,,
dfd2a9dd-ebde-4b68-b8ef-43c2d49260f6,VAC-1129,CAND-10129,РЕКРУТЕР,Разместить вакансию,Task,Алексей_2,2025-10-12 00:46:26,2025-10-12 02:31:26,105,,
dfd2a9dd-ebde-4b68-b8ef-43c2d49260f6,VAC-1129,CAND-10129,РЕКРУТЕР,Собирать резюме,Task,Екатерина_7,2025-10-12 03:31:26,2025-10-13 19:37:26,2406,,
dfd2a9dd-ebde-4b68-b8ef-43c2d49260f6,VAC-1129,CAND-10129,РЕКРУТЕР,Скрининг,Task,Алексей_5,2025-10-13 20:07:26,2025-10-13 20:17:26,10,passed,
dfd2a9dd-ebde-4b68-b8ef-43c2d49260f6,VAC-1129,CAND-10129,ИНТЕРВЬЮЕРЫ,Назначить интервью,User Task,Андрей_1,2025-10-13 21:27:26,2025-10-13 22:02:26,35,,
dfd2a9dd-ebde-4b68-b8ef-43c2d49260f6,VAC-1129,CAND-10129,ИНТЕРВЬЮЕРЫ,Интервью (раунд 1),User Task,Андрей_6,2025-10-14 01:00:26,2025-10-14 02:45:26,105,passed,
dfd2a9dd-ebde-4b68-b8ef-43c2d49260f6,VAC-1129,CAND-10129,ИНТЕРВЬЮЕРЫ,Интервью (раунд 2),User Task,Андрей_6,2025-10-14 03:37:26,2025-10-14 04:53:26,76,passed,
dfd2a9dd-ebde-4b68-b8ef-43c2d49260f6,VAC-1129,CAND-10129,ИНТЕРВЬЮЕРЫ,Интервью (раунд 3),User Task,Андрей_9,2025-10-14 05:38:26,2025-10-14 06:30:26,52,passed,
dfd2a9dd-ebde-4b68-b8ef-43c2d49260f6,VAC-1129,CAND-10129,ИНТЕРВЬЮЕРЫ,Финальное интервью,User Task,Андрей_6,2025-10-14 10:52:26,2025-10-14 11:50:26,58,passed,
dfd2a9dd-ebde-4b68-b8ef-43c2d49260f6,VAC-1129,CAND-10129,HR (ОФФЕР),Согласовать условия,User Task,Ольга_8,2025-10-14 15:12:26,2025-10-14 18:57:26,225,,
dfd2a9dd-ebde-4b68-b8ef-43c2d49260f6,VAC-1129,CAND-10129,HR (ОФФЕР),Сгенерировать оффер,Service Task,Наталья_1,2025-10-14 19:17:26,2025-10-14 19:45:26,28,,
dfd2a9dd-ebde-4b68-b8ef-43c2d49260f6,VAC-1129,CAND-10129,HR (ОФФЕР),Отправить оффер,Send Task,Марина_7,2025-10-14 19:50:26,2025-10-14 20:00:26,10,sent,
dfd2a9dd-ebde-4b68-b8ef-43c2d49260f6,VAC-1129,CAND-10129,SECURITY,Background Check,Call Activity,Служба_БД_1,2025-10-14 23:00:26,2025-10-17 17:23:26,3983,report_ready,
dfd2a9dd-ebde-4b68-b8ef-43c2d49260f6,VAC-1129,CAND-10129,IT,Выдача оборудования,Task,IT_Specialist_9,2025-10-17 18:23:26,2025-10-17 20:19:26,116,,
dfd2a9dd-ebde-4b68-b8ef-43c2d49260f6,VAC-1129,CAND-10129,IT,Создать доступы,Task,IT_Specialist_4,2025-10-17 20:49:26,2025-10-17 22:48:26,119,,
dfd2a9dd-ebde-4b68-b8ef-43c2d49260f6,VAC-1129,CAND-10129,IT,Вводное обучение,Service Task,Наталья_9,2025-10-17 23:48:26,2025-10-18 07:38:26,470,,
dfd2a9dd-ebde-4b68-b8ef-43c2d49260f6,VAC-1129,CAND-10129,HR,Назначить ментора,Task,Ольга_8,2025-10-18 08:38:26,2025-10-18 09:30:26,52,,
dfd2a9dd-ebde-4b68-b8ef-43c2d49260f6,VAC-1129,CAND-10129,HR,Уведомить всех,Message,system,2025-10-18 09:50:26,2025-10-18 09:55:26,5,notified,
dfd2a9dd-ebde-4b68-b8ef-43c2d49260f6,VAC-1129,CAND-10129,HR,Обновить HCM,Service Task,Ольга_9,2025-10-18 10:25:26,2025-10-18 10:45:26,20,,
dfd2a9dd-ebde-4b68-b8ef-43c2d49260f6,VAC-1129,CAND-10129,HR,Payroll,Service Task,Наталья_2,2025-10-18 11:15:26,2025-10-18 11:35:26,20,,
dfd2a9dd-ebde-4b68-b8ef-43c2d49260f6,VAC-1129,CAND-10129,HR,Закрыть вакансию,Service Task,Марина_3,2025-10-18 11:55:26,2025-10-18 12:00:26,5,,
e23becc0-ce10-4c48-bb27-41a82bf6b9ed,VAC-1117,CAND-10117,РУКОВОДИТЕЛЬ,Создать заявку,User Task,Иванов_7,2025-10-08 23:58:26,2025-10-09 00:11:26,13,,
e23becc0-ce10-4c48-bb27-41a82bf6b9ed,VAC-1117,CAND-10117,HR,Зарегистрировать в HCM,Service Task,Наталья_3,2025-10-09 01:52:26,2025-10-09 02:02:26,10,,
e23becc0-ce10-4c48-bb27-41a82bf6b9ed,VAC-1117,CAND-10117,РЕКРУТЕР,Разместить вакансию,Task,Дмитрий_2,2025-10-09 04:32:26,2025-10-09 06:08:26,96,,
e23becc0-ce10-4c48-bb27-41a82bf6b9ed,VAC-1117,CAND-10117,РЕКРУТЕР,Собирать резюме,Task,Дмитрий_4,2025-10-09 07:08:26,2025-10-10 11:30:26,1702,,
e23becc0-ce10-4c48-bb27-41a82bf6b9ed,VAC-1117,CAND-10117,РЕКРУТЕР,Скрининг,Task,Екатерина_1,2025-10-10 12:03:26,2025-10-10 12:15:26,12,rejected,некорректное резюме
e30bfe3f-ccee-4e98-a991-2ce9ffad3af4,VAC-1156,CAND-10156,РУКОВОДИТЕЛЬ,Создать заявку,User Task,Сидоров_4,2025-08-27 16:14:26,2025-08-27 17:10:26,56,,
e30bfe3f-ccee-4e98-a991-2ce9ffad3af4,VAC-1156,CAND-10156,HR,Зарегистрировать в HCM,Service Task,Наталья_9,2025-08-27 18:32:26,2025-08-27 18:54:26,22,,
e30bfe3f-ccee-4e98-a991-2ce9ffad3af4,VAC-1156,CAND-10156,РЕКРУТЕР,Разместить вакансию,Task,Екатерина_8,2025-08-27 20:42:26,2025-08-27 22:05:26,83,,
e30bfe3f-ccee-4e98-a991-2ce9ffad3af4,VAC-1156,CAND-10156,РЕКРУТЕР,Собирать резюме,Task,Алексей_6,2025-08-27 23:05:26,2025-08-29 00:12:26,1507,,
e30bfe3f-ccee-4e98-a991-2ce9ffad3af4,VAC-1156,CAND-10156,РЕКРУТЕР,Скрининг,Task,Екатерина_1,2025-08-29 00:25:26,2025-08-29 00:45:26,20,passed,
e30bfe3f-ccee-4e98-a991-2ce9ffad3af4,VAC-1156,CAND-10156,ИНТЕРВЬЮЕРЫ,Назначить интервью,User Task,Анна_9,2025-08-29 01:32:26,2025-08-29 02:07:26,35,,
e30bfe3f-ccee-4e98-a991-2ce9ffad3af4,VAC-1156,CAND-10156,ИНТЕРВЬЮЕРЫ,Интервью (раунд 1),User Task,Андрей_2,2025-08-29 04:54:26,2025-08-29 05:58:26,64,passed,
e30bfe3f-ccee-4e98-a991-2ce9ffad3af4,VAC-1156,CAND-10156,ИНТЕРВЬЮЕРЫ,Интервью (раунд 2),User Task,Андрей_8,2025-08-29 06:37:26,2025-08-29 07:40:26,63,passed,
e30bfe3f-ccee-4e98-a991-2ce9ffad3af4,VAC-1156,CAND-10156,ИНТЕРВЬЮЕРЫ,Финальное интервью,User Task,Анна_3,2025-08-29 12:32:26,2025-08-29 13:22:26,50,passed,
e30bfe3f-ccee-4e98-a991-2ce9ffad3af4,VAC-1156,CAND-10156,HR (ОФФЕР),Согласовать условия,User Task,Марина_1,2025-08-29 14:25:26,2025-08-29 16:09:26,104,,
e30bfe3f-ccee-4e98-a991-2ce9ffad3af4,VAC-1156,CAND-10156,HR (ОФФЕР),Сгенерировать оффер,Service Task,Наталья_8,2025-08-29 16:29:26,2025-08-29 16:43:26,14,,
e30bfe3f-ccee-4e98-a991-2ce9ffad3af4,VAC-1156,CAND-10156,HR (ОФФЕР),Отправить оффер,Send Task,Марина_3,2025-08-29 16:48:26,2025-08-29 16:58:26,10,sent,
e30bfe3f-ccee-4e98-a991-2ce9ffad3af4,VAC-1156,CAND-10156,HR (ОФФЕР),Переговоры / отказ,Task,Наталья_2,2025-08-29 18:58:26,2025-08-29 20:14:26,76,rejected,
e5385750-3142-46dd-a292-8f2e862ab37e,VAC-1056,CAND-10056,РУКОВОДИТЕЛЬ,Создать заявку,User Task,Сидоров_9,2025-08-29 22:20:26,2025-08-29 22:33:26,13,,
e5385750-3142-46dd-a292-8f2e862ab37e,VAC-1056,CAND-10056,HR,Зарегистрировать в HCM,Service Task,Марина_3,2025-08-29 23:18:26,2025-08-29 23:46:26,28,,
e5385750-3142-46dd-a292-8f2e862ab37e,VAC-1056,CAND-10056,РЕКРУТЕР,Разместить вакансию,Task,Екатерина_8,2025-08-30 00:58:26,2025-08-30 01:59:26,61,,
e5385750-3142-46dd-a292-8f2e862ab37e,VAC-1056,CAND-10056,РЕКРУТЕР,Собирать резюме,Task,Екатерина_4,2025-08-30 02:59:26,2025-08-31 10:55:26,1916,,
e5385750-3142-46dd-a292-8f2e862ab37e,VAC-1056,CAND-10056,РЕКРУТЕР,Скрининг,Task,Дмитрий_2,2025-08-31 11:50:26,2025-08-31 12:18:26,28,rejected,некорректное резюме
e63dc4a0-87d4-45b6-94bb-6d79a3e0edff,VAC-1105,CAND-10105,РУКОВОДИТЕЛЬ,Создать заявку,User Task,Иванов_1,2025-10-14 23:33:26,2025-10-15 00:18:26,45,,
e63dc4a0-87d4-45b6-94bb-6d79a3e0edff,VAC-1105,CAND-10105,HR,Зарегистрировать в HCM,Service Task,Наталья_8,2025-10-15 02:13:26,2025-10-15 02:31:26,18,,
e63dc4a0-87d4-45b6-94bb-6d79a3e0edff,VAC-1105,CAND-10105,РЕКРУТЕР,Разместить вакансию,Task,Екатерина_6,2025-10-15 03:58:26,2025-10-15 05:39:26,101,,
e63dc4a0-87d4-45b6-94bb-6d79a3e0edff,VAC-1105,CAND-10105,РЕКРУТЕР,Собирать резюме,Task,Екатерина_4,2025-10-15 06:39:26,2025-10-17 22:49:26,3850,,
e63dc4a0-87d4-45b6-94bb-6d79a3e0edff,VAC-1105,CAND-10105,РЕКРУТЕР,Скрининг,Task,Алексей_5,2025-10-17 23:48:26,2025-10-18 00:21:26,33,passed,
e63dc4a0-87d4-45b6-94bb-6d79a3e0edff,VAC-1105,CAND-10105,ИНТЕРВЬЮЕРЫ,Назначить интервью,User Task,Андрей_3,2025-10-18 02:08:26,2025-10-18 02:20:26,12,,
e63dc4a0-87d4-45b6-94bb-6d79a3e0edff,VAC-1105,CAND-10105,ИНТЕРВЬЮЕРЫ,Интервью (раунд 1),User Task,Сергей_9,2025-10-18 03:20:26,2025-10-18 04:53:26,93,passed,
e63dc4a0-87d4-45b6-94bb-6d79a3e0edff,VAC-1105,CAND-10105,ИНТЕРВЬЮЕРЫ,Интервью (раунд 2),User Task,Сергей_1,2025-10-18 06:30:26,2025-10-18 07:31:26,61,passed,
e63dc4a0-87d4-45b6-94bb-6d79a3e0edff,VAC-1105,CAND-10105,ИНТЕРВЬЮЕРЫ,Финальное интервью,User Task,Андрей_1,2025-10-18 09:55:26,2025-10-18 11:39:26,104,passed,
e63dc4a0-87d4-45b6-94bb-6d79a3e0edff,VAC-1105,CAND-10105,HR (ОФФЕР),Согласовать условия,User Task,Марина_1,2025-10-18 13:18:26,2025-10-18 15:40:26,142,,
e63dc4a0-87d4-45b6-94bb-6d79a3e0edff,VAC-1105,CAND-10105,HR (ОФФЕР),Сгенерировать оффер,Service Task,Марина_5,2025-10-18 16:00:26,2025-10-18 16:29:26,29,,
e63dc4a0-87d4-45b6-94bb-6d79a3e0edff,VAC-1105,CAND-10105,HR (ОФФЕР),Отправить оффер,Send Task,Ольга_9,2025-10-18 16:34:26,2025-10-18 16:44:26,10,sent,
e63dc4a0-87d4-45b6-94bb-6d79a3e0edff,VAC-1105,CAND-10105,SECURITY,Background Check,Call Activity,Служба_БД_3,2025-10-18 19:44:26,2025-10-22 15:07:26,5483,report_ready,
e63dc4a0-87d4-45b6-94bb-6d79a3e0edff,VAC-1105,CAND-10105,IT,Выдача оборудования,Task,IT_Specialist_7,2025-10-22 16:07:26,2025-10-22 18:47:26,160,,
e63dc4a0-87d4-45b6-94bb-6d79a3e0edff,VAC-1105,CAND-10105,IT,Создать доступы,Task,IT_Specialist_2,2025-10-22 19:17:26,2025-10-22 20:56:26,99,,
e63dc4a0-87d4-45b6-94bb-6d79a3e0edff,VAC-1105,CAND-10105,IT,Вводное обучение,Service Task,Наталья_4,2025-10-22 21:56:26,2025-10-23 03:54:26,358,,
e63dc4a0-87d4-45b6-94bb-6d79a3e0edff,VAC-1105,CAND-10105,HR,Назначить ментора,Task,Ольга_6,2025-10-23 04:54:26,2025-10-23 06:06:26,72,,
e63dc4a0-87d4-45b6-94bb-6d79a3e0edff,VAC-1105,CAND-10105,HR,Уведомить всех,Message,system,2025-10-23 06:26:26,2025-10-23 06:31:26,5,notified,
e63dc4a0-87d4-45b6-94bb-6d79a3e0edff,VAC-1105,CAND-10105,HR,Обновить HCM,Service Task,Ольга_5,2025-10-23 07:01:26,2025-10-23 07:21:26,20,,
e63dc4a0-87d4-45b6-94bb-6d79a3e0edff,VAC-1105,CAND-10105,HR,Payroll,Service Task,Наталья_9,2025-10-23 07:51:26,2025-10-23 08:11:26,20,,
e63dc4a0-87d4-45b6-94bb-6d79a3e0edff,VAC-1105,CAND-10105,HR,Закрыть вакансию,Service Task,Ольга_9,2025-10-23 08:31:26,2025-10-23 08:36:26,5,,
e8b2d416-d4e9-4570-abbb-47f965830284,VAC-1170,CAND-10170,РУКОВОДИТЕЛЬ,Создать заявку,User Task,Сидоров_5,2025-10-04 23:43:26,2025-10-05 00:00:26,17,,
e8b2d416-d4e9-4570-abbb-47f965830284,VAC-1170,CAND-10170,HR,Зарегистрировать в HCM,Service Task,Ольга_4,2025-10-05 01:13:26,2025-10-05 01:28:26,15,,
e8b2d416-d4e9-4570-abbb-47f965830284,VAC-1170,CAND-10170,РЕКРУТЕР,Разместить вакансию,Task,Дмитрий_8,2025-10-05 02:05:26,2025-10-05 02:40:26,35,,
e8b2d416-d4e9-4570-abbb-47f965830284,VAC-1170,CAND-10170,РЕКРУТЕР,Собирать резюме,Task,Екатерина_6,2025-10-05 03:40:26,2025-10-06 08:13:26,1713,,
e8b2d416-d4e9-4570-abbb-47f965830284,VAC-1170,CAND-10170,РЕКРУТЕР,Скрининг,Task,Екатерина_7,2025-10-06 09:00:26,2025-10-06 09:25:26,25,rejected,не прошёл тест
eae0e935-4ce9-490a-b479-406b301d6436,VAC-1099,CAND-10099,РУКОВОДИТЕЛЬ,Создать заявку,User Task,Сидоров_2,2025-10-21 20:52:26,2025-10-21 21:19:26,27,,
eae0e935-4ce9-490a-b479-406b301d6436,VAC-1099,CAND-10099,HR,Зарегистрировать в HCM,Service Task,Ольга_3,2025-10-21 22:26:26,2025-10-21 23:02:26,36,,
eae0e935-4ce9-490a-b479-406b301d6436,VAC-1099,CAND-10099,РЕКРУТЕР,Разместить вакансию,Task,Дмитрий_8,2025-10-22 00:01:26,2025-10-22 01:12:26,71,,
eae0e935-4ce9-490a-b479-406b301d6436,VAC-1099,CAND-10099,РЕКРУТЕР,Собирать резюме,Task,Дмитрий_8,2025-10-22 02:12:26,2025-10-23 20:45:26,2553,,
eae0e935-4ce9-490a-b479-406b301d6436,VAC-1099,CAND-10099,РЕКРУТЕР,Скрининг,Task,Алексей_2,2025-10-23 21:21:26,2025-10-23 21:51:26,30,passed,
eae0e935-4ce9-490a-b479-406b301d6436,VAC-1099,CAND-10099,ИНТЕРВЬЮЕРЫ,Назначить интервью,User Task,Андрей_2,2025-10-23 23:43:26,2025-10-23 23:54:26,11,,
eae0e935-4ce9-490a-b479-406b301d6436,VAC-1099,CAND-10099,ИНТЕРВЬЮЕРЫ,Интервью (раунд 1),User Task,Андрей_7,2025-10-24 02:27:26,2025-10-24 04:24:26,117,passed,
eae0e935-4ce9-490a-b479-406b301d6436,VAC-1099,CAND-10099,ИНТЕРВЬЮЕРЫ,Интервью (раунд 2),User Task,Анна_3,2025-10-24 06:25:26,2025-10-24 07:13:26,48,rejected,поведенческий
ebe02c99-88cc-45e6-83ff-7f5e1f06dafa,VAC-1169,CAND-10169,РУКОВОДИТЕЛЬ,Создать заявку,User Task,Петров_5,2025-09-07 21:00:26,2025-09-07 21:36:26,36,,
ebe02c99-88cc-45e6-83ff-7f5e1f06dafa,VAC-1169,CAND-10169,HR,Зарегистрировать в HCM,Service Task,Марина_7,2025-09-07 22:16:26,2025-09-07 22:51:26,35,,
ebe02c99-88cc-45e6-83ff-7f5e1f06dafa,VAC-1169,CAND-10169,РЕКРУТЕР,Разместить вакансию,Task,Екатерина_2,2025-09-08 01:07:26,2025-09-08 01:44:26,37,,
ebe02c99-88cc-45e6-83ff-7f5e1f06dafa,VAC-1169,CAND-10169,РЕКРУТЕР,Собирать резюме,Task,Алексей_5,2025-09-08 02:44:26,2025-09-09 12:32:26,2028,,
ebe02c99-88cc-45e6-83ff-7f5e1f06dafa,VAC-1169,CAND-10169,РЕКРУТЕР,Скрининг,Task,Екатерина_6,2025-09-09 13:12:26,2025-09-09 13:49:26,37,passed,
ebe02c99-88cc-45e6-83ff-7f5e1f06dafa,VAC-1169,CAND-10169,ИНТЕРВЬЮЕРЫ,Назначить интервью,User Task,Сергей_2,2025-09-09 15:24:26,2025-09-09 15:58:26,34,,
ebe02c99-88cc-45e6-83ff-7f5e1f06dafa,VAC-1169,CAND-10169,ИНТЕРВЬЮЕРЫ,Интервью (раунд 1),User Task,Сергей_3,2025-09-09 17:37:26,2025-09-09 19:15:26,98,passed,
ebe02c99-88cc-45e6-83ff-7f5e1f06dafa,VAC-1169,CAND-10169,ИНТЕРВЬЮЕРЫ,Финальное интервью,User Task,Сергей_9,2025-09-09 21:06:26,2025-09-09 22:14:26,68,passed,
ebe02c99-88cc-45e6-83ff-7f5e1f06dafa,VAC-1169,CAND-10169,HR (ОФФЕР),Согласовать условия,User Task,Ольга_5,2025-09-10 01:19:26,2025-09-10 02:29:26,70,,
ebe02c99-88cc-45e6-83ff-7f5e1f06dafa,VAC-1169,CAND-10169,HR (ОФФЕР),Сгенерировать оффер,Service Task,Марина_8,2025-09-10 02:49:26,2025-09-10 03:09:26,20,,
ebe02c99-88cc-45e6-83ff-7f5e1f06dafa,VAC-1169,CAND-10169,HR (ОФФЕР),Отправить оффер,Send Task,Наталья_1,2025-09-10 03:14:26,2025-09-10 03:24:26,10,sent,
ebe02c99-88cc-45e6-83ff-7f5e1f06dafa,VAC-1169,CAND-10169,HR (ОФФЕР),Переговоры / отказ,Task,Ольга_5,2025-09-10 05:24:26,2025-09-10 07:03:26,99,rejected,
ebf404a2-1052-4a4b-930d-985080783321,VAC-1123,CAND-10123,РУКОВОДИТЕЛЬ,Создать заявку,User Task,Петров_9,2025-10-11 18:29:26,2025-10-11 19:02:26,33,,
ebf404a2-1052-4a4b-930d-985080783321,VAC-1123,CAND-10123,HR,Зарегистрировать в HCM,Service Task,Ольга_6,2025-10-11 20:33:26,2025-10-11 21:12:26,39,,
ebf404a2-1052-4a4b-930d-985080783321,VAC-1123,CAND-10123,РЕКРУТЕР,Разместить вакансию,Task,Алексей_6,2025-10-11 21:47:26,2025-10-11 22:59:26,72,,
ebf404a2-1052-4a4b-930d-985080783321,VAC-1123,CAND-10123,РЕКРУТЕР,Собирать резюме,Task,Екатерина_4,2025-10-11 23:59:26,2025-10-14 22:22:26,4223,,
ebf404a2-1052-4a4b-930d-985080783321,VAC-1123,CAND-10123,РЕКРУТЕР,Скрининг,Task,Екатерина_9,2025-10-14 23:08:26,2025-10-14 23:36:26,28,passed,
ebf404a2-1052-4a4b-930d-985080783321,VAC-1123,CAND-10123,ИНТЕРВЬЮЕРЫ,Назначить интервью,User Task,Сергей_6,2025-10-15 01:35:26,2025-10-15 01:54:26,19,,
ebf404a2-1052-4a4b-930d-985080783321,VAC-1123,CAND-10123,ИНТЕРВЬЮЕРЫ,Интервью (раунд 1),User Task,Сергей_5,2025-10-15 04:28:26,2025-10-15 06:10:26,102,rejected,поведенческий
ec712e0e-3995-4692-aa15-7ff13d5da20c,VAC-1108,CAND-10108,РУКОВОДИТЕЛЬ,Создать заявку,User Task,Сидоров_7,2025-10-17 14:26:26,2025-10-17 15:10:26,44,,
ec712e0e-3995-4692-aa15-7ff13d5da20c,VAC-1108,CAND-10108,HR,Зарегистрировать в HCM,Service Task,Наталья_3,2025-10-17 16:52:26,2025-10-17 17:28:26,36,,
ec712e0e-3995-4692-aa15-7ff13d5da20c,VAC-1108,CAND-10108,РЕКРУТЕР,Разместить вакансию,Task,Екатерина_6,2025-10-17 18:04:26,2025-10-17 19:22:26,78,,
ec712e0e-3995-4692-aa15-7ff13d5da20c,VAC-1108,CAND-10108,РЕКРУТЕР,Собирать резюме,Task,Алексей_2,2025-10-17 20:22:26,2025-10-18 22:57:26,1595,,
ec712e0e-3995-4692-aa15-7ff13d5da20c,VAC-1108,CAND-10108,РЕКРУТЕР,Скрининг,Task,Дмитрий_9,2025-10-18 23:10:26,2025-10-18 23:25:26,15,passed,
ec712e0e-3995-4692-aa15-7ff13d5da20c,VAC-1108,CAND-10108,ИНТЕРВЬЮЕРЫ,Назначить интервью,User Task,Сергей_7,2025-10-19 00:14:26,2025-10-19 00:53:26,39,,
ec712e0e-3995-4692-aa15-7ff13d5da20c,VAC-1108,CAND-10108,ИНТЕРВЬЮЕРЫ,Интервью (раунд 1),User Task,Сергей_2,2025-10-19 03:06:26,2025-10-19 04:46:26,100,passed,
ec712e0e-3995-4692-aa15-7ff13d5da20c,VAC-1108,CAND-10108,ИНТЕРВЬЮЕРЫ,Интервью (раунд 2),User Task,Анна_2,2025-10-19 07:32:26,2025-10-19 08:17:26,45,passed,
ec712e0e-3995-4692-aa15-7ff13d5da20c,VAC-1108,CAND-10108,ИНТЕРВЬЮЕРЫ,Финальное интервью,User Task,Андрей_6,2025-10-19 12:30:26,2025-10-19 14:29:26,119,passed,
ec712e0e-3995-4692-aa15-7ff13d5da20c,VAC-1108,CAND-10108,HR (ОФФЕР),Согласовать условия,User Task,Наталья_5,2025-10-19 19:26:26,2025-10-19 22:34:26,188,,
ec712e0e-3995-4692-aa15-7ff13d5da20c,VAC-1108,CAND-10108,HR (ОФФЕР),Сгенерировать оффер,Service Task,Марина_5,2025-10-19 22:54:26,2025-10-19 23:24:26,30,,
ec712e0e-3995-4692-aa15-7ff13d5da20c,VAC-1108,CAND-10108,HR (ОФФЕР),Отправить оффер,Send Task,Марина_2,2025-10-19 23:29:26,2025-10-19 23:39:26,10,sent,
ec712e0e-3995-4692-aa15-7ff13d5da20c,VAC-1108,CAND-10108,SECURITY,Background Check,Call Activity,Служба_БД_7,2025-10-20 02:39:26,2025-10-24 14:24:26,6465,report_ready,
ec712e0e-3995-4692-aa15-7ff13d5da20c,VAC-1108,CAND-10108,IT,Выдача оборудования,Task,IT_Specialist_3,2025-10-24 15:24:26,2025-10-24 16:27:26,63,,
ec712e0e-3995-4692-aa15-7ff13d5da20c,VAC-1108,CAND-10108,IT,Создать доступы,Task,IT_Specialist_3,2025-10-24 16:57:26,2025-10-24 18:35:26,98,,
ec712e0e-3995-4692-aa15-7ff13d5da20c,VAC-1108,CAND-10108,IT,Вводное обучение,Service Task,Марина_5,2025-10-24 19:35:26,2025-10-25 01:55:26,380,,
ec712e0e-3995-4692-aa15-7ff13d5da20c,VAC-1108,CAND-10108,HR,Назначить ментора,Task,Наталья_5,2025-10-25 02:55:26,2025-10-25 04:05:26,70,,
ec712e0e-3995-4692-aa15-7ff13d5da20c,VAC-1108,CAND-10108,HR,Уведомить всех,Message,system,2025-10-25 04:25:26,2025-10-25 04:30:26,5,notified,
ec712e0e-3995-4692-aa15-7ff13d5da20c,VAC-1108,CAND-10108,HR,Обновить HCM,Service Task,Марина_6,2025-10-25 05:00:26,2025-10-25 05:20:26,20,,
ec712e0e-3995-4692-aa15-7ff13d5da20c,VAC-1108,CAND-10108,HR,Payroll,Service Task,Наталья_9,2025-10-25 05:50:26,2025-10-25 06:10:26,20,,
ec712e0e-3995-4692-aa15-7ff13d5da20c,VAC-1108,CAND-10108,HR,Закрыть вакансию,Service Task,Марина_3,2025-10-25 06:30:26,2025-10-25 06:35:26,5,,
eda369d3-ee68-4a16-990e-37073afb20ba,VAC-1089,CAND-10089,РУКОВОДИТЕЛЬ,Создать заявку,User Task,Иванов_9,2025-09-13 14:38:26,2025-09-13 15:33:26,55,,
eda369d3-ee68-4a16-990e-37073afb20ba,VAC-1089,CAND-10089,HR,Зарегистрировать в HCM,Service Task,Марина_3,2025-09-13 17:06:26,2025-09-13 17:44:26,38,,
eda369d3-ee68-4a16-990e-37073afb20ba,VAC-1089,CAND-10089,РЕКРУТЕР,Разместить вакансию,Task,Дмитрий_3,2025-09-13 18:44:26,2025-09-13 20:40:26,116,,
eda369d3-ee68-4a16-990e-37073afb20ba,VAC-1089,CAND-10089,РЕКРУТЕР,Собирать резюме,Task,Алексей_4,2025-09-13 21:40:26,2025-09-15 09:04:26,2124,,
eda369d3-ee68-4a16-990e-37073afb20ba,VAC-1089,CAND-10089,РЕКРУТЕР,Скрининг,Task,Дмитрий_2,2025-09-15 09:22:26,2025-09-15 09:33:26,11,rejected,некорректное резюме
ee1806e3-7622-4656-8d03-635d9afbbf93,VAC-1171,CAND-10171,РУКОВОДИТЕЛЬ,Создать заявку,User Task,Петров_9,2025-10-07 20:57:26,2025-10-07 21:14:26,17,,
ee1806e3-7622-4656-8d03-635d9afbbf93,VAC-1171,CAND-10171,HR,Зарегистрировать в HCM,Service Task,Наталья_5,2025-10-07 23:07:26,2025-10-07 23:35:26,28,,
ee1806e3-7622-4656-8d03-635d9afbbf93,VAC-1171,CAND-10171,РЕКРУТЕР,Разместить вакансию,Task,Алексей_3,2025-10-08 00:46:26,2025-10-08 02:20:26,94,,
ee1806e3-7622-4656-8d03-635d9afbbf93,VAC-1171,CAND-10171,РЕКРУТЕР,Собирать резюме,Task,Дмитрий_3,2025-10-08 03:20:26,2025-10-10 01:09:26,2749,,
ee1806e3-7622-4656-8d03-635d9afbbf93,VAC-1171,CAND-10171,РЕКРУТЕР,Скрининг,Task,Алексей_5,2025-10-10 01:41:26,2025-10-10 01:56:26,15,passed,
ee1806e3-7622-4656-8d03-635d9afbbf93,VAC-1171,CAND-10171,ИНТЕРВЬЮЕРЫ,Назначить интервью,User Task,Сергей_1,2025-10-10 03:37:26,2025-10-10 04:16:26,39,,
ee1806e3-7622-4656-8d03-635d9afbbf93,VAC-1171,CAND-10171,ИНТЕРВЬЮЕРЫ,Интервью (раунд 1),User Task,Анна_3,2025-10-10 07:01:26,2025-10-10 07:55:26,54,passed,
ee1806e3-7622-4656-8d03-635d9afbbf93,VAC-1171,CAND-10171,ИНТЕРВЬЮЕРЫ,Финальное интервью,User Task,Андрей_9,2025-10-10 12:10:26,2025-10-10 13:07:26,57,passed,
ee1806e3-7622-4656-8d03-635d9afbbf93,VAC-1171,CAND-10171,HR (ОФФЕР),Согласовать условия,User Task,Марина_5,2025-10-10 15:29:26,2025-10-10 17:49:26,140,,
ee1806e3-7622-4656-8d03-635d9afbbf93,VAC-1171,CAND-10171,HR (ОФФЕР),Сгенерировать оффер,Service Task,Марина_6,2025-10-10 18:09:26,2025-10-10 18:22:26,13,,
ee1806e3-7622-4656-8d03-635d9afbbf93,VAC-1171,CAND-10171,HR (ОФФЕР),Отправить оффер,Send Task,Наталья_9,2025-10-10 18:27:26,2025-10-10 18:37:26,10,sent,
ee1806e3-7622-4656-8d03-635d9afbbf93,VAC-1171,CAND-10171,SECURITY,Background Check,Call Activity,Служба_БД_3,2025-10-10 21:37:26,2025-10-13 17:14:26,4057,report_ready,
ee1806e3-7622-4656-8d03-635d9afbbf93,VAC-1171,CAND-10171,IT,Выдача оборудования,Task,IT_Specialist_7,2025-10-13 18:14:26,2025-10-13 20:01:26,107,,
ee1806e3-7622-4656-8d03-635d9afbbf93,VAC-1171,CAND-10171,IT,Создать доступы,Task,IT_Specialist_2,2025-10-13 20:31:26,2025-10-13 21:44:26,73,,
ee1806e3-7622-4656-8d03-635d9afbbf93,VAC-1171,CAND-10171,IT,Вводное обучение,Service Task,Наталья_9,2025-10-13 22:44:26,2025-10-14 03:35:26,291,,
ee1806e3-7622-4656-8d03-635d9afbbf93,VAC-1171,CAND-10171,HR,Назначить ментора,Task,Наталья_9,2025-10-14 04:35:26,2025-10-14 05:19:26,44,,
ee1806e3-7622-4656-8d03-635d9afbbf93,VAC-1171,CAND-10171,HR,Уведомить всех,Message,system,2025-10-14 05:39:26,2025-10-14 05:44:26,5,notified,
ee1806e3-7622-4656-8d03-635d9afbbf93,VAC-1171,CAND-10171,HR,Обновить HCM,Service Task,Марина_9,2025-10-14 06:14:26,2025-10-14 06:34:26,20,,
ee1806e3-7622-4656-8d03-635d9afbbf93,VAC-1171,CAND-10171,HR,Payroll,Service Task,Марина_9,2025-10-14 07:04:26,2025-10-14 07:24:26,20,,
ee1806e3-7622-4656-8d03-635d9afbbf93,VAC-1171,CAND-10171,HR,Закрыть вакансию,Service Task,Марина_2,2025-10-14 07:44:26,2025-10-14 07:49:26,5,,
ef1b4f4d-19e4-4b35-9c34-ac7ecb08a076,VAC-1068,CAND-10068,РУКОВОДИТЕЛЬ,Создать заявку,User Task,Иванов_9,2025-09-13 18:42:26,2025-09-13 19:42:26,60,,
ef1b4f4d-19e4-4b35-9c34-ac7ecb08a076,VAC-1068,CAND-10068,HR,Зарегистрировать в HCM,Service Task,Ольга_2,2025-09-13 21:03:26,2025-09-13 21:24:26,21,,
ef1b4f4d-19e4-4b35-9c34-ac7ecb08a076,VAC-1068,CAND-10068,РЕКРУТЕР,Разместить вакансию,Task,Екатерина_8,2025-09-13 23:46:26,2025-09-14 01:38:26,112,,
ef1b4f4d-19e4-4b35-9c34-ac7ecb08a076,VAC-1068,CAND-10068,РЕКРУТЕР,Собирать резюме,Task,Алексей_5,2025-09-14 02:38:26,2025-09-16 00:24:26,2746,,
ef1b4f4d-19e4-4b35-9c34-ac7ecb08a076,VAC-1068,CAND-10068,РЕКРУТЕР,Скрининг,Task,Екатерина_2,2025-09-16 00:36:26,2025-09-16 01:11:26,35,passed,
ef1b4f4d-19e4-4b35-9c34-ac7ecb08a076,VAC-1068,CAND-10068,ИНТЕРВЬЮЕРЫ,Назначить интервью,User Task,Андрей_3,2025-09-16 02:14:26,2025-09-16 02:44:26,30,,
ef1b4f4d-19e4-4b35-9c34-ac7ecb08a076,VAC-1068,CAND-10068,ИНТЕРВЬЮЕРЫ,Интервью (раунд 1),User Task,Андрей_6,2025-09-16 04:16:26,2025-09-16 06:07:26,111,passed,
ef1b4f4d-19e4-4b35-9c34-ac7ecb08a076,VAC-1068,CAND-10068,ИНТЕРВЬЮЕРЫ,Интервью (раунд 2),User Task,Андрей_7,2025-09-16 09:00:26,2025-09-16 10:39:26,99,rejected,культурный профиль
ef30e6fc-699e-4688-9426-e0cc184b9e47,VAC-1013,CAND-10013,РУКОВОДИТЕЛЬ,Создать заявку,User Task,Петров_7,2025-09-24 13:35:26,2025-09-24 14:04:26,29,,
ef30e6fc-699e-4688-9426-e0cc184b9e47,VAC-1013,CAND-10013,HR,Зарегистрировать в HCM,Service Task,Марина_9,2025-09-24 15:32:26,2025-09-24 16:05:26,33,,
ef30e6fc-699e-4688-9426-e0cc184b9e47,VAC-1013,CAND-10013,РЕКРУТЕР,Разместить вакансию,Task,Алексей_5,2025-09-24 17:31:26,2025-09-24 18:53:26,82,,
ef30e6fc-699e-4688-9426-e0cc184b9e47,VAC-1013,CAND-10013,РЕКРУТЕР,Собирать резюме,Task,Дмитрий_1,2025-09-24 19:53:26,2025-09-27 01:38:26,3225,,
ef30e6fc-699e-4688-9426-e0cc184b9e47,VAC-1013,CAND-10013,РЕКРУТЕР,Скрининг,Task,Екатерина_7,2025-09-27 02:12:26,2025-09-27 02:32:26,20,rejected,некорректное резюме
f0035f64-7784-4a77-86a8-a2d00cfe0f45,VAC-1023,CAND-10023,РУКОВОДИТЕЛЬ,Создать заявку,User Task,Иванов_6,2025-09-15 18:55:26,2025-09-15 19:11:26,16,,
f0035f64-7784-4a77-86a8-a2d00cfe0f45,VAC-1023,CAND-10023,HR,Зарегистрировать в HCM,Service Task,Ольга_5,2025-09-15 20:23:26,2025-09-15 20:55:26,32,,
f0035f64-7784-4a77-86a8-a2d00cfe0f45,VAC-1023,CAND-10023,РЕКРУТЕР,Разместить вакансию,Task,Екатерина_1,2025-09-15 23:07:26,2025-09-16 01:04:26,117,,
f0035f64-7784-4a77-86a8-a2d00cfe0f45,VAC-1023,CAND-10023,РЕКРУТЕР,Собирать резюме,Task,Алексей_6,2025-09-16 02:04:26,2025-09-18 09:06:26,3302,,
f0035f64-7784-4a77-86a8-a2d00cfe0f45,VAC-1023,CAND-10023,РЕКРУТЕР,Скрининг,Task,Алексей_7,2025-09-18 09:32:26,2025-09-18 09:52:26,20,rejected,не соотв. опыту
f11ddf89-9bed-41ed-af90-121b2af800fd,VAC-1197,CAND-10197,РУКОВОДИТЕЛЬ,Создать заявку,User Task,Петров_8,2025-10-06 14:58:26,2025-10-06 15:11:26,13,,
f11ddf89-9bed-41ed-af90-121b2af800fd,VAC-1197,CAND-10197,HR,Зарегистрировать в HCM,Service Task,Наталья_2,2025-10-06 17:07:26,2025-10-06 17:20:26,13,,
f11ddf89-9bed-41ed-af90-121b2af800fd,VAC-1197,CAND-10197,РЕКРУТЕР,Разместить вакансию,Task,Екатерина_2,2025-10-06 20:13:26,2025-10-06 20:38:26,25,,
f11ddf89-9bed-41ed-af90-121b2af800fd,VAC-1197,CAND-10197,РЕКРУТЕР,Собирать резюме,Task,Екатерина_2,2025-10-06 21:38:26,2025-10-08 09:02:26,2124,,
f11ddf89-9bed-41ed-af90-121b2af800fd,VAC-1197,CAND-10197,РЕКРУТЕР,Скрининг,Task,Дмитрий_3,2025-10-08 09:25:26,2025-10-08 10:04:26,39,rejected,не прошёл тест
f216bf46-eccd-4f2c-a7ff-6988ea59de0e,VAC-1001,CAND-10001,РУКОВОДИТЕЛЬ,Создать заявку,User Task,Петров_5,2025-09-28 16:23:26,2025-09-28 17:02:26,39,,
f216bf46-eccd-4f2c-a7ff-6988ea59de0e,VAC-1001,CAND-10001,HR,Зарегистрировать в HCM,Service Task,Марина_4,2025-09-28 18:43:26,2025-09-28 19:15:26,32,,
f216bf46-eccd-4f2c-a7ff-6988ea59de0e,VAC-1001,CAND-10001,РЕКРУТЕР,Разместить вакансию,Task,Алексей_4,2025-09-28 21:08:26,2025-09-28 23:06:26,118,,
f216bf46-eccd-4f2c-a7ff-6988ea59de0e,VAC-1001,CAND-10001,РЕКРУТЕР,Собирать резюме,Task,Дмитрий_7,2025-09-29 00:06:26,2025-09-30 02:17:26,1571,,
f216bf46-eccd-4f2c-a7ff-6988ea59de0e,VAC-1001,CAND-10001,РЕКРУТЕР,Скрининг,Task,Алексей_6,2025-09-30 02:44:26,2025-09-30 02:56:26,12,passed,
f216bf46-eccd-4f2c-a7ff-6988ea59de0e,VAC-1001,CAND-10001,ИНТЕРВЬЮЕРЫ,Назначить интервью,User Task,Анна_8,2025-09-30 04:19:26,2025-09-30 04:41:26,22,,
f216bf46-eccd-4f2c-a7ff-6988ea59de0e,VAC-1001,CAND-10001,ИНТЕРВЬЮЕРЫ,Интервью (раунд 1),User Task,Анна_5,2025-09-30 05:46:26,2025-09-30 07:02:26,76,passed,
f216bf46-eccd-4f2c-a7ff-6988ea59de0e,VAC-1001,CAND-10001,ИНТЕРВЬЮЕРЫ,Финальное интервью,User Task,Анна_7,2025-09-30 11:13:26,2025-09-30 13:12:26,119,passed,
f216bf46-eccd-4f2c-a7ff-6988ea59de0e,VAC-1001,CAND-10001,HR (ОФФЕР),Согласовать условия,User Task,Наталья_9,2025-09-30 15:44:26,2025-09-30 17:40:26,116,,
f216bf46-eccd-4f2c-a7ff-6988ea59de0e,VAC-1001,CAND-10001,HR (ОФФЕР),Сгенерировать оффер,Service Task,Наталья_1,2025-09-30 18:00:26,2025-09-30 18:20:26,20,,
f216bf46-eccd-4f2c-a7ff-6988ea59de0e,VAC-1001,CAND-10001,HR (ОФФЕР),Отправить оффер,Send Task,Наталья_3,2025-09-30 18:25:26,2025-09-30 18:35:26,10,sent,
f216bf46-eccd-4f2c-a7ff-6988ea59de0e,VAC-1001,CAND-10001,SECURITY,Background Check,Call Activity,Служба_БД_7,2025-09-30 21:35:26,2025-10-05 07:13:26,6338,report_ready,
f216bf46-eccd-4f2c-a7ff-6988ea59de0e,VAC-1001,CAND-10001,IT,Выдача оборудования,Task,IT_Specialist_9,2025-10-05 08:13:26,2025-10-05 10:12:26,119,,
f216bf46-eccd-4f2c-a7ff-6988ea59de0e,VAC-1001,CAND-10001,IT,Создать доступы,Task,IT_Specialist_9,2025-10-05 10:42:26,2025-10-05 11:13:26,31,,
f216bf46-eccd-4f2c-a7ff-6988ea59de0e,VAC-1001,CAND-10001,IT,Вводное обучение,Service Task,Марина_6,2025-10-05 12:13:26,2025-10-05 17:29:26,316,,
f216bf46-eccd-4f2c-a7ff-6988ea59de0e,VAC-1001,CAND-10001,HR,Назначить ментора,Task,Ольга_7,2025-10-05 18:29:26,2025-10-05 19:06:26,37,,
f216bf46-eccd-4f2c-a7ff-6988ea59de0e,VAC-1001,CAND-10001,HR,Уведомить всех,Message,system,2025-10-05 19:26:26,2025-10-05 19:31:26,5,notified,
f216bf46-eccd-4f2c-a7ff-6988ea59de0e,VAC-1001,CAND-10001,HR,Обновить HCM,Service Task,Наталья_8,2025-10-05 20:01:26,2025-10-05 20:21:26,20,,
f216bf46-eccd-4f2c-a7ff-6988ea59de0e,VAC-1001,CAND-10001,HR,Payroll,Service Task,Наталья_5,2025-10-05 20:51:26,2025-10-05 21:11:26,20,,
f216bf46-eccd-4f2c-a7ff-6988ea59de0e,VAC-1001,CAND-10001,HR,Закрыть вакансию,Service Task,Марина_3,2025-10-05 21:31:26,2025-10-05 21:36:26,5,,
f224f360-d4e0-4d97-9f7e-12c2816f7058,VAC-1055,CAND-10055,РУКОВОДИТЕЛЬ,Создать заявку,User Task,Сидоров_3,2025-09-04 20:54:26,2025-09-04 21:20:26,26,,
f224f360-d4e0-4d97-9f7e-12c2816f7058,VAC-1055,CAND-10055,HR,Зарегистрировать в HCM,Service Task,Ольга_5,2025-09-04 21:41:26,2025-09-04 22:14:26,33,,
f224f360-d4e0-4d97-9f7e-12c2816f7058,VAC-1055,CAND-10055,РЕКРУТЕР,Разместить вакансию,Task,Алексей_3,2025-09-05 01:09:26,2025-09-05 02:55:26,106,,
f224f360-d4e0-4d97-9f7e-12c2816f7058,VAC-1055,CAND-10055,РЕКРУТЕР,Собирать резюме,Task,Екатерина_7,2025-09-05 03:55:26,2025-09-07 21:37:26,3942,,
f224f360-d4e0-4d97-9f7e-12c2816f7058,VAC-1055,CAND-10055,РЕКРУТЕР,Скрининг,Task,Дмитрий_2,2025-09-07 22:14:26,2025-09-07 22:40:26,26,passed,
f224f360-d4e0-4d97-9f7e-12c2816f7058,VAC-1055,CAND-10055,ИНТЕРВЬЮЕРЫ,Назначить интервью,User Task,Андрей_8,2025-09-07 23:12:26,2025-09-07 23:27:26,15,,
f224f360-d4e0-4d97-9f7e-12c2816f7058,VAC-1055,CAND-10055,ИНТЕРВЬЮЕРЫ,Интервью (раунд 1),User Task,Андрей_8,2025-09-08 01:00:26,2025-09-08 01:45:26,45,passed,
f224f360-d4e0-4d97-9f7e-12c2816f7058,VAC-1055,CAND-10055,ИНТЕРВЬЮЕРЫ,Интервью (раунд 2),User Task,Анна_1,2025-09-08 03:23:26,2025-09-08 04:50:26,87,passed,
f224f360-d4e0-4d97-9f7e-12c2816f7058,VAC-1055,CAND-10055,ИНТЕРВЬЮЕРЫ,Финальное интервью,User Task,Андрей_2,2025-09-08 06:56:26,2025-09-08 08:27:26,91,passed,
f224f360-d4e0-4d97-9f7e-12c2816f7058,VAC-1055,CAND-10055,HR (ОФФЕР),Согласовать условия,User Task,Наталья_7,2025-09-08 11:26:26,2025-09-08 13:44:26,138,,
f224f360-d4e0-4d97-9f7e-12c2816f7058,VAC-1055,CAND-10055,HR (ОФФЕР),Сгенерировать оффер,Service Task,Марина_5,2025-09-08 14:04:26,2025-09-08 14:30:26,26,,
f224f360-d4e0-4d97-9f7e-12c2816f7058,VAC-1055,CAND-10055,HR (ОФФЕР),Отправить оффер,Send Task,Марина_2,2025-09-08 14:35:26,2025-09-08 14:45:26,10,sent,
f224f360-d4e0-4d97-9f7e-12c2816f7058,VAC-1055,CAND-10055,SECURITY,Background Check,Call Activity,Служба_БД_4,2025-09-08 17:45:26,2025-09-12 10:01:26,5296,report_ready,
f224f360-d4e0-4d97-9f7e-12c2816f7058,VAC-1055,CAND-10055,IT,Выдача оборудования,Task,IT_Specialist_3,2025-09-12 11:01:26,2025-09-12 12:18:26,77,,
f224f360-d4e0-4d97-9f7e-12c2816f7058,VAC-1055,CAND-10055,IT,Создать доступы,Task,IT_Specialist_7,2025-09-12 12:48:26,2025-09-12 14:16:26,88,,
f224f360-d4e0-4d97-9f7e-12c2816f7058,VAC-1055,CAND-10055,IT,Вводное обучение,Service Task,Ольга_9,2025-09-12 15:16:26,2025-09-12 22:57:26,461,,
f224f360-d4e0-4d97-9f7e-12c2816f7058,VAC-1055,CAND-10055,HR,Назначить ментора,Task,Марина_4,2025-09-12 23:57:26,2025-09-13 01:18:26,81,,
f224f360-d4e0-4d97-9f7e-12c2816f7058,VAC-1055,CAND-10055,HR,Уведомить всех,Message,system,2025-09-13 01:38:26,2025-09-13 01:43:26,5,notified,
f224f360-d4e0-4d97-9f7e-12c2816f7058,VAC-1055,CAND-10055,HR,Обновить HCM,Service Task,Наталья_2,2025-09-13 02:13:26,2025-09-13 02:33:26,20,,
f224f360-d4e0-4d97-9f7e-12c2816f7058,VAC-1055,CAND-10055,HR,Payroll,Service Task,Марина_8,2025-09-13 03:03:26,2025-09-13 03:23:26,20,,
f224f360-d4e0-4d97-9f7e-12c2816f7058,VAC-1055,CAND-10055,HR,Закрыть вакансию,Service Task,Марина_6,2025-09-13 03:43:26,2025-09-13 03:48:26,5,,
f39db2f0-24a9-4861-93a1-2cb2849e2437,VAC-1176,CAND-10176,РУКОВОДИТЕЛЬ,Создать заявку,User Task,Петров_2,2025-09-21 16:45:26,2025-09-21 17:09:26,24,,
f39db2f0-24a9-4861-93a1-2cb2849e2437,VAC-1176,CAND-10176,HR,Зарегистрировать в HCM,Service Task,Наталья_8,2025-09-21 19:06:26,2025-09-21 19:26:26,20,,
f39db2f0-24a9-4861-93a1-2cb2849e2437,VAC-1176,CAND-10176,РЕКРУТЕР,Разместить вакансию,Task,Алексей_8,2025-09-21 20:24:26,2025-09-21 21:50:26,86,,
f39db2f0-24a9-4861-93a1-2cb2849e2437,VAC-1176,CAND-10176,РЕКРУТЕР,Собирать резюме,Task,Екатерина_5,2025-09-21 22:50:26,2025-09-23 23:29:26,2919,,
f39db2f0-24a9-4861-93a1-2cb2849e2437,VAC-1176,CAND-10176,РЕКРУТЕР,Скрининг,Task,Алексей_2,2025-09-24 00:14:26,2025-09-24 00:47:26,33,passed,
f39db2f0-24a9-4861-93a1-2cb2849e2437,VAC-1176,CAND-10176,ИНТЕРВЬЮЕРЫ,Назначить интервью,User Task,Сергей_8,2025-09-24 01:21:26,2025-09-24 01:43:26,22,,
f39db2f0-24a9-4861-93a1-2cb2849e2437,VAC-1176,CAND-10176,ИНТЕРВЬЮЕРЫ,Интервью (раунд 1),User Task,Сергей_5,2025-09-24 03:32:26,2025-09-24 05:13:26,101,passed,
f39db2f0-24a9-4861-93a1-2cb2849e2437,VAC-1176,CAND-10176,ИНТЕРВЬЮЕРЫ,Интервью (раунд 2),User Task,Сергей_6,2025-09-24 07:32:26,2025-09-24 08:41:26,69,rejected,недостаточно навыков
f514e913-1302-4073-847d-d9ec3f37dca2,VAC-1198,CAND-10198,РУКОВОДИТЕЛЬ,Создать заявку,User Task,Иванов_3,2025-09-22 21:44:26,2025-09-22 22:40:26,56,,
f514e913-1302-4073-847d-d9ec3f37dca2,VAC-1198,CAND-10198,HR,Зарегистрировать в HCM,Service Task,Ольга_3,2025-09-23 00:22:26,2025-09-23 00:43:26,21,,
f514e913-1302-4073-847d-d9ec3f37dca2,VAC-1198,CAND-10198,РЕКРУТЕР,Разместить вакансию,Task,Дмитрий_7,2025-09-23 01:44:26,2025-09-23 02:29:26,45,,
f514e913-1302-4073-847d-d9ec3f37dca2,VAC-1198,CAND-10198,РЕКРУТЕР,Собирать резюме,Task,Алексей_8,2025-09-23 03:29:26,2025-09-24 03:55:26,1466,,
f514e913-1302-4073-847d-d9ec3f37dca2,VAC-1198,CAND-10198,РЕКРУТЕР,Скрининг,Task,Екатерина_3,2025-09-24 04:26:26,2025-09-24 04:45:26,19,passed,
f514e913-1302-4073-847d-d9ec3f37dca2,VAC-1198,CAND-10198,ИНТЕРВЬЮЕРЫ,Назначить интервью,User Task,Сергей_6,2025-09-24 05:52:26,2025-09-24 06:24:26,32,,
f514e913-1302-4073-847d-d9ec3f37dca2,VAC-1198,CAND-10198,ИНТЕРВЬЮЕРЫ,Интервью (раунд 1),User Task,Анна_7,2025-09-24 07:56:26,2025-09-24 09:00:26,64,passed,
f514e913-1302-4073-847d-d9ec3f37dca2,VAC-1198,CAND-10198,ИНТЕРВЬЮЕРЫ,Интервью (раунд 2),User Task,Сергей_7,2025-09-24 10:28:26,2025-09-24 11:30:26,62,rejected,поведенческий
f5d3bc45-a9cf-4381-aab8-517b5f32e383,VAC-1097,CAND-10097,РУКОВОДИТЕЛЬ,Создать заявку,User Task,Иванов_2,2025-09-07 13:50:26,2025-09-07 14:32:26,42,,
f5d3bc45-a9cf-4381-aab8-517b5f32e383,VAC-1097,CAND-10097,HR,Зарегистрировать в HCM,Service Task,Марина_1,2025-09-07 15:38:26,2025-09-07 16:10:26,32,,
f5d3bc45-a9cf-4381-aab8-517b5f32e383,VAC-1097,CAND-10097,РЕКРУТЕР,Разместить вакансию,Task,Дмитрий_9,2025-09-07 18:16:26,2025-09-07 19:57:26,101,,
f5d3bc45-a9cf-4381-aab8-517b5f32e383,VAC-1097,CAND-10097,РЕКРУТЕР,Собирать резюме,Task,Алексей_1,2025-09-07 20:57:26,2025-09-10 15:29:26,3992,,
f5d3bc45-a9cf-4381-aab8-517b5f32e383,VAC-1097,CAND-10097,РЕКРУТЕР,Скрининг,Task,Екатерина_1,2025-09-10 16:21:26,2025-09-10 16:34:26,13,passed,
f5d3bc45-a9cf-4381-aab8-517b5f32e383,VAC-1097,CAND-10097,ИНТЕРВЬЮЕРЫ,Назначить интервью,User Task,Сергей_7,2025-09-10 17:08:26,2025-09-10 17:31:26,23,,
f5d3bc45-a9cf-4381-aab8-517b5f32e383,VAC-1097,CAND-10097,ИНТЕРВЬЮЕРЫ,Интервью (раунд 1),User Task,Андрей_1,2025-09-10 19:05:26,2025-09-10 20:50:26,105,passed,
f5d3bc45-a9cf-4381-aab8-517b5f32e383,VAC-1097,CAND-10097,ИНТЕРВЬЮЕРЫ,Финальное интервью,User Task,Анна_9,2025-09-10 23:07:26,2025-09-11 00:45:26,98,passed,
f5d3bc45-a9cf-4381-aab8-517b5f32e383,VAC-1097,CAND-10097,HR (ОФФЕР),Согласовать условия,User Task,Марина_3,2025-09-11 02:54:26,2025-09-11 06:33:26,219,,
f5d3bc45-a9cf-4381-aab8-517b5f32e383,VAC-1097,CAND-10097,HR (ОФФЕР),Сгенерировать оффер,Service Task,Наталья_9,2025-09-11 06:53:26,2025-09-11 07:11:26,18,,
f5d3bc45-a9cf-4381-aab8-517b5f32e383,VAC-1097,CAND-10097,HR (ОФФЕР),Отправить оффер,Send Task,Марина_2,2025-09-11 07:16:26,2025-09-11 07:26:26,10,sent,
f5d3bc45-a9cf-4381-aab8-517b5f32e383,VAC-1097,CAND-10097,SECURITY,Background Check,Call Activity,Служба_БД_4,2025-09-11 10:26:26,2025-09-14 00:56:26,3750,report_ready,
f5d3bc45-a9cf-4381-aab8-517b5f32e383,VAC-1097,CAND-10097,IT,Выдача оборудования,Task,IT_Specialist_9,2025-09-14 01:56:26,2025-09-14 04:35:26,159,,
f5d3bc45-a9cf-4381-aab8-517b5f32e383,VAC-1097,CAND-10097,IT,Создать доступы,Task,IT_Specialist_7,2025-09-14 05:05:26,2025-09-14 06:00:26,55,,
f5d3bc45-a9cf-4381-aab8-517b5f32e383,VAC-1097,CAND-10097,IT,Вводное обучение,Service Task,Наталья_1,2025-09-14 07:00:26,2025-09-14 12:31:26,331,,
f5d3bc45-a9cf-4381-aab8-517b5f32e383,VAC-1097,CAND-10097,HR,Назначить ментора,Task,Ольга_4,2025-09-14 13:31:26,2025-09-14 14:36:26,65,,
f5d3bc45-a9cf-4381-aab8-517b5f32e383,VAC-1097,CAND-10097,HR,Уведомить всех,Message,system,2025-09-14 14:56:26,2025-09-14 15:01:26,5,notified,
f5d3bc45-a9cf-4381-aab8-517b5f32e383,VAC-1097,CAND-10097,HR,Обновить HCM,Service Task,Марина_8,2025-09-14 15:31:26,2025-09-14 15:51:26,20,,
f5d3bc45-a9cf-4381-aab8-517b5f32e383,VAC-1097,CAND-10097,HR,Payroll,Service Task,Ольга_4,2025-09-14 16:21:26,2025-09-14 16:41:26,20,,
f5d3bc45-a9cf-4381-aab8-517b5f32e383,VAC-1097,CAND-10097,HR,Закрыть вакансию,Service Task,Наталья_1,2025-09-14 17:01:26,2025-09-14 17:06:26,5,,
f6a51d05-573a-414f-a2f8-43ca6bddfade,VAC-1098,CAND-10098,РУКОВОДИТЕЛЬ,Создать заявку,User Task,Сидоров_8,2025-10-06 15:11:26,2025-10-06 15:28:26,17,,
f6a51d05-573a-414f-a2f8-43ca6bddfade,VAC-1098,CAND-10098,HR,Зарегистрировать в HCM,Service Task,Наталья_9,2025-10-06 16:07:26,2025-10-06 16:47:26,40,,
f6a51d05-573a-414f-a2f8-43ca6bddfade,VAC-1098,CAND-10098,РЕКРУТЕР,Разместить вакансию,Task,Екатерина_2,2025-10-06 17:36:26,2025-10-06 19:28:26,112,,
f6a51d05-573a-414f-a2f8-43ca6bddfade,VAC-1098,CAND-10098,РЕКРУТЕР,Собирать резюме,Task,Екатерина_4,2025-10-06 20:28:26,2025-10-08 13:56:26,2488,,
f6a51d05-573a-414f-a2f8-43ca6bddfade,VAC-1098,CAND-10098,РЕКРУТЕР,Скрининг,Task,Дмитрий_8,2025-10-08 14:35:26,2025-10-08 14:54:26,19,passed,
f6a51d05-573a-414f-a2f8-43ca6bddfade,VAC-1098,CAND-10098,ИНТЕРВЬЮЕРЫ,Назначить интервью,User Task,Андрей_5,2025-10-08 15:36:26,2025-10-08 16:13:26,37,,
f6a51d05-573a-414f-a2f8-43ca6bddfade,VAC-1098,CAND-10098,ИНТЕРВЬЮЕРЫ,Интервью (раунд 1),User Task,Андрей_1,2025-10-08 18:03:26,2025-10-08 19:42:26,99,passed,
f6a51d05-573a-414f-a2f8-43ca6bddfade,VAC-1098,CAND-10098,ИНТЕРВЬЮЕРЫ,Интервью (раунд 2),User Task,Андрей_6,2025-10-08 20:14:26,2025-10-08 21:16:26,62,rejected,поведенческий
f725937f-d015-42cb-8556-7d63ab436157,VAC-1182,CAND-10182,РУКОВОДИТЕЛЬ,Создать заявку,User Task,Иванов_4,2025-10-18 19:39:26,2025-10-18 20:09:26,30,,
f725937f-d015-42cb-8556-7d63ab436157,VAC-1182,CAND-10182,HR,Зарегистрировать в HCM,Service Task,Ольга_3,2025-10-18 21:21:26,2025-10-18 21:39:26,18,,
f725937f-d015-42cb-8556-7d63ab436157,VAC-1182,CAND-10182,РЕКРУТЕР,Разместить вакансию,Task,Екатерина_4,2025-10-18 23:14:26,2025-10-19 01:01:26,107,,
f725937f-d015-42cb-8556-7d63ab436157,VAC-1182,CAND-10182,РЕКРУТЕР,Собирать резюме,Task,Алексей_2,2025-10-19 02:01:26,2025-10-21 05:43:26,3102,,
f725937f-d015-42cb-8556-7d63ab436157,VAC-1182,CAND-10182,РЕКРУТЕР,Скрининг,Task,Алексей_4,2025-10-21 06:02:26,2025-10-21 06:18:26,16,rejected,некорректное резюме
f9b7d1f1-6a2b-4721-94c4-a0b2377ff997,VAC-1085,CAND-10085,РУКОВОДИТЕЛЬ,Создать заявку,User Task,Сидоров_6,2025-10-23 15:24:26,2025-10-23 15:49:26,25,,
f9b7d1f1-6a2b-4721-94c4-a0b2377ff997,VAC-1085,CAND-10085,HR,Зарегистрировать в HCM,Service Task,Ольга_1,2025-10-23 17:43:26,2025-10-23 18:15:26,32,,
f9b7d1f1-6a2b-4721-94c4-a0b2377ff997,VAC-1085,CAND-10085,РЕКРУТЕР,Разместить вакансию,Task,Екатерина_3,2025-10-23 20:15:26,2025-10-23 21:47:26,92,,
f9b7d1f1-6a2b-4721-94c4-a0b2377ff997,VAC-1085,CAND-10085,РЕКРУТЕР,Собирать резюме,Task,Алексей_8,2025-10-23 22:47:26,2025-10-26 13:13:26,3746,,
f9b7d1f1-6a2b-4721-94c4-a0b2377ff997,VAC-1085,CAND-10085,РЕКРУТЕР,Скрининг,Task,Алексей_8,2025-10-26 13:57:26,2025-10-26 14:16:26,19,passed,
f9b7d1f1-6a2b-4721-94c4-a0b2377ff997,VAC-1085,CAND-10085,ИНТЕРВЬЮЕРЫ,Назначить интервью,User Task,Анна_4,2025-10-26 14:43:26,2025-10-26 15:00:26,17,,
f9b7d1f1-6a2b-4721-94c4-a0b2377ff997,VAC-1085,CAND-10085,ИНТЕРВЬЮЕРЫ,Интервью (раунд 1),User Task,Анна_4,2025-10-26 17:32:26,2025-10-26 18:17:26,45,passed,
f9b7d1f1-6a2b-4721-94c4-a0b2377ff997,VAC-1085,CAND-10085,ИНТЕРВЬЮЕРЫ,Финальное интервью,User Task,Андрей_6,2025-10-26 22:43:26,2025-10-26 23:44:26,61,passed,
f9b7d1f1-6a2b-4721-94c4-a0b2377ff997,VAC-1085,CAND-10085,HR (ОФФЕР),Согласовать условия,User Task,Наталья_3,2025-10-27 00:59:26,2025-10-27 02:04:26,65,,
f9b7d1f1-6a2b-4721-94c4-a0b2377ff997,VAC-1085,CAND-10085,HR (ОФФЕР),Сгенерировать оффер,Service Task,Наталья_9,2025-10-27 02:24:26,2025-10-27 02:53:26,29,,
f9b7d1f1-6a2b-4721-94c4-a0b2377ff997,VAC-1085,CAND-10085,HR (ОФФЕР),Отправить оффер,Send Task,Ольга_2,2025-10-27 02:58:26,2025-10-27 03:08:26,10,sent,
f9b7d1f1-6a2b-4721-94c4-a0b2377ff997,VAC-1085,CAND-10085,SECURITY,Background Check,Call Activity,Служба_БД_6,2025-10-27 06:08:26,2025-10-31 12:08:26,6120,report_ready,
f9b7d1f1-6a2b-4721-94c4-a0b2377ff997,VAC-1085,CAND-10085,IT,Выдача оборудования,Task,IT_Specialist_7,2025-10-31 13:08:26,2025-10-31 14:25:26,77,,
f9b7d1f1-6a2b-4721-94c4-a0b2377ff997,VAC-1085,CAND-10085,IT,Создать доступы,Task,IT_Specialist_6,2025-10-31 14:55:26,2025-10-31 16:46:26,111,,
f9b7d1f1-6a2b-4721-94c4-a0b2377ff997,VAC-1085,CAND-10085,IT,Вводное обучение,Service Task,Марина_9,2025-10-31 17:46:26,2025-10-31 22:15:26,269,,
f9b7d1f1-6a2b-4721-94c4-a0b2377ff997,VAC-1085,CAND-10085,HR,Назначить ментора,Task,Марина_6,2025-10-31 23:15:26,2025-11-01 00:29:26,74,,
f9b7d1f1-6a2b-4721-94c4-a0b2377ff997,VAC-1085,CAND-10085,HR,Уведомить всех,Message,system,2025-11-01 00:49:26,2025-11-01 00:54:26,5,notified,
f9b7d1f1-6a2b-4721-94c4-a0b2377ff997,VAC-1085,CAND-10085,HR,Обновить HCM,Service Task,Наталья_3,2025-11-01 01:24:26,2025-11-01 01:44:26,20,,
f9b7d1f1-6a2b-4721-94c4-a0b2377ff997,VAC-1085,CAND-10085,HR,Payroll,Service Task,Ольга_5,2025-11-01 02:14:26,2025-11-01 02:34:26,20,,
f9b7d1f1-6a2b-4721-94c4-a0b2377ff997,VAC-1085,CAND-10085,HR,Закрыть вакансию,Service Task,Марина_5,2025-11-01 02:54:26,2025-11-01 02:59:26,5,,
fbb4939b-4644-4132-a25b-5bb99db5fff3,VAC-1166,CAND-10166,РУКОВОДИТЕЛЬ,Создать заявку,User Task,Сидоров_1,2025-09-10 18:24:26,2025-09-10 18:47:26,23,,
fbb4939b-4644-4132-a25b-5bb99db5fff3,VAC-1166,CAND-10166,HR,Зарегистрировать в HCM,Service Task,Ольга_3,2025-09-10 20:32:26,2025-09-10 20:52:26,20,,
fbb4939b-4644-4132-a25b-5bb99db5fff3,VAC-1166,CAND-10166,РЕКРУТЕР,Разместить вакансию,Task,Екатерина_3,2025-09-10 22:57:26,2025-09-11 00:14:26,77,,
fbb4939b-4644-4132-a25b-5bb99db5fff3,VAC-1166,CAND-10166,РЕКРУТЕР,Собирать резюме,Task,Дмитрий_2,2025-09-11 01:14:26,2025-09-13 13:39:26,3625,,
fbb4939b-4644-4132-a25b-5bb99db5fff3,VAC-1166,CAND-10166,РЕКРУТЕР,Скрининг,Task,Дмитрий_3,2025-09-13 13:50:26,2025-09-13 14:12:26,22,rejected,некорректное резюме
fc913fbc-a043-4785-8949-c13b22e7b398,VAC-1062,CAND-10062,РУКОВОДИТЕЛЬ,Создать заявку,User Task,Иванов_4,2025-09-17 19:42:26,2025-09-17 20:28:26,46,,
fc913fbc-a043-4785-8949-c13b22e7b398,VAC-1062,CAND-10062,HR,Зарегистрировать в HCM,Service Task,Наталья_1,2025-09-17 21:26:26,2025-09-17 21:57:26,31,,
fc913fbc-a043-4785-8949-c13b22e7b398,VAC-1062,CAND-10062,РЕКРУТЕР,Разместить вакансию,Task,Дмитрий_7,2025-09-17 22:50:26,2025-09-18 00:01:26,71,,
fc913fbc-a043-4785-8949-c13b22e7b398,VAC-1062,CAND-10062,РЕКРУТЕР,Собирать резюме,Task,Дмитрий_1,2025-09-18 01:01:26,2025-09-20 14:44:26,3703,,
fc913fbc-a043-4785-8949-c13b22e7b398,VAC-1062,CAND-10062,РЕКРУТЕР,Скрининг,Task,Екатерина_3,2025-09-20 15:34:26,2025-09-20 15:44:26,10,passed,
fc913fbc-a043-4785-8949-c13b22e7b398,VAC-1062,CAND-10062,ИНТЕРВЬЮЕРЫ,Назначить интервью,User Task,Сергей_2,2025-09-20 16:59:26,2025-09-20 17:29:26,30,,
fc913fbc-a043-4785-8949-c13b22e7b398,VAC-1062,CAND-10062,ИНТЕРВЬЮЕРЫ,Интервью (раунд 1),User Task,Анна_8,2025-09-20 18:09:26,2025-09-20 19:23:26,74,passed,
fc913fbc-a043-4785-8949-c13b22e7b398,VAC-1062,CAND-10062,ИНТЕРВЬЮЕРЫ,Интервью (раунд 2),User Task,Анна_5,2025-09-20 21:02:26,2025-09-20 21:52:26,50,rejected,культурный профиль
fdc4c757-63a0-4f23-ba27-b13b58cd3262,VAC-1067,CAND-10067,РУКОВОДИТЕЛЬ,Создать заявку,User Task,Иванов_5,2025-10-14 19:19:26,2025-10-14 19:29:26,10,,
fdc4c757-63a0-4f23-ba27-b13b58cd3262,VAC-1067,CAND-10067,HR,Зарегистрировать в HCM,Service Task,Марина_9,2025-10-14 20:17:26,2025-10-14 20:43:26,26,,
fdc4c757-63a0-4f23-ba27-b13b58cd3262,VAC-1067,CAND-10067,РЕКРУТЕР,Разместить вакансию,Task,Екатерина_4,2025-10-14 23:35:26,2025-10-15 01:09:26,94,,
fdc4c757-63a0-4f23-ba27-b13b58cd3262,VAC-1067,CAND-10067,РЕКРУТЕР,Собирать резюме,Task,Дмитрий_7,2025-10-15 02:09:26,2025-10-17 08:34:26,3265,,
fdc4c757-63a0-4f23-ba27-b13b58cd3262,VAC-1067,CAND-10067,РЕКРУТЕР,Скрининг,Task,Екатерина_9,2025-10-17 09:13:26,2025-10-17 09:47:26,34,passed,
fdc4c757-63a0-4f23-ba27-b13b58cd3262,VAC-1067,CAND-10067,ИНТЕРВЬЮЕРЫ,Назначить интервью,User Task,Андрей_5,2025-10-17 10:10:26,2025-10-17 10:35:26,25,,
fdc4c757-63a0-4f23-ba27-b13b58cd3262,VAC-1067,CAND-10067,ИНТЕРВЬЮЕРЫ,Интервью (раунд 1),User Task,Анна_3,2025-10-17 11:26:26,2025-10-17 12:25:26,59,rejected,поведенческий
fe19bcd6-cfea-4a41-bad4-57b1f81cf9f1,VAC-1159,CAND-10159,РУКОВОДИТЕЛЬ,Создать заявку,User Task,Иванов_2,2025-10-14 13:44:26,2025-10-14 14:26:26,42,,
fe19bcd6-cfea-4a41-bad4-57b1f81cf9f1,VAC-1159,CAND-10159,HR,Зарегистрировать в HCM,Service Task,Ольга_6,2025-10-14 15:16:26,2025-10-14 15:49:26,33,,
fe19bcd6-cfea-4a41-bad4-57b1f81cf9f1,VAC-1159,CAND-10159,РЕКРУТЕР,Разместить вакансию,Task,Екатерина_6,2025-10-14 18:06:26,2025-10-14 18:51:26,45,,
fe19bcd6-cfea-4a41-bad4-57b1f81cf9f1,VAC-1159,CAND-10159,РЕКРУТЕР,Собирать резюме,Task,Алексей_6,2025-10-14 19:51:26,2025-10-16 11:33:26,2382,,
fe19bcd6-cfea-4a41-bad4-57b1f81cf9f1,VAC-1159,CAND-10159,РЕКРУТЕР,Скрининг,Task,Алексей_7,2025-10-16 11:57:26,2025-10-16 12:10:26,13,rejected,некорректное резюме
