case_id,vacancy_id,candidate_id,lane,activity,activity_type,assignee,start_time,end_time,duration_sec,outcome,notes
0637a964-7019-4228-83cf-d11939326cb7,VAC-1186,CAND-10186,РУКОВОДИТЕЛЬ,Создать заявку,User Task,Петров_7,2025-10-10 17:16:13.940715,2025-10-10 18:08:13.940715,3120,,
0637a964-7019-4228-83cf-d11939326cb7,VAC-1186,CAND-10186,HR,Зарегистрировать в HCM,Service Task,Наталья_3,2025-10-10 18:22:13.940715,2025-10-10 18:27:13.940715,300,,
0637a964-7019-4228-83cf-d11939326cb7,VAC-1186,CAND-10186,РЕКРУТЕР,Разместить вакансию,Task,Дмитрий_7,2025-10-10 18:41:13.940715,2025-10-10 20:11:13.940715,5400,,
0637a964-7019-4228-83cf-d11939326cb7,VAC-1186,CAND-10186,РЕКРУТЕР,Собирать резюме,Task,Алексей_8,2025-10-10 21:26:13.940715,2025-10-11 03:27:13.940715,21660,,
0637a964-7019-4228-83cf-d11939326cb7,VAC-1186,CAND-10186,РЕКРУТЕР,Скрининг,Task,Екатерина_2,2025-10-11 04:40:13.940715,2025-10-11 05:37:13.940715,3420,passed,
0637a964-7019-4228-83cf-d11939326cb7,VAC-1186,CAND-10186,ИНТЕРВЬЮЕРЫ,Назначить интервью,User Task,Анна_4,2025-10-11 07:33:13.940715,2025-10-11 08:08:13.940715,2100,,
0637a964-7019-4228-83cf-d11939326cb7,VAC-1186,CAND-10186,ИНТЕРВЬЮЕРЫ,Интервью (раунд 1),User Task,Анна_6,2025-10-11 11:58:13.940715,2025-10-11 13:20:13.940715,4920,passed,
0637a964-7019-4228-83cf-d11939326cb7,VAC-1186,CAND-10186,ИНТЕРВЬЮЕРЫ,Интервью (раунд 2),User Task,Анна_1,2025-10-11 17:20:13.940715,2025-10-11 19:23:13.940715,7380,passed,
0637a964-7019-4228-83cf-d11939326cb7,VAC-1186,CAND-10186,ИНТЕРВЬЮЕРЫ,Интервью (раунд 3),User Task,Андрей_4,2025-10-11 23:02:13.940715,2025-10-12 02:36:13.940715,12840,rejected,поведенческий
0644eb17-d6b5-4dcc-8552-c0ed5b1cc861,VAC-1130,CAND-10130,РУКОВОДИТЕЛЬ,Создать заявку,User Task,Кузнецов_6,2025-08-27 16:00:13.940715,2025-08-27 16:52:13.940715,3120,,
0644eb17-d6b5-4dcc-8552-c0ed5b1cc861,VAC-1130,CAND-10130,HR,Зарегистрировать в HCM,Service Task,Наталья_5,2025-08-27 17:43:13.940715,2025-08-27 18:06:13.940715,1380,,
0644eb17-d6b5-4dcc-8552-c0ed5b1cc861,VAC-1130,CAND-10130,РЕКРУТЕР,Разместить вакансию,Task,Екатерина_2,2025-08-27 18:40:13.940715,2025-08-27 19:10:13.940715,1800,,
0644eb17-d6b5-4dcc-8552-c0ed5b1cc861,VAC-1130,CAND-10130,РЕКРУТЕР,Собирать резюме,Task,Алексей_4,2025-08-27 22:53:13.940715,2025-08-28 02:28:13.940715,12900,,
0644eb17-d6b5-4dcc-8552-c0ed5b1cc861,VAC-1130,CAND-10130,РЕКРУТЕР,Скрининг,Task,Алексей_4,2025-08-28 03:39:13.940715,2025-08-28 04:01:13.940715,1320,passed,
0644eb17-d6b5-4dcc-8552-c0ed5b1cc861,VAC-1130,CAND-10130,ИНТЕРВЬЮЕРЫ,Назначить интервью,User Task,Анна_4,2025-08-28 04:57:13.940715,2025-08-28 05:14:13.940715,1020,,
0644eb17-d6b5-4dcc-8552-c0ed5b1cc861,VAC-1130,CAND-10130,ИНТЕРВЬЮЕРЫ,Интервью (раунд 1),User Task,Сергей_2,2025-08-28 06:29:13.940715,2025-08-28 09:36:13.940715,11220,passed,
0644eb17-d6b5-4dcc-8552-c0ed5b1cc861,VAC-1130,CAND-10130,ИНТЕРВЬЮЕРЫ,Интервью (раунд 2),User Task,Анна_8,2025-08-28 13:22:13.940715,2025-08-28 16:50:13.940715,12480,passed,
0644eb17-d6b5-4dcc-8552-c0ed5b1cc861,VAC-1130,CAND-10130,ИНТЕРВЬЮЕРЫ,Интервью (раунд 3),User Task,Андрей_3,2025-08-28 20:19:13.940715,2025-08-28 23:54:13.940715,12900,passed,
0644eb17-d6b5-4dcc-8552-c0ed5b1cc861,VAC-1130,CAND-10130,ИНТЕРВЬЮЕРЫ,Финальное интервью,User Task,Анна_6,2025-08-29 03:40:13.940715,2025-08-29 05:11:13.940715,5460,passed,
0644eb17-d6b5-4dcc-8552-c0ed5b1cc861,VAC-1130,CAND-10130,HR (ОФФЕР),Согласовать условия,User Task,HR_Manager_6,2025-08-29 08:09:13.940715,2025-08-29 09:59:13.940715,6600,,
0644eb17-d6b5-4dcc-8552-c0ed5b1cc861,VAC-1130,CAND-10130,HR (ОФФЕР),Сгенерировать оффер,Service Task,HR_Manager_6,2025-08-29 10:24:13.940715,2025-08-29 10:43:13.940715,1140,,
0644eb17-d6b5-4dcc-8552-c0ed5b1cc861,VAC-1130,CAND-10130,HR (ОФФЕР),Отправить оффер,Send Task,HR_Manager_4,2025-08-29 10:57:13.940715,2025-08-29 11:04:13.940715,420,sent,
0644eb17-d6b5-4dcc-8552-c0ed5b1cc861,VAC-1130,CAND-10130,HR (ОФФЕР),Timer: ожидание ответа (дни),Timer,,2025-08-29 11:04:13.940715,2025-08-31 11:04:13.940715,172800,timer_elapsed,
0644eb17-d6b5-4dcc-8552-c0ed5b1cc861,VAC-1130,CAND-10130,SECURITY,Background Check,Call Activity,Служба_БД_6,2025-09-02 00:38:13.940715,2025-09-04 23:51:13.940715,256380,report_ready,
0644eb17-d6b5-4dcc-8552-c0ed5b1cc861,VAC-1130,CAND-10130,SECURITY,Решение руководителя по BG,User Task,Иванов_5,2025-09-05 01:55:13.940715,2025-09-05 03:46:13.940715,6660,reject_by_manager,
06b6331c-1bc7-4f93-9f5f-fc7fee0492fd,VAC-1126,CAND-10126,РУКОВОДИТЕЛЬ,Создать заявку,User Task,Кузнецов_3,2025-10-12 16:29:13.940715,2025-10-12 17:08:13.940715,2340,,
06b6331c-1bc7-4f93-9f5f-fc7fee0492fd,VAC-1126,CAND-10126,HR,Зарегистрировать в HCM,Service Task,Ольга_7,2025-10-12 17:21:13.940715,2025-10-12 17:50:13.940715,1740,,
06b6331c-1bc7-4f93-9f5f-fc7fee0492fd,VAC-1126,CAND-10126,РЕКРУТЕР,Разместить вакансию,Task,Алексей_4,2025-10-12 18:44:13.940715,2025-10-12 19:07:13.940715,1380,,
06b6331c-1bc7-4f93-9f5f-fc7fee0492fd,VAC-1126,CAND-10126,РЕКРУТЕР,Собирать резюме,Task,Дмитрий_4,2025-10-12 20:55:13.940715,2025-10-13 04:29:13.940715,27240,,
06b6331c-1bc7-4f93-9f5f-fc7fee0492fd,VAC-1126,CAND-10126,РЕКРУТЕР,Скрининг,Task,Алексей_8,2025-10-13 06:08:13.940715,2025-10-13 06:46:13.940715,2280,rejected,не прошёл тест
08217d1b-aed8-4f8e-95d9-8d934c4543b7,VAC-1002,CAND-10002,РУКОВОДИТЕЛЬ,Создать заявку,User Task,Иванов_4,2025-10-06 16:18:13.940715,2025-10-06 17:12:13.940715,3240,,
08217d1b-aed8-4f8e-95d9-8d934c4543b7,VAC-1002,CAND-10002,HR,Зарегистрировать в HCM,Service Task,Ольга_7,2025-10-06 18:05:13.940715,2025-10-06 18:07:13.940715,120,,
08217d1b-aed8-4f8e-95d9-8d934c4543b7,VAC-1002,CAND-10002,РЕКРУТЕР,Разместить вакансию,Task,Алексей_6,2025-10-06 18:25:13.940715,2025-10-06 19:01:13.940715,2160,,
08217d1b-aed8-4f8e-95d9-8d934c4543b7,VAC-1002,CAND-10002,РЕКРУТЕР,Собирать резюме,Task,Дмитрий_7,2025-10-06 20:05:13.940715,2025-10-07 02:40:13.940715,23700,,
08217d1b-aed8-4f8e-95d9-8d934c4543b7,VAC-1002,CAND-10002,РЕКРУТЕР,Скрининг,Task,Дмитрий_3,2025-10-07 04:38:13.940715,2025-10-07 06:10:13.940715,5520,passed,
08217d1b-aed8-4f8e-95d9-8d934c4543b7,VAC-1002,CAND-10002,ИНТЕРВЬЮЕРЫ,Назначить интервью,User Task,Анна_9,2025-10-07 07:21:13.940715,2025-10-07 08:13:13.940715,3120,,
08217d1b-aed8-4f8e-95d9-8d934c4543b7,VAC-1002,CAND-10002,ИНТЕРВЬЮЕРЫ,Интервью (раунд 1),User Task,Сергей_6,2025-10-07 11:12:13.940715,2025-10-07 13:46:13.940715,9240,rejected,недостаточно навыков
0c41cf95-eb55-4560-90c7-7434e66ff8ce,VAC-1116,CAND-10116,РУКОВОДИТЕЛЬ,Создать заявку,User Task,Петров_9,2025-08-31 11:55:13.940715,2025-08-31 12:42:13.940715,2820,,
0c41cf95-eb55-4560-90c7-7434e66ff8ce,VAC-1116,CAND-10116,HR,Зарегистрировать в HCM,Service Task,Марина_7,2025-08-31 13:35:13.940715,2025-08-31 13:36:13.940715,60,,
0c41cf95-eb55-4560-90c7-7434e66ff8ce,VAC-1116,CAND-10116,РЕКРУТЕР,Разместить вакансию,Task,Дмитрий_1,2025-08-31 14:10:13.940715,2025-08-31 16:17:13.940715,7620,,
0c41cf95-eb55-4560-90c7-7434e66ff8ce,VAC-1116,CAND-10116,РЕКРУТЕР,Собирать резюме,Task,Дмитрий_4,2025-08-31 19:25:13.940715,2025-09-01 00:56:13.940715,19860,,
0c41cf95-eb55-4560-90c7-7434e66ff8ce,VAC-1116,CAND-10116,РЕКРУТЕР,Скрининг,Task,Дмитрий_6,2025-09-01 02:43:13.940715,2025-09-01 03:54:13.940715,4260,passed,
0c41cf95-eb55-4560-90c7-7434e66ff8ce,VAC-1116,CAND-10116,ИНТЕРВЬЮЕРЫ,Назначить интервью,User Task,Анна_2,2025-09-01 07:11:13.940715,2025-09-01 08:04:13.940715,3180,,
0c41cf95-eb55-4560-90c7-7434e66ff8ce,VAC-1116,CAND-10116,ИНТЕРВЬЮЕРЫ,Интервью (раунд 1),User Task,Андрей_5,2025-09-01 09:39:13.940715,2025-09-01 12:26:13.940715,10020,rejected,культурный профиль
0e5daa73-5c6c-441d-b8fd-b4d8c5d22418,VAC-1079,CAND-10079,РУКОВОДИТЕЛЬ,Создать заявку,User Task,Иванов_8,2025-09-07 18:27:13.940715,2025-09-07 18:57:13.940715,1800,,
0e5daa73-5c6c-441d-b8fd-b4d8c5d22418,VAC-1079,CAND-10079,HR,Зарегистрировать в HCM,Service Task,Ольга_6,2025-09-07 19:53:13.940715,2025-09-07 20:03:13.940715,600,,
0e5daa73-5c6c-441d-b8fd-b4d8c5d22418,VAC-1079,CAND-10079,РЕКРУТЕР,Разместить вакансию,Task,Дмитрий_1,2025-09-07 20:09:13.940715,2025-09-07 22:50:13.940715,9660,,
0e5daa73-5c6c-441d-b8fd-b4d8c5d22418,VAC-1079,CAND-10079,РЕКРУТЕР,Собирать резюме,Task,Дмитрий_5,2025-09-08 00:34:13.940715,2025-09-08 03:16:13.940715,9720,,
0e5daa73-5c6c-441d-b8fd-b4d8c5d22418,VAC-1079,CAND-10079,РЕКРУТЕР,Скрининг,Task,Алексей_8,2025-09-08 04:55:13.940715,2025-09-08 06:24:13.940715,5340,passed,
0e5daa73-5c6c-441d-b8fd-b4d8c5d22418,VAC-1079,CAND-10079,ИНТЕРВЬЮЕРЫ,Назначить интервью,User Task,Андрей_9,2025-09-08 08:38:13.940715,2025-09-08 09:32:13.940715,3240,,
0e5daa73-5c6c-441d-b8fd-b4d8c5d22418,VAC-1079,CAND-10079,ИНТЕРВЬЮЕРЫ,Интервью (раунд 1),User Task,Сергей_1,2025-09-08 11:04:13.940715,2025-09-08 12:27:13.940715,4980,passed,
0e5daa73-5c6c-441d-b8fd-b4d8c5d22418,VAC-1079,CAND-10079,ИНТЕРВЬЮЕРЫ,Интервью (раунд 2),User Task,Анна_1,2025-09-08 13:56:13.940715,2025-09-08 16:59:13.940715,10980,passed,
0e5daa73-5c6c-441d-b8fd-b4d8c5d22418,VAC-1079,CAND-10079,ИНТЕРВЬЮЕРЫ,Интервью (раунд 3),User Task,Сергей_5,2025-09-08 18:54:13.940715,2025-09-08 19:39:13.940715,2700,rejected,недостаточно навыков
0f9e09f4-6bb3-41c0-b9fb-34938bda1244,VAC-1125,CAND-10125,РУКОВОДИТЕЛЬ,Создать заявку,User Task,Петров_6,2025-09-02 14:25:13.940715,2025-09-02 14:30:13.940715,300,,
0f9e09f4-6bb3-41c0-b9fb-34938bda1244,VAC-1125,CAND-10125,HR,Зарегистрировать в HCM,Service Task,Марина_1,2025-09-02 14:49:13.940715,2025-09-02 15:05:13.940715,960,,
0f9e09f4-6bb3-41c0-b9fb-34938bda1244,VAC-1125,CAND-10125,РЕКРУТЕР,Разместить вакансию,Task,Дмитрий_5,2025-09-02 15:50:13.940715,2025-09-02 18:15:13.940715,8700,,
0f9e09f4-6bb3-41c0-b9fb-34938bda1244,VAC-1125,CAND-10125,РЕКРУТЕР,Собирать резюме,Task,Дмитрий_5,2025-09-02 18:27:13.940715,2025-09-03 01:59:13.940715,27120,,
0f9e09f4-6bb3-41c0-b9fb-34938bda1244,VAC-1125,CAND-10125,РЕКРУТЕР,Скрининг,Task,Алексей_9,2025-09-03 03:20:13.940715,2025-09-03 03:59:13.940715,2340,passed,
0f9e09f4-6bb3-41c0-b9fb-34938bda1244,VAC-1125,CAND-10125,ИНТЕРВЬЮЕРЫ,Назначить интервью,User Task,Сергей_7,2025-09-03 05:52:13.940715,2025-09-03 06:32:13.940715,2400,,
0f9e09f4-6bb3-41c0-b9fb-34938bda1244,VAC-1125,CAND-10125,ИНТЕРВЬЮЕРЫ,Интервью (раунд 1),User Task,Сергей_4,2025-09-03 10:05:13.940715,2025-09-03 13:58:13.940715,13980,passed,
0f9e09f4-6bb3-41c0-b9fb-34938bda1244,VAC-1125,CAND-10125,ИНТЕРВЬЮЕРЫ,Интервью (раунд 2),User Task,Андрей_9,2025-09-03 15:35:13.940715,2025-09-03 16:40:13.940715,3900,passed,
0f9e09f4-6bb3-41c0-b9fb-34938bda1244,VAC-1125,CAND-10125,ИНТЕРВЬЮЕРЫ,Финальное интервью,User Task,Анна_5,2025-09-03 20:19:13.940715,2025-09-03 23:40:13.940715,12060,passed,
0f9e09f4-6bb3-41c0-b9fb-34938bda1244,VAC-1125,CAND-10125,HR (ОФФЕР),Согласовать условия,User Task,HR_Manager_7,2025-09-04 01:02:13.940715,2025-09-04 07:04:13.940715,21720,,
0f9e09f4-6bb3-41c0-b9fb-34938bda1244,VAC-1125,CAND-10125,HR (ОФФЕР),Сгенерировать оффер,Service Task,HR_Manager_3,2025-09-04 07:21:13.940715,2025-09-04 07:50:13.940715,1740,,
0f9e09f4-6bb3-41c0-b9fb-34938bda1244,VAC-1125,CAND-10125,HR (ОФФЕР),Отправить оффер,Send Task,HR_Manager_8,2025-09-04 07:55:13.940715,2025-09-04 08:00:13.940715,300,sent,
0f9e09f4-6bb3-41c0-b9fb-34938bda1244,VAC-1125,CAND-10125,HR (ОФФЕР),Timer: ожидание ответа (дни),Timer,,2025-09-04 08:00:13.940715,2025-09-09 08:00:13.940715,432000,timer_elapsed,
0f9e09f4-6bb3-41c0-b9fb-34938bda1244,VAC-1125,CAND-10125,SECURITY,Background Check,Call Activity,Служба_БД_6,2025-09-11 02:31:13.940715,2025-09-12 20:06:13.940715,149700,report_ready,
0f9e09f4-6bb3-41c0-b9fb-34938bda1244,VAC-1125,CAND-10125,IT,Выдача оборудования,Task,IT_Specialist_3,2025-09-12 20:13:13.940715,2025-09-12 22:59:13.940715,9960,,
0f9e09f4-6bb3-41c0-b9fb-34938bda1244,VAC-1125,CAND-10125,IT,Создать доступы,Task,IT_Specialist_3,2025-09-12 23:17:13.940715,2025-09-13 00:39:13.940715,4920,,
0f9e09f4-6bb3-41c0-b9fb-34938bda1244,VAC-1125,CAND-10125,IT,HR/Training: Вводное обучение,Service Task,Наталья_4,2025-09-15 12:31:13.940715,2025-09-15 19:43:13.940715,25920,,
0f9e09f4-6bb3-41c0-b9fb-34938bda1244,VAC-1125,CAND-10125,IT,Назначить ментора,Task,Наталья_8,2025-09-15 20:11:13.940715,2025-09-15 20:40:13.940715,1740,,
0f9e09f4-6bb3-41c0-b9fb-34938bda1244,VAC-1125,CAND-10125,IT,Message: уведомить всех,Message,system,2025-09-15 20:54:13.940715,2025-09-15 21:05:13.940715,660,notified,
0f9e09f4-6bb3-41c0-b9fb-34938bda1244,VAC-1125,CAND-10125,HR (финал),Обновить статус в HCM,Service Task,Ольга_6,2025-09-15 21:59:13.940715,2025-09-15 22:19:13.940715,1200,,
0f9e09f4-6bb3-41c0-b9fb-34938bda1244,VAC-1125,CAND-10125,HR (финал),Payroll / учет,Service Task,Наталья_6,2025-09-15 22:49:13.940715,2025-09-15 23:34:13.940715,2700,,
0f9e09f4-6bb3-41c0-b9fb-34938bda1244,VAC-1125,CAND-10125,HR (финал),Закрыть вакансию на порталах,Service Task,Наталья_1,2025-09-15 23:40:13.940715,2025-09-16 00:34:13.940715,3240,,
0f9e09f4-6bb3-41c0-b9fb-34938bda1244,VAC-1125,CAND-10125,HR (финал),Hire Completed,End Event,system,2025-09-16 00:52:13.940715,2025-09-16 00:52:13.940715,0,hired,
100ea089-ab85-4e14-b42d-950b8503b772,VAC-1157,CAND-10157,РУКОВОДИТЕЛЬ,Создать заявку,User Task,Сидоров_5,2025-10-20 21:14:13.940715,2025-10-20 22:08:13.940715,3240,,
100ea089-ab85-4e14-b42d-950b8503b772,VAC-1157,CAND-10157,HR,Зарегистрировать в HCM,Service Task,Наталья_5,2025-10-20 22:19:13.940715,2025-10-20 22:44:13.940715,1500,,
100ea089-ab85-4e14-b42d-950b8503b772,VAC-1157,CAND-10157,РЕКРУТЕР,Разместить вакансию,Task,Дмитрий_7,2025-10-20 23:34:13.940715,2025-10-21 00:09:13.940715,2100,,
100ea089-ab85-4e14-b42d-950b8503b772,VAC-1157,CAND-10157,РЕКРУТЕР,Собирать резюме,Task,Дмитрий_5,2025-10-21 01:44:13.940715,2025-10-21 03:14:13.940715,5400,,
100ea089-ab85-4e14-b42d-950b8503b772,VAC-1157,CAND-10157,РЕКРУТЕР,Скрининг,Task,Алексей_8,2025-10-21 03:41:13.940715,2025-10-21 04:25:13.940715,2640,rejected,некорректное резюме
10954e0f-abfa-48b0-b3d4-551b94beeb15,VAC-1044,CAND-10044,РУКОВОДИТЕЛЬ,Создать заявку,User Task,Иванов_7,2025-10-22 18:42:13.940715,2025-10-22 19:38:13.940715,3360,,
10954e0f-abfa-48b0-b3d4-551b94beeb15,VAC-1044,CAND-10044,HR,Зарегистрировать в HCM,Service Task,Марина_3,2025-10-22 19:44:13.940715,2025-10-22 19:58:13.940715,840,,
10954e0f-abfa-48b0-b3d4-551b94beeb15,VAC-1044,CAND-10044,РЕКРУТЕР,Разместить вакансию,Task,Дмитрий_2,2025-10-22 20:33:13.940715,2025-10-22 22:08:13.940715,5700,,
10954e0f-abfa-48b0-b3d4-551b94beeb15,VAC-1044,CAND-10044,РЕКРУТЕР,Собирать резюме,Task,Екатерина_5,2025-10-22 22:38:13.940715,2025-10-23 02:25:13.940715,13620,,
10954e0f-abfa-48b0-b3d4-551b94beeb15,VAC-1044,CAND-10044,РЕКРУТЕР,Скрининг,Task,Екатерина_7,2025-10-23 03:09:13.940715,2025-10-23 04:16:13.940715,4020,passed,
10954e0f-abfa-48b0-b3d4-551b94beeb15,VAC-1044,CAND-10044,ИНТЕРВЬЮЕРЫ,Назначить интервью,User Task,Сергей_1,2025-10-23 06:17:13.940715,2025-10-23 06:44:13.940715,1620,,
10954e0f-abfa-48b0-b3d4-551b94beeb15,VAC-1044,CAND-10044,ИНТЕРВЬЮЕРЫ,Интервью (раунд 1),User Task,Сергей_1,2025-10-23 08:44:13.940715,2025-10-23 12:06:13.940715,12120,rejected,недостаточно навыков
10b8f615-3de7-42c1-9f7b-731a04c94a67,VAC-1119,CAND-10119,РУКОВОДИТЕЛЬ,Создать заявку,User Task,Петров_3,2025-08-26 19:57:13.940715,2025-08-26 20:35:13.940715,2280,,
10b8f615-3de7-42c1-9f7b-731a04c94a67,VAC-1119,CAND-10119,HR,Зарегистрировать в HCM,Service Task,Ольга_4,2025-08-26 21:19:13.940715,2025-08-26 21:21:13.940715,120,,
10b8f615-3de7-42c1-9f7b-731a04c94a67,VAC-1119,CAND-10119,РЕКРУТЕР,Разместить вакансию,Task,Алексей_2,2025-08-26 22:03:13.940715,2025-08-26 22:23:13.940715,1200,,
10b8f615-3de7-42c1-9f7b-731a04c94a67,VAC-1119,CAND-10119,РЕКРУТЕР,Собирать резюме,Task,Дмитрий_6,2025-08-26 23:43:13.940715,2025-08-27 07:22:13.940715,27540,,
10b8f615-3de7-42c1-9f7b-731a04c94a67,VAC-1119,CAND-10119,РЕКРУТЕР,Скрининг,Task,Дмитрий_4,2025-08-27 08:52:13.940715,2025-08-27 09:52:13.940715,3600,passed,
10b8f615-3de7-42c1-9f7b-731a04c94a67,VAC-1119,CAND-10119,ИНТЕРВЬЮЕРЫ,Назначить интервью,User Task,Андрей_2,2025-08-27 13:08:13.940715,2025-08-27 13:58:13.940715,3000,,
10b8f615-3de7-42c1-9f7b-731a04c94a67,VAC-1119,CAND-10119,ИНТЕРВЬЮЕРЫ,Интервью (раунд 1),User Task,Сергей_6,2025-08-27 17:33:13.940715,2025-08-27 20:41:13.940715,11280,rejected,поведенческий
12442843-97fe-4945-a424-5cf9e40c8e26,VAC-1180,CAND-10180,РУКОВОДИТЕЛЬ,Создать заявку,User Task,Иванов_1,2025-09-13 16:53:13.940715,2025-09-13 17:27:13.940715,2040,,
12442843-97fe-4945-a424-5cf9e40c8e26,VAC-1180,CAND-10180,HR,Зарегистрировать в HCM,Service Task,Марина_5,2025-09-13 17:39:13.940715,2025-09-13 17:57:13.940715,1080,,
12442843-97fe-4945-a424-5cf9e40c8e26,VAC-1180,CAND-10180,РЕКРУТЕР,Разместить вакансию,Task,Дмитрий_7,2025-09-13 18:54:13.940715,2025-09-13 19:56:13.940715,3720,,
12442843-97fe-4945-a424-5cf9e40c8e26,VAC-1180,CAND-10180,РЕКРУТЕР,Собирать резюме,Task,Екатерина_7,2025-09-13 20:40:13.940715,2025-09-14 00:19:13.940715,13140,,
12442843-97fe-4945-a424-5cf9e40c8e26,VAC-1180,CAND-10180,РЕКРУТЕР,Скрининг,Task,Алексей_8,2025-09-14 01:26:13.940715,2025-09-14 03:13:13.940715,6420,passed,
12442843-97fe-4945-a424-5cf9e40c8e26,VAC-1180,CAND-10180,ИНТЕРВЬЮЕРЫ,Назначить интервью,User Task,Анна_8,2025-09-14 06:16:13.940715,2025-09-14 06:55:13.940715,2340,,
12442843-97fe-4945-a424-5cf9e40c8e26,VAC-1180,CAND-10180,ИНТЕРВЬЮЕРЫ,Интервью (раунд 1),User Task,Сергей_8,2025-09-14 08:05:13.940715,2025-09-14 10:59:13.940715,10440,passed,
12442843-97fe-4945-a424-5cf9e40c8e26,VAC-1180,CAND-10180,ИНТЕРВЬЮЕРЫ,Интервью (раунд 2),User Task,Сергей_5,2025-09-14 14:00:13.940715,2025-09-14 16:21:13.940715,8460,passed,
12442843-97fe-4945-a424-5cf9e40c8e26,VAC-1180,CAND-10180,ИНТЕРВЬЮЕРЫ,Финальное интервью,User Task,Андрей_3,2025-09-14 18:07:13.940715,2025-09-14 19:07:13.940715,3600,passed,
12442843-97fe-4945-a424-5cf9e40c8e26,VAC-1180,CAND-10180,HR (ОФФЕР),Согласовать условия,User Task,HR_Manager_1,2025-09-14 22:51:13.940715,2025-09-15 02:28:13.940715,13020,,
12442843-97fe-4945-a424-5cf9e40c8e26,VAC-1180,CAND-10180,HR (ОФФЕР),Сгенерировать оффер,Service Task,HR_Manager_7,2025-09-15 03:21:13.940715,2025-09-15 03:51:13.940715,1800,,
12442843-97fe-4945-a424-5cf9e40c8e26,VAC-1180,CAND-10180,HR (ОФФЕР),Отправить оффер,Send Task,HR_Manager_6,2025-09-15 03:55:13.940715,2025-09-15 04:02:13.940715,420,sent,
12442843-97fe-4945-a424-5cf9e40c8e26,VAC-1180,CAND-10180,HR (ОФФЕР),Timer: ожидание ответа (дни),Timer,,2025-09-15 04:02:13.940715,2025-09-20 04:02:13.940715,432000,timer_elapsed,
12442843-97fe-4945-a424-5cf9e40c8e26,VAC-1180,CAND-10180,SECURITY,Background Check,Call Activity,Служба_БД_4,2025-09-22 01:11:13.940715,2025-09-23 01:51:13.940715,88800,report_ready,
12442843-97fe-4945-a424-5cf9e40c8e26,VAC-1180,CAND-10180,IT,Выдача оборудования,Task,IT_Specialist_5,2025-09-23 03:07:13.940715,2025-09-23 03:58:13.940715,3060,,
12442843-97fe-4945-a424-5cf9e40c8e26,VAC-1180,CAND-10180,IT,Создать доступы,Task,IT_Specialist_1,2025-09-23 04:17:13.940715,2025-09-23 05:53:13.940715,5760,,
12442843-97fe-4945-a424-5cf9e40c8e26,VAC-1180,CAND-10180,IT,HR/Training: Вводное обучение,Service Task,Ольга_7,2025-09-25 02:25:13.940715,2025-09-25 03:44:13.940715,4740,,
12442843-97fe-4945-a424-5cf9e40c8e26,VAC-1180,CAND-10180,IT,Назначить ментора,Task,Ольга_5,2025-09-25 06:14:13.940715,2025-09-25 07:29:13.940715,4500,,
12442843-97fe-4945-a424-5cf9e40c8e26,VAC-1180,CAND-10180,IT,Message: уведомить всех,Message,system,2025-09-25 07:31:13.940715,2025-09-25 07:54:13.940715,1380,notified,
12442843-97fe-4945-a424-5cf9e40c8e26,VAC-1180,CAND-10180,HR (финал),Обновить статус в HCM,Service Task,Наталья_6,2025-09-25 08:55:13.940715,2025-09-25 09:33:13.940715,2280,,
12442843-97fe-4945-a424-5cf9e40c8e26,VAC-1180,CAND-10180,HR (финал),Payroll / учет,Service Task,Ольга_6,2025-09-25 09:58:13.940715,2025-09-25 10:35:13.940715,2220,,
12442843-97fe-4945-a424-5cf9e40c8e26,VAC-1180,CAND-10180,HR (финал),Закрыть вакансию на порталах,Service Task,Ольга_2,2025-09-25 11:12:13.940715,2025-09-25 11:19:13.940715,420,,
12442843-97fe-4945-a424-5cf9e40c8e26,VAC-1180,CAND-10180,HR (финал),Hire Completed,End Event,system,2025-09-25 12:04:13.940715,2025-09-25 12:04:13.940715,0,hired,
129665f0-5399-498c-ab43-92367da2735a,VAC-1070,CAND-10070,РУКОВОДИТЕЛЬ,Создать заявку,User Task,Петров_8,2025-09-26 19:02:13.940715,2025-09-26 19:51:13.940715,2940,,
129665f0-5399-498c-ab43-92367da2735a,VAC-1070,CAND-10070,HR,Зарегистрировать в HCM,Service Task,Ольга_9,2025-09-26 20:15:13.940715,2025-09-26 20:28:13.940715,780,,
129665f0-5399-498c-ab43-92367da2735a,VAC-1070,CAND-10070,РЕКРУТЕР,Разместить вакансию,Task,Алексей_8,2025-09-26 20:38:13.940715,2025-09-26 22:26:13.940715,6480,,
129665f0-5399-498c-ab43-92367da2735a,VAC-1070,CAND-10070,РЕКРУТЕР,Собирать резюме,Task,Дмитрий_2,2025-09-26 23:02:13.940715,2025-09-27 02:33:13.940715,12660,,
129665f0-5399-498c-ab43-92367da2735a,VAC-1070,CAND-10070,РЕКРУТЕР,Скрининг,Task,Екатерина_3,2025-09-27 02:52:13.940715,2025-09-27 04:48:13.940715,6960,passed,
129665f0-5399-498c-ab43-92367da2735a,VAC-1070,CAND-10070,ИНТЕРВЬЮЕРЫ,Назначить интервью,User Task,Андрей_9,2025-09-27 06:23:13.940715,2025-09-27 06:57:13.940715,2040,,
129665f0-5399-498c-ab43-92367da2735a,VAC-1070,CAND-10070,ИНТЕРВЬЮЕРЫ,Интервью (раунд 1),User Task,Анна_8,2025-09-27 09:28:13.940715,2025-09-27 10:37:13.940715,4140,passed,
129665f0-5399-498c-ab43-92367da2735a,VAC-1070,CAND-10070,ИНТЕРВЬЮЕРЫ,Интервью (раунд 2),User Task,Анна_2,2025-09-27 12:28:13.940715,2025-09-27 13:30:13.940715,3720,passed,
129665f0-5399-498c-ab43-92367da2735a,VAC-1070,CAND-10070,ИНТЕРВЬЮЕРЫ,Финальное интервью,User Task,Анна_3,2025-09-27 13:59:13.940715,2025-09-27 16:11:13.940715,7920,passed,
129665f0-5399-498c-ab43-92367da2735a,VAC-1070,CAND-10070,HR (ОФФЕР),Согласовать условия,User Task,HR_Manager_9,2025-09-27 19:30:13.940715,2025-09-27 22:04:13.940715,9240,,
129665f0-5399-498c-ab43-92367da2735a,VAC-1070,CAND-10070,HR (ОФФЕР),Сгенерировать оффер,Service Task,HR_Manager_8,2025-09-27 22:19:13.940715,2025-09-27 22:31:13.940715,720,,
129665f0-5399-498c-ab43-92367da2735a,VAC-1070,CAND-10070,HR (ОФФЕР),Отправить оффер,Send Task,HR_Manager_3,2025-09-27 22:39:13.940715,2025-09-27 22:46:13.940715,420,sent,
129665f0-5399-498c-ab43-92367da2735a,VAC-1070,CAND-10070,HR (ОФФЕР),Timer: ожидание ответа (дни),Timer,,2025-09-27 22:46:13.940715,2025-10-02 22:46:13.940715,432000,timer_elapsed,
129665f0-5399-498c-ab43-92367da2735a,VAC-1070,CAND-10070,SECURITY,Background Check,Call Activity,Служба_БД_8,2025-10-04 16:42:13.940715,2025-10-07 12:59:13.940715,245820,report_ready,
129665f0-5399-498c-ab43-92367da2735a,VAC-1070,CAND-10070,IT,Выдача оборудования,Task,IT_Specialist_4,2025-10-07 13:49:13.940715,2025-10-07 14:20:13.940715,1860,,
129665f0-5399-498c-ab43-92367da2735a,VAC-1070,CAND-10070,IT,Создать доступы,Task,IT_Specialist_9,2025-10-07 15:00:13.940715,2025-10-07 15:26:13.940715,1560,,
129665f0-5399-498c-ab43-92367da2735a,VAC-1070,CAND-10070,IT,HR/Training: Вводное обучение,Service Task,Ольга_4,2025-10-08 16:58:13.940715,2025-10-08 21:05:13.940715,14820,,
129665f0-5399-498c-ab43-92367da2735a,VAC-1070,CAND-10070,IT,Назначить ментора,Task,Ольга_8,2025-10-08 23:07:13.940715,2025-10-08 23:31:13.940715,1440,,
129665f0-5399-498c-ab43-92367da2735a,VAC-1070,CAND-10070,IT,Message: уведомить всех,Message,system,2025-10-09 00:05:13.940715,2025-10-09 00:26:13.940715,1260,notified,
129665f0-5399-498c-ab43-92367da2735a,VAC-1070,CAND-10070,HR (финал),Обновить статус в HCM,Service Task,Ольга_7,2025-10-09 01:07:13.940715,2025-10-09 01:46:13.940715,2340,,
129665f0-5399-498c-ab43-92367da2735a,VAC-1070,CAND-10070,HR (финал),Payroll / учет,Service Task,Ольга_6,2025-10-09 02:24:13.940715,2025-10-09 02:32:13.940715,480,,
129665f0-5399-498c-ab43-92367da2735a,VAC-1070,CAND-10070,HR (финал),Закрыть вакансию на порталах,Service Task,Марина_3,2025-10-09 03:27:13.940715,2025-10-09 03:57:13.940715,1800,,
129665f0-5399-498c-ab43-92367da2735a,VAC-1070,CAND-10070,HR (финал),Hire Completed,End Event,system,2025-10-09 04:50:13.940715,2025-10-09 04:50:13.940715,0,hired,
135812e4-b0e9-41f9-9c59-b09471e7d0eb,VAC-1007,CAND-10007,РУКОВОДИТЕЛЬ,Создать заявку,User Task,Сидоров_8,2025-09-18 13:07:13.940715,2025-09-18 13:53:13.940715,2760,,
135812e4-b0e9-41f9-9c59-b09471e7d0eb,VAC-1007,CAND-10007,HR,Зарегистрировать в HCM,Service Task,Наталья_1,2025-09-18 14:14:13.940715,2025-09-18 14:44:13.940715,1800,,
135812e4-b0e9-41f9-9c59-b09471e7d0eb,VAC-1007,CAND-10007,РЕКРУТЕР,Разместить вакансию,Task,Екатерина_2,2025-09-18 15:14:13.940715,2025-09-18 18:13:13.940715,10740,,
135812e4-b0e9-41f9-9c59-b09471e7d0eb,VAC-1007,CAND-10007,РЕКРУТЕР,Собирать резюме,Task,Алексей_9,2025-09-18 18:41:13.940715,2025-09-19 00:16:13.940715,20100,,
135812e4-b0e9-41f9-9c59-b09471e7d0eb,VAC-1007,CAND-10007,РЕКРУТЕР,Скрининг,Task,Дмитрий_2,2025-09-19 00:54:13.940715,2025-09-19 01:17:13.940715,1380,rejected,не соотв. опыту
135812e4-b0e9-41f9-9c59-b09471e7d0eb,VAC-1007,CAND-10007,РЕКРУТЕР,Скрининг,Task,Дмитрий_2,2025-09-19 01:54:13.940715,2025-09-19 02:27:13.940715,1980,rejected,не прошёл тест
13867e96-ad14-4506-9cbf-6fd6d4577137,VAC-1144,CAND-10144,РУКОВОДИТЕЛЬ,Создать заявку,User Task,Сидоров_6,2025-09-28 18:26:13.940715,2025-09-28 18:44:13.940715,1080,,
13867e96-ad14-4506-9cbf-6fd6d4577137,VAC-1144,CAND-10144,HR,Зарегистрировать в HCM,Service Task,Ольга_1,2025-09-28 18:49:13.940715,2025-09-28 18:54:13.940715,300,,
13867e96-ad14-4506-9cbf-6fd6d4577137,VAC-1144,CAND-10144,РЕКРУТЕР,Разместить вакансию,Task,Екатерина_9,2025-09-28 19:16:13.940715,2025-09-28 21:12:13.940715,6960,,
13867e96-ad14-4506-9cbf-6fd6d4577137,VAC-1144,CAND-10144,РЕКРУТЕР,Собирать резюме,Task,Екатерина_7,2025-09-29 00:57:13.940715,2025-09-29 03:21:13.940715,8640,,
13867e96-ad14-4506-9cbf-6fd6d4577137,VAC-1144,CAND-10144,РЕКРУТЕР,Скрининг,Task,Алексей_5,2025-09-29 03:49:13.940715,2025-09-29 04:39:13.940715,3000,rejected,не соотв. опыту
13867e96-ad14-4506-9cbf-6fd6d4577137,VAC-1144,CAND-10144,РЕКРУТЕР,Скрининг,Task,Алексей_5,2025-09-29 04:49:13.940715,2025-09-29 05:11:13.940715,1320,rejected,некорректное резюме
149d4582-8a4b-4bb9-84c5-a222445c9022,VAC-1182,CAND-10182,РУКОВОДИТЕЛЬ,Создать заявку,User Task,Иванов_9,2025-08-30 19:46:13.940715,2025-08-30 20:08:13.940715,1320,,
149d4582-8a4b-4bb9-84c5-a222445c9022,VAC-1182,CAND-10182,HR,Зарегистрировать в HCM,Service Task,Наталья_6,2025-08-30 20:39:13.940715,2025-08-30 20:53:13.940715,840,,
149d4582-8a4b-4bb9-84c5-a222445c9022,VAC-1182,CAND-10182,РЕКРУТЕР,Разместить вакансию,Task,Екатерина_5,2025-08-30 21:44:13.940715,2025-08-30 22:23:13.940715,2340,,
149d4582-8a4b-4bb9-84c5-a222445c9022,VAC-1182,CAND-10182,РЕКРУТЕР,Собирать резюме,Task,Дмитрий_7,2025-08-31 00:42:13.940715,2025-08-31 08:33:13.940715,28260,,
149d4582-8a4b-4bb9-84c5-a222445c9022,VAC-1182,CAND-10182,РЕКРУТЕР,Скрининг,Task,Дмитрий_4,2025-08-31 10:02:13.940715,2025-08-31 11:21:13.940715,4740,passed,
149d4582-8a4b-4bb9-84c5-a222445c9022,VAC-1182,CAND-10182,ИНТЕРВЬЮЕРЫ,Назначить интервью,User Task,Анна_8,2025-08-31 12:33:13.940715,2025-08-31 13:17:13.940715,2640,,
149d4582-8a4b-4bb9-84c5-a222445c9022,VAC-1182,CAND-10182,ИНТЕРВЬЮЕРЫ,Интервью (раунд 1),User Task,Анна_9,2025-08-31 16:07:13.940715,2025-08-31 17:38:13.940715,5460,rejected,недостаточно навыков
160de23f-bcbd-47bb-aac9-84b878c6010c,VAC-1085,CAND-10085,РУКОВОДИТЕЛЬ,Создать заявку,User Task,Иванов_4,2025-09-08 20:40:13.940715,2025-09-08 21:02:13.940715,1320,,
160de23f-bcbd-47bb-aac9-84b878c6010c,VAC-1085,CAND-10085,HR,Зарегистрировать в HCM,Service Task,Ольга_6,2025-09-08 21:39:13.940715,2025-09-08 22:07:13.940715,1680,,
160de23f-bcbd-47bb-aac9-84b878c6010c,VAC-1085,CAND-10085,РЕКРУТЕР,Разместить вакансию,Task,Алексей_4,2025-09-08 23:07:13.940715,2025-09-09 00:11:13.940715,3840,,
160de23f-bcbd-47bb-aac9-84b878c6010c,VAC-1085,CAND-10085,РЕКРУТЕР,Собирать резюме,Task,Екатерина_6,2025-09-09 02:52:13.940715,2025-09-09 06:34:13.940715,13320,,
160de23f-bcbd-47bb-aac9-84b878c6010c,VAC-1085,CAND-10085,РЕКРУТЕР,Скрининг,Task,Екатерина_6,2025-09-09 07:54:13.940715,2025-09-09 08:35:13.940715,2460,rejected,не соотв. опыту
16959446-37d9-4e2d-89e0-4656e0d82111,VAC-1172,CAND-10172,РУКОВОДИТЕЛЬ,Создать заявку,User Task,Сидоров_5,2025-10-11 12:59:13.940715,2025-10-11 13:24:13.940715,1500,,
16959446-37d9-4e2d-89e0-4656e0d82111,VAC-1172,CAND-10172,HR,Зарегистрировать в HCM,Service Task,Марина_6,2025-10-11 13:42:13.940715,2025-10-11 14:04:13.940715,1320,,
16959446-37d9-4e2d-89e0-4656e0d82111,VAC-1172,CAND-10172,РЕКРУТЕР,Разместить вакансию,Task,Екатерина_6,2025-10-11 14:11:13.940715,2025-10-11 16:47:13.940715,9360,,
16959446-37d9-4e2d-89e0-4656e0d82111,VAC-1172,CAND-10172,РЕКРУТЕР,Собирать резюме,Task,Алексей_3,2025-10-11 20:27:13.940715,2025-10-11 22:40:13.940715,7980,,
16959446-37d9-4e2d-89e0-4656e0d82111,VAC-1172,CAND-10172,РЕКРУТЕР,Скрининг,Task,Дмитрий_8,2025-10-11 23:51:13.940715,2025-10-12 00:37:13.940715,2760,passed,
16959446-37d9-4e2d-89e0-4656e0d82111,VAC-1172,CAND-10172,ИНТЕРВЬЮЕРЫ,Назначить интервью,User Task,Андрей_3,2025-10-12 01:26:13.940715,2025-10-12 01:37:13.940715,660,,
16959446-37d9-4e2d-89e0-4656e0d82111,VAC-1172,CAND-10172,ИНТЕРВЬЮЕРЫ,Интервью (раунд 1),User Task,Анна_9,2025-10-12 02:55:13.940715,2025-10-12 06:03:13.940715,11280,passed,
16959446-37d9-4e2d-89e0-4656e0d82111,VAC-1172,CAND-10172,ИНТЕРВЬЮЕРЫ,Интервью (раунд 2),User Task,Андрей_7,2025-10-12 09:35:13.940715,2025-10-12 12:41:13.940715,11160,rejected,поведенческий
1b46a187-febb-4b3b-af07-dde346d74351,VAC-1168,CAND-10168,РУКОВОДИТЕЛЬ,Создать заявку,User Task,Иванов_6,2025-09-09 15:36:13.940715,2025-09-09 15:54:13.940715,1080,,
1b46a187-febb-4b3b-af07-dde346d74351,VAC-1168,CAND-10168,HR,Зарегистрировать в HCM,Service Task,Ольга_8,2025-09-09 16:17:13.940715,2025-09-09 16:22:13.940715,300,,
1b46a187-febb-4b3b-af07-dde346d74351,VAC-1168,CAND-10168,РЕКРУТЕР,Разместить вакансию,Task,Екатерина_5,2025-09-09 16:57:13.940715,2025-09-09 17:58:13.940715,3660,,
1b46a187-febb-4b3b-af07-dde346d74351,VAC-1168,CAND-10168,РЕКРУТЕР,Собирать резюме,Task,Дмитрий_8,2025-09-09 18:39:13.940715,2025-09-09 19:51:13.940715,4320,,
1b46a187-febb-4b3b-af07-dde346d74351,VAC-1168,CAND-10168,РЕКРУТЕР,Скрининг,Task,Дмитрий_6,2025-09-09 21:34:13.940715,2025-09-09 22:02:13.940715,1680,passed,
1b46a187-febb-4b3b-af07-dde346d74351,VAC-1168,CAND-10168,ИНТЕРВЬЮЕРЫ,Назначить интервью,User Task,Анна_6,2025-09-10 01:19:13.940715,2025-09-10 01:58:13.940715,2340,,
1b46a187-febb-4b3b-af07-dde346d74351,VAC-1168,CAND-10168,ИНТЕРВЬЮЕРЫ,Интервью (раунд 1),User Task,Анна_3,2025-09-10 03:43:13.940715,2025-09-10 06:29:13.940715,9960,rejected,культурный профиль
1cd81284-85f2-41e4-ae07-00143ed08c5b,VAC-1075,CAND-10075,РУКОВОДИТЕЛЬ,Создать заявку,User Task,Кузнецов_8,2025-10-08 16:18:13.940715,2025-10-08 16:38:13.940715,1200,,
1cd81284-85f2-41e4-ae07-00143ed08c5b,VAC-1075,CAND-10075,HR,Зарегистрировать в HCM,Service Task,Марина_5,2025-10-08 16:48:13.940715,2025-10-08 17:07:13.940715,1140,,
1cd81284-85f2-41e4-ae07-00143ed08c5b,VAC-1075,CAND-10075,РЕКРУТЕР,Разместить вакансию,Task,Дмитрий_8,2025-10-08 17:48:13.940715,2025-10-08 19:54:13.940715,7560,,
1cd81284-85f2-41e4-ae07-00143ed08c5b,VAC-1075,CAND-10075,РЕКРУТЕР,Собирать резюме,Task,Алексей_7,2025-10-08 20:23:13.940715,2025-10-09 02:47:13.940715,23040,,
1cd81284-85f2-41e4-ae07-00143ed08c5b,VAC-1075,CAND-10075,РЕКРУТЕР,Скрининг,Task,Дмитрий_6,2025-10-09 03:57:13.940715,2025-10-09 05:42:13.940715,6300,passed,
1cd81284-85f2-41e4-ae07-00143ed08c5b,VAC-1075,CAND-10075,ИНТЕРВЬЮЕРЫ,Назначить интервью,User Task,Анна_1,2025-10-09 07:54:13.940715,2025-10-09 08:19:13.940715,1500,,
1cd81284-85f2-41e4-ae07-00143ed08c5b,VAC-1075,CAND-10075,ИНТЕРВЬЮЕРЫ,Интервью (раунд 1),User Task,Сергей_6,2025-10-09 11:56:13.940715,2025-10-09 13:04:13.940715,4080,passed,
1cd81284-85f2-41e4-ae07-00143ed08c5b,VAC-1075,CAND-10075,ИНТЕРВЬЮЕРЫ,Интервью (раунд 2),User Task,Сергей_4,2025-10-09 13:50:13.940715,2025-10-09 16:51:13.940715,10860,passed,
1cd81284-85f2-41e4-ae07-00143ed08c5b,VAC-1075,CAND-10075,ИНТЕРВЬЮЕРЫ,Интервью (раунд 3),User Task,Сергей_6,2025-10-09 19:27:13.940715,2025-10-09 21:20:13.940715,6780,passed,
1cd81284-85f2-41e4-ae07-00143ed08c5b,VAC-1075,CAND-10075,ИНТЕРВЬЮЕРЫ,Финальное интервью,User Task,Сергей_6,2025-10-10 00:04:13.940715,2025-10-10 03:16:13.940715,11520,passed,
1cd81284-85f2-41e4-ae07-00143ed08c5b,VAC-1075,CAND-10075,HR (ОФФЕР),Согласовать условия,User Task,HR_Manager_1,2025-10-10 07:14:13.940715,2025-10-10 13:33:13.940715,22740,,
1cd81284-85f2-41e4-ae07-00143ed08c5b,VAC-1075,CAND-10075,HR (ОФФЕР),Сгенерировать оффер,Service Task,HR_Manager_1,2025-10-10 13:44:13.940715,2025-10-10 14:06:13.940715,1320,,
1cd81284-85f2-41e4-ae07-00143ed08c5b,VAC-1075,CAND-10075,HR (ОФФЕР),Отправить оффер,Send Task,HR_Manager_8,2025-10-10 14:10:13.940715,2025-10-10 14:13:13.940715,180,sent,
1cd81284-85f2-41e4-ae07-00143ed08c5b,VAC-1075,CAND-10075,HR (ОФФЕР),Timer: ожидание ответа (дни),Timer,,2025-10-10 14:13:13.940715,2025-10-11 14:13:13.940715,86400,timer_elapsed,
1cd81284-85f2-41e4-ae07-00143ed08c5b,VAC-1075,CAND-10075,HR (ОФФЕР),Переговоры / отказ,Task,HR_Manager_5,2025-10-12 19:26:13.940715,2025-10-12 20:22:13.940715,3360,rejected,
1d020d1a-5a64-4bce-bcc6-0d8953183541,VAC-1135,CAND-10135,РУКОВОДИТЕЛЬ,Создать заявку,User Task,Сидоров_8,2025-09-17 19:10:13.940715,2025-09-17 19:21:13.940715,660,,
1d020d1a-5a64-4bce-bcc6-0d8953183541,VAC-1135,CAND-10135,HR,Зарегистрировать в HCM,Service Task,Марина_2,2025-09-17 20:17:13.940715,2025-09-17 20:37:13.940715,1200,,
1d020d1a-5a64-4bce-bcc6-0d8953183541,VAC-1135,CAND-10135,РЕКРУТЕР,Разместить вакансию,Task,Екатерина_8,2025-09-17 20:49:13.940715,2025-09-17 21:59:13.940715,4200,,
1d020d1a-5a64-4bce-bcc6-0d8953183541,VAC-1135,CAND-10135,РЕКРУТЕР,Собирать резюме,Task,Алексей_1,2025-09-18 00:32:13.940715,2025-09-18 07:36:13.940715,25440,,
1d020d1a-5a64-4bce-bcc6-0d8953183541,VAC-1135,CAND-10135,РЕКРУТЕР,Скрининг,Task,Дмитрий_6,2025-09-18 08:12:13.940715,2025-09-18 09:29:13.940715,4620,passed,
1d020d1a-5a64-4bce-bcc6-0d8953183541,VAC-1135,CAND-10135,ИНТЕРВЬЮЕРЫ,Назначить интервью,User Task,Андрей_6,2025-09-18 12:47:13.940715,2025-09-18 13:02:13.940715,900,,
1d020d1a-5a64-4bce-bcc6-0d8953183541,VAC-1135,CAND-10135,ИНТЕРВЬЮЕРЫ,Интервью (раунд 1),User Task,Анна_5,2025-09-18 15:02:13.940715,2025-09-18 18:27:13.940715,12300,passed,
1d020d1a-5a64-4bce-bcc6-0d8953183541,VAC-1135,CAND-10135,ИНТЕРВЬЮЕРЫ,Интервью (раунд 2),User Task,Сергей_1,2025-09-18 22:24:13.940715,2025-09-18 23:24:13.940715,3600,passed,
1d020d1a-5a64-4bce-bcc6-0d8953183541,VAC-1135,CAND-10135,ИНТЕРВЬЮЕРЫ,Интервью (раунд 3),User Task,Сергей_7,2025-09-19 02:16:13.940715,2025-09-19 04:12:13.940715,6960,passed,
1d020d1a-5a64-4bce-bcc6-0d8953183541,VAC-1135,CAND-10135,ИНТЕРВЬЮЕРЫ,Финальное интервью,User Task,Сергей_9,2025-09-19 07:24:13.940715,2025-09-19 08:44:13.940715,4800,passed,
1d020d1a-5a64-4bce-bcc6-0d8953183541,VAC-1135,CAND-10135,HR (ОФФЕР),Согласовать условия,User Task,HR_Manager_7,2025-09-19 11:47:13.940715,2025-09-19 17:30:13.940715,20580,,
1d020d1a-5a64-4bce-bcc6-0d8953183541,VAC-1135,CAND-10135,HR (ОФФЕР),Сгенерировать оффер,Service Task,HR_Manager_7,2025-09-19 17:50:13.940715,2025-09-19 18:10:13.940715,1200,,
1d020d1a-5a64-4bce-bcc6-0d8953183541,VAC-1135,CAND-10135,HR (ОФФЕР),Отправить оффер,Send Task,HR_Manager_8,2025-09-19 18:20:13.940715,2025-09-19 18:30:13.940715,600,sent,
1d020d1a-5a64-4bce-bcc6-0d8953183541,VAC-1135,CAND-10135,HR (ОФФЕР),Timer: ожидание ответа (дни),Timer,,2025-09-19 18:30:13.940715,2025-09-21 18:30:13.940715,172800,timer_elapsed,
1d020d1a-5a64-4bce-bcc6-0d8953183541,VAC-1135,CAND-10135,SECURITY,Background Check,Call Activity,Служба_БД_3,2025-09-22 03:58:13.940715,2025-09-24 03:37:13.940715,171540,report_ready,
1d020d1a-5a64-4bce-bcc6-0d8953183541,VAC-1135,CAND-10135,IT,Выдача оборудования,Task,IT_Specialist_7,2025-09-24 05:08:13.940715,2025-09-24 07:52:13.940715,9840,,
1d020d1a-5a64-4bce-bcc6-0d8953183541,VAC-1135,CAND-10135,IT,Создать доступы,Task,IT_Specialist_6,2025-09-24 09:35:13.940715,2025-09-24 10:22:13.940715,2820,,
1d020d1a-5a64-4bce-bcc6-0d8953183541,VAC-1135,CAND-10135,IT,HR/Training: Вводное обучение,Service Task,Марина_2,2025-09-24 19:38:13.940715,2025-09-25 01:23:13.940715,20700,,
1d020d1a-5a64-4bce-bcc6-0d8953183541,VAC-1135,CAND-10135,IT,Назначить ментора,Task,Наталья_1,2025-09-25 02:15:13.940715,2025-09-25 03:05:13.940715,3000,,
1d020d1a-5a64-4bce-bcc6-0d8953183541,VAC-1135,CAND-10135,IT,Message: уведомить всех,Message,system,2025-09-25 03:54:13.940715,2025-09-25 04:05:13.940715,660,notified,
1d020d1a-5a64-4bce-bcc6-0d8953183541,VAC-1135,CAND-10135,HR (финал),Обновить статус в HCM,Service Task,Ольга_5,2025-09-25 05:58:13.940715,2025-09-25 06:25:13.940715,1620,,
1d020d1a-5a64-4bce-bcc6-0d8953183541,VAC-1135,CAND-10135,HR (финал),Payroll / учет,Service Task,Марина_5,2025-09-25 06:54:13.940715,2025-09-25 07:42:13.940715,2880,,
1d020d1a-5a64-4bce-bcc6-0d8953183541,VAC-1135,CAND-10135,HR (финал),Закрыть вакансию на порталах,Service Task,Наталья_2,2025-09-25 07:52:13.940715,2025-09-25 08:42:13.940715,3000,,
1d020d1a-5a64-4bce-bcc6-0d8953183541,VAC-1135,CAND-10135,HR (финал),Hire Completed,End Event,system,2025-09-25 08:51:13.940715,2025-09-25 08:51:13.940715,0,hired,
1e3a471f-8fcb-4bb8-97c8-bafd3c897a89,VAC-1166,CAND-10166,РУКОВОДИТЕЛЬ,Создать заявку,User Task,Иванов_7,2025-10-06 16:21:13.940715,2025-10-06 16:29:13.940715,480,,
1e3a471f-8fcb-4bb8-97c8-bafd3c897a89,VAC-1166,CAND-10166,HR,Зарегистрировать в HCM,Service Task,Марина_1,2025-10-06 16:53:13.940715,2025-10-06 17:08:13.940715,900,,
1e3a471f-8fcb-4bb8-97c8-bafd3c897a89,VAC-1166,CAND-10166,РЕКРУТЕР,Разместить вакансию,Task,Алексей_9,2025-10-06 17:32:13.940715,2025-10-06 19:25:13.940715,6780,,
1e3a471f-8fcb-4bb8-97c8-bafd3c897a89,VAC-1166,CAND-10166,РЕКРУТЕР,Собирать резюме,Task,Екатерина_4,2025-10-06 22:35:13.940715,2025-10-07 00:09:13.940715,5640,,
1e3a471f-8fcb-4bb8-97c8-bafd3c897a89,VAC-1166,CAND-10166,РЕКРУТЕР,Скрининг,Task,Алексей_9,2025-10-07 00:31:13.940715,2025-10-07 01:23:13.940715,3120,passed,
1e3a471f-8fcb-4bb8-97c8-bafd3c897a89,VAC-1166,CAND-10166,ИНТЕРВЬЮЕРЫ,Назначить интервью,User Task,Анна_4,2025-10-07 03:33:13.940715,2025-10-07 04:25:13.940715,3120,,
1e3a471f-8fcb-4bb8-97c8-bafd3c897a89,VAC-1166,CAND-10166,ИНТЕРВЬЮЕРЫ,Интервью (раунд 1),User Task,Сергей_9,2025-10-07 08:09:13.940715,2025-10-07 09:51:13.940715,6120,passed,
1e3a471f-8fcb-4bb8-97c8-bafd3c897a89,VAC-1166,CAND-10166,ИНТЕРВЬЮЕРЫ,Интервью (раунд 2),User Task,Андрей_6,2025-10-07 13:15:13.940715,2025-10-07 15:48:13.940715,9180,passed,
1e3a471f-8fcb-4bb8-97c8-bafd3c897a89,VAC-1166,CAND-10166,ИНТЕРВЬЮЕРЫ,Интервью (раунд 3),User Task,Анна_2,2025-10-07 17:46:13.940715,2025-10-07 20:26:13.940715,9600,passed,
1e3a471f-8fcb-4bb8-97c8-bafd3c897a89,VAC-1166,CAND-10166,ИНТЕРВЬЮЕРЫ,Финальное интервью,User Task,Анна_5,2025-10-07 22:50:13.940715,2025-10-08 02:36:13.940715,13560,passed,
1e3a471f-8fcb-4bb8-97c8-bafd3c897a89,VAC-1166,CAND-10166,HR (ОФФЕР),Согласовать условия,User Task,HR_Manager_2,2025-10-08 04:41:13.940715,2025-10-08 10:28:13.940715,20820,,
1e3a471f-8fcb-4bb8-97c8-bafd3c897a89,VAC-1166,CAND-10166,HR (ОФФЕР),Сгенерировать оффер,Service Task,HR_Manager_2,2025-10-08 10:45:13.940715,2025-10-08 11:15:13.940715,1800,,
1e3a471f-8fcb-4bb8-97c8-bafd3c897a89,VAC-1166,CAND-10166,HR (ОФФЕР),Отправить оффер,Send Task,HR_Manager_5,2025-10-08 11:18:13.940715,2025-10-08 11:25:13.940715,420,sent,
1e3a471f-8fcb-4bb8-97c8-bafd3c897a89,VAC-1166,CAND-10166,HR (ОФФЕР),Timer: ожидание ответа (дни),Timer,,2025-10-08 11:25:13.940715,2025-10-09 11:25:13.940715,86400,timer_elapsed,
1e3a471f-8fcb-4bb8-97c8-bafd3c897a89,VAC-1166,CAND-10166,SECURITY,Background Check,Call Activity,Служба_БД_8,2025-10-10 06:16:13.940715,2025-10-10 21:54:13.940715,56280,report_ready,
1e3a471f-8fcb-4bb8-97c8-bafd3c897a89,VAC-1166,CAND-10166,IT,Выдача оборудования,Task,IT_Specialist_5,2025-10-10 22:21:13.940715,2025-10-11 01:04:13.940715,9780,,
1e3a471f-8fcb-4bb8-97c8-bafd3c897a89,VAC-1166,CAND-10166,IT,Создать доступы,Task,IT_Specialist_8,2025-10-11 02:02:13.940715,2025-10-11 04:30:13.940715,8880,,
1e3a471f-8fcb-4bb8-97c8-bafd3c897a89,VAC-1166,CAND-10166,IT,HR/Training: Вводное обучение,Service Task,Ольга_1,2025-10-13 03:51:13.940715,2025-10-13 08:26:13.940715,16500,,
1e3a471f-8fcb-4bb8-97c8-bafd3c897a89,VAC-1166,CAND-10166,IT,Назначить ментора,Task,Наталья_1,2025-10-13 09:45:13.940715,2025-10-13 10:19:13.940715,2040,,
1e3a471f-8fcb-4bb8-97c8-bafd3c897a89,VAC-1166,CAND-10166,IT,Message: уведомить всех,Message,system,2025-10-13 11:15:13.940715,2025-10-13 11:41:13.940715,1560,notified,
1e3a471f-8fcb-4bb8-97c8-bafd3c897a89,VAC-1166,CAND-10166,HR (финал),Обновить статус в HCM,Service Task,Марина_6,2025-10-13 12:11:13.940715,2025-10-13 13:05:13.940715,3240,,
1e3a471f-8fcb-4bb8-97c8-bafd3c897a89,VAC-1166,CAND-10166,HR (финал),Payroll / учет,Service Task,Ольга_6,2025-10-13 13:32:13.940715,2025-10-13 14:10:13.940715,2280,,
1e3a471f-8fcb-4bb8-97c8-bafd3c897a89,VAC-1166,CAND-10166,HR (финал),Закрыть вакансию на порталах,Service Task,Марина_9,2025-10-13 14:42:13.940715,2025-10-13 15:20:13.940715,2280,,
1e3a471f-8fcb-4bb8-97c8-bafd3c897a89,VAC-1166,CAND-10166,HR (финал),Hire Completed,End Event,system,2025-10-13 16:14:13.940715,2025-10-13 16:14:13.940715,0,hired,
1e5446d2-e58e-4dc5-9594-5be12f1c0158,VAC-1146,CAND-10146,РУКОВОДИТЕЛЬ,Создать заявку,User Task,Сидоров_6,2025-10-22 18:11:13.940715,2025-10-22 19:11:13.940715,3600,,
1e5446d2-e58e-4dc5-9594-5be12f1c0158,VAC-1146,CAND-10146,HR,Зарегистрировать в HCM,Service Task,Наталья_9,2025-10-22 19:21:13.940715,2025-10-22 19:46:13.940715,1500,,
1e5446d2-e58e-4dc5-9594-5be12f1c0158,VAC-1146,CAND-10146,РЕКРУТЕР,Разместить вакансию,Task,Алексей_1,2025-10-22 20:30:13.940715,2025-10-22 21:23:13.940715,3180,,
1e5446d2-e58e-4dc5-9594-5be12f1c0158,VAC-1146,CAND-10146,РЕКРУТЕР,Собирать резюме,Task,Екатерина_9,2025-10-22 23:30:13.940715,2025-10-23 03:48:13.940715,15480,,
1e5446d2-e58e-4dc5-9594-5be12f1c0158,VAC-1146,CAND-10146,РЕКРУТЕР,Скрининг,Task,Дмитрий_1,2025-10-23 04:07:13.940715,2025-10-23 04:17:13.940715,600,passed,
1e5446d2-e58e-4dc5-9594-5be12f1c0158,VAC-1146,CAND-10146,ИНТЕРВЬЮЕРЫ,Назначить интервью,User Task,Андрей_6,2025-10-23 06:57:13.940715,2025-10-23 07:57:13.940715,3600,,
1e5446d2-e58e-4dc5-9594-5be12f1c0158,VAC-1146,CAND-10146,ИНТЕРВЬЮЕРЫ,Интервью (раунд 1),User Task,Анна_5,2025-10-23 08:38:13.940715,2025-10-23 09:49:13.940715,4260,passed,
1e5446d2-e58e-4dc5-9594-5be12f1c0158,VAC-1146,CAND-10146,ИНТЕРВЬЮЕРЫ,Интервью (раунд 2),User Task,Анна_4,2025-10-23 10:24:13.940715,2025-10-23 13:36:13.940715,11520,rejected,поведенческий
20110a27-0274-4466-865b-4d78a87b1ab9,VAC-1174,CAND-10174,РУКОВОДИТЕЛЬ,Создать заявку,User Task,Иванов_4,2025-08-25 18:13:13.940715,2025-08-25 18:45:13.940715,1920,,
20110a27-0274-4466-865b-4d78a87b1ab9,VAC-1174,CAND-10174,HR,Зарегистрировать в HCM,Service Task,Марина_9,2025-08-25 18:52:13.940715,2025-08-25 18:54:13.940715,120,,
20110a27-0274-4466-865b-4d78a87b1ab9,VAC-1174,CAND-10174,РЕКРУТЕР,Разместить вакансию,Task,Дмитрий_2,2025-08-25 19:32:13.940715,2025-08-25 20:07:13.940715,2100,,
20110a27-0274-4466-865b-4d78a87b1ab9,VAC-1174,CAND-10174,РЕКРУТЕР,Собирать резюме,Task,Алексей_5,2025-08-25 21:21:13.940715,2025-08-25 22:43:13.940715,4920,,
20110a27-0274-4466-865b-4d78a87b1ab9,VAC-1174,CAND-10174,РЕКРУТЕР,Скрининг,Task,Алексей_2,2025-08-26 00:13:13.940715,2025-08-26 00:55:13.940715,2520,rejected,не соотв. опыту
210860ba-0e2e-4745-bbcd-5da8307bd657,VAC-1032,CAND-10032,РУКОВОДИТЕЛЬ,Создать заявку,User Task,Иванов_5,2025-09-14 13:15:13.940715,2025-09-14 13:58:13.940715,2580,,
210860ba-0e2e-4745-bbcd-5da8307bd657,VAC-1032,CAND-10032,HR,Зарегистрировать в HCM,Service Task,Наталья_9,2025-09-14 14:53:13.940715,2025-09-14 14:58:13.940715,300,,
210860ba-0e2e-4745-bbcd-5da8307bd657,VAC-1032,CAND-10032,РЕКРУТЕР,Разместить вакансию,Task,Алексей_1,2025-09-14 15:15:13.940715,2025-09-14 16:19:13.940715,3840,,
210860ba-0e2e-4745-bbcd-5da8307bd657,VAC-1032,CAND-10032,РЕКРУТЕР,Собирать резюме,Task,Дмитрий_4,2025-09-14 17:02:13.940715,2025-09-14 18:09:13.940715,4020,,
210860ba-0e2e-4745-bbcd-5da8307bd657,VAC-1032,CAND-10032,РЕКРУТЕР,Скрининг,Task,Алексей_3,2025-09-14 19:29:13.940715,2025-09-14 20:20:13.940715,3060,passed,
210860ba-0e2e-4745-bbcd-5da8307bd657,VAC-1032,CAND-10032,ИНТЕРВЬЮЕРЫ,Назначить интервью,User Task,Сергей_9,2025-09-14 21:00:13.940715,2025-09-14 21:52:13.940715,3120,,
210860ba-0e2e-4745-bbcd-5da8307bd657,VAC-1032,CAND-10032,ИНТЕРВЬЮЕРЫ,Интервью (раунд 1),User Task,Сергей_9,2025-09-14 22:38:13.940715,2025-09-15 01:24:13.940715,9960,passed,
210860ba-0e2e-4745-bbcd-5da8307bd657,VAC-1032,CAND-10032,ИНТЕРВЬЮЕРЫ,Интервью (раунд 2),User Task,Андрей_1,2025-09-15 04:25:13.940715,2025-09-15 05:37:13.940715,4320,passed,
210860ba-0e2e-4745-bbcd-5da8307bd657,VAC-1032,CAND-10032,ИНТЕРВЬЮЕРЫ,Финальное интервью,User Task,Сергей_1,2025-09-15 09:07:13.940715,2025-09-15 12:40:13.940715,12780,passed,
210860ba-0e2e-4745-bbcd-5da8307bd657,VAC-1032,CAND-10032,HR (ОФФЕР),Согласовать условия,User Task,HR_Manager_7,2025-09-15 13:05:13.940715,2025-09-15 17:40:13.940715,16500,,
210860ba-0e2e-4745-bbcd-5da8307bd657,VAC-1032,CAND-10032,HR (ОФФЕР),Сгенерировать оффер,Service Task,HR_Manager_8,2025-09-15 18:28:13.940715,2025-09-15 18:33:13.940715,300,,
210860ba-0e2e-4745-bbcd-5da8307bd657,VAC-1032,CAND-10032,HR (ОФФЕР),Отправить оффер,Send Task,HR_Manager_3,2025-09-15 18:36:13.940715,2025-09-15 18:38:13.940715,120,sent,
210860ba-0e2e-4745-bbcd-5da8307bd657,VAC-1032,CAND-10032,HR (ОФФЕР),Timer: ожидание ответа (дни),Timer,,2025-09-15 18:38:13.940715,2025-09-16 18:38:13.940715,86400,timer_elapsed,
210860ba-0e2e-4745-bbcd-5da8307bd657,VAC-1032,CAND-10032,SECURITY,Background Check,Call Activity,Служба_БД_7,2025-09-18 13:16:13.940715,2025-09-20 16:29:13.940715,184380,report_ready,
210860ba-0e2e-4745-bbcd-5da8307bd657,VAC-1032,CAND-10032,SECURITY,Решение руководителя по BG,User Task,Кузнецов_2,2025-09-20 18:54:13.940715,2025-09-20 20:19:13.940715,5100,proceed_with_conditions,
210860ba-0e2e-4745-bbcd-5da8307bd657,VAC-1032,CAND-10032,IT,Выдача оборудования,Task,IT_Specialist_9,2025-09-20 22:01:13.940715,2025-09-21 01:30:13.940715,12540,,
210860ba-0e2e-4745-bbcd-5da8307bd657,VAC-1032,CAND-10032,IT,Создать доступы,Task,IT_Specialist_8,2025-09-21 03:07:13.940715,2025-09-21 04:12:13.940715,3900,,
210860ba-0e2e-4745-bbcd-5da8307bd657,VAC-1032,CAND-10032,IT,HR/Training: Вводное обучение,Service Task,Ольга_8,2025-09-22 11:24:13.940715,2025-09-22 15:55:13.940715,16260,,
210860ba-0e2e-4745-bbcd-5da8307bd657,VAC-1032,CAND-10032,IT,Назначить ментора,Task,Марина_2,2025-09-22 17:42:13.940715,2025-09-22 18:45:13.940715,3780,,
210860ba-0e2e-4745-bbcd-5da8307bd657,VAC-1032,CAND-10032,IT,Message: уведомить всех,Message,system,2025-09-22 19:06:13.940715,2025-09-22 19:20:13.940715,840,notified,
210860ba-0e2e-4745-bbcd-5da8307bd657,VAC-1032,CAND-10032,HR (финал),Обновить статус в HCM,Service Task,Ольга_6,2025-09-22 20:01:13.940715,2025-09-22 20:44:13.940715,2580,,
210860ba-0e2e-4745-bbcd-5da8307bd657,VAC-1032,CAND-10032,HR (финал),Payroll / учет,Service Task,Ольга_2,2025-09-22 20:54:13.940715,2025-09-22 21:38:13.940715,2640,,
210860ba-0e2e-4745-bbcd-5da8307bd657,VAC-1032,CAND-10032,HR (финал),Закрыть вакансию на порталах,Service Task,Наталья_2,2025-09-22 21:44:13.940715,2025-09-22 22:38:13.940715,3240,,
210860ba-0e2e-4745-bbcd-5da8307bd657,VAC-1032,CAND-10032,HR (финал),Hire Completed,End Event,system,2025-09-22 23:06:13.940715,2025-09-22 23:06:13.940715,0,hired,
216cb48d-f0d5-4b0f-8811-32c14665f047,VAC-1128,CAND-10128,РУКОВОДИТЕЛЬ,Создать заявку,User Task,Сидоров_2,2025-09-13 10:35:13.940715,2025-09-13 11:30:13.940715,3300,,
216cb48d-f0d5-4b0f-8811-32c14665f047,VAC-1128,CAND-10128,HR,Зарегистрировать в HCM,Service Task,Наталья_1,2025-09-13 11:56:13.940715,2025-09-13 12:22:13.940715,1560,,
216cb48d-f0d5-4b0f-8811-32c14665f047,VAC-1128,CAND-10128,РЕКРУТЕР,Разместить вакансию,Task,Екатерина_8,2025-09-13 12:25:13.940715,2025-09-13 15:13:13.940715,10080,,
216cb48d-f0d5-4b0f-8811-32c14665f047,VAC-1128,CAND-10128,РЕКРУТЕР,Собирать резюме,Task,Алексей_6,2025-09-13 18:19:13.940715,2025-09-14 00:24:13.940715,21900,,
216cb48d-f0d5-4b0f-8811-32c14665f047,VAC-1128,CAND-10128,РЕКРУТЕР,Скрининг,Task,Алексей_3,2025-09-14 02:07:13.940715,2025-09-14 02:28:13.940715,1260,passed,
216cb48d-f0d5-4b0f-8811-32c14665f047,VAC-1128,CAND-10128,ИНТЕРВЬЮЕРЫ,Назначить интервью,User Task,Сергей_1,2025-09-14 05:31:13.940715,2025-09-14 06:15:13.940715,2640,,
216cb48d-f0d5-4b0f-8811-32c14665f047,VAC-1128,CAND-10128,ИНТЕРВЬЮЕРЫ,Интервью (раунд 1),User Task,Андрей_3,2025-09-14 09:30:13.940715,2025-09-14 10:54:13.940715,5040,passed,
216cb48d-f0d5-4b0f-8811-32c14665f047,VAC-1128,CAND-10128,ИНТЕРВЬЮЕРЫ,Финальное интервью,User Task,Анна_6,2025-09-14 13:22:13.940715,2025-09-14 15:06:13.940715,6240,passed,
216cb48d-f0d5-4b0f-8811-32c14665f047,VAC-1128,CAND-10128,HR (ОФФЕР),Согласовать условия,User Task,HR_Manager_1,2025-09-14 18:42:13.940715,2025-09-14 22:56:13.940715,15240,,
216cb48d-f0d5-4b0f-8811-32c14665f047,VAC-1128,CAND-10128,HR (ОФФЕР),Сгенерировать оффер,Service Task,HR_Manager_3,2025-09-14 23:45:13.940715,2025-09-14 23:59:13.940715,840,,
216cb48d-f0d5-4b0f-8811-32c14665f047,VAC-1128,CAND-10128,HR (ОФФЕР),Отправить оффер,Send Task,HR_Manager_8,2025-09-15 00:08:13.940715,2025-09-15 00:09:13.940715,60,sent,
216cb48d-f0d5-4b0f-8811-32c14665f047,VAC-1128,CAND-10128,HR (ОФФЕР),Timer: ожидание ответа (дни),Timer,,2025-09-15 00:09:13.940715,2025-09-18 00:09:13.940715,259200,timer_elapsed,
216cb48d-f0d5-4b0f-8811-32c14665f047,VAC-1128,CAND-10128,SECURITY,Background Check,Call Activity,Служба_БД_9,2025-09-19 09:37:13.940715,2025-09-20 06:34:13.940715,75420,report_ready,
216cb48d-f0d5-4b0f-8811-32c14665f047,VAC-1128,CAND-10128,IT,Выдача оборудования,Task,IT_Specialist_9,2025-09-20 08:08:13.940715,2025-09-20 10:37:13.940715,8940,,
216cb48d-f0d5-4b0f-8811-32c14665f047,VAC-1128,CAND-10128,IT,Создать доступы,Task,IT_Specialist_8,2025-09-20 11:02:13.940715,2025-09-20 11:29:13.940715,1620,,
216cb48d-f0d5-4b0f-8811-32c14665f047,VAC-1128,CAND-10128,IT,HR/Training: Вводное обучение,Service Task,Ольга_9,2025-09-22 03:52:13.940715,2025-09-22 11:51:13.940715,28740,,
216cb48d-f0d5-4b0f-8811-32c14665f047,VAC-1128,CAND-10128,IT,Назначить ментора,Task,Наталья_9,2025-09-22 13:29:13.940715,2025-09-22 14:37:13.940715,4080,,
216cb48d-f0d5-4b0f-8811-32c14665f047,VAC-1128,CAND-10128,IT,Message: уведомить всех,Message,system,2025-09-22 15:02:13.940715,2025-09-22 15:26:13.940715,1440,notified,
216cb48d-f0d5-4b0f-8811-32c14665f047,VAC-1128,CAND-10128,HR (финал),Обновить статус в HCM,Service Task,Наталья_6,2025-09-22 15:50:13.940715,2025-09-22 16:47:13.940715,3420,,
216cb48d-f0d5-4b0f-8811-32c14665f047,VAC-1128,CAND-10128,HR (финал),Payroll / учет,Service Task,Наталья_6,2025-09-22 17:37:13.940715,2025-09-22 18:17:13.940715,2400,,
216cb48d-f0d5-4b0f-8811-32c14665f047,VAC-1128,CAND-10128,HR (финал),Закрыть вакансию на порталах,Service Task,Марина_9,2025-09-22 19:04:13.940715,2025-09-22 19:09:13.940715,300,,
216cb48d-f0d5-4b0f-8811-32c14665f047,VAC-1128,CAND-10128,HR (финал),Hire Completed,End Event,system,2025-09-22 20:02:13.940715,2025-09-22 20:02:13.940715,0,hired,
23ef13d2-e121-4269-b118-660c18eb3cfb,VAC-1049,CAND-10049,РУКОВОДИТЕЛЬ,Создать заявку,User Task,Сидоров_4,2025-08-29 11:06:13.940715,2025-08-29 12:00:13.940715,3240,,
23ef13d2-e121-4269-b118-660c18eb3cfb,VAC-1049,CAND-10049,HR,Зарегистрировать в HCM,Service Task,Ольга_1,2025-08-29 12:50:13.940715,2025-08-29 13:09:13.940715,1140,,
23ef13d2-e121-4269-b118-660c18eb3cfb,VAC-1049,CAND-10049,РЕКРУТЕР,Разместить вакансию,Task,Екатерина_5,2025-08-29 13:41:13.940715,2025-08-29 16:41:13.940715,10800,,
23ef13d2-e121-4269-b118-660c18eb3cfb,VAC-1049,CAND-10049,РЕКРУТЕР,Собирать резюме,Task,Дмитрий_4,2025-08-29 19:35:13.940715,2025-08-29 23:09:13.940715,12840,,
23ef13d2-e121-4269-b118-660c18eb3cfb,VAC-1049,CAND-10049,РЕКРУТЕР,Скрининг,Task,Екатерина_7,2025-08-30 00:57:13.940715,2025-08-30 02:50:13.940715,6780,passed,
23ef13d2-e121-4269-b118-660c18eb3cfb,VAC-1049,CAND-10049,ИНТЕРВЬЮЕРЫ,Назначить интервью,User Task,Андрей_3,2025-08-30 03:16:13.940715,2025-08-30 04:05:13.940715,2940,,
23ef13d2-e121-4269-b118-660c18eb3cfb,VAC-1049,CAND-10049,ИНТЕРВЬЮЕРЫ,Интервью (раунд 1),User Task,Анна_3,2025-08-30 06:38:13.940715,2025-08-30 09:21:13.940715,9780,passed,
23ef13d2-e121-4269-b118-660c18eb3cfb,VAC-1049,CAND-10049,ИНТЕРВЬЮЕРЫ,Интервью (раунд 2),User Task,Сергей_7,2025-08-30 11:11:13.940715,2025-08-30 14:59:13.940715,13680,passed,
23ef13d2-e121-4269-b118-660c18eb3cfb,VAC-1049,CAND-10049,ИНТЕРВЬЮЕРЫ,Финальное интервью,User Task,Анна_2,2025-08-30 15:56:13.940715,2025-08-30 19:55:13.940715,14340,passed,
23ef13d2-e121-4269-b118-660c18eb3cfb,VAC-1049,CAND-10049,HR (ОФФЕР),Согласовать условия,User Task,HR_Manager_2,2025-08-30 21:26:13.940715,2025-08-30 23:59:13.940715,9180,,
23ef13d2-e121-4269-b118-660c18eb3cfb,VAC-1049,CAND-10049,HR (ОФФЕР),Сгенерировать оффер,Service Task,HR_Manager_3,2025-08-31 00:21:13.940715,2025-08-31 00:37:13.940715,960,,
23ef13d2-e121-4269-b118-660c18eb3cfb,VAC-1049,CAND-10049,HR (ОФФЕР),Отправить оффер,Send Task,HR_Manager_7,2025-08-31 00:41:13.940715,2025-08-31 00:42:13.940715,60,sent,
23ef13d2-e121-4269-b118-660c18eb3cfb,VAC-1049,CAND-10049,HR (ОФФЕР),Timer: ожидание ответа (дни),Timer,,2025-08-31 00:42:13.940715,2025-09-05 00:42:13.940715,432000,timer_elapsed,
23ef13d2-e121-4269-b118-660c18eb3cfb,VAC-1049,CAND-10049,SECURITY,Background Check,Call Activity,Служба_БД_6,2025-09-05 11:37:13.940715,2025-09-08 03:09:13.940715,228720,report_ready,
23ef13d2-e121-4269-b118-660c18eb3cfb,VAC-1049,CAND-10049,IT,Выдача оборудования,Task,IT_Specialist_8,2025-09-08 03:30:13.940715,2025-09-08 06:07:13.940715,9420,,
23ef13d2-e121-4269-b118-660c18eb3cfb,VAC-1049,CAND-10049,IT,Создать доступы,Task,IT_Specialist_1,2025-09-08 08:04:13.940715,2025-09-08 09:32:13.940715,5280,,
23ef13d2-e121-4269-b118-660c18eb3cfb,VAC-1049,CAND-10049,IT,HR/Training: Вводное обучение,Service Task,Марина_8,2025-09-08 21:50:13.940715,2025-09-09 02:11:13.940715,15660,,
23ef13d2-e121-4269-b118-660c18eb3cfb,VAC-1049,CAND-10049,IT,Назначить ментора,Task,Марина_6,2025-09-09 03:17:13.940715,2025-09-09 03:54:13.940715,2220,,
23ef13d2-e121-4269-b118-660c18eb3cfb,VAC-1049,CAND-10049,IT,Message: уведомить всех,Message,system,2025-09-09 03:58:13.940715,2025-09-09 04:00:13.940715,120,notified,
23ef13d2-e121-4269-b118-660c18eb3cfb,VAC-1049,CAND-10049,HR (финал),Обновить статус в HCM,Service Task,Марина_8,2025-09-09 04:37:13.940715,2025-09-09 05:09:13.940715,1920,,
23ef13d2-e121-4269-b118-660c18eb3cfb,VAC-1049,CAND-10049,HR (финал),Payroll / учет,Service Task,Наталья_2,2025-09-09 05:28:13.940715,2025-09-09 06:03:13.940715,2100,,
23ef13d2-e121-4269-b118-660c18eb3cfb,VAC-1049,CAND-10049,HR (финал),Закрыть вакансию на порталах,Service Task,Ольга_6,2025-09-09 06:31:13.940715,2025-09-09 06:40:13.940715,540,,
23ef13d2-e121-4269-b118-660c18eb3cfb,VAC-1049,CAND-10049,HR (финал),Hire Completed,End Event,system,2025-09-09 07:29:13.940715,2025-09-09 07:29:13.940715,0,hired,
2462fb2b-d8d0-4d45-a58c-3105729fb743,VAC-1003,CAND-10003,РУКОВОДИТЕЛЬ,Создать заявку,User Task,Иванов_2,2025-09-01 18:56:13.940715,2025-09-01 19:06:13.940715,600,,
2462fb2b-d8d0-4d45-a58c-3105729fb743,VAC-1003,CAND-10003,HR,Зарегистрировать в HCM,Service Task,Наталья_7,2025-09-01 19:16:13.940715,2025-09-01 19:37:13.940715,1260,,
2462fb2b-d8d0-4d45-a58c-3105729fb743,VAC-1003,CAND-10003,РЕКРУТЕР,Разместить вакансию,Task,Дмитрий_7,2025-09-01 20:16:13.940715,2025-09-01 20:52:13.940715,2160,,
2462fb2b-d8d0-4d45-a58c-3105729fb743,VAC-1003,CAND-10003,РЕКРУТЕР,Собирать резюме,Task,Екатерина_5,2025-09-01 23:34:13.940715,2025-09-02 04:33:13.940715,17940,,
2462fb2b-d8d0-4d45-a58c-3105729fb743,VAC-1003,CAND-10003,РЕКРУТЕР,Скрининг,Task,Алексей_2,2025-09-02 05:48:13.940715,2025-09-02 07:48:13.940715,7200,passed,
2462fb2b-d8d0-4d45-a58c-3105729fb743,VAC-1003,CAND-10003,ИНТЕРВЬЮЕРЫ,Назначить интервью,User Task,Сергей_6,2025-09-02 10:13:13.940715,2025-09-02 11:06:13.940715,3180,,
2462fb2b-d8d0-4d45-a58c-3105729fb743,VAC-1003,CAND-10003,ИНТЕРВЬЮЕРЫ,Интервью (раунд 1),User Task,Анна_5,2025-09-02 13:27:13.940715,2025-09-02 14:52:13.940715,5100,passed,
2462fb2b-d8d0-4d45-a58c-3105729fb743,VAC-1003,CAND-10003,ИНТЕРВЬЮЕРЫ,Интервью (раунд 2),User Task,Андрей_5,2025-09-02 17:30:13.940715,2025-09-02 21:30:13.940715,14400,passed,
2462fb2b-d8d0-4d45-a58c-3105729fb743,VAC-1003,CAND-10003,ИНТЕРВЬЮЕРЫ,Финальное интервью,User Task,Андрей_3,2025-09-03 01:29:13.940715,2025-09-03 04:57:13.940715,12480,passed,
2462fb2b-d8d0-4d45-a58c-3105729fb743,VAC-1003,CAND-10003,HR (ОФФЕР),Согласовать условия,User Task,HR_Manager_9,2025-09-03 06:42:13.940715,2025-09-03 13:42:13.940715,25200,,
2462fb2b-d8d0-4d45-a58c-3105729fb743,VAC-1003,CAND-10003,HR (ОФФЕР),Сгенерировать оффер,Service Task,HR_Manager_6,2025-09-03 14:36:13.940715,2025-09-03 14:54:13.940715,1080,,
2462fb2b-d8d0-4d45-a58c-3105729fb743,VAC-1003,CAND-10003,HR (ОФФЕР),Отправить оффер,Send Task,HR_Manager_6,2025-09-03 15:10:13.940715,2025-09-03 15:11:13.940715,60,sent,
2462fb2b-d8d0-4d45-a58c-3105729fb743,VAC-1003,CAND-10003,HR (ОФФЕР),Timer: ожидание ответа (дни),Timer,,2025-09-03 15:11:13.940715,2025-09-06 15:11:13.940715,259200,timer_elapsed,
2462fb2b-d8d0-4d45-a58c-3105729fb743,VAC-1003,CAND-10003,SECURITY,Background Check,Call Activity,Служба_БД_2,2025-09-07 07:38:13.940715,2025-09-10 03:34:13.940715,244560,report_ready,
2462fb2b-d8d0-4d45-a58c-3105729fb743,VAC-1003,CAND-10003,IT,Выдача оборудования,Task,IT_Specialist_3,2025-09-10 05:19:13.940715,2025-09-10 06:06:13.940715,2820,,
2462fb2b-d8d0-4d45-a58c-3105729fb743,VAC-1003,CAND-10003,IT,Создать доступы,Task,IT_Specialist_5,2025-09-10 07:35:13.940715,2025-09-10 09:46:13.940715,7860,,
2462fb2b-d8d0-4d45-a58c-3105729fb743,VAC-1003,CAND-10003,IT,HR/Training: Вводное обучение,Service Task,Марина_4,2025-09-12 19:33:13.940715,2025-09-12 22:21:13.940715,10080,,
2462fb2b-d8d0-4d45-a58c-3105729fb743,VAC-1003,CAND-10003,IT,Назначить ментора,Task,Ольга_6,2025-09-13 01:28:13.940715,2025-09-13 02:17:13.940715,2940,,
2462fb2b-d8d0-4d45-a58c-3105729fb743,VAC-1003,CAND-10003,IT,Message: уведомить всех,Message,system,2025-09-13 02:46:13.940715,2025-09-13 03:15:13.940715,1740,notified,
2462fb2b-d8d0-4d45-a58c-3105729fb743,VAC-1003,CAND-10003,HR (финал),Обновить статус в HCM,Service Task,Наталья_4,2025-09-13 04:22:13.940715,2025-09-13 04:51:13.940715,1740,,
2462fb2b-d8d0-4d45-a58c-3105729fb743,VAC-1003,CAND-10003,HR (финал),Payroll / учет,Service Task,Ольга_1,2025-09-13 05:06:13.940715,2025-09-13 05:11:13.940715,300,,
2462fb2b-d8d0-4d45-a58c-3105729fb743,VAC-1003,CAND-10003,HR (финал),Закрыть вакансию на порталах,Service Task,Наталья_4,2025-09-13 05:49:13.940715,2025-09-13 06:25:13.940715,2160,,
2462fb2b-d8d0-4d45-a58c-3105729fb743,VAC-1003,CAND-10003,HR (финал),Hire Completed,End Event,system,2025-09-13 06:26:13.940715,2025-09-13 06:26:13.940715,0,hired,
26bd42e2-e13f-4da5-9c33-6eeaf1a6ec88,VAC-1145,CAND-10145,РУКОВОДИТЕЛЬ,Создать заявку,User Task,Сидоров_8,2025-08-29 18:21:13.940715,2025-08-29 18:41:13.940715,1200,,
26bd42e2-e13f-4da5-9c33-6eeaf1a6ec88,VAC-1145,CAND-10145,HR,Зарегистрировать в HCM,Service Task,Наталья_9,2025-08-29 19:35:13.940715,2025-08-29 19:45:13.940715,600,,
26bd42e2-e13f-4da5-9c33-6eeaf1a6ec88,VAC-1145,CAND-10145,РЕКРУТЕР,Разместить вакансию,Task,Алексей_6,2025-08-29 20:05:13.940715,2025-08-29 21:09:13.940715,3840,,
26bd42e2-e13f-4da5-9c33-6eeaf1a6ec88,VAC-1145,CAND-10145,РЕКРУТЕР,Собирать резюме,Task,Алексей_2,2025-08-30 00:39:13.940715,2025-08-30 01:58:13.940715,4740,,
26bd42e2-e13f-4da5-9c33-6eeaf1a6ec88,VAC-1145,CAND-10145,РЕКРУТЕР,Скрининг,Task,Алексей_8,2025-08-30 02:59:13.940715,2025-08-30 03:16:13.940715,1020,rejected,некорректное резюме
27129409-858a-4a9d-aeb6-a9ebb9a01047,VAC-1082,CAND-10082,РУКОВОДИТЕЛЬ,Создать заявку,User Task,Сидоров_7,2025-09-02 12:10:13.940715,2025-09-02 12:30:13.940715,1200,,
27129409-858a-4a9d-aeb6-a9ebb9a01047,VAC-1082,CAND-10082,HR,Зарегистрировать в HCM,Service Task,Марина_5,2025-09-02 13:03:13.940715,2025-09-02 13:05:13.940715,120,,
27129409-858a-4a9d-aeb6-a9ebb9a01047,VAC-1082,CAND-10082,РЕКРУТЕР,Разместить вакансию,Task,Алексей_7,2025-09-02 13:22:13.940715,2025-09-02 14:26:13.940715,3840,,
27129409-858a-4a9d-aeb6-a9ebb9a01047,VAC-1082,CAND-10082,РЕКРУТЕР,Собирать резюме,Task,Екатерина_9,2025-09-02 18:14:13.940715,2025-09-02 23:05:13.940715,17460,,
27129409-858a-4a9d-aeb6-a9ebb9a01047,VAC-1082,CAND-10082,РЕКРУТЕР,Скрининг,Task,Дмитрий_2,2025-09-02 23:41:13.940715,2025-09-02 23:53:13.940715,720,rejected,не соотв. опыту
2719962f-e16a-4934-a74f-d9dba48bcf8a,VAC-1064,CAND-10064,РУКОВОДИТЕЛЬ,Создать заявку,User Task,Иванов_2,2025-09-06 19:55:13.940715,2025-09-06 20:17:13.940715,1320,,
2719962f-e16a-4934-a74f-d9dba48bcf8a,VAC-1064,CAND-10064,HR,Зарегистрировать в HCM,Service Task,Ольга_9,2025-09-06 21:01:13.940715,2025-09-06 21:31:13.940715,1800,,
2719962f-e16a-4934-a74f-d9dba48bcf8a,VAC-1064,CAND-10064,РЕКРУТЕР,Разместить вакансию,Task,Алексей_6,2025-09-06 22:08:13.940715,2025-09-06 22:36:13.940715,1680,,
2719962f-e16a-4934-a74f-d9dba48bcf8a,VAC-1064,CAND-10064,РЕКРУТЕР,Собирать резюме,Task,Екатерина_3,2025-09-06 22:50:13.940715,2025-09-07 01:36:13.940715,9960,,
2719962f-e16a-4934-a74f-d9dba48bcf8a,VAC-1064,CAND-10064,РЕКРУТЕР,Скрининг,Task,Екатерина_7,2025-09-07 03:17:13.940715,2025-09-07 03:32:13.940715,900,rejected,не прошёл тест
2719962f-e16a-4934-a74f-d9dba48bcf8a,VAC-1064,CAND-10064,РЕКРУТЕР,Скрининг,Task,Екатерина_7,2025-09-07 04:17:13.940715,2025-09-07 04:37:13.940715,1200,rejected,не прошёл тест
276a091c-33d5-4286-a0eb-7782e11589d0,VAC-1169,CAND-10169,РУКОВОДИТЕЛЬ,Создать заявку,User Task,Иванов_8,2025-10-09 17:46:13.940715,2025-10-09 18:35:13.940715,2940,,
276a091c-33d5-4286-a0eb-7782e11589d0,VAC-1169,CAND-10169,HR,Зарегистрировать в HCM,Service Task,Наталья_9,2025-10-09 19:33:13.940715,2025-10-09 19:35:13.940715,120,,
276a091c-33d5-4286-a0eb-7782e11589d0,VAC-1169,CAND-10169,РЕКРУТЕР,Разместить вакансию,Task,Алексей_7,2025-10-09 19:43:13.940715,2025-10-09 21:21:13.940715,5880,,
276a091c-33d5-4286-a0eb-7782e11589d0,VAC-1169,CAND-10169,РЕКРУТЕР,Собирать резюме,Task,Дмитрий_6,2025-10-10 00:09:13.940715,2025-10-10 03:01:13.940715,10320,,
276a091c-33d5-4286-a0eb-7782e11589d0,VAC-1169,CAND-10169,РЕКРУТЕР,Скрининг,Task,Алексей_4,2025-10-10 03:17:13.940715,2025-10-10 04:08:13.940715,3060,passed,
276a091c-33d5-4286-a0eb-7782e11589d0,VAC-1169,CAND-10169,ИНТЕРВЬЮЕРЫ,Назначить интервью,User Task,Сергей_4,2025-10-10 05:12:13.940715,2025-10-10 06:07:13.940715,3300,,
276a091c-33d5-4286-a0eb-7782e11589d0,VAC-1169,CAND-10169,ИНТЕРВЬЮЕРЫ,Интервью (раунд 1),User Task,Андрей_9,2025-10-10 08:54:13.940715,2025-10-10 11:33:13.940715,9540,passed,
276a091c-33d5-4286-a0eb-7782e11589d0,VAC-1169,CAND-10169,ИНТЕРВЬЮЕРЫ,Финальное интервью,User Task,Анна_9,2025-10-10 13:37:13.940715,2025-10-10 15:11:13.940715,5640,passed,
276a091c-33d5-4286-a0eb-7782e11589d0,VAC-1169,CAND-10169,HR (ОФФЕР),Согласовать условия,User Task,HR_Manager_7,2025-10-10 15:35:13.940715,2025-10-10 21:46:13.940715,22260,,
276a091c-33d5-4286-a0eb-7782e11589d0,VAC-1169,CAND-10169,HR (ОФФЕР),Сгенерировать оффер,Service Task,HR_Manager_6,2025-10-10 22:00:13.940715,2025-10-10 22:24:13.940715,1440,,
276a091c-33d5-4286-a0eb-7782e11589d0,VAC-1169,CAND-10169,HR (ОФФЕР),Отправить оффер,Send Task,HR_Manager_5,2025-10-10 22:37:13.940715,2025-10-10 22:43:13.940715,360,sent,
276a091c-33d5-4286-a0eb-7782e11589d0,VAC-1169,CAND-10169,HR (ОФФЕР),Timer: ожидание ответа (дни),Timer,,2025-10-10 22:43:13.940715,2025-10-13 22:43:13.940715,259200,timer_elapsed,
276a091c-33d5-4286-a0eb-7782e11589d0,VAC-1169,CAND-10169,SECURITY,Background Check,Call Activity,Служба_БД_4,2025-10-15 05:09:13.940715,2025-10-18 00:50:13.940715,243660,report_ready,
276a091c-33d5-4286-a0eb-7782e11589d0,VAC-1169,CAND-10169,IT,Выдача оборудования,Task,IT_Specialist_8,2025-10-18 01:47:13.940715,2025-10-18 05:26:13.940715,13140,,
276a091c-33d5-4286-a0eb-7782e11589d0,VAC-1169,CAND-10169,IT,Создать доступы,Task,IT_Specialist_7,2025-10-18 06:07:13.940715,2025-10-18 06:58:13.940715,3060,,
276a091c-33d5-4286-a0eb-7782e11589d0,VAC-1169,CAND-10169,IT,HR/Training: Вводное обучение,Service Task,Марина_2,2025-10-19 02:02:13.940715,2025-10-19 08:02:13.940715,21600,,
276a091c-33d5-4286-a0eb-7782e11589d0,VAC-1169,CAND-10169,IT,Назначить ментора,Task,Ольга_8,2025-10-19 08:43:13.940715,2025-10-19 09:19:13.940715,2160,,
276a091c-33d5-4286-a0eb-7782e11589d0,VAC-1169,CAND-10169,IT,Message: уведомить всех,Message,system,2025-10-19 10:15:13.940715,2025-10-19 10:32:13.940715,1020,notified,
276a091c-33d5-4286-a0eb-7782e11589d0,VAC-1169,CAND-10169,HR (финал),Обновить статус в HCM,Service Task,Марина_7,2025-10-19 11:15:13.940715,2025-10-19 11:20:13.940715,300,,
276a091c-33d5-4286-a0eb-7782e11589d0,VAC-1169,CAND-10169,HR (финал),Payroll / учет,Service Task,Ольга_5,2025-10-19 11:26:13.940715,2025-10-19 11:27:13.940715,60,,
276a091c-33d5-4286-a0eb-7782e11589d0,VAC-1169,CAND-10169,HR (финал),Закрыть вакансию на порталах,Service Task,Марина_8,2025-10-19 11:54:13.940715,2025-10-19 12:06:13.940715,720,,
276a091c-33d5-4286-a0eb-7782e11589d0,VAC-1169,CAND-10169,HR (финал),Hire Completed,End Event,system,2025-10-19 12:52:13.940715,2025-10-19 12:52:13.940715,0,hired,
2897cff1-7945-47dc-8538-281d04fe4731,VAC-1194,CAND-10194,РУКОВОДИТЕЛЬ,Создать заявку,User Task,Иванов_9,2025-09-29 11:00:13.940715,2025-09-29 11:09:13.940715,540,,
2897cff1-7945-47dc-8538-281d04fe4731,VAC-1194,CAND-10194,HR,Зарегистрировать в HCM,Service Task,Ольга_7,2025-09-29 11:16:13.940715,2025-09-29 11:33:13.940715,1020,,
2897cff1-7945-47dc-8538-281d04fe4731,VAC-1194,CAND-10194,РЕКРУТЕР,Разместить вакансию,Task,Екатерина_5,2025-09-29 11:40:13.940715,2025-09-29 13:58:13.940715,8280,,
2897cff1-7945-47dc-8538-281d04fe4731,VAC-1194,CAND-10194,РЕКРУТЕР,Собирать резюме,Task,Екатерина_2,2025-09-29 15:38:13.940715,2025-09-29 18:48:13.940715,11400,,
2897cff1-7945-47dc-8538-281d04fe4731,VAC-1194,CAND-10194,РЕКРУТЕР,Скрининг,Task,Алексей_2,2025-09-29 20:31:13.940715,2025-09-29 20:47:13.940715,960,rejected,не соотв. опыту
2897cff1-7945-47dc-8538-281d04fe4731,VAC-1194,CAND-10194,РЕКРУТЕР,Скрининг,Task,Алексей_2,2025-09-29 21:31:13.940715,2025-09-29 22:29:13.940715,3480,rejected,некорректное резюме
297ea845-84b6-46cc-9ac3-d10b3a11c657,VAC-1054,CAND-10054,РУКОВОДИТЕЛЬ,Создать заявку,User Task,Петров_5,2025-10-22 17:55:13.940715,2025-10-22 18:41:13.940715,2760,,
297ea845-84b6-46cc-9ac3-d10b3a11c657,VAC-1054,CAND-10054,HR,Зарегистрировать в HCM,Service Task,Марина_1,2025-10-22 19:02:13.940715,2025-10-22 19:12:13.940715,600,,
297ea845-84b6-46cc-9ac3-d10b3a11c657,VAC-1054,CAND-10054,РЕКРУТЕР,Разместить вакансию,Task,Екатерина_4,2025-10-22 20:11:13.940715,2025-10-22 20:53:13.940715,2520,,
297ea845-84b6-46cc-9ac3-d10b3a11c657,VAC-1054,CAND-10054,РЕКРУТЕР,Собирать резюме,Task,Екатерина_1,2025-10-22 23:19:13.940715,2025-10-23 06:37:13.940715,26280,,
297ea845-84b6-46cc-9ac3-d10b3a11c657,VAC-1054,CAND-10054,РЕКРУТЕР,Скрининг,Task,Алексей_1,2025-10-23 07:04:13.940715,2025-10-23 07:59:13.940715,3300,rejected,некорректное резюме
297ea845-84b6-46cc-9ac3-d10b3a11c657,VAC-1054,CAND-10054,РЕКРУТЕР,Скрининг,Task,Алексей_1,2025-10-23 08:04:13.940715,2025-10-23 08:20:13.940715,960,rejected,не прошёл тест
2a20a9e0-a6f9-499c-88dd-c76a824c5136,VAC-1115,CAND-10115,РУКОВОДИТЕЛЬ,Создать заявку,User Task,Кузнецов_1,2025-09-15 15:56:13.940715,2025-09-15 16:51:13.940715,3300,,
2a20a9e0-a6f9-499c-88dd-c76a824c5136,VAC-1115,CAND-10115,HR,Зарегистрировать в HCM,Service Task,Наталья_8,2025-09-15 17:24:13.940715,2025-09-15 17:53:13.940715,1740,,
2a20a9e0-a6f9-499c-88dd-c76a824c5136,VAC-1115,CAND-10115,РЕКРУТЕР,Разместить вакансию,Task,Алексей_9,2025-09-15 18:04:13.940715,2025-09-15 19:22:13.940715,4680,,
2a20a9e0-a6f9-499c-88dd-c76a824c5136,VAC-1115,CAND-10115,РЕКРУТЕР,Собирать резюме,Task,Алексей_3,2025-09-15 22:16:13.940715,2025-09-16 01:39:13.940715,12180,,
2a20a9e0-a6f9-499c-88dd-c76a824c5136,VAC-1115,CAND-10115,РЕКРУТЕР,Скрининг,Task,Дмитрий_2,2025-09-16 02:07:13.940715,2025-09-16 02:37:13.940715,1800,passed,
2a20a9e0-a6f9-499c-88dd-c76a824c5136,VAC-1115,CAND-10115,ИНТЕРВЬЮЕРЫ,Назначить интервью,User Task,Сергей_2,2025-09-16 04:31:13.940715,2025-09-16 05:27:13.940715,3360,,
2a20a9e0-a6f9-499c-88dd-c76a824c5136,VAC-1115,CAND-10115,ИНТЕРВЬЮЕРЫ,Интервью (раунд 1),User Task,Андрей_7,2025-09-16 07:59:13.940715,2025-09-16 10:46:13.940715,10020,passed,
2a20a9e0-a6f9-499c-88dd-c76a824c5136,VAC-1115,CAND-10115,ИНТЕРВЬЮЕРЫ,Интервью (раунд 2),User Task,Анна_3,2025-09-16 11:21:13.940715,2025-09-16 13:08:13.940715,6420,passed,
2a20a9e0-a6f9-499c-88dd-c76a824c5136,VAC-1115,CAND-10115,ИНТЕРВЬЮЕРЫ,Финальное интервью,User Task,Анна_3,2025-09-16 14:06:13.940715,2025-09-16 17:32:13.940715,12360,passed,
2a20a9e0-a6f9-499c-88dd-c76a824c5136,VAC-1115,CAND-10115,HR (ОФФЕР),Согласовать условия,User Task,HR_Manager_3,2025-09-16 17:56:13.940715,2025-09-16 19:51:13.940715,6900,,
2a20a9e0-a6f9-499c-88dd-c76a824c5136,VAC-1115,CAND-10115,HR (ОФФЕР),Сгенерировать оффер,Service Task,HR_Manager_5,2025-09-16 20:29:13.940715,2025-09-16 20:43:13.940715,840,,
2a20a9e0-a6f9-499c-88dd-c76a824c5136,VAC-1115,CAND-10115,HR (ОФФЕР),Отправить оффер,Send Task,HR_Manager_8,2025-09-16 20:46:13.940715,2025-09-16 20:50:13.940715,240,sent,
2a20a9e0-a6f9-499c-88dd-c76a824c5136,VAC-1115,CAND-10115,HR (ОФФЕР),Timer: ожидание ответа (дни),Timer,,2025-09-16 20:50:13.940715,2025-09-21 20:50:13.940715,432000,timer_elapsed,
2a20a9e0-a6f9-499c-88dd-c76a824c5136,VAC-1115,CAND-10115,SECURITY,Background Check,Call Activity,Служба_БД_3,2025-09-23 00:53:13.940715,2025-09-25 01:54:13.940715,176460,report_ready,
2a20a9e0-a6f9-499c-88dd-c76a824c5136,VAC-1115,CAND-10115,IT,Выдача оборудования,Task,IT_Specialist_6,2025-09-25 03:00:13.940715,2025-09-25 04:37:13.940715,5820,,
2a20a9e0-a6f9-499c-88dd-c76a824c5136,VAC-1115,CAND-10115,IT,Создать доступы,Task,IT_Specialist_4,2025-09-25 05:40:13.940715,2025-09-25 08:22:13.940715,9720,,
2a20a9e0-a6f9-499c-88dd-c76a824c5136,VAC-1115,CAND-10115,IT,HR/Training: Вводное обучение,Service Task,Наталья_2,2025-09-27 12:01:13.940715,2025-09-27 16:18:13.940715,15420,,
2a20a9e0-a6f9-499c-88dd-c76a824c5136,VAC-1115,CAND-10115,IT,Назначить ментора,Task,Марина_9,2025-09-27 16:27:13.940715,2025-09-27 17:02:13.940715,2100,,
2a20a9e0-a6f9-499c-88dd-c76a824c5136,VAC-1115,CAND-10115,IT,Message: уведомить всех,Message,system,2025-09-27 17:46:13.940715,2025-09-27 18:00:13.940715,840,notified,
2a20a9e0-a6f9-499c-88dd-c76a824c5136,VAC-1115,CAND-10115,HR (финал),Обновить статус в HCM,Service Task,Марина_2,2025-09-27 19:46:13.940715,2025-09-27 19:56:13.940715,600,,
2a20a9e0-a6f9-499c-88dd-c76a824c5136,VAC-1115,CAND-10115,HR (финал),Payroll / учет,Service Task,Марина_1,2025-09-27 20:08:13.940715,2025-09-27 20:39:13.940715,1860,,
2a20a9e0-a6f9-499c-88dd-c76a824c5136,VAC-1115,CAND-10115,HR (финал),Закрыть вакансию на порталах,Service Task,Марина_9,2025-09-27 21:36:13.940715,2025-09-27 22:27:13.940715,3060,,
2a20a9e0-a6f9-499c-88dd-c76a824c5136,VAC-1115,CAND-10115,HR (финал),Hire Completed,End Event,system,2025-09-27 23:16:13.940715,2025-09-27 23:16:13.940715,0,hired,
2aa2f1c5-9e65-46d4-ab6b-6aff8ee53dd8,VAC-1058,CAND-10058,РУКОВОДИТЕЛЬ,Создать заявку,User Task,Кузнецов_2,2025-09-27 12:35:13.940715,2025-09-27 13:00:13.940715,1500,,
2aa2f1c5-9e65-46d4-ab6b-6aff8ee53dd8,VAC-1058,CAND-10058,HR,Зарегистрировать в HCM,Service Task,Марина_8,2025-09-27 13:44:13.940715,2025-09-27 13:51:13.940715,420,,
2aa2f1c5-9e65-46d4-ab6b-6aff8ee53dd8,VAC-1058,CAND-10058,РЕКРУТЕР,Разместить вакансию,Task,Дмитрий_1,2025-09-27 13:57:13.940715,2025-09-27 16:27:13.940715,9000,,
2aa2f1c5-9e65-46d4-ab6b-6aff8ee53dd8,VAC-1058,CAND-10058,РЕКРУТЕР,Собирать резюме,Task,Екатерина_7,2025-09-27 18:33:13.940715,2025-09-27 20:40:13.940715,7620,,
2aa2f1c5-9e65-46d4-ab6b-6aff8ee53dd8,VAC-1058,CAND-10058,РЕКРУТЕР,Скрининг,Task,Алексей_9,2025-09-27 21:43:13.940715,2025-09-27 23:05:13.940715,4920,passed,
2aa2f1c5-9e65-46d4-ab6b-6aff8ee53dd8,VAC-1058,CAND-10058,ИНТЕРВЬЮЕРЫ,Назначить интервью,User Task,Анна_1,2025-09-28 02:39:13.940715,2025-09-28 03:03:13.940715,1440,,
2aa2f1c5-9e65-46d4-ab6b-6aff8ee53dd8,VAC-1058,CAND-10058,ИНТЕРВЬЮЕРЫ,Интервью (раунд 1),User Task,Анна_2,2025-09-28 07:02:13.940715,2025-09-28 07:47:13.940715,2700,passed,
2aa2f1c5-9e65-46d4-ab6b-6aff8ee53dd8,VAC-1058,CAND-10058,ИНТЕРВЬЮЕРЫ,Интервью (раунд 2),User Task,Андрей_9,2025-09-28 08:28:13.940715,2025-09-28 11:01:13.940715,9180,passed,
2aa2f1c5-9e65-46d4-ab6b-6aff8ee53dd8,VAC-1058,CAND-10058,ИНТЕРВЬЮЕРЫ,Финальное интервью,User Task,Сергей_1,2025-09-28 11:40:13.940715,2025-09-28 12:42:13.940715,3720,rejected,финал не пройден
2b1a84dc-2009-471f-8188-550691d1c6fb,VAC-1118,CAND-10118,РУКОВОДИТЕЛЬ,Создать заявку,User Task,Иванов_3,2025-09-17 20:25:13.940715,2025-09-17 21:21:13.940715,3360,,
2b1a84dc-2009-471f-8188-550691d1c6fb,VAC-1118,CAND-10118,HR,Зарегистрировать в HCM,Service Task,Марина_7,2025-09-17 21:52:13.940715,2025-09-17 22:22:13.940715,1800,,
2b1a84dc-2009-471f-8188-550691d1c6fb,VAC-1118,CAND-10118,РЕКРУТЕР,Разместить вакансию,Task,Дмитрий_4,2025-09-17 22:28:13.940715,2025-09-17 23:04:13.940715,2160,,
2b1a84dc-2009-471f-8188-550691d1c6fb,VAC-1118,CAND-10118,РЕКРУТЕР,Собирать резюме,Task,Екатерина_1,2025-09-18 00:48:13.940715,2025-09-18 02:28:13.940715,6000,,
2b1a84dc-2009-471f-8188-550691d1c6fb,VAC-1118,CAND-10118,РЕКРУТЕР,Скрининг,Task,Дмитрий_9,2025-09-18 04:05:13.940715,2025-09-18 05:04:13.940715,3540,passed,
2b1a84dc-2009-471f-8188-550691d1c6fb,VAC-1118,CAND-10118,ИНТЕРВЬЮЕРЫ,Назначить интервью,User Task,Андрей_8,2025-09-18 07:44:13.940715,2025-09-18 07:52:13.940715,480,,
2b1a84dc-2009-471f-8188-550691d1c6fb,VAC-1118,CAND-10118,ИНТЕРВЬЮЕРЫ,Интервью (раунд 1),User Task,Анна_5,2025-09-18 09:13:13.940715,2025-09-18 12:46:13.940715,12780,rejected,недостаточно навыков
2cd01906-be3b-4461-bc05-5022bf813829,VAC-1010,CAND-10010,РУКОВОДИТЕЛЬ,Создать заявку,User Task,Петров_5,2025-10-23 10:32:13.940715,2025-10-23 10:53:13.940715,1260,,
2cd01906-be3b-4461-bc05-5022bf813829,VAC-1010,CAND-10010,HR,Зарегистрировать в HCM,Service Task,Марина_7,2025-10-23 10:56:13.940715,2025-10-23 11:00:13.940715,240,,
2cd01906-be3b-4461-bc05-5022bf813829,VAC-1010,CAND-10010,РЕКРУТЕР,Разместить вакансию,Task,Дмитрий_9,2025-10-23 11:23:13.940715,2025-10-23 13:03:13.940715,6000,,
2cd01906-be3b-4461-bc05-5022bf813829,VAC-1010,CAND-10010,РЕКРУТЕР,Собирать резюме,Task,Екатерина_4,2025-10-23 13:42:13.940715,2025-10-23 17:59:13.940715,15420,,
2cd01906-be3b-4461-bc05-5022bf813829,VAC-1010,CAND-10010,РЕКРУТЕР,Скрининг,Task,Екатерина_7,2025-10-23 18:36:13.940715,2025-10-23 18:51:13.940715,900,passed,
2cd01906-be3b-4461-bc05-5022bf813829,VAC-1010,CAND-10010,ИНТЕРВЬЮЕРЫ,Назначить интервью,User Task,Анна_4,2025-10-23 22:25:13.940715,2025-10-23 23:04:13.940715,2340,,
2cd01906-be3b-4461-bc05-5022bf813829,VAC-1010,CAND-10010,ИНТЕРВЬЮЕРЫ,Интервью (раунд 1),User Task,Анна_6,2025-10-23 23:51:13.940715,2025-10-24 03:26:13.940715,12900,rejected,культурный профиль
2d58d3b5-4668-4770-aeff-5162a8939363,VAC-1189,CAND-10189,РУКОВОДИТЕЛЬ,Создать заявку,User Task,Петров_1,2025-09-05 15:09:13.940715,2025-09-05 16:08:13.940715,3540,,
2d58d3b5-4668-4770-aeff-5162a8939363,VAC-1189,CAND-10189,HR,Зарегистрировать в HCM,Service Task,Ольга_5,2025-09-05 16:34:13.940715,2025-09-05 16:54:13.940715,1200,,
2d58d3b5-4668-4770-aeff-5162a8939363,VAC-1189,CAND-10189,РЕКРУТЕР,Разместить вакансию,Task,Дмитрий_3,2025-09-05 17:04:13.940715,2025-09-05 17:46:13.940715,2520,,
2d58d3b5-4668-4770-aeff-5162a8939363,VAC-1189,CAND-10189,РЕКРУТЕР,Собирать резюме,Task,Алексей_9,2025-09-05 20:21:13.940715,2025-09-05 22:21:13.940715,7200,,
2d58d3b5-4668-4770-aeff-5162a8939363,VAC-1189,CAND-10189,РЕКРУТЕР,Скрининг,Task,Дмитрий_8,2025-09-05 23:21:13.940715,2025-09-06 01:09:13.940715,6480,passed,
2d58d3b5-4668-4770-aeff-5162a8939363,VAC-1189,CAND-10189,ИНТЕРВЬЮЕРЫ,Назначить интервью,User Task,Андрей_5,2025-09-06 04:19:13.940715,2025-09-06 04:37:13.940715,1080,,
2d58d3b5-4668-4770-aeff-5162a8939363,VAC-1189,CAND-10189,ИНТЕРВЬЮЕРЫ,Интервью (раунд 1),User Task,Андрей_4,2025-09-06 07:13:13.940715,2025-09-06 09:35:13.940715,8520,passed,
2d58d3b5-4668-4770-aeff-5162a8939363,VAC-1189,CAND-10189,ИНТЕРВЬЮЕРЫ,Интервью (раунд 2),User Task,Андрей_7,2025-09-06 13:35:13.940715,2025-09-06 15:32:13.940715,7020,rejected,недостаточно навыков
303b3b00-dd93-47c2-83e5-48fa6de29c27,VAC-1038,CAND-10038,РУКОВОДИТЕЛЬ,Создать заявку,User Task,Сидоров_1,2025-10-04 20:52:13.940715,2025-10-04 21:29:13.940715,2220,,
303b3b00-dd93-47c2-83e5-48fa6de29c27,VAC-1038,CAND-10038,HR,Зарегистрировать в HCM,Service Task,Наталья_4,2025-10-04 21:53:13.940715,2025-10-04 22:03:13.940715,600,,
303b3b00-dd93-47c2-83e5-48fa6de29c27,VAC-1038,CAND-10038,РЕКРУТЕР,Разместить вакансию,Task,Алексей_4,2025-10-04 22:25:13.940715,2025-10-05 00:49:13.940715,8640,,
303b3b00-dd93-47c2-83e5-48fa6de29c27,VAC-1038,CAND-10038,РЕКРУТЕР,Собирать резюме,Task,Алексей_5,2025-10-05 01:34:13.940715,2025-10-05 03:53:13.940715,8340,,
303b3b00-dd93-47c2-83e5-48fa6de29c27,VAC-1038,CAND-10038,РЕКРУТЕР,Скрининг,Task,Алексей_9,2025-10-05 05:46:13.940715,2025-10-05 06:33:13.940715,2820,rejected,некорректное резюме
310ea4ae-f4e4-49c7-ba7e-a3986cd9cb82,VAC-1161,CAND-10161,РУКОВОДИТЕЛЬ,Создать заявку,User Task,Петров_3,2025-10-14 18:09:13.940715,2025-10-14 18:22:13.940715,780,,
310ea4ae-f4e4-49c7-ba7e-a3986cd9cb82,VAC-1161,CAND-10161,HR,Зарегистрировать в HCM,Service Task,Марина_8,2025-10-14 19:03:13.940715,2025-10-14 19:12:13.940715,540,,
310ea4ae-f4e4-49c7-ba7e-a3986cd9cb82,VAC-1161,CAND-10161,РЕКРУТЕР,Разместить вакансию,Task,Алексей_1,2025-10-14 19:39:13.940715,2025-10-14 21:00:13.940715,4860,,
310ea4ae-f4e4-49c7-ba7e-a3986cd9cb82,VAC-1161,CAND-10161,РЕКРУТЕР,Собирать резюме,Task,Екатерина_8,2025-10-14 23:42:13.940715,2025-10-15 02:14:13.940715,9120,,
310ea4ae-f4e4-49c7-ba7e-a3986cd9cb82,VAC-1161,CAND-10161,РЕКРУТЕР,Скрининг,Task,Екатерина_5,2025-10-15 03:37:13.940715,2025-10-15 03:58:13.940715,1260,passed,
310ea4ae-f4e4-49c7-ba7e-a3986cd9cb82,VAC-1161,CAND-10161,ИНТЕРВЬЮЕРЫ,Назначить интервью,User Task,Андрей_4,2025-10-15 04:07:13.940715,2025-10-15 04:47:13.940715,2400,,
310ea4ae-f4e4-49c7-ba7e-a3986cd9cb82,VAC-1161,CAND-10161,ИНТЕРВЬЮЕРЫ,Интервью (раунд 1),User Task,Анна_9,2025-10-15 07:32:13.940715,2025-10-15 08:41:13.940715,4140,passed,
310ea4ae-f4e4-49c7-ba7e-a3986cd9cb82,VAC-1161,CAND-10161,ИНТЕРВЬЮЕРЫ,Интервью (раунд 2),User Task,Анна_4,2025-10-15 10:07:13.940715,2025-10-15 12:50:13.940715,9780,rejected,поведенческий
313eaf0b-6d56-475a-9977-5f74ca3a3413,VAC-1013,CAND-10013,РУКОВОДИТЕЛЬ,Создать заявку,User Task,Кузнецов_7,2025-08-24 15:44:13.940715,2025-08-24 16:37:13.940715,3180,,
313eaf0b-6d56-475a-9977-5f74ca3a3413,VAC-1013,CAND-10013,HR,Зарегистрировать в HCM,Service Task,Марина_9,2025-08-24 17:12:13.940715,2025-08-24 17:36:13.940715,1440,,
313eaf0b-6d56-475a-9977-5f74ca3a3413,VAC-1013,CAND-10013,РЕКРУТЕР,Разместить вакансию,Task,Алексей_8,2025-08-24 18:28:13.940715,2025-08-24 21:22:13.940715,10440,,
313eaf0b-6d56-475a-9977-5f74ca3a3413,VAC-1013,CAND-10013,РЕКРУТЕР,Собирать резюме,Task,Дмитрий_8,2025-08-24 22:28:13.940715,2025-08-25 01:47:13.940715,11940,,
313eaf0b-6d56-475a-9977-5f74ca3a3413,VAC-1013,CAND-10013,РЕКРУТЕР,Скрининг,Task,Дмитрий_7,2025-08-25 01:55:13.940715,2025-08-25 02:08:13.940715,780,rejected,не прошёл тест
313eaf0b-6d56-475a-9977-5f74ca3a3413,VAC-1013,CAND-10013,РЕКРУТЕР,Скрининг,Task,Дмитрий_7,2025-08-25 02:55:13.940715,2025-08-25 03:34:13.940715,2340,rejected,не соотв. опыту
33566fb5-30f9-4453-9b81-9da182565cbd,VAC-1140,CAND-10140,РУКОВОДИТЕЛЬ,Создать заявку,User Task,Сидоров_1,2025-09-04 12:28:13.940715,2025-09-04 13:14:13.940715,2760,,
33566fb5-30f9-4453-9b81-9da182565cbd,VAC-1140,CAND-10140,HR,Зарегистрировать в HCM,Service Task,Наталья_5,2025-09-04 13:24:13.940715,2025-09-04 13:52:13.940715,1680,,
33566fb5-30f9-4453-9b81-9da182565cbd,VAC-1140,CAND-10140,РЕКРУТЕР,Разместить вакансию,Task,Алексей_2,2025-09-04 14:14:13.940715,2025-09-04 14:56:13.940715,2520,,
33566fb5-30f9-4453-9b81-9da182565cbd,VAC-1140,CAND-10140,РЕКРУТЕР,Собирать резюме,Task,Алексей_5,2025-09-04 16:52:13.940715,2025-09-04 19:23:13.940715,9060,,
33566fb5-30f9-4453-9b81-9da182565cbd,VAC-1140,CAND-10140,РЕКРУТЕР,Скрининг,Task,Екатерина_9,2025-09-04 20:46:13.940715,2025-09-04 22:20:13.940715,5640,passed,
33566fb5-30f9-4453-9b81-9da182565cbd,VAC-1140,CAND-10140,ИНТЕРВЬЮЕРЫ,Назначить интервью,User Task,Анна_6,2025-09-05 00:24:13.940715,2025-09-05 01:16:13.940715,3120,,
33566fb5-30f9-4453-9b81-9da182565cbd,VAC-1140,CAND-10140,ИНТЕРВЬЮЕРЫ,Интервью (раунд 1),User Task,Сергей_2,2025-09-05 02:09:13.940715,2025-09-05 04:10:13.940715,7260,passed,
33566fb5-30f9-4453-9b81-9da182565cbd,VAC-1140,CAND-10140,ИНТЕРВЬЮЕРЫ,Интервью (раунд 2),User Task,Андрей_5,2025-09-05 07:54:13.940715,2025-09-05 10:28:13.940715,9240,rejected,поведенческий
340a0dc8-6f8d-4f3a-af02-863bf706c34d,VAC-1097,CAND-10097,РУКОВОДИТЕЛЬ,Создать заявку,User Task,Кузнецов_7,2025-10-13 11:33:13.940715,2025-10-13 12:17:13.940715,2640,,
340a0dc8-6f8d-4f3a-af02-863bf706c34d,VAC-1097,CAND-10097,HR,Зарегистрировать в HCM,Service Task,Ольга_7,2025-10-13 12:43:13.940715,2025-10-13 12:57:13.940715,840,,
340a0dc8-6f8d-4f3a-af02-863bf706c34d,VAC-1097,CAND-10097,РЕКРУТЕР,Разместить вакансию,Task,Екатерина_4,2025-10-13 12:58:13.940715,2025-10-13 13:27:13.940715,1740,,
340a0dc8-6f8d-4f3a-af02-863bf706c34d,VAC-1097,CAND-10097,РЕКРУТЕР,Собирать резюме,Task,Алексей_6,2025-10-13 16:44:13.940715,2025-10-13 20:55:13.940715,15060,,
340a0dc8-6f8d-4f3a-af02-863bf706c34d,VAC-1097,CAND-10097,РЕКРУТЕР,Скрининг,Task,Екатерина_4,2025-10-13 22:36:13.940715,2025-10-14 00:32:13.940715,6960,passed,
340a0dc8-6f8d-4f3a-af02-863bf706c34d,VAC-1097,CAND-10097,ИНТЕРВЬЮЕРЫ,Назначить интервью,User Task,Анна_4,2025-10-14 00:41:13.940715,2025-10-14 01:26:13.940715,2700,,
340a0dc8-6f8d-4f3a-af02-863bf706c34d,VAC-1097,CAND-10097,ИНТЕРВЬЮЕРЫ,Интервью (раунд 1),User Task,Сергей_9,2025-10-14 03:24:13.940715,2025-10-14 05:28:13.940715,7440,passed,
340a0dc8-6f8d-4f3a-af02-863bf706c34d,VAC-1097,CAND-10097,ИНТЕРВЬЮЕРЫ,Интервью (раунд 2),User Task,Андрей_5,2025-10-14 08:28:13.940715,2025-10-14 10:31:13.940715,7380,passed,
340a0dc8-6f8d-4f3a-af02-863bf706c34d,VAC-1097,CAND-10097,ИНТЕРВЬЮЕРЫ,Финальное интервью,User Task,Анна_9,2025-10-14 12:09:13.940715,2025-10-14 14:50:13.940715,9660,passed,
340a0dc8-6f8d-4f3a-af02-863bf706c34d,VAC-1097,CAND-10097,HR (ОФФЕР),Согласовать условия,User Task,HR_Manager_6,2025-10-14 16:26:13.940715,2025-10-14 20:38:13.940715,15120,,
340a0dc8-6f8d-4f3a-af02-863bf706c34d,VAC-1097,CAND-10097,HR (ОФФЕР),Сгенерировать оффер,Service Task,HR_Manager_3,2025-10-14 21:14:13.940715,2025-10-14 21:27:13.940715,780,,
340a0dc8-6f8d-4f3a-af02-863bf706c34d,VAC-1097,CAND-10097,HR (ОФФЕР),Отправить оффер,Send Task,HR_Manager_4,2025-10-14 21:40:13.940715,2025-10-14 21:41:13.940715,60,sent,
340a0dc8-6f8d-4f3a-af02-863bf706c34d,VAC-1097,CAND-10097,HR (ОФФЕР),Timer: ожидание ответа (дни),Timer,,2025-10-14 21:41:13.940715,2025-10-16 21:41:13.940715,172800,timer_elapsed,
340a0dc8-6f8d-4f3a-af02-863bf706c34d,VAC-1097,CAND-10097,SECURITY,Background Check,Call Activity,Служба_БД_2,2025-10-16 23:11:13.940715,2025-10-18 23:26:13.940715,173700,report_ready,
340a0dc8-6f8d-4f3a-af02-863bf706c34d,VAC-1097,CAND-10097,IT,Выдача оборудования,Task,IT_Specialist_7,2025-10-19 00:50:13.940715,2025-10-19 04:42:13.940715,13920,,
340a0dc8-6f8d-4f3a-af02-863bf706c34d,VAC-1097,CAND-10097,IT,Создать доступы,Task,IT_Specialist_9,2025-10-19 06:39:13.940715,2025-10-19 09:32:13.940715,10380,,
340a0dc8-6f8d-4f3a-af02-863bf706c34d,VAC-1097,CAND-10097,IT,HR/Training: Вводное обучение,Service Task,Наталья_2,2025-10-19 16:11:13.940715,2025-10-19 22:15:13.940715,21840,,
340a0dc8-6f8d-4f3a-af02-863bf706c34d,VAC-1097,CAND-10097,IT,Назначить ментора,Task,Наталья_1,2025-10-20 01:07:13.940715,2025-10-20 03:04:13.940715,7020,,
340a0dc8-6f8d-4f3a-af02-863bf706c34d,VAC-1097,CAND-10097,IT,Message: уведомить всех,Message,system,2025-10-20 03:49:13.940715,2025-10-20 03:53:13.940715,240,notified,
340a0dc8-6f8d-4f3a-af02-863bf706c34d,VAC-1097,CAND-10097,HR (финал),Обновить статус в HCM,Service Task,Ольга_2,2025-10-20 04:47:13.940715,2025-10-20 05:16:13.940715,1740,,
340a0dc8-6f8d-4f3a-af02-863bf706c34d,VAC-1097,CAND-10097,HR (финал),Payroll / учет,Service Task,Ольга_3,2025-10-20 05:52:13.940715,2025-10-20 06:09:13.940715,1020,,
340a0dc8-6f8d-4f3a-af02-863bf706c34d,VAC-1097,CAND-10097,HR (финал),Закрыть вакансию на порталах,Service Task,Марина_1,2025-10-20 06:23:13.940715,2025-10-20 07:08:13.940715,2700,,
340a0dc8-6f8d-4f3a-af02-863bf706c34d,VAC-1097,CAND-10097,HR (финал),Hire Completed,End Event,system,2025-10-20 07:28:13.940715,2025-10-20 07:28:13.940715,0,hired,
360fb721-950b-425e-b816-009694f50c75,VAC-1113,CAND-10113,РУКОВОДИТЕЛЬ,Создать заявку,User Task,Кузнецов_5,2025-09-08 14:10:13.940715,2025-09-08 15:02:13.940715,3120,,
360fb721-950b-425e-b816-009694f50c75,VAC-1113,CAND-10113,HR,Зарегистрировать в HCM,Service Task,Наталья_6,2025-09-08 15:56:13.940715,2025-09-08 16:08:13.940715,720,,
360fb721-950b-425e-b816-009694f50c75,VAC-1113,CAND-10113,РЕКРУТЕР,Разместить вакансию,Task,Дмитрий_8,2025-09-08 17:05:13.940715,2025-09-08 19:27:13.940715,8520,,
360fb721-950b-425e-b816-009694f50c75,VAC-1113,CAND-10113,РЕКРУТЕР,Собирать резюме,Task,Дмитрий_8,2025-09-08 21:08:13.940715,2025-09-09 04:44:13.940715,27360,,
360fb721-950b-425e-b816-009694f50c75,VAC-1113,CAND-10113,РЕКРУТЕР,Скрининг,Task,Алексей_2,2025-09-09 05:59:13.940715,2025-09-09 06:38:13.940715,2340,rejected,не соотв. опыту
36e93279-f3eb-4027-b889-cc6c92bbd29e,VAC-1071,CAND-10071,РУКОВОДИТЕЛЬ,Создать заявку,User Task,Иванов_3,2025-10-06 15:23:13.940715,2025-10-06 16:07:13.940715,2640,,
36e93279-f3eb-4027-b889-cc6c92bbd29e,VAC-1071,CAND-10071,HR,Зарегистрировать в HCM,Service Task,Наталья_5,2025-10-06 16:28:13.940715,2025-10-06 16:32:13.940715,240,,
36e93279-f3eb-4027-b889-cc6c92bbd29e,VAC-1071,CAND-10071,РЕКРУТЕР,Разместить вакансию,Task,Дмитрий_3,2025-10-06 16:40:13.940715,2025-10-06 17:46:13.940715,3960,,
36e93279-f3eb-4027-b889-cc6c92bbd29e,VAC-1071,CAND-10071,РЕКРУТЕР,Собирать резюме,Task,Дмитрий_3,2025-10-06 20:06:13.940715,2025-10-07 00:24:13.940715,15480,,
36e93279-f3eb-4027-b889-cc6c92bbd29e,VAC-1071,CAND-10071,РЕКРУТЕР,Скрининг,Task,Дмитрий_3,2025-10-07 01:42:13.940715,2025-10-07 02:41:13.940715,3540,passed,
36e93279-f3eb-4027-b889-cc6c92bbd29e,VAC-1071,CAND-10071,ИНТЕРВЬЮЕРЫ,Назначить интервью,User Task,Анна_3,2025-10-07 05:06:13.940715,2025-10-07 05:55:13.940715,2940,,
36e93279-f3eb-4027-b889-cc6c92bbd29e,VAC-1071,CAND-10071,ИНТЕРВЬЮЕРЫ,Интервью (раунд 1),User Task,Сергей_8,2025-10-07 08:30:13.940715,2025-10-07 10:28:13.940715,7080,passed,
36e93279-f3eb-4027-b889-cc6c92bbd29e,VAC-1071,CAND-10071,ИНТЕРВЬЮЕРЫ,Интервью (раунд 2),User Task,Андрей_8,2025-10-07 13:36:13.940715,2025-10-07 14:34:13.940715,3480,rejected,недостаточно навыков
3723d3ea-53d1-4f9c-9fed-4631c7dd50ea,VAC-1131,CAND-10131,РУКОВОДИТЕЛЬ,Создать заявку,User Task,Сидоров_1,2025-10-01 10:58:13.940715,2025-10-01 11:11:13.940715,780,,
3723d3ea-53d1-4f9c-9fed-4631c7dd50ea,VAC-1131,CAND-10131,HR,Зарегистрировать в HCM,Service Task,Наталья_6,2025-10-01 11:31:13.940715,2025-10-01 11:39:13.940715,480,,
3723d3ea-53d1-4f9c-9fed-4631c7dd50ea,VAC-1131,CAND-10131,РЕКРУТЕР,Разместить вакансию,Task,Екатерина_9,2025-10-01 11:41:13.940715,2025-10-01 13:11:13.940715,5400,,
3723d3ea-53d1-4f9c-9fed-4631c7dd50ea,VAC-1131,CAND-10131,РЕКРУТЕР,Собирать резюме,Task,Екатерина_3,2025-10-01 15:43:13.940715,2025-10-01 21:35:13.940715,21120,,
3723d3ea-53d1-4f9c-9fed-4631c7dd50ea,VAC-1131,CAND-10131,РЕКРУТЕР,Скрининг,Task,Дмитрий_6,2025-10-01 21:52:13.940715,2025-10-01 22:06:13.940715,840,passed,
3723d3ea-53d1-4f9c-9fed-4631c7dd50ea,VAC-1131,CAND-10131,ИНТЕРВЬЮЕРЫ,Назначить интервью,User Task,Анна_4,2025-10-01 23:21:13.940715,2025-10-01 23:49:13.940715,1680,,
3723d3ea-53d1-4f9c-9fed-4631c7dd50ea,VAC-1131,CAND-10131,ИНТЕРВЬЮЕРЫ,Интервью (раунд 1),User Task,Сергей_4,2025-10-02 03:46:13.940715,2025-10-02 05:47:13.940715,7260,passed,
3723d3ea-53d1-4f9c-9fed-4631c7dd50ea,VAC-1131,CAND-10131,ИНТЕРВЬЮЕРЫ,Интервью (раунд 2),User Task,Сергей_3,2025-10-02 09:24:13.940715,2025-10-02 10:28:13.940715,3840,rejected,поведенческий
384f5478-4103-40f1-982f-9fa6f9e1aeb8,VAC-1028,CAND-10028,РУКОВОДИТЕЛЬ,Создать заявку,User Task,Сидоров_4,2025-10-12 14:03:13.940715,2025-10-12 14:59:13.940715,3360,,
384f5478-4103-40f1-982f-9fa6f9e1aeb8,VAC-1028,CAND-10028,HR,Зарегистрировать в HCM,Service Task,Марина_5,2025-10-12 15:40:13.940715,2025-10-12 15:47:13.940715,420,,
384f5478-4103-40f1-982f-9fa6f9e1aeb8,VAC-1028,CAND-10028,РЕКРУТЕР,Разместить вакансию,Task,Екатерина_2,2025-10-12 16:31:13.940715,2025-10-12 17:26:13.940715,3300,,
384f5478-4103-40f1-982f-9fa6f9e1aeb8,VAC-1028,CAND-10028,РЕКРУТЕР,Собирать резюме,Task,Алексей_5,2025-10-12 20:16:13.940715,2025-10-13 02:46:13.940715,23400,,
384f5478-4103-40f1-982f-9fa6f9e1aeb8,VAC-1028,CAND-10028,РЕКРУТЕР,Скрининг,Task,Алексей_6,2025-10-13 04:31:13.940715,2025-10-13 04:54:13.940715,1380,rejected,некорректное резюме
38534a22-4bf7-4657-a058-fe12c8da8b7b,VAC-1022,CAND-10022,РУКОВОДИТЕЛЬ,Создать заявку,User Task,Сидоров_8,2025-09-22 16:28:13.940715,2025-09-22 16:45:13.940715,1020,,
38534a22-4bf7-4657-a058-fe12c8da8b7b,VAC-1022,CAND-10022,HR,Зарегистрировать в HCM,Service Task,Наталья_4,2025-09-22 17:26:13.940715,2025-09-22 17:41:13.940715,900,,
38534a22-4bf7-4657-a058-fe12c8da8b7b,VAC-1022,CAND-10022,РЕКРУТЕР,Разместить вакансию,Task,Алексей_5,2025-09-22 17:59:13.940715,2025-09-22 20:39:13.940715,9600,,
38534a22-4bf7-4657-a058-fe12c8da8b7b,VAC-1022,CAND-10022,РЕКРУТЕР,Собирать резюме,Task,Дмитрий_2,2025-09-22 22:41:13.940715,2025-09-23 05:38:13.940715,25020,,
38534a22-4bf7-4657-a058-fe12c8da8b7b,VAC-1022,CAND-10022,РЕКРУТЕР,Скрининг,Task,Екатерина_4,2025-09-23 05:46:13.940715,2025-09-23 06:26:13.940715,2400,rejected,не соотв. опыту
38534a22-4bf7-4657-a058-fe12c8da8b7b,VAC-1022,CAND-10022,РЕКРУТЕР,Скрининг,Task,Екатерина_4,2025-09-23 06:46:13.940715,2025-09-23 07:26:13.940715,2400,rejected,некорректное резюме
38f42973-20e0-4b11-9da6-f53571eceacc,VAC-1017,CAND-10017,РУКОВОДИТЕЛЬ,Создать заявку,User Task,Сидоров_1,2025-09-20 20:48:13.940715,2025-09-20 20:57:13.940715,540,,
38f42973-20e0-4b11-9da6-f53571eceacc,VAC-1017,CAND-10017,HR,Зарегистрировать в HCM,Service Task,Ольга_2,2025-09-20 21:52:13.940715,2025-09-20 22:06:13.940715,840,,
38f42973-20e0-4b11-9da6-f53571eceacc,VAC-1017,CAND-10017,РЕКРУТЕР,Разместить вакансию,Task,Екатерина_8,2025-09-20 22:34:13.940715,2025-09-21 00:26:13.940715,6720,,
38f42973-20e0-4b11-9da6-f53571eceacc,VAC-1017,CAND-10017,РЕКРУТЕР,Собирать резюме,Task,Дмитрий_3,2025-09-21 03:37:13.940715,2025-09-21 05:55:13.940715,8280,,
38f42973-20e0-4b11-9da6-f53571eceacc,VAC-1017,CAND-10017,РЕКРУТЕР,Скрининг,Task,Екатерина_5,2025-09-21 07:33:13.940715,2025-09-21 08:49:13.940715,4560,passed,
38f42973-20e0-4b11-9da6-f53571eceacc,VAC-1017,CAND-10017,ИНТЕРВЬЮЕРЫ,Назначить интервью,User Task,Сергей_8,2025-09-21 11:14:13.940715,2025-09-21 12:08:13.940715,3240,,
38f42973-20e0-4b11-9da6-f53571eceacc,VAC-1017,CAND-10017,ИНТЕРВЬЮЕРЫ,Интервью (раунд 1),User Task,Андрей_2,2025-09-21 15:45:13.940715,2025-09-21 19:01:13.940715,11760,passed,
38f42973-20e0-4b11-9da6-f53571eceacc,VAC-1017,CAND-10017,ИНТЕРВЬЮЕРЫ,Интервью (раунд 2),User Task,Сергей_7,2025-09-21 20:42:13.940715,2025-09-21 23:22:13.940715,9600,passed,
38f42973-20e0-4b11-9da6-f53571eceacc,VAC-1017,CAND-10017,ИНТЕРВЬЮЕРЫ,Финальное интервью,User Task,Сергей_3,2025-09-22 01:12:13.940715,2025-09-22 02:04:13.940715,3120,passed,
38f42973-20e0-4b11-9da6-f53571eceacc,VAC-1017,CAND-10017,HR (ОФФЕР),Согласовать условия,User Task,HR_Manager_5,2025-09-22 04:18:13.940715,2025-09-22 06:36:13.940715,8280,,
38f42973-20e0-4b11-9da6-f53571eceacc,VAC-1017,CAND-10017,HR (ОФФЕР),Сгенерировать оффер,Service Task,HR_Manager_9,2025-09-22 07:02:13.940715,2025-09-22 07:12:13.940715,600,,
38f42973-20e0-4b11-9da6-f53571eceacc,VAC-1017,CAND-10017,HR (ОФФЕР),Отправить оффер,Send Task,HR_Manager_2,2025-09-22 07:13:13.940715,2025-09-22 07:22:13.940715,540,sent,
38f42973-20e0-4b11-9da6-f53571eceacc,VAC-1017,CAND-10017,HR (ОФФЕР),Timer: ожидание ответа (дни),Timer,,2025-09-22 07:22:13.940715,2025-09-24 07:22:13.940715,172800,timer_elapsed,
38f42973-20e0-4b11-9da6-f53571eceacc,VAC-1017,CAND-10017,SECURITY,Background Check,Call Activity,Служба_БД_8,2025-09-25 16:44:13.940715,2025-09-27 14:38:13.940715,165240,report_ready,
38f42973-20e0-4b11-9da6-f53571eceacc,VAC-1017,CAND-10017,IT,Выдача оборудования,Task,IT_Specialist_2,2025-09-27 15:41:13.940715,2025-09-27 18:05:13.940715,8640,,
38f42973-20e0-4b11-9da6-f53571eceacc,VAC-1017,CAND-10017,IT,Создать доступы,Task,IT_Specialist_4,2025-09-27 18:47:13.940715,2025-09-27 19:53:13.940715,3960,,
38f42973-20e0-4b11-9da6-f53571eceacc,VAC-1017,CAND-10017,IT,HR/Training: Вводное обучение,Service Task,Марина_6,2025-09-29 13:42:13.940715,2025-09-29 20:21:13.940715,23940,,
38f42973-20e0-4b11-9da6-f53571eceacc,VAC-1017,CAND-10017,IT,Назначить ментора,Task,Марина_6,2025-09-29 22:27:13.940715,2025-09-29 23:47:13.940715,4800,,
38f42973-20e0-4b11-9da6-f53571eceacc,VAC-1017,CAND-10017,IT,Message: уведомить всех,Message,system,2025-09-30 00:15:13.940715,2025-09-30 00:39:13.940715,1440,notified,
38f42973-20e0-4b11-9da6-f53571eceacc,VAC-1017,CAND-10017,HR (финал),Обновить статус в HCM,Service Task,Ольга_8,2025-09-30 01:50:13.940715,2025-09-30 02:12:13.940715,1320,,
38f42973-20e0-4b11-9da6-f53571eceacc,VAC-1017,CAND-10017,HR (финал),Payroll / учет,Service Task,Ольга_4,2025-09-30 02:30:13.940715,2025-09-30 02:50:13.940715,1200,,
38f42973-20e0-4b11-9da6-f53571eceacc,VAC-1017,CAND-10017,HR (финал),Закрыть вакансию на порталах,Service Task,Наталья_6,2025-09-30 02:58:13.940715,2025-09-30 03:45:13.940715,2820,,
38f42973-20e0-4b11-9da6-f53571eceacc,VAC-1017,CAND-10017,HR (финал),Hire Completed,End Event,system,2025-09-30 03:53:13.940715,2025-09-30 03:53:13.940715,0,hired,
397712de-3638-4954-b26b-844841903f97,VAC-1084,CAND-10084,РУКОВОДИТЕЛЬ,Создать заявку,User Task,Кузнецов_1,2025-09-11 17:51:13.940715,2025-09-11 18:31:13.940715,2400,,
397712de-3638-4954-b26b-844841903f97,VAC-1084,CAND-10084,HR,Зарегистрировать в HCM,Service Task,Ольга_3,2025-09-11 18:37:13.940715,2025-09-11 18:46:13.940715,540,,
397712de-3638-4954-b26b-844841903f97,VAC-1084,CAND-10084,РЕКРУТЕР,Разместить вакансию,Task,Екатерина_9,2025-09-11 19:13:13.940715,2025-09-11 20:24:13.940715,4260,,
397712de-3638-4954-b26b-844841903f97,VAC-1084,CAND-10084,РЕКРУТЕР,Собирать резюме,Task,Екатерина_1,2025-09-11 21:37:13.940715,2025-09-12 03:59:13.940715,22920,,
397712de-3638-4954-b26b-844841903f97,VAC-1084,CAND-10084,РЕКРУТЕР,Скрининг,Task,Екатерина_6,2025-09-12 04:52:13.940715,2025-09-12 06:42:13.940715,6600,passed,
397712de-3638-4954-b26b-844841903f97,VAC-1084,CAND-10084,ИНТЕРВЬЮЕРЫ,Назначить интервью,User Task,Сергей_9,2025-09-12 10:10:13.940715,2025-09-12 10:46:13.940715,2160,,
397712de-3638-4954-b26b-844841903f97,VAC-1084,CAND-10084,ИНТЕРВЬЮЕРЫ,Интервью (раунд 1),User Task,Анна_4,2025-09-12 12:25:13.940715,2025-09-12 13:56:13.940715,5460,passed,
397712de-3638-4954-b26b-844841903f97,VAC-1084,CAND-10084,ИНТЕРВЬЮЕРЫ,Интервью (раунд 2),User Task,Сергей_9,2025-09-12 14:33:13.940715,2025-09-12 16:29:13.940715,6960,passed,
397712de-3638-4954-b26b-844841903f97,VAC-1084,CAND-10084,ИНТЕРВЬЮЕРЫ,Финальное интервью,User Task,Андрей_2,2025-09-12 18:24:13.940715,2025-09-12 21:38:13.940715,11640,rejected,финал не пройден
39a13cf6-12d0-4ede-b696-e9b04cf39f51,VAC-1163,CAND-10163,РУКОВОДИТЕЛЬ,Создать заявку,User Task,Петров_8,2025-09-24 18:32:13.940715,2025-09-24 18:41:13.940715,540,,
39a13cf6-12d0-4ede-b696-e9b04cf39f51,VAC-1163,CAND-10163,HR,Зарегистрировать в HCM,Service Task,Ольга_7,2025-09-24 19:19:13.940715,2025-09-24 19:38:13.940715,1140,,
39a13cf6-12d0-4ede-b696-e9b04cf39f51,VAC-1163,CAND-10163,РЕКРУТЕР,Разместить вакансию,Task,Алексей_2,2025-09-24 19:51:13.940715,2025-09-24 21:34:13.940715,6180,,
39a13cf6-12d0-4ede-b696-e9b04cf39f51,VAC-1163,CAND-10163,РЕКРУТЕР,Собирать резюме,Task,Алексей_4,2025-09-24 23:07:13.940715,2025-09-25 02:03:13.940715,10560,,
39a13cf6-12d0-4ede-b696-e9b04cf39f51,VAC-1163,CAND-10163,РЕКРУТЕР,Скрининг,Task,Алексей_7,2025-09-25 03:42:13.940715,2025-09-25 04:17:13.940715,2100,rejected,не прошёл тест
3b8c45ab-1908-45d5-a332-024b8518dbb4,VAC-1026,CAND-10026,РУКОВОДИТЕЛЬ,Создать заявку,User Task,Иванов_6,2025-10-07 15:22:13.940715,2025-10-07 15:28:13.940715,360,,
3b8c45ab-1908-45d5-a332-024b8518dbb4,VAC-1026,CAND-10026,HR,Зарегистрировать в HCM,Service Task,Ольга_6,2025-10-07 16:19:13.940715,2025-10-07 16:21:13.940715,120,,
3b8c45ab-1908-45d5-a332-024b8518dbb4,VAC-1026,CAND-10026,РЕКРУТЕР,Разместить вакансию,Task,Алексей_4,2025-10-07 16:45:13.940715,2025-10-07 18:55:13.940715,7800,,
3b8c45ab-1908-45d5-a332-024b8518dbb4,VAC-1026,CAND-10026,РЕКРУТЕР,Собирать резюме,Task,Екатерина_3,2025-10-07 21:20:13.940715,2025-10-08 01:50:13.940715,16200,,
3b8c45ab-1908-45d5-a332-024b8518dbb4,VAC-1026,CAND-10026,РЕКРУТЕР,Скрининг,Task,Алексей_7,2025-10-08 02:16:13.940715,2025-10-08 02:48:13.940715,1920,passed,
3b8c45ab-1908-45d5-a332-024b8518dbb4,VAC-1026,CAND-10026,ИНТЕРВЬЮЕРЫ,Назначить интервью,User Task,Анна_3,2025-10-08 03:57:13.940715,2025-10-08 04:33:13.940715,2160,,
3b8c45ab-1908-45d5-a332-024b8518dbb4,VAC-1026,CAND-10026,ИНТЕРВЬЮЕРЫ,Интервью (раунд 1),User Task,Анна_1,2025-10-08 07:46:13.940715,2025-10-08 09:36:13.940715,6600,passed,
3b8c45ab-1908-45d5-a332-024b8518dbb4,VAC-1026,CAND-10026,ИНТЕРВЬЮЕРЫ,Интервью (раунд 2),User Task,Анна_9,2025-10-08 13:31:13.940715,2025-10-08 16:15:13.940715,9840,rejected,недостаточно навыков
3c619c2f-34e0-4579-975e-93ff8eafcf5f,VAC-1122,CAND-10122,РУКОВОДИТЕЛЬ,Создать заявку,User Task,Сидоров_5,2025-10-03 11:53:13.940715,2025-10-03 12:45:13.940715,3120,,
3c619c2f-34e0-4579-975e-93ff8eafcf5f,VAC-1122,CAND-10122,HR,Зарегистрировать в HCM,Service Task,Марина_9,2025-10-03 13:09:13.940715,2025-10-03 13:21:13.940715,720,,
3c619c2f-34e0-4579-975e-93ff8eafcf5f,VAC-1122,CAND-10122,РЕКРУТЕР,Разместить вакансию,Task,Дмитрий_1,2025-10-03 14:21:13.940715,2025-10-03 15:46:13.940715,5100,,
3c619c2f-34e0-4579-975e-93ff8eafcf5f,VAC-1122,CAND-10122,РЕКРУТЕР,Собирать резюме,Task,Дмитрий_4,2025-10-03 17:41:13.940715,2025-10-03 19:43:13.940715,7320,,
3c619c2f-34e0-4579-975e-93ff8eafcf5f,VAC-1122,CAND-10122,РЕКРУТЕР,Скрининг,Task,Екатерина_9,2025-10-03 21:01:13.940715,2025-10-03 22:24:13.940715,4980,passed,
3c619c2f-34e0-4579-975e-93ff8eafcf5f,VAC-1122,CAND-10122,ИНТЕРВЬЮЕРЫ,Назначить интервью,User Task,Сергей_6,2025-10-04 01:51:13.940715,2025-10-04 02:14:13.940715,1380,,
3c619c2f-34e0-4579-975e-93ff8eafcf5f,VAC-1122,CAND-10122,ИНТЕРВЬЮЕРЫ,Интервью (раунд 1),User Task,Андрей_7,2025-10-04 04:48:13.940715,2025-10-04 08:41:13.940715,13980,passed,
3c619c2f-34e0-4579-975e-93ff8eafcf5f,VAC-1122,CAND-10122,ИНТЕРВЬЮЕРЫ,Интервью (раунд 2),User Task,Андрей_3,2025-10-04 11:48:13.940715,2025-10-04 13:46:13.940715,7080,passed,
3c619c2f-34e0-4579-975e-93ff8eafcf5f,VAC-1122,CAND-10122,ИНТЕРВЬЮЕРЫ,Интервью (раунд 3),User Task,Анна_7,2025-10-04 16:59:13.940715,2025-10-04 19:10:13.940715,7860,passed,
3c619c2f-34e0-4579-975e-93ff8eafcf5f,VAC-1122,CAND-10122,ИНТЕРВЬЮЕРЫ,Финальное интервью,User Task,Андрей_6,2025-10-04 19:52:13.940715,2025-10-04 20:57:13.940715,3900,passed,
3c619c2f-34e0-4579-975e-93ff8eafcf5f,VAC-1122,CAND-10122,HR (ОФФЕР),Согласовать условия,User Task,HR_Manager_5,2025-10-04 22:28:13.940715,2025-10-05 04:32:13.940715,21840,,
3c619c2f-34e0-4579-975e-93ff8eafcf5f,VAC-1122,CAND-10122,HR (ОФФЕР),Сгенерировать оффер,Service Task,HR_Manager_5,2025-10-05 05:15:13.940715,2025-10-05 05:37:13.940715,1320,,
3c619c2f-34e0-4579-975e-93ff8eafcf5f,VAC-1122,CAND-10122,HR (ОФФЕР),Отправить оффер,Send Task,HR_Manager_7,2025-10-05 05:52:13.940715,2025-10-05 05:58:13.940715,360,sent,
3c619c2f-34e0-4579-975e-93ff8eafcf5f,VAC-1122,CAND-10122,HR (ОФФЕР),Timer: ожидание ответа (дни),Timer,,2025-10-05 05:58:13.940715,2025-10-07 05:58:13.940715,172800,timer_elapsed,
3c619c2f-34e0-4579-975e-93ff8eafcf5f,VAC-1122,CAND-10122,SECURITY,Background Check,Call Activity,Служба_БД_5,2025-10-07 07:33:13.940715,2025-10-08 00:05:13.940715,59520,report_ready,
3c619c2f-34e0-4579-975e-93ff8eafcf5f,VAC-1122,CAND-10122,SECURITY,Решение руководителя по BG,User Task,Петров_3,2025-10-08 03:14:13.940715,2025-10-08 06:35:13.940715,12060,reject_by_manager,
3d5b0c54-2826-400f-8dcc-512485ee6994,VAC-1123,CAND-10123,РУКОВОДИТЕЛЬ,Создать заявку,User Task,Кузнецов_9,2025-09-18 11:31:13.940715,2025-09-18 11:40:13.940715,540,,
3d5b0c54-2826-400f-8dcc-512485ee6994,VAC-1123,CAND-10123,HR,Зарегистрировать в HCM,Service Task,Ольга_9,2025-09-18 11:44:13.940715,2025-09-18 11:45:13.940715,60,,
3d5b0c54-2826-400f-8dcc-512485ee6994,VAC-1123,CAND-10123,РЕКРУТЕР,Разместить вакансию,Task,Алексей_5,2025-09-18 12:34:13.940715,2025-09-18 13:15:13.940715,2460,,
3d5b0c54-2826-400f-8dcc-512485ee6994,VAC-1123,CAND-10123,РЕКРУТЕР,Собирать резюме,Task,Алексей_7,2025-09-18 16:03:13.940715,2025-09-18 18:22:13.940715,8340,,
3d5b0c54-2826-400f-8dcc-512485ee6994,VAC-1123,CAND-10123,РЕКРУТЕР,Скрининг,Task,Алексей_5,2025-09-18 19:06:13.940715,2025-09-18 19:45:13.940715,2340,passed,
3d5b0c54-2826-400f-8dcc-512485ee6994,VAC-1123,CAND-10123,ИНТЕРВЬЮЕРЫ,Назначить интервью,User Task,Анна_3,2025-09-18 20:25:13.940715,2025-09-18 20:38:13.940715,780,,
3d5b0c54-2826-400f-8dcc-512485ee6994,VAC-1123,CAND-10123,ИНТЕРВЬЮЕРЫ,Интервью (раунд 1),User Task,Сергей_8,2025-09-18 23:57:13.940715,2025-09-19 02:13:13.940715,8160,rejected,поведенческий
3f77b81a-fdf1-4363-a9ab-bb1481677a53,VAC-1023,CAND-10023,РУКОВОДИТЕЛЬ,Создать заявку,User Task,Кузнецов_2,2025-08-29 14:18:13.940715,2025-08-29 14:30:13.940715,720,,
3f77b81a-fdf1-4363-a9ab-bb1481677a53,VAC-1023,CAND-10023,HR,Зарегистрировать в HCM,Service Task,Наталья_8,2025-08-29 15:12:13.940715,2025-08-29 15:39:13.940715,1620,,
3f77b81a-fdf1-4363-a9ab-bb1481677a53,VAC-1023,CAND-10023,РЕКРУТЕР,Разместить вакансию,Task,Екатерина_5,2025-08-29 16:39:13.940715,2025-08-29 18:13:13.940715,5640,,
3f77b81a-fdf1-4363-a9ab-bb1481677a53,VAC-1023,CAND-10023,РЕКРУТЕР,Собирать резюме,Task,Дмитрий_4,2025-08-29 20:09:13.940715,2025-08-30 01:16:13.940715,18420,,
3f77b81a-fdf1-4363-a9ab-bb1481677a53,VAC-1023,CAND-10023,РЕКРУТЕР,Скрининг,Task,Алексей_7,2025-08-30 02:19:13.940715,2025-08-30 03:39:13.940715,4800,passed,
3f77b81a-fdf1-4363-a9ab-bb1481677a53,VAC-1023,CAND-10023,ИНТЕРВЬЮЕРЫ,Назначить интервью,User Task,Анна_3,2025-08-30 06:20:13.940715,2025-08-30 06:57:13.940715,2220,,
3f77b81a-fdf1-4363-a9ab-bb1481677a53,VAC-1023,CAND-10023,ИНТЕРВЬЮЕРЫ,Интервью (раунд 1),User Task,Анна_5,2025-08-30 08:37:13.940715,2025-08-30 11:08:13.940715,9060,passed,
3f77b81a-fdf1-4363-a9ab-bb1481677a53,VAC-1023,CAND-10023,ИНТЕРВЬЮЕРЫ,Интервью (раунд 2),User Task,Сергей_8,2025-08-30 15:08:13.940715,2025-08-30 15:53:13.940715,2700,passed,
3f77b81a-fdf1-4363-a9ab-bb1481677a53,VAC-1023,CAND-10023,ИНТЕРВЬЮЕРЫ,Интервью (раунд 3),User Task,Сергей_6,2025-08-30 17:01:13.940715,2025-08-30 19:40:13.940715,9540,rejected,культурный профиль
42cbc357-f8f4-41c2-81a0-5ac9753cb3c8,VAC-1031,CAND-10031,РУКОВОДИТЕЛЬ,Создать заявку,User Task,Кузнецов_5,2025-10-04 12:18:13.940715,2025-10-04 12:54:13.940715,2160,,
42cbc357-f8f4-41c2-81a0-5ac9753cb3c8,VAC-1031,CAND-10031,HR,Зарегистрировать в HCM,Service Task,Ольга_4,2025-10-04 12:57:13.940715,2025-10-04 13:20:13.940715,1380,,
42cbc357-f8f4-41c2-81a0-5ac9753cb3c8,VAC-1031,CAND-10031,РЕКРУТЕР,Разместить вакансию,Task,Алексей_6,2025-10-04 13:49:13.940715,2025-10-04 16:02:13.940715,7980,,
42cbc357-f8f4-41c2-81a0-5ac9753cb3c8,VAC-1031,CAND-10031,РЕКРУТЕР,Собирать резюме,Task,Дмитрий_9,2025-10-04 16:37:13.940715,2025-10-04 23:28:13.940715,24660,,
42cbc357-f8f4-41c2-81a0-5ac9753cb3c8,VAC-1031,CAND-10031,РЕКРУТЕР,Скрининг,Task,Дмитрий_1,2025-10-05 01:28:13.940715,2025-10-05 03:00:13.940715,5520,passed,
42cbc357-f8f4-41c2-81a0-5ac9753cb3c8,VAC-1031,CAND-10031,ИНТЕРВЬЮЕРЫ,Назначить интервью,User Task,Сергей_2,2025-10-05 03:56:13.940715,2025-10-05 04:08:13.940715,720,,
42cbc357-f8f4-41c2-81a0-5ac9753cb3c8,VAC-1031,CAND-10031,ИНТЕРВЬЮЕРЫ,Интервью (раунд 1),User Task,Андрей_1,2025-10-05 07:22:13.940715,2025-10-05 10:50:13.940715,12480,passed,
42cbc357-f8f4-41c2-81a0-5ac9753cb3c8,VAC-1031,CAND-10031,ИНТЕРВЬЮЕРЫ,Интервью (раунд 2),User Task,Андрей_4,2025-10-05 14:41:13.940715,2025-10-05 16:51:13.940715,7800,passed,
42cbc357-f8f4-41c2-81a0-5ac9753cb3c8,VAC-1031,CAND-10031,ИНТЕРВЬЮЕРЫ,Интервью (раунд 3),User Task,Анна_4,2025-10-05 17:38:13.940715,2025-10-05 21:38:13.940715,14400,rejected,недостаточно навыков
43aaf302-d836-4626-80ff-5fac57c1de38,VAC-1147,CAND-10147,РУКОВОДИТЕЛЬ,Создать заявку,User Task,Сидоров_8,2025-09-05 13:43:13.940715,2025-09-05 14:05:13.940715,1320,,
43aaf302-d836-4626-80ff-5fac57c1de38,VAC-1147,CAND-10147,HR,Зарегистрировать в HCM,Service Task,Ольга_3,2025-09-05 14:48:13.940715,2025-09-05 14:52:13.940715,240,,
43aaf302-d836-4626-80ff-5fac57c1de38,VAC-1147,CAND-10147,РЕКРУТЕР,Разместить вакансию,Task,Алексей_1,2025-09-05 15:03:13.940715,2025-09-05 16:33:13.940715,5400,,
43aaf302-d836-4626-80ff-5fac57c1de38,VAC-1147,CAND-10147,РЕКРУТЕР,Собирать резюме,Task,Екатерина_2,2025-09-05 19:22:13.940715,2025-09-06 01:08:13.940715,20760,,
43aaf302-d836-4626-80ff-5fac57c1de38,VAC-1147,CAND-10147,РЕКРУТЕР,Скрининг,Task,Дмитрий_9,2025-09-06 01:39:13.940715,2025-09-06 02:58:13.940715,4740,passed,
43aaf302-d836-4626-80ff-5fac57c1de38,VAC-1147,CAND-10147,ИНТЕРВЬЮЕРЫ,Назначить интервью,User Task,Сергей_4,2025-09-06 03:42:13.940715,2025-09-06 04:32:13.940715,3000,,
43aaf302-d836-4626-80ff-5fac57c1de38,VAC-1147,CAND-10147,ИНТЕРВЬЮЕРЫ,Интервью (раунд 1),User Task,Анна_8,2025-09-06 06:21:13.940715,2025-09-06 09:42:13.940715,12060,rejected,недостаточно навыков
4403456d-78c0-4324-8fe6-8ab1640fd808,VAC-1021,CAND-10021,РУКОВОДИТЕЛЬ,Создать заявку,User Task,Иванов_3,2025-09-15 16:46:13.940715,2025-09-15 17:11:13.940715,1500,,
4403456d-78c0-4324-8fe6-8ab1640fd808,VAC-1021,CAND-10021,HR,Зарегистрировать в HCM,Service Task,Марина_8,2025-09-15 17:33:13.940715,2025-09-15 17:47:13.940715,840,,
4403456d-78c0-4324-8fe6-8ab1640fd808,VAC-1021,CAND-10021,РЕКРУТЕР,Разместить вакансию,Task,Екатерина_1,2025-09-15 18:06:13.940715,2025-09-15 20:08:13.940715,7320,,
4403456d-78c0-4324-8fe6-8ab1640fd808,VAC-1021,CAND-10021,РЕКРУТЕР,Собирать резюме,Task,Дмитрий_5,2025-09-15 22:14:13.940715,2025-09-15 23:59:13.940715,6300,,
4403456d-78c0-4324-8fe6-8ab1640fd808,VAC-1021,CAND-10021,РЕКРУТЕР,Скрининг,Task,Дмитрий_9,2025-09-16 00:45:13.940715,2025-09-16 01:32:13.940715,2820,rejected,не прошёл тест
44ac7cd7-ef69-435b-aaa3-cabf017dad79,VAC-1156,CAND-10156,РУКОВОДИТЕЛЬ,Создать заявку,User Task,Сидоров_4,2025-09-26 12:08:13.940715,2025-09-26 12:41:13.940715,1980,,
44ac7cd7-ef69-435b-aaa3-cabf017dad79,VAC-1156,CAND-10156,HR,Зарегистрировать в HCM,Service Task,Ольга_4,2025-09-26 13:28:13.940715,2025-09-26 13:38:13.940715,600,,
44ac7cd7-ef69-435b-aaa3-cabf017dad79,VAC-1156,CAND-10156,РЕКРУТЕР,Разместить вакансию,Task,Екатерина_2,2025-09-26 13:41:13.940715,2025-09-26 14:07:13.940715,1560,,
44ac7cd7-ef69-435b-aaa3-cabf017dad79,VAC-1156,CAND-10156,РЕКРУТЕР,Собирать резюме,Task,Екатерина_4,2025-09-26 14:31:13.940715,2025-09-26 20:35:13.940715,21840,,
44ac7cd7-ef69-435b-aaa3-cabf017dad79,VAC-1156,CAND-10156,РЕКРУТЕР,Скрининг,Task,Алексей_2,2025-09-26 21:56:13.940715,2025-09-26 23:27:13.940715,5460,passed,
44ac7cd7-ef69-435b-aaa3-cabf017dad79,VAC-1156,CAND-10156,ИНТЕРВЬЮЕРЫ,Назначить интервью,User Task,Сергей_3,2025-09-27 02:09:13.940715,2025-09-27 02:22:13.940715,780,,
44ac7cd7-ef69-435b-aaa3-cabf017dad79,VAC-1156,CAND-10156,ИНТЕРВЬЮЕРЫ,Интервью (раунд 1),User Task,Сергей_2,2025-09-27 05:50:13.940715,2025-09-27 07:22:13.940715,5520,passed,
44ac7cd7-ef69-435b-aaa3-cabf017dad79,VAC-1156,CAND-10156,ИНТЕРВЬЮЕРЫ,Интервью (раунд 2),User Task,Сергей_7,2025-09-27 10:35:13.940715,2025-09-27 13:16:13.940715,9660,rejected,культурный профиль
478cbbbe-b30a-4012-8d9c-2085421cf7c8,VAC-1004,CAND-10004,РУКОВОДИТЕЛЬ,Создать заявку,User Task,Иванов_1,2025-08-28 20:28:13.940715,2025-08-28 20:47:13.940715,1140,,
478cbbbe-b30a-4012-8d9c-2085421cf7c8,VAC-1004,CAND-10004,HR,Зарегистрировать в HCM,Service Task,Наталья_9,2025-08-28 21:43:13.940715,2025-08-28 21:54:13.940715,660,,
478cbbbe-b30a-4012-8d9c-2085421cf7c8,VAC-1004,CAND-10004,РЕКРУТЕР,Разместить вакансию,Task,Екатерина_8,2025-08-28 22:10:13.940715,2025-08-28 23:41:13.940715,5460,,
478cbbbe-b30a-4012-8d9c-2085421cf7c8,VAC-1004,CAND-10004,РЕКРУТЕР,Собирать резюме,Task,Алексей_8,2025-08-29 00:45:13.940715,2025-08-29 06:21:13.940715,20160,,
478cbbbe-b30a-4012-8d9c-2085421cf7c8,VAC-1004,CAND-10004,РЕКРУТЕР,Скрининг,Task,Дмитрий_7,2025-08-29 06:57:13.940715,2025-08-29 08:47:13.940715,6600,passed,
478cbbbe-b30a-4012-8d9c-2085421cf7c8,VAC-1004,CAND-10004,ИНТЕРВЬЮЕРЫ,Назначить интервью,User Task,Сергей_6,2025-08-29 09:19:13.940715,2025-08-29 10:06:13.940715,2820,,
478cbbbe-b30a-4012-8d9c-2085421cf7c8,VAC-1004,CAND-10004,ИНТЕРВЬЮЕРЫ,Интервью (раунд 1),User Task,Анна_2,2025-08-29 12:35:13.940715,2025-08-29 16:26:13.940715,13860,passed,
478cbbbe-b30a-4012-8d9c-2085421cf7c8,VAC-1004,CAND-10004,ИНТЕРВЬЮЕРЫ,Интервью (раунд 2),User Task,Андрей_4,2025-08-29 17:11:13.940715,2025-08-29 19:39:13.940715,8880,rejected,недостаточно навыков
48c085b4-4004-4feb-b18b-ffd4cee0977b,VAC-1112,CAND-10112,РУКОВОДИТЕЛЬ,Создать заявку,User Task,Иванов_5,2025-10-04 18:29:13.940715,2025-10-04 18:52:13.940715,1380,,
48c085b4-4004-4feb-b18b-ffd4cee0977b,VAC-1112,CAND-10112,HR,Зарегистрировать в HCM,Service Task,Марина_8,2025-10-04 18:59:13.940715,2025-10-04 19:06:13.940715,420,,
48c085b4-4004-4feb-b18b-ffd4cee0977b,VAC-1112,CAND-10112,РЕКРУТЕР,Разместить вакансию,Task,Алексей_4,2025-10-04 19:28:13.940715,2025-10-04 21:19:13.940715,6660,,
48c085b4-4004-4feb-b18b-ffd4cee0977b,VAC-1112,CAND-10112,РЕКРУТЕР,Собирать резюме,Task,Екатерина_2,2025-10-04 21:54:13.940715,2025-10-05 01:19:13.940715,12300,,
48c085b4-4004-4feb-b18b-ffd4cee0977b,VAC-1112,CAND-10112,РЕКРУТЕР,Скрининг,Task,Дмитрий_8,2025-10-05 03:19:13.940715,2025-10-05 03:53:13.940715,2040,passed,
48c085b4-4004-4feb-b18b-ffd4cee0977b,VAC-1112,CAND-10112,ИНТЕРВЬЮЕРЫ,Назначить интервью,User Task,Сергей_3,2025-10-05 06:38:13.940715,2025-10-05 07:25:13.940715,2820,,
48c085b4-4004-4feb-b18b-ffd4cee0977b,VAC-1112,CAND-10112,ИНТЕРВЬЮЕРЫ,Интервью (раунд 1),User Task,Андрей_1,2025-10-05 09:28:13.940715,2025-10-05 11:33:13.940715,7500,rejected,поведенческий
4d46a35a-ec41-467f-8c02-c152114976ff,VAC-1196,CAND-10196,РУКОВОДИТЕЛЬ,Создать заявку,User Task,Сидоров_2,2025-10-06 20:50:13.940715,2025-10-06 21:46:13.940715,3360,,
4d46a35a-ec41-467f-8c02-c152114976ff,VAC-1196,CAND-10196,HR,Зарегистрировать в HCM,Service Task,Наталья_4,2025-10-06 21:55:13.940715,2025-10-06 22:00:13.940715,300,,
4d46a35a-ec41-467f-8c02-c152114976ff,VAC-1196,CAND-10196,РЕКРУТЕР,Разместить вакансию,Task,Екатерина_4,2025-10-06 22:08:13.940715,2025-10-06 22:32:13.940715,1440,,
4d46a35a-ec41-467f-8c02-c152114976ff,VAC-1196,CAND-10196,РЕКРУТЕР,Собирать резюме,Task,Алексей_8,2025-10-07 02:21:13.940715,2025-10-07 03:34:13.940715,4380,,
4d46a35a-ec41-467f-8c02-c152114976ff,VAC-1196,CAND-10196,РЕКРУТЕР,Скрининг,Task,Екатерина_4,2025-10-07 05:02:13.940715,2025-10-07 05:30:13.940715,1680,passed,
4d46a35a-ec41-467f-8c02-c152114976ff,VAC-1196,CAND-10196,ИНТЕРВЬЮЕРЫ,Назначить интервью,User Task,Анна_4,2025-10-07 08:18:13.940715,2025-10-07 09:17:13.940715,3540,,
4d46a35a-ec41-467f-8c02-c152114976ff,VAC-1196,CAND-10196,ИНТЕРВЬЮЕРЫ,Интервью (раунд 1),User Task,Сергей_1,2025-10-07 13:04:13.940715,2025-10-07 15:47:13.940715,9780,passed,
4d46a35a-ec41-467f-8c02-c152114976ff,VAC-1196,CAND-10196,ИНТЕРВЬЮЕРЫ,Финальное интервью,User Task,Анна_8,2025-10-07 16:40:13.940715,2025-10-07 18:07:13.940715,5220,rejected,финал не пройден
4fb3597d-3d97-4209-b459-ff94bcc507ce,VAC-1043,CAND-10043,РУКОВОДИТЕЛЬ,Создать заявку,User Task,Кузнецов_1,2025-10-14 12:29:13.940715,2025-10-14 13:19:13.940715,3000,,
4fb3597d-3d97-4209-b459-ff94bcc507ce,VAC-1043,CAND-10043,HR,Зарегистрировать в HCM,Service Task,Наталья_4,2025-10-14 13:38:13.940715,2025-10-14 13:45:13.940715,420,,
4fb3597d-3d97-4209-b459-ff94bcc507ce,VAC-1043,CAND-10043,РЕКРУТЕР,Разместить вакансию,Task,Дмитрий_5,2025-10-14 14:42:13.940715,2025-10-14 15:12:13.940715,1800,,
4fb3597d-3d97-4209-b459-ff94bcc507ce,VAC-1043,CAND-10043,РЕКРУТЕР,Собирать резюме,Task,Екатерина_8,2025-10-14 17:33:13.940715,2025-10-14 21:56:13.940715,15780,,
4fb3597d-3d97-4209-b459-ff94bcc507ce,VAC-1043,CAND-10043,РЕКРУТЕР,Скрининг,Task,Екатерина_4,2025-10-14 22:33:13.940715,2025-10-14 22:47:13.940715,840,passed,
4fb3597d-3d97-4209-b459-ff94bcc507ce,VAC-1043,CAND-10043,ИНТЕРВЬЮЕРЫ,Назначить интервью,User Task,Андрей_6,2025-10-15 02:35:13.940715,2025-10-15 03:29:13.940715,3240,,
4fb3597d-3d97-4209-b459-ff94bcc507ce,VAC-1043,CAND-10043,ИНТЕРВЬЮЕРЫ,Интервью (раунд 1),User Task,Сергей_8,2025-10-15 07:23:13.940715,2025-10-15 09:42:13.940715,8340,passed,
4fb3597d-3d97-4209-b459-ff94bcc507ce,VAC-1043,CAND-10043,ИНТЕРВЬЮЕРЫ,Интервью (раунд 2),User Task,Сергей_8,2025-10-15 11:50:13.940715,2025-10-15 14:01:13.940715,7860,rejected,поведенческий
510ff498-b205-403c-a9c1-bfc63d1745d2,VAC-1164,CAND-10164,РУКОВОДИТЕЛЬ,Создать заявку,User Task,Петров_4,2025-09-24 11:21:13.940715,2025-09-24 11:53:13.940715,1920,,
510ff498-b205-403c-a9c1-bfc63d1745d2,VAC-1164,CAND-10164,HR,Зарегистрировать в HCM,Service Task,Ольга_3,2025-09-24 12:53:13.940715,2025-09-24 13:13:13.940715,1200,,
510ff498-b205-403c-a9c1-bfc63d1745d2,VAC-1164,CAND-10164,РЕКРУТЕР,Разместить вакансию,Task,Алексей_8,2025-09-24 13:38:13.940715,2025-09-24 15:33:13.940715,6900,,
510ff498-b205-403c-a9c1-bfc63d1745d2,VAC-1164,CAND-10164,РЕКРУТЕР,Собирать резюме,Task,Екатерина_6,2025-09-24 18:47:13.940715,2025-09-24 21:26:13.940715,9540,,
510ff498-b205-403c-a9c1-bfc63d1745d2,VAC-1164,CAND-10164,РЕКРУТЕР,Скрининг,Task,Дмитрий_3,2025-09-24 22:05:13.940715,2025-09-24 22:40:13.940715,2100,passed,
510ff498-b205-403c-a9c1-bfc63d1745d2,VAC-1164,CAND-10164,ИНТЕРВЬЮЕРЫ,Назначить интервью,User Task,Сергей_3,2025-09-25 01:13:13.940715,2025-09-25 01:21:13.940715,480,,
510ff498-b205-403c-a9c1-bfc63d1745d2,VAC-1164,CAND-10164,ИНТЕРВЬЮЕРЫ,Интервью (раунд 1),User Task,Сергей_4,2025-09-25 03:50:13.940715,2025-09-25 06:32:13.940715,9720,passed,
510ff498-b205-403c-a9c1-bfc63d1745d2,VAC-1164,CAND-10164,ИНТЕРВЬЮЕРЫ,Интервью (раунд 2),User Task,Анна_3,2025-09-25 08:17:13.940715,2025-09-25 11:36:13.940715,11940,passed,
510ff498-b205-403c-a9c1-bfc63d1745d2,VAC-1164,CAND-10164,ИНТЕРВЬЮЕРЫ,Финальное интервью,User Task,Андрей_7,2025-09-25 14:27:13.940715,2025-09-25 17:33:13.940715,11160,rejected,финал не пройден
5189f061-9faf-4201-bb91-a5c5b95f855c,VAC-1008,CAND-10008,РУКОВОДИТЕЛЬ,Создать заявку,User Task,Иванов_9,2025-10-08 15:04:13.940715,2025-10-08 16:00:13.940715,3360,,
5189f061-9faf-4201-bb91-a5c5b95f855c,VAC-1008,CAND-10008,HR,Зарегистрировать в HCM,Service Task,Марина_2,2025-10-08 16:20:13.940715,2025-10-08 16:50:13.940715,1800,,
5189f061-9faf-4201-bb91-a5c5b95f855c,VAC-1008,CAND-10008,РЕКРУТЕР,Разместить вакансию,Task,Дмитрий_2,2025-10-08 17:47:13.940715,2025-10-08 18:41:13.940715,3240,,
5189f061-9faf-4201-bb91-a5c5b95f855c,VAC-1008,CAND-10008,РЕКРУТЕР,Собирать резюме,Task,Екатерина_9,2025-10-08 22:38:13.940715,2025-10-09 00:32:13.940715,6840,,
5189f061-9faf-4201-bb91-a5c5b95f855c,VAC-1008,CAND-10008,РЕКРУТЕР,Скрининг,Task,Дмитрий_4,2025-10-09 00:56:13.940715,2025-10-09 01:44:13.940715,2880,rejected,не прошёл тест
5267448e-233f-4b3f-959a-c966c3db5f71,VAC-1096,CAND-10096,РУКОВОДИТЕЛЬ,Создать заявку,User Task,Кузнецов_9,2025-10-19 13:57:13.940715,2025-10-19 14:09:13.940715,720,,
5267448e-233f-4b3f-959a-c966c3db5f71,VAC-1096,CAND-10096,HR,Зарегистрировать в HCM,Service Task,Наталья_3,2025-10-19 14:29:13.940715,2025-10-19 14:43:13.940715,840,,
5267448e-233f-4b3f-959a-c966c3db5f71,VAC-1096,CAND-10096,РЕКРУТЕР,Разместить вакансию,Task,Дмитрий_7,2025-10-19 14:52:13.940715,2025-10-19 16:03:13.940715,4260,,
5267448e-233f-4b3f-959a-c966c3db5f71,VAC-1096,CAND-10096,РЕКРУТЕР,Собирать резюме,Task,Алексей_6,2025-10-19 18:38:13.940715,2025-10-19 23:32:13.940715,17640,,
5267448e-233f-4b3f-959a-c966c3db5f71,VAC-1096,CAND-10096,РЕКРУТЕР,Скрининг,Task,Алексей_2,2025-10-20 01:27:13.940715,2025-10-20 03:08:13.940715,6060,passed,
5267448e-233f-4b3f-959a-c966c3db5f71,VAC-1096,CAND-10096,ИНТЕРВЬЮЕРЫ,Назначить интервью,User Task,Сергей_1,2025-10-20 05:57:13.940715,2025-10-20 06:13:13.940715,960,,
5267448e-233f-4b3f-959a-c966c3db5f71,VAC-1096,CAND-10096,ИНТЕРВЬЮЕРЫ,Интервью (раунд 1),User Task,Андрей_3,2025-10-20 07:53:13.940715,2025-10-20 09:31:13.940715,5880,rejected,поведенческий
52f2caaf-2821-4643-a3ce-489940abd27b,VAC-1137,CAND-10137,РУКОВОДИТЕЛЬ,Создать заявку,User Task,Иванов_5,2025-09-07 10:51:13.940715,2025-09-07 11:44:13.940715,3180,,
52f2caaf-2821-4643-a3ce-489940abd27b,VAC-1137,CAND-10137,HR,Зарегистрировать в HCM,Service Task,Марина_4,2025-09-07 12:11:13.940715,2025-09-07 12:19:13.940715,480,,
52f2caaf-2821-4643-a3ce-489940abd27b,VAC-1137,CAND-10137,РЕКРУТЕР,Разместить вакансию,Task,Алексей_3,2025-09-07 13:08:13.940715,2025-09-07 14:20:13.940715,4320,,
52f2caaf-2821-4643-a3ce-489940abd27b,VAC-1137,CAND-10137,РЕКРУТЕР,Собирать резюме,Task,Дмитрий_6,2025-09-07 16:22:13.940715,2025-09-07 22:37:13.940715,22500,,
52f2caaf-2821-4643-a3ce-489940abd27b,VAC-1137,CAND-10137,РЕКРУТЕР,Скрининг,Task,Алексей_7,2025-09-08 00:32:13.940715,2025-09-08 01:40:13.940715,4080,passed,
52f2caaf-2821-4643-a3ce-489940abd27b,VAC-1137,CAND-10137,ИНТЕРВЬЮЕРЫ,Назначить интервью,User Task,Анна_7,2025-09-08 01:58:13.940715,2025-09-08 02:41:13.940715,2580,,
52f2caaf-2821-4643-a3ce-489940abd27b,VAC-1137,CAND-10137,ИНТЕРВЬЮЕРЫ,Интервью (раунд 1),User Task,Анна_9,2025-09-08 04:51:13.940715,2025-09-08 08:12:13.940715,12060,rejected,культурный профиль
53eaed1d-7e82-4536-93eb-987d7bca2e0e,VAC-1098,CAND-10098,РУКОВОДИТЕЛЬ,Создать заявку,User Task,Сидоров_3,2025-09-19 20:31:13.940715,2025-09-19 21:18:13.940715,2820,,
53eaed1d-7e82-4536-93eb-987d7bca2e0e,VAC-1098,CAND-10098,HR,Зарегистрировать в HCM,Service Task,Наталья_9,2025-09-19 21:45:13.940715,2025-09-19 22:12:13.940715,1620,,
53eaed1d-7e82-4536-93eb-987d7bca2e0e,VAC-1098,CAND-10098,РЕКРУТЕР,Разместить вакансию,Task,Алексей_5,2025-09-19 22:59:13.940715,2025-09-20 01:57:13.940715,10680,,
53eaed1d-7e82-4536-93eb-987d7bca2e0e,VAC-1098,CAND-10098,РЕКРУТЕР,Собирать резюме,Task,Алексей_8,2025-09-20 02:36:13.940715,2025-09-20 10:17:13.940715,27660,,
53eaed1d-7e82-4536-93eb-987d7bca2e0e,VAC-1098,CAND-10098,РЕКРУТЕР,Скрининг,Task,Алексей_5,2025-09-20 10:47:13.940715,2025-09-20 11:14:13.940715,1620,rejected,не прошёл тест
5ad54b22-43b1-4945-80b3-9f3d8af58b9d,VAC-1067,CAND-10067,РУКОВОДИТЕЛЬ,Создать заявку,User Task,Сидоров_2,2025-10-23 14:53:13.940715,2025-10-23 15:21:13.940715,1680,,
5ad54b22-43b1-4945-80b3-9f3d8af58b9d,VAC-1067,CAND-10067,HR,Зарегистрировать в HCM,Service Task,Наталья_7,2025-10-23 15:30:13.940715,2025-10-23 15:33:13.940715,180,,
5ad54b22-43b1-4945-80b3-9f3d8af58b9d,VAC-1067,CAND-10067,РЕКРУТЕР,Разместить вакансию,Task,Екатерина_9,2025-10-23 16:02:13.940715,2025-10-23 18:44:13.940715,9720,,
5ad54b22-43b1-4945-80b3-9f3d8af58b9d,VAC-1067,CAND-10067,РЕКРУТЕР,Собирать резюме,Task,Алексей_2,2025-10-23 20:38:13.940715,2025-10-23 22:30:13.940715,6720,,
5ad54b22-43b1-4945-80b3-9f3d8af58b9d,VAC-1067,CAND-10067,РЕКРУТЕР,Скрининг,Task,Алексей_6,2025-10-23 23:20:13.940715,2025-10-23 23:43:13.940715,1380,rejected,некорректное резюме
5cadd716-2ff1-44a0-9f15-bcec1aba99e7,VAC-1158,CAND-10158,РУКОВОДИТЕЛЬ,Создать заявку,User Task,Петров_9,2025-09-04 20:56:13.940715,2025-09-04 21:07:13.940715,660,,
5cadd716-2ff1-44a0-9f15-bcec1aba99e7,VAC-1158,CAND-10158,HR,Зарегистрировать в HCM,Service Task,Наталья_2,2025-09-04 21:57:13.940715,2025-09-04 22:11:13.940715,840,,
5cadd716-2ff1-44a0-9f15-bcec1aba99e7,VAC-1158,CAND-10158,РЕКРУТЕР,Разместить вакансию,Task,Екатерина_5,2025-09-04 23:10:13.940715,2025-09-05 01:23:13.940715,7980,,
5cadd716-2ff1-44a0-9f15-bcec1aba99e7,VAC-1158,CAND-10158,РЕКРУТЕР,Собирать резюме,Task,Алексей_2,2025-09-05 01:59:13.940715,2025-09-05 03:16:13.940715,4620,,
5cadd716-2ff1-44a0-9f15-bcec1aba99e7,VAC-1158,CAND-10158,РЕКРУТЕР,Скрининг,Task,Дмитрий_8,2025-09-05 04:34:13.940715,2025-09-05 06:17:13.940715,6180,passed,
5cadd716-2ff1-44a0-9f15-bcec1aba99e7,VAC-1158,CAND-10158,ИНТЕРВЬЮЕРЫ,Назначить интервью,User Task,Анна_1,2025-09-05 08:32:13.940715,2025-09-05 08:46:13.940715,840,,
5cadd716-2ff1-44a0-9f15-bcec1aba99e7,VAC-1158,CAND-10158,ИНТЕРВЬЮЕРЫ,Интервью (раунд 1),User Task,Анна_6,2025-09-05 12:06:13.940715,2025-09-05 14:30:13.940715,8640,passed,
5cadd716-2ff1-44a0-9f15-bcec1aba99e7,VAC-1158,CAND-10158,ИНТЕРВЬЮЕРЫ,Интервью (раунд 2),User Task,Анна_8,2025-09-05 16:40:13.940715,2025-09-05 19:52:13.940715,11520,passed,
5cadd716-2ff1-44a0-9f15-bcec1aba99e7,VAC-1158,CAND-10158,ИНТЕРВЬЮЕРЫ,Интервью (раунд 3),User Task,Анна_2,2025-09-05 22:24:13.940715,2025-09-06 01:00:13.940715,9360,passed,
5cadd716-2ff1-44a0-9f15-bcec1aba99e7,VAC-1158,CAND-10158,ИНТЕРВЬЮЕРЫ,Интервью (раунд 4),User Task,Анна_8,2025-09-06 03:48:13.940715,2025-09-06 05:30:13.940715,6120,passed,
5cadd716-2ff1-44a0-9f15-bcec1aba99e7,VAC-1158,CAND-10158,ИНТЕРВЬЮЕРЫ,Финальное интервью,User Task,Сергей_6,2025-09-06 06:25:13.940715,2025-09-06 09:35:13.940715,11400,passed,
5cadd716-2ff1-44a0-9f15-bcec1aba99e7,VAC-1158,CAND-10158,HR (ОФФЕР),Согласовать условия,User Task,HR_Manager_1,2025-09-06 12:39:13.940715,2025-09-06 15:44:13.940715,11100,,
5cadd716-2ff1-44a0-9f15-bcec1aba99e7,VAC-1158,CAND-10158,HR (ОФФЕР),Сгенерировать оффер,Service Task,HR_Manager_6,2025-09-06 16:29:13.940715,2025-09-06 16:51:13.940715,1320,,
5cadd716-2ff1-44a0-9f15-bcec1aba99e7,VAC-1158,CAND-10158,HR (ОФФЕР),Отправить оффер,Send Task,HR_Manager_8,2025-09-06 17:09:13.940715,2025-09-06 17:15:13.940715,360,sent,
5cadd716-2ff1-44a0-9f15-bcec1aba99e7,VAC-1158,CAND-10158,HR (ОФФЕР),Timer: ожидание ответа (дни),Timer,,2025-09-06 17:15:13.940715,2025-09-09 17:15:13.940715,259200,timer_elapsed,
5cadd716-2ff1-44a0-9f15-bcec1aba99e7,VAC-1158,CAND-10158,SECURITY,Background Check,Call Activity,Служба_БД_7,2025-09-10 05:19:13.940715,2025-09-12 03:10:13.940715,165060,report_ready,
5cadd716-2ff1-44a0-9f15-bcec1aba99e7,VAC-1158,CAND-10158,IT,Выдача оборудования,Task,IT_Specialist_2,2025-09-12 03:49:13.940715,2025-09-12 07:17:13.940715,12480,,
5cadd716-2ff1-44a0-9f15-bcec1aba99e7,VAC-1158,CAND-10158,IT,Создать доступы,Task,IT_Specialist_2,2025-09-12 08:42:13.940715,2025-09-12 10:23:13.940715,6060,,
5cadd716-2ff1-44a0-9f15-bcec1aba99e7,VAC-1158,CAND-10158,IT,HR/Training: Вводное обучение,Service Task,Наталья_3,2025-09-14 22:11:13.940715,2025-09-15 05:27:13.940715,26160,,
5cadd716-2ff1-44a0-9f15-bcec1aba99e7,VAC-1158,CAND-10158,IT,Назначить ментора,Task,Наталья_4,2025-09-15 05:41:13.940715,2025-09-15 06:15:13.940715,2040,,
5cadd716-2ff1-44a0-9f15-bcec1aba99e7,VAC-1158,CAND-10158,IT,Message: уведомить всех,Message,system,2025-09-15 06:47:13.940715,2025-09-15 07:00:13.940715,780,notified,
5cadd716-2ff1-44a0-9f15-bcec1aba99e7,VAC-1158,CAND-10158,HR (финал),Обновить статус в HCM,Service Task,Марина_5,2025-09-15 07:09:13.940715,2025-09-15 08:00:13.940715,3060,,
5cadd716-2ff1-44a0-9f15-bcec1aba99e7,VAC-1158,CAND-10158,HR (финал),Payroll / учет,Service Task,Ольга_1,2025-09-15 08:32:13.940715,2025-09-15 09:07:13.940715,2100,,
5cadd716-2ff1-44a0-9f15-bcec1aba99e7,VAC-1158,CAND-10158,HR (финал),Закрыть вакансию на порталах,Service Task,Наталья_6,2025-09-15 09:10:13.940715,2025-09-15 09:32:13.940715,1320,,
5cadd716-2ff1-44a0-9f15-bcec1aba99e7,VAC-1158,CAND-10158,HR (финал),Hire Completed,End Event,system,2025-09-15 10:23:13.940715,2025-09-15 10:23:13.940715,0,hired,
61a05ef2-8c84-45b6-8cdf-97815f52ddd7,VAC-1181,CAND-10181,РУКОВОДИТЕЛЬ,Создать заявку,User Task,Сидоров_3,2025-10-06 13:46:13.940715,2025-10-06 14:22:13.940715,2160,,
61a05ef2-8c84-45b6-8cdf-97815f52ddd7,VAC-1181,CAND-10181,HR,Зарегистрировать в HCM,Service Task,Ольга_7,2025-10-06 15:02:13.940715,2025-10-06 15:12:13.940715,600,,
61a05ef2-8c84-45b6-8cdf-97815f52ddd7,VAC-1181,CAND-10181,РЕКРУТЕР,Разместить вакансию,Task,Екатерина_2,2025-10-06 15:25:13.940715,2025-10-06 17:52:13.940715,8820,,
61a05ef2-8c84-45b6-8cdf-97815f52ddd7,VAC-1181,CAND-10181,РЕКРУТЕР,Собирать резюме,Task,Алексей_5,2025-10-06 21:37:13.940715,2025-10-07 03:11:13.940715,20040,,
61a05ef2-8c84-45b6-8cdf-97815f52ddd7,VAC-1181,CAND-10181,РЕКРУТЕР,Скрининг,Task,Дмитрий_7,2025-10-07 03:49:13.940715,2025-10-07 04:39:13.940715,3000,rejected,не прошёл тест
628c5f99-eb0d-43af-9daa-5029a8dcbca5,VAC-1037,CAND-10037,РУКОВОДИТЕЛЬ,Создать заявку,User Task,Иванов_9,2025-10-04 15:29:13.940715,2025-10-04 15:55:13.940715,1560,,
628c5f99-eb0d-43af-9daa-5029a8dcbca5,VAC-1037,CAND-10037,HR,Зарегистрировать в HCM,Service Task,Ольга_5,2025-10-04 16:39:13.940715,2025-10-04 16:52:13.940715,780,,
628c5f99-eb0d-43af-9daa-5029a8dcbca5,VAC-1037,CAND-10037,РЕКРУТЕР,Разместить вакансию,Task,Алексей_6,2025-10-04 17:39:13.940715,2025-10-04 20:33:13.940715,10440,,
628c5f99-eb0d-43af-9daa-5029a8dcbca5,VAC-1037,CAND-10037,РЕКРУТЕР,Собирать резюме,Task,Екатерина_3,2025-10-04 21:03:13.940715,2025-10-05 03:01:13.940715,21480,,
628c5f99-eb0d-43af-9daa-5029a8dcbca5,VAC-1037,CAND-10037,РЕКРУТЕР,Скрининг,Task,Екатерина_7,2025-10-05 03:50:13.940715,2025-10-05 04:39:13.940715,2940,passed,
628c5f99-eb0d-43af-9daa-5029a8dcbca5,VAC-1037,CAND-10037,ИНТЕРВЬЮЕРЫ,Назначить интервью,User Task,Сергей_9,2025-10-05 07:48:13.940715,2025-10-05 07:58:13.940715,600,,
628c5f99-eb0d-43af-9daa-5029a8dcbca5,VAC-1037,CAND-10037,ИНТЕРВЬЮЕРЫ,Интервью (раунд 1),User Task,Анна_9,2025-10-05 11:50:13.940715,2025-10-05 13:59:13.940715,7740,rejected,недостаточно навыков
644ec367-b1eb-4561-b0e4-ddc907b886d3,VAC-1014,CAND-10014,РУКОВОДИТЕЛЬ,Создать заявку,User Task,Иванов_2,2025-10-21 17:02:13.940715,2025-10-21 17:43:13.940715,2460,,
644ec367-b1eb-4561-b0e4-ddc907b886d3,VAC-1014,CAND-10014,HR,Зарегистрировать в HCM,Service Task,Наталья_8,2025-10-21 18:25:13.940715,2025-10-21 18:39:13.940715,840,,
644ec367-b1eb-4561-b0e4-ddc907b886d3,VAC-1014,CAND-10014,РЕКРУТЕР,Разместить вакансию,Task,Дмитрий_7,2025-10-21 18:51:13.940715,2025-10-21 19:23:13.940715,1920,,
644ec367-b1eb-4561-b0e4-ddc907b886d3,VAC-1014,CAND-10014,РЕКРУТЕР,Собирать резюме,Task,Дмитрий_6,2025-10-21 20:56:13.940715,2025-10-21 23:44:13.940715,10080,,
644ec367-b1eb-4561-b0e4-ddc907b886d3,VAC-1014,CAND-10014,РЕКРУТЕР,Скрининг,Task,Дмитрий_5,2025-10-22 00:32:13.940715,2025-10-22 00:53:13.940715,1260,rejected,не соотв. опыту
644ec367-b1eb-4561-b0e4-ddc907b886d3,VAC-1014,CAND-10014,РЕКРУТЕР,Скрининг,Task,Дмитрий_5,2025-10-22 01:32:13.940715,2025-10-22 02:07:13.940715,2100,rejected,не соотв. опыту
64863f99-6fd8-4da0-9b41-b6fc237d0119,VAC-1150,CAND-10150,РУКОВОДИТЕЛЬ,Создать заявку,User Task,Кузнецов_8,2025-09-02 17:59:13.940715,2025-09-02 18:22:13.940715,1380,,
64863f99-6fd8-4da0-9b41-b6fc237d0119,VAC-1150,CAND-10150,HR,Зарегистрировать в HCM,Service Task,Марина_6,2025-09-02 18:35:13.940715,2025-09-02 18:42:13.940715,420,,
64863f99-6fd8-4da0-9b41-b6fc237d0119,VAC-1150,CAND-10150,РЕКРУТЕР,Разместить вакансию,Task,Екатерина_5,2025-09-02 19:02:13.940715,2025-09-02 21:47:13.940715,9900,,
64863f99-6fd8-4da0-9b41-b6fc237d0119,VAC-1150,CAND-10150,РЕКРУТЕР,Собирать резюме,Task,Дмитрий_2,2025-09-02 23:48:13.940715,2025-09-03 06:55:13.940715,25620,,
64863f99-6fd8-4da0-9b41-b6fc237d0119,VAC-1150,CAND-10150,РЕКРУТЕР,Скрининг,Task,Екатерина_9,2025-09-03 08:14:13.940715,2025-09-03 08:25:13.940715,660,passed,
64863f99-6fd8-4da0-9b41-b6fc237d0119,VAC-1150,CAND-10150,ИНТЕРВЬЮЕРЫ,Назначить интервью,User Task,Сергей_1,2025-09-03 09:05:13.940715,2025-09-03 10:04:13.940715,3540,,
64863f99-6fd8-4da0-9b41-b6fc237d0119,VAC-1150,CAND-10150,ИНТЕРВЬЮЕРЫ,Интервью (раунд 1),User Task,Анна_6,2025-09-03 12:54:13.940715,2025-09-03 13:52:13.940715,3480,passed,
64863f99-6fd8-4da0-9b41-b6fc237d0119,VAC-1150,CAND-10150,ИНТЕРВЬЮЕРЫ,Интервью (раунд 2),User Task,Андрей_7,2025-09-03 14:50:13.940715,2025-09-03 16:47:13.940715,7020,rejected,культурный профиль
649d9841-ba4c-4ed6-8092-4b84229d920c,VAC-1033,CAND-10033,РУКОВОДИТЕЛЬ,Создать заявку,User Task,Иванов_9,2025-08-30 16:16:13.940715,2025-08-30 16:29:13.940715,780,,
649d9841-ba4c-4ed6-8092-4b84229d920c,VAC-1033,CAND-10033,HR,Зарегистрировать в HCM,Service Task,Марина_2,2025-08-30 17:05:13.940715,2025-08-30 17:16:13.940715,660,,
649d9841-ba4c-4ed6-8092-4b84229d920c,VAC-1033,CAND-10033,РЕКРУТЕР,Разместить вакансию,Task,Екатерина_7,2025-08-30 17:43:13.940715,2025-08-30 19:33:13.940715,6600,,
649d9841-ba4c-4ed6-8092-4b84229d920c,VAC-1033,CAND-10033,РЕКРУТЕР,Собирать резюме,Task,Алексей_5,2025-08-30 23:25:13.940715,2025-08-31 06:34:13.940715,25740,,
649d9841-ba4c-4ed6-8092-4b84229d920c,VAC-1033,CAND-10033,РЕКРУТЕР,Скрининг,Task,Дмитрий_2,2025-08-31 07:55:13.940715,2025-08-31 08:44:13.940715,2940,passed,
649d9841-ba4c-4ed6-8092-4b84229d920c,VAC-1033,CAND-10033,ИНТЕРВЬЮЕРЫ,Назначить интервью,User Task,Анна_8,2025-08-31 09:46:13.940715,2025-08-31 10:00:13.940715,840,,
649d9841-ba4c-4ed6-8092-4b84229d920c,VAC-1033,CAND-10033,ИНТЕРВЬЮЕРЫ,Интервью (раунд 1),User Task,Сергей_2,2025-08-31 10:57:13.940715,2025-08-31 13:11:13.940715,8040,rejected,поведенческий
64c4fe2b-cf11-496f-b5db-1d2343daa054,VAC-1151,CAND-10151,РУКОВОДИТЕЛЬ,Создать заявку,User Task,Кузнецов_7,2025-09-30 17:05:13.940715,2025-09-30 17:30:13.940715,1500,,
64c4fe2b-cf11-496f-b5db-1d2343daa054,VAC-1151,CAND-10151,HR,Зарегистрировать в HCM,Service Task,Марина_4,2025-09-30 17:55:13.940715,2025-09-30 18:09:13.940715,840,,
64c4fe2b-cf11-496f-b5db-1d2343daa054,VAC-1151,CAND-10151,РЕКРУТЕР,Разместить вакансию,Task,Дмитрий_3,2025-09-30 18:52:13.940715,2025-09-30 19:56:13.940715,3840,,
64c4fe2b-cf11-496f-b5db-1d2343daa054,VAC-1151,CAND-10151,РЕКРУТЕР,Собирать резюме,Task,Дмитрий_6,2025-09-30 20:54:13.940715,2025-10-01 02:38:13.940715,20640,,
64c4fe2b-cf11-496f-b5db-1d2343daa054,VAC-1151,CAND-10151,РЕКРУТЕР,Скрининг,Task,Алексей_5,2025-10-01 04:30:13.940715,2025-10-01 04:43:13.940715,780,rejected,не соотв. опыту
64ec5510-0d8a-4fc2-8a2c-075c7bab1463,VAC-1005,CAND-10005,РУКОВОДИТЕЛЬ,Создать заявку,User Task,Кузнецов_3,2025-09-05 18:53:13.940715,2025-09-05 19:06:13.940715,780,,
64ec5510-0d8a-4fc2-8a2c-075c7bab1463,VAC-1005,CAND-10005,HR,Зарегистрировать в HCM,Service Task,Наталья_2,2025-09-05 19:24:13.940715,2025-09-05 19:39:13.940715,900,,
64ec5510-0d8a-4fc2-8a2c-075c7bab1463,VAC-1005,CAND-10005,РЕКРУТЕР,Разместить вакансию,Task,Алексей_1,2025-09-05 20:08:13.940715,2025-09-05 22:48:13.940715,9600,,
64ec5510-0d8a-4fc2-8a2c-075c7bab1463,VAC-1005,CAND-10005,РЕКРУТЕР,Собирать резюме,Task,Алексей_2,2025-09-06 01:44:13.940715,2025-09-06 07:20:13.940715,20160,,
64ec5510-0d8a-4fc2-8a2c-075c7bab1463,VAC-1005,CAND-10005,РЕКРУТЕР,Скрининг,Task,Алексей_3,2025-09-06 09:01:13.940715,2025-09-06 10:59:13.940715,7080,passed,
64ec5510-0d8a-4fc2-8a2c-075c7bab1463,VAC-1005,CAND-10005,ИНТЕРВЬЮЕРЫ,Назначить интервью,User Task,Сергей_1,2025-09-06 13:10:13.940715,2025-09-06 13:28:13.940715,1080,,
64ec5510-0d8a-4fc2-8a2c-075c7bab1463,VAC-1005,CAND-10005,ИНТЕРВЬЮЕРЫ,Интервью (раунд 1),User Task,Сергей_5,2025-09-06 13:58:13.940715,2025-09-06 16:22:13.940715,8640,passed,
64ec5510-0d8a-4fc2-8a2c-075c7bab1463,VAC-1005,CAND-10005,ИНТЕРВЬЮЕРЫ,Интервью (раунд 2),User Task,Анна_8,2025-09-06 18:40:13.940715,2025-09-06 22:23:13.940715,13380,rejected,недостаточно навыков
659a560d-8f84-4854-b3f7-fc5d99ac998f,VAC-1000,CAND-10000,РУКОВОДИТЕЛЬ,Создать заявку,User Task,Сидоров_4,2025-10-03 11:26:13.940715,2025-10-03 12:18:13.940715,3120,,
659a560d-8f84-4854-b3f7-fc5d99ac998f,VAC-1000,CAND-10000,HR,Зарегистрировать в HCM,Service Task,Марина_2,2025-10-03 12:33:13.940715,2025-10-03 12:38:13.940715,300,,
659a560d-8f84-4854-b3f7-fc5d99ac998f,VAC-1000,CAND-10000,РЕКРУТЕР,Разместить вакансию,Task,Алексей_7,2025-10-03 13:22:13.940715,2025-10-03 16:01:13.940715,9540,,
659a560d-8f84-4854-b3f7-fc5d99ac998f,VAC-1000,CAND-10000,РЕКРУТЕР,Собирать резюме,Task,Алексей_4,2025-10-03 16:19:13.940715,2025-10-03 17:34:13.940715,4500,,
659a560d-8f84-4854-b3f7-fc5d99ac998f,VAC-1000,CAND-10000,РЕКРУТЕР,Скрининг,Task,Екатерина_1,2025-10-03 18:08:13.940715,2025-10-03 19:22:13.940715,4440,passed,
659a560d-8f84-4854-b3f7-fc5d99ac998f,VAC-1000,CAND-10000,ИНТЕРВЬЮЕРЫ,Назначить интервью,User Task,Анна_9,2025-10-03 22:33:13.940715,2025-10-03 23:19:13.940715,2760,,
659a560d-8f84-4854-b3f7-fc5d99ac998f,VAC-1000,CAND-10000,ИНТЕРВЬЮЕРЫ,Интервью (раунд 1),User Task,Андрей_3,2025-10-04 01:43:13.940715,2025-10-04 04:58:13.940715,11700,passed,
659a560d-8f84-4854-b3f7-fc5d99ac998f,VAC-1000,CAND-10000,ИНТЕРВЬЮЕРЫ,Интервью (раунд 2),User Task,Андрей_4,2025-10-04 08:26:13.940715,2025-10-04 10:59:13.940715,9180,passed,
659a560d-8f84-4854-b3f7-fc5d99ac998f,VAC-1000,CAND-10000,ИНТЕРВЬЮЕРЫ,Финальное интервью,User Task,Сергей_2,2025-10-04 14:38:13.940715,2025-10-04 16:49:13.940715,7860,passed,
659a560d-8f84-4854-b3f7-fc5d99ac998f,VAC-1000,CAND-10000,HR (ОФФЕР),Согласовать условия,User Task,HR_Manager_5,2025-10-04 18:30:13.940715,2025-10-05 02:13:13.940715,27780,,
659a560d-8f84-4854-b3f7-fc5d99ac998f,VAC-1000,CAND-10000,HR (ОФФЕР),Сгенерировать оффер,Service Task,HR_Manager_9,2025-10-05 03:09:13.940715,2025-10-05 03:12:13.940715,180,,
659a560d-8f84-4854-b3f7-fc5d99ac998f,VAC-1000,CAND-10000,HR (ОФФЕР),Отправить оффер,Send Task,HR_Manager_9,2025-10-05 03:16:13.940715,2025-10-05 03:23:13.940715,420,sent,
659a560d-8f84-4854-b3f7-fc5d99ac998f,VAC-1000,CAND-10000,HR (ОФФЕР),Timer: ожидание ответа (дни),Timer,,2025-10-05 03:23:13.940715,2025-10-08 03:23:13.940715,259200,timer_elapsed,
659a560d-8f84-4854-b3f7-fc5d99ac998f,VAC-1000,CAND-10000,HR (ОФФЕР),Переговоры / отказ,Task,HR_Manager_4,2025-10-09 21:37:13.940715,2025-10-10 01:28:13.940715,13860,rejected,
66cc393b-37a0-425f-9596-71ded533985f,VAC-1155,CAND-10155,РУКОВОДИТЕЛЬ,Создать заявку,User Task,Кузнецов_5,2025-10-21 19:05:13.940715,2025-10-21 19:32:13.940715,1620,,
66cc393b-37a0-425f-9596-71ded533985f,VAC-1155,CAND-10155,HR,Зарегистрировать в HCM,Service Task,Ольга_2,2025-10-21 19:54:13.940715,2025-10-21 20:03:13.940715,540,,
66cc393b-37a0-425f-9596-71ded533985f,VAC-1155,CAND-10155,РЕКРУТЕР,Разместить вакансию,Task,Дмитрий_8,2025-10-21 20:20:13.940715,2025-10-21 23:09:13.940715,10140,,
66cc393b-37a0-425f-9596-71ded533985f,VAC-1155,CAND-10155,РЕКРУТЕР,Собирать резюме,Task,Екатерина_4,2025-10-22 02:36:13.940715,2025-10-22 09:21:13.940715,24300,,
66cc393b-37a0-425f-9596-71ded533985f,VAC-1155,CAND-10155,РЕКРУТЕР,Скрининг,Task,Екатерина_4,2025-10-22 10:59:13.940715,2025-10-22 12:35:13.940715,5760,passed,
66cc393b-37a0-425f-9596-71ded533985f,VAC-1155,CAND-10155,ИНТЕРВЬЮЕРЫ,Назначить интервью,User Task,Андрей_6,2025-10-22 15:36:13.940715,2025-10-22 16:25:13.940715,2940,,
66cc393b-37a0-425f-9596-71ded533985f,VAC-1155,CAND-10155,ИНТЕРВЬЮЕРЫ,Интервью (раунд 1),User Task,Андрей_7,2025-10-22 19:47:13.940715,2025-10-22 20:34:13.940715,2820,rejected,недостаточно навыков
674aba87-796c-4637-af92-a799552a0b72,VAC-1167,CAND-10167,РУКОВОДИТЕЛЬ,Создать заявку,User Task,Петров_5,2025-09-28 17:54:13.940715,2025-09-28 18:18:13.940715,1440,,
674aba87-796c-4637-af92-a799552a0b72,VAC-1167,CAND-10167,HR,Зарегистрировать в HCM,Service Task,Ольга_4,2025-09-28 18:29:13.940715,2025-09-28 18:55:13.940715,1560,,
674aba87-796c-4637-af92-a799552a0b72,VAC-1167,CAND-10167,РЕКРУТЕР,Разместить вакансию,Task,Дмитрий_1,2025-09-28 19:26:13.940715,2025-09-28 21:21:13.940715,6900,,
674aba87-796c-4637-af92-a799552a0b72,VAC-1167,CAND-10167,РЕКРУТЕР,Собирать резюме,Task,Дмитрий_8,2025-09-28 22:08:13.940715,2025-09-29 02:08:13.940715,14400,,
674aba87-796c-4637-af92-a799552a0b72,VAC-1167,CAND-10167,РЕКРУТЕР,Скрининг,Task,Алексей_9,2025-09-29 02:34:13.940715,2025-09-29 04:03:13.940715,5340,passed,
674aba87-796c-4637-af92-a799552a0b72,VAC-1167,CAND-10167,ИНТЕРВЬЮЕРЫ,Назначить интервью,User Task,Анна_3,2025-09-29 04:55:13.940715,2025-09-29 05:53:13.940715,3480,,
674aba87-796c-4637-af92-a799552a0b72,VAC-1167,CAND-10167,ИНТЕРВЬЮЕРЫ,Интервью (раунд 1),User Task,Анна_3,2025-09-29 06:52:13.940715,2025-09-29 07:47:13.940715,3300,rejected,поведенческий
6bd1b26a-6150-4166-881e-1804aeabefc0,VAC-1134,CAND-10134,РУКОВОДИТЕЛЬ,Создать заявку,User Task,Иванов_7,2025-10-09 13:09:13.940715,2025-10-09 13:58:13.940715,2940,,
6bd1b26a-6150-4166-881e-1804aeabefc0,VAC-1134,CAND-10134,HR,Зарегистрировать в HCM,Service Task,Марина_9,2025-10-09 14:36:13.940715,2025-10-09 15:05:13.940715,1740,,
6bd1b26a-6150-4166-881e-1804aeabefc0,VAC-1134,CAND-10134,РЕКРУТЕР,Разместить вакансию,Task,Алексей_1,2025-10-09 15:08:13.940715,2025-10-09 16:33:13.940715,5100,,
6bd1b26a-6150-4166-881e-1804aeabefc0,VAC-1134,CAND-10134,РЕКРУТЕР,Собирать резюме,Task,Екатерина_5,2025-10-09 17:55:13.940715,2025-10-09 20:37:13.940715,9720,,
6bd1b26a-6150-4166-881e-1804aeabefc0,VAC-1134,CAND-10134,РЕКРУТЕР,Скрининг,Task,Екатерина_1,2025-10-09 20:48:13.940715,2025-10-09 21:57:13.940715,4140,passed,
6bd1b26a-6150-4166-881e-1804aeabefc0,VAC-1134,CAND-10134,ИНТЕРВЬЮЕРЫ,Назначить интервью,User Task,Анна_6,2025-10-10 00:54:13.940715,2025-10-10 01:16:13.940715,1320,,
6bd1b26a-6150-4166-881e-1804aeabefc0,VAC-1134,CAND-10134,ИНТЕРВЬЮЕРЫ,Интервью (раунд 1),User Task,Анна_7,2025-10-10 01:50:13.940715,2025-10-10 03:49:13.940715,7140,rejected,недостаточно навыков
6d17aeb4-5d5c-4472-b2a5-6309096bc13e,VAC-1110,CAND-10110,РУКОВОДИТЕЛЬ,Создать заявку,User Task,Иванов_3,2025-09-27 17:06:13.940715,2025-09-27 18:03:13.940715,3420,,
6d17aeb4-5d5c-4472-b2a5-6309096bc13e,VAC-1110,CAND-10110,HR,Зарегистрировать в HCM,Service Task,Марина_6,2025-09-27 18:05:13.940715,2025-09-27 18:20:13.940715,900,,
6d17aeb4-5d5c-4472-b2a5-6309096bc13e,VAC-1110,CAND-10110,РЕКРУТЕР,Разместить вакансию,Task,Алексей_1,2025-09-27 18:23:13.940715,2025-09-27 19:05:13.940715,2520,,
6d17aeb4-5d5c-4472-b2a5-6309096bc13e,VAC-1110,CAND-10110,РЕКРУТЕР,Собирать резюме,Task,Дмитрий_9,2025-09-27 20:00:13.940715,2025-09-28 03:46:13.940715,27960,,
6d17aeb4-5d5c-4472-b2a5-6309096bc13e,VAC-1110,CAND-10110,РЕКРУТЕР,Скрининг,Task,Алексей_5,2025-09-28 04:00:13.940715,2025-09-28 05:23:13.940715,4980,passed,
6d17aeb4-5d5c-4472-b2a5-6309096bc13e,VAC-1110,CAND-10110,ИНТЕРВЬЮЕРЫ,Назначить интервью,User Task,Сергей_7,2025-09-28 07:26:13.940715,2025-09-28 08:11:13.940715,2700,,
6d17aeb4-5d5c-4472-b2a5-6309096bc13e,VAC-1110,CAND-10110,ИНТЕРВЬЮЕРЫ,Интервью (раунд 1),User Task,Андрей_2,2025-09-28 10:20:13.940715,2025-09-28 13:57:13.940715,13020,passed,
6d17aeb4-5d5c-4472-b2a5-6309096bc13e,VAC-1110,CAND-10110,ИНТЕРВЬЮЕРЫ,Интервью (раунд 2),User Task,Анна_2,2025-09-28 17:40:13.940715,2025-09-28 21:35:13.940715,14100,passed,
6d17aeb4-5d5c-4472-b2a5-6309096bc13e,VAC-1110,CAND-10110,ИНТЕРВЬЮЕРЫ,Финальное интервью,User Task,Анна_5,2025-09-28 23:30:13.940715,2025-09-29 02:23:13.940715,10380,passed,
6d17aeb4-5d5c-4472-b2a5-6309096bc13e,VAC-1110,CAND-10110,HR (ОФФЕР),Согласовать условия,User Task,HR_Manager_8,2025-09-29 05:08:13.940715,2025-09-29 06:22:13.940715,4440,,
6d17aeb4-5d5c-4472-b2a5-6309096bc13e,VAC-1110,CAND-10110,HR (ОФФЕР),Сгенерировать оффер,Service Task,HR_Manager_8,2025-09-29 06:51:13.940715,2025-09-29 07:05:13.940715,840,,
6d17aeb4-5d5c-4472-b2a5-6309096bc13e,VAC-1110,CAND-10110,HR (ОФФЕР),Отправить оффер,Send Task,HR_Manager_3,2025-09-29 07:11:13.940715,2025-09-29 07:20:13.940715,540,sent,
6d17aeb4-5d5c-4472-b2a5-6309096bc13e,VAC-1110,CAND-10110,HR (ОФФЕР),Timer: ожидание ответа (дни),Timer,,2025-09-29 07:20:13.940715,2025-10-04 07:20:13.940715,432000,timer_elapsed,
6d17aeb4-5d5c-4472-b2a5-6309096bc13e,VAC-1110,CAND-10110,HR (ОФФЕР),Переговоры / отказ,Task,HR_Manager_5,2025-10-05 20:36:13.940715,2025-10-05 21:56:13.940715,4800,rejected,
6e125cfc-4c3d-497a-ba16-4d7c804b4004,VAC-1027,CAND-10027,РУКОВОДИТЕЛЬ,Создать заявку,User Task,Сидоров_7,2025-08-28 17:47:13.940715,2025-08-28 18:29:13.940715,2520,,
6e125cfc-4c3d-497a-ba16-4d7c804b4004,VAC-1027,CAND-10027,HR,Зарегистрировать в HCM,Service Task,Ольга_5,2025-08-28 19:14:13.940715,2025-08-28 19:23:13.940715,540,,
6e125cfc-4c3d-497a-ba16-4d7c804b4004,VAC-1027,CAND-10027,РЕКРУТЕР,Разместить вакансию,Task,Дмитрий_2,2025-08-28 19:36:13.940715,2025-08-28 21:34:13.940715,7080,,
6e125cfc-4c3d-497a-ba16-4d7c804b4004,VAC-1027,CAND-10027,РЕКРУТЕР,Собирать резюме,Task,Екатерина_6,2025-08-28 22:44:13.940715,2025-08-29 02:59:13.940715,15300,,
6e125cfc-4c3d-497a-ba16-4d7c804b4004,VAC-1027,CAND-10027,РЕКРУТЕР,Скрининг,Task,Екатерина_5,2025-08-29 04:17:13.940715,2025-08-29 05:04:13.940715,2820,passed,
6e125cfc-4c3d-497a-ba16-4d7c804b4004,VAC-1027,CAND-10027,ИНТЕРВЬЮЕРЫ,Назначить интервью,User Task,Сергей_5,2025-08-29 08:44:13.940715,2025-08-29 09:31:13.940715,2820,,
6e125cfc-4c3d-497a-ba16-4d7c804b4004,VAC-1027,CAND-10027,ИНТЕРВЬЮЕРЫ,Интервью (раунд 1),User Task,Анна_8,2025-08-29 12:56:13.940715,2025-08-29 16:51:13.940715,14100,rejected,поведенческий
6e387708-abf6-4480-b3e0-f1687b8c6af7,VAC-1160,CAND-10160,РУКОВОДИТЕЛЬ,Создать заявку,User Task,Петров_1,2025-09-01 16:18:13.940715,2025-09-01 17:13:13.940715,3300,,
6e387708-abf6-4480-b3e0-f1687b8c6af7,VAC-1160,CAND-10160,HR,Зарегистрировать в HCM,Service Task,Ольга_2,2025-09-01 17:51:13.940715,2025-09-01 17:57:13.940715,360,,
6e387708-abf6-4480-b3e0-f1687b8c6af7,VAC-1160,CAND-10160,РЕКРУТЕР,Разместить вакансию,Task,Алексей_7,2025-09-01 18:05:13.940715,2025-09-01 19:35:13.940715,5400,,
6e387708-abf6-4480-b3e0-f1687b8c6af7,VAC-1160,CAND-10160,РЕКРУТЕР,Собирать резюме,Task,Дмитрий_9,2025-09-01 20:28:13.940715,2025-09-02 03:24:13.940715,24960,,
6e387708-abf6-4480-b3e0-f1687b8c6af7,VAC-1160,CAND-10160,РЕКРУТЕР,Скрининг,Task,Алексей_1,2025-09-02 03:50:13.940715,2025-09-02 04:56:13.940715,3960,passed,
6e387708-abf6-4480-b3e0-f1687b8c6af7,VAC-1160,CAND-10160,ИНТЕРВЬЮЕРЫ,Назначить интервью,User Task,Анна_7,2025-09-02 08:26:13.940715,2025-09-02 09:25:13.940715,3540,,
6e387708-abf6-4480-b3e0-f1687b8c6af7,VAC-1160,CAND-10160,ИНТЕРВЬЮЕРЫ,Интервью (раунд 1),User Task,Андрей_3,2025-09-02 09:59:13.940715,2025-09-02 12:48:13.940715,10140,passed,
6e387708-abf6-4480-b3e0-f1687b8c6af7,VAC-1160,CAND-10160,ИНТЕРВЬЮЕРЫ,Интервью (раунд 2),User Task,Сергей_7,2025-09-02 13:40:13.940715,2025-09-02 17:25:13.940715,13500,rejected,культурный профиль
6ff1adfb-6d4a-427e-86b2-0d424ddd3a75,VAC-1073,CAND-10073,РУКОВОДИТЕЛЬ,Создать заявку,User Task,Сидоров_2,2025-09-12 10:53:13.940715,2025-09-12 11:14:13.940715,1260,,
6ff1adfb-6d4a-427e-86b2-0d424ddd3a75,VAC-1073,CAND-10073,HR,Зарегистрировать в HCM,Service Task,Наталья_4,2025-09-12 11:43:13.940715,2025-09-12 12:11:13.940715,1680,,
6ff1adfb-6d4a-427e-86b2-0d424ddd3a75,VAC-1073,CAND-10073,РЕКРУТЕР,Разместить вакансию,Task,Екатерина_6,2025-09-12 12:25:13.940715,2025-09-12 15:15:13.940715,10200,,
6ff1adfb-6d4a-427e-86b2-0d424ddd3a75,VAC-1073,CAND-10073,РЕКРУТЕР,Собирать резюме,Task,Екатерина_7,2025-09-12 19:05:13.940715,2025-09-13 02:08:13.940715,25380,,
6ff1adfb-6d4a-427e-86b2-0d424ddd3a75,VAC-1073,CAND-10073,РЕКРУТЕР,Скрининг,Task,Алексей_4,2025-09-13 02:34:13.940715,2025-09-13 03:15:13.940715,2460,rejected,некорректное резюме
706be7ca-1c48-4ac4-ad64-61bdbaf8eb81,VAC-1060,CAND-10060,РУКОВОДИТЕЛЬ,Создать заявку,User Task,Кузнецов_4,2025-10-09 18:52:13.940715,2025-10-09 19:31:13.940715,2340,,
706be7ca-1c48-4ac4-ad64-61bdbaf8eb81,VAC-1060,CAND-10060,HR,Зарегистрировать в HCM,Service Task,Ольга_3,2025-10-09 19:47:13.940715,2025-10-09 20:02:13.940715,900,,
706be7ca-1c48-4ac4-ad64-61bdbaf8eb81,VAC-1060,CAND-10060,РЕКРУТЕР,Разместить вакансию,Task,Екатерина_2,2025-10-09 20:20:13.940715,2025-10-09 21:28:13.940715,4080,,
706be7ca-1c48-4ac4-ad64-61bdbaf8eb81,VAC-1060,CAND-10060,РЕКРУТЕР,Собирать резюме,Task,Екатерина_7,2025-10-09 21:46:13.940715,2025-10-10 05:40:13.940715,28440,,
706be7ca-1c48-4ac4-ad64-61bdbaf8eb81,VAC-1060,CAND-10060,РЕКРУТЕР,Скрининг,Task,Алексей_4,2025-10-10 07:03:13.940715,2025-10-10 08:51:13.940715,6480,passed,
706be7ca-1c48-4ac4-ad64-61bdbaf8eb81,VAC-1060,CAND-10060,ИНТЕРВЬЮЕРЫ,Назначить интервью,User Task,Андрей_8,2025-10-10 09:24:13.940715,2025-10-10 10:07:13.940715,2580,,
706be7ca-1c48-4ac4-ad64-61bdbaf8eb81,VAC-1060,CAND-10060,ИНТЕРВЬЮЕРЫ,Интервью (раунд 1),User Task,Андрей_7,2025-10-10 13:37:13.940715,2025-10-10 14:34:13.940715,3420,passed,
706be7ca-1c48-4ac4-ad64-61bdbaf8eb81,VAC-1060,CAND-10060,ИНТЕРВЬЮЕРЫ,Интервью (раунд 2),User Task,Андрей_3,2025-10-10 16:56:13.940715,2025-10-10 18:40:13.940715,6240,passed,
706be7ca-1c48-4ac4-ad64-61bdbaf8eb81,VAC-1060,CAND-10060,ИНТЕРВЬЮЕРЫ,Интервью (раунд 3),User Task,Анна_6,2025-10-10 21:18:13.940715,2025-10-10 23:17:13.940715,7140,passed,
706be7ca-1c48-4ac4-ad64-61bdbaf8eb81,VAC-1060,CAND-10060,ИНТЕРВЬЮЕРЫ,Финальное интервью,User Task,Сергей_4,2025-10-11 02:08:13.940715,2025-10-11 05:26:13.940715,11880,passed,
706be7ca-1c48-4ac4-ad64-61bdbaf8eb81,VAC-1060,CAND-10060,HR (ОФФЕР),Согласовать условия,User Task,HR_Manager_9,2025-10-11 06:53:13.940715,2025-10-11 14:51:13.940715,28680,,
706be7ca-1c48-4ac4-ad64-61bdbaf8eb81,VAC-1060,CAND-10060,HR (ОФФЕР),Сгенерировать оффер,Service Task,HR_Manager_5,2025-10-11 15:10:13.940715,2025-10-11 15:25:13.940715,900,,
706be7ca-1c48-4ac4-ad64-61bdbaf8eb81,VAC-1060,CAND-10060,HR (ОФФЕР),Отправить оффер,Send Task,HR_Manager_7,2025-10-11 15:27:13.940715,2025-10-11 15:36:13.940715,540,sent,
706be7ca-1c48-4ac4-ad64-61bdbaf8eb81,VAC-1060,CAND-10060,HR (ОФФЕР),Timer: ожидание ответа (дни),Timer,,2025-10-11 15:36:13.940715,2025-10-16 15:36:13.940715,432000,timer_elapsed,
706be7ca-1c48-4ac4-ad64-61bdbaf8eb81,VAC-1060,CAND-10060,SECURITY,Background Check,Call Activity,Служба_БД_9,2025-10-17 15:07:13.940715,2025-10-19 19:02:13.940715,186900,report_ready,
706be7ca-1c48-4ac4-ad64-61bdbaf8eb81,VAC-1060,CAND-10060,IT,Выдача оборудования,Task,IT_Specialist_5,2025-10-19 19:56:13.940715,2025-10-19 22:10:13.940715,8040,,
706be7ca-1c48-4ac4-ad64-61bdbaf8eb81,VAC-1060,CAND-10060,IT,Создать доступы,Task,IT_Specialist_4,2025-10-19 23:03:13.940715,2025-10-20 00:00:13.940715,3420,,
706be7ca-1c48-4ac4-ad64-61bdbaf8eb81,VAC-1060,CAND-10060,IT,HR/Training: Вводное обучение,Service Task,Марина_3,2025-10-21 06:47:13.940715,2025-10-21 10:20:13.940715,12780,,
706be7ca-1c48-4ac4-ad64-61bdbaf8eb81,VAC-1060,CAND-10060,IT,Назначить ментора,Task,Наталья_9,2025-10-21 13:51:13.940715,2025-10-21 15:00:13.940715,4140,,
706be7ca-1c48-4ac4-ad64-61bdbaf8eb81,VAC-1060,CAND-10060,IT,Message: уведомить всех,Message,system,2025-10-21 15:27:13.940715,2025-10-21 15:41:13.940715,840,notified,
706be7ca-1c48-4ac4-ad64-61bdbaf8eb81,VAC-1060,CAND-10060,HR (финал),Обновить статус в HCM,Service Task,Наталья_7,2025-10-21 16:53:13.940715,2025-10-21 17:27:13.940715,2040,,
706be7ca-1c48-4ac4-ad64-61bdbaf8eb81,VAC-1060,CAND-10060,HR (финал),Payroll / учет,Service Task,Наталья_6,2025-10-21 17:43:13.940715,2025-10-21 18:00:13.940715,1020,,
706be7ca-1c48-4ac4-ad64-61bdbaf8eb81,VAC-1060,CAND-10060,HR (финал),Закрыть вакансию на порталах,Service Task,Ольга_6,2025-10-21 18:42:13.940715,2025-10-21 18:48:13.940715,360,,
706be7ca-1c48-4ac4-ad64-61bdbaf8eb81,VAC-1060,CAND-10060,HR (финал),Hire Completed,End Event,system,2025-10-21 18:54:13.940715,2025-10-21 18:54:13.940715,0,hired,
709059ce-6455-4a91-82bd-ef898bfea2d5,VAC-1120,CAND-10120,РУКОВОДИТЕЛЬ,Создать заявку,User Task,Кузнецов_1,2025-09-07 19:37:13.940715,2025-09-07 20:11:13.940715,2040,,
709059ce-6455-4a91-82bd-ef898bfea2d5,VAC-1120,CAND-10120,HR,Зарегистрировать в HCM,Service Task,Ольга_9,2025-09-07 20:28:13.940715,2025-09-07 20:34:13.940715,360,,
709059ce-6455-4a91-82bd-ef898bfea2d5,VAC-1120,CAND-10120,РЕКРУТЕР,Разместить вакансию,Task,Алексей_9,2025-09-07 20:41:13.940715,2025-09-07 23:24:13.940715,9780,,
709059ce-6455-4a91-82bd-ef898bfea2d5,VAC-1120,CAND-10120,РЕКРУТЕР,Собирать резюме,Task,Алексей_9,2025-09-08 00:49:13.940715,2025-09-08 04:43:13.940715,14040,,
709059ce-6455-4a91-82bd-ef898bfea2d5,VAC-1120,CAND-10120,РЕКРУТЕР,Скрининг,Task,Екатерина_5,2025-09-08 05:20:13.940715,2025-09-08 06:38:13.940715,4680,passed,
709059ce-6455-4a91-82bd-ef898bfea2d5,VAC-1120,CAND-10120,ИНТЕРВЬЮЕРЫ,Назначить интервью,User Task,Сергей_4,2025-09-08 08:22:13.940715,2025-09-08 09:03:13.940715,2460,,
709059ce-6455-4a91-82bd-ef898bfea2d5,VAC-1120,CAND-10120,ИНТЕРВЬЮЕРЫ,Интервью (раунд 1),User Task,Анна_1,2025-09-08 12:51:13.940715,2025-09-08 15:33:13.940715,9720,passed,
709059ce-6455-4a91-82bd-ef898bfea2d5,VAC-1120,CAND-10120,ИНТЕРВЬЮЕРЫ,Интервью (раунд 2),User Task,Сергей_4,2025-09-08 18:06:13.940715,2025-09-08 19:20:13.940715,4440,passed,
709059ce-6455-4a91-82bd-ef898bfea2d5,VAC-1120,CAND-10120,ИНТЕРВЬЮЕРЫ,Интервью (раунд 3),User Task,Сергей_7,2025-09-08 22:43:13.940715,2025-09-09 02:27:13.940715,13440,passed,
709059ce-6455-4a91-82bd-ef898bfea2d5,VAC-1120,CAND-10120,ИНТЕРВЬЮЕРЫ,Финальное интервью,User Task,Анна_5,2025-09-09 04:21:13.940715,2025-09-09 07:18:13.940715,10620,passed,
709059ce-6455-4a91-82bd-ef898bfea2d5,VAC-1120,CAND-10120,HR (ОФФЕР),Согласовать условия,User Task,HR_Manager_7,2025-09-09 08:31:13.940715,2025-09-09 11:28:13.940715,10620,,
709059ce-6455-4a91-82bd-ef898bfea2d5,VAC-1120,CAND-10120,HR (ОФФЕР),Сгенерировать оффер,Service Task,HR_Manager_2,2025-09-09 12:16:13.940715,2025-09-09 12:41:13.940715,1500,,
709059ce-6455-4a91-82bd-ef898bfea2d5,VAC-1120,CAND-10120,HR (ОФФЕР),Отправить оффер,Send Task,HR_Manager_6,2025-09-09 12:59:13.940715,2025-09-09 13:02:13.940715,180,sent,
709059ce-6455-4a91-82bd-ef898bfea2d5,VAC-1120,CAND-10120,HR (ОФФЕР),Timer: ожидание ответа (дни),Timer,,2025-09-09 13:02:13.940715,2025-09-12 13:02:13.940715,259200,timer_elapsed,
709059ce-6455-4a91-82bd-ef898bfea2d5,VAC-1120,CAND-10120,SECURITY,Background Check,Call Activity,Служба_БД_4,2025-09-14 04:12:13.940715,2025-09-15 06:34:13.940715,94920,report_ready,
709059ce-6455-4a91-82bd-ef898bfea2d5,VAC-1120,CAND-10120,IT,Выдача оборудования,Task,IT_Specialist_5,2025-09-15 07:00:13.940715,2025-09-15 08:30:13.940715,5400,,
709059ce-6455-4a91-82bd-ef898bfea2d5,VAC-1120,CAND-10120,IT,Создать доступы,Task,IT_Specialist_4,2025-09-15 09:01:13.940715,2025-09-15 10:09:13.940715,4080,,
709059ce-6455-4a91-82bd-ef898bfea2d5,VAC-1120,CAND-10120,IT,HR/Training: Вводное обучение,Service Task,Наталья_2,2025-09-17 10:46:13.940715,2025-09-17 13:05:13.940715,8340,,
709059ce-6455-4a91-82bd-ef898bfea2d5,VAC-1120,CAND-10120,IT,Назначить ментора,Task,Марина_8,2025-09-17 17:05:13.940715,2025-09-17 17:25:13.940715,1200,,
709059ce-6455-4a91-82bd-ef898bfea2d5,VAC-1120,CAND-10120,IT,Message: уведомить всех,Message,system,2025-09-17 18:05:13.940715,2025-09-17 18:06:13.940715,60,notified,
709059ce-6455-4a91-82bd-ef898bfea2d5,VAC-1120,CAND-10120,HR (финал),Обновить статус в HCM,Service Task,Марина_1,2025-09-17 19:44:13.940715,2025-09-17 20:39:13.940715,3300,,
709059ce-6455-4a91-82bd-ef898bfea2d5,VAC-1120,CAND-10120,HR (финал),Payroll / учет,Service Task,Ольга_6,2025-09-17 21:34:13.940715,2025-09-17 22:05:13.940715,1860,,
709059ce-6455-4a91-82bd-ef898bfea2d5,VAC-1120,CAND-10120,HR (финал),Закрыть вакансию на порталах,Service Task,Марина_5,2025-09-17 22:37:13.940715,2025-09-17 23:35:13.940715,3480,,
709059ce-6455-4a91-82bd-ef898bfea2d5,VAC-1120,CAND-10120,HR (финал),Hire Completed,End Event,system,2025-09-18 00:07:13.940715,2025-09-18 00:07:13.940715,0,hired,
714ae43a-f115-4ce2-8d24-bd6a8066bd88,VAC-1072,CAND-10072,РУКОВОДИТЕЛЬ,Создать заявку,User Task,Кузнецов_7,2025-09-05 17:00:13.940715,2025-09-05 17:37:13.940715,2220,,
714ae43a-f115-4ce2-8d24-bd6a8066bd88,VAC-1072,CAND-10072,HR,Зарегистрировать в HCM,Service Task,Ольга_8,2025-09-05 18:21:13.940715,2025-09-05 18:37:13.940715,960,,
714ae43a-f115-4ce2-8d24-bd6a8066bd88,VAC-1072,CAND-10072,РЕКРУТЕР,Разместить вакансию,Task,Алексей_1,2025-09-05 19:09:13.940715,2025-09-05 20:11:13.940715,3720,,
714ae43a-f115-4ce2-8d24-bd6a8066bd88,VAC-1072,CAND-10072,РЕКРУТЕР,Собирать резюме,Task,Алексей_5,2025-09-05 23:44:13.940715,2025-09-06 07:13:13.940715,26940,,
714ae43a-f115-4ce2-8d24-bd6a8066bd88,VAC-1072,CAND-10072,РЕКРУТЕР,Скрининг,Task,Алексей_9,2025-09-06 07:22:13.940715,2025-09-06 08:07:13.940715,2700,passed,
714ae43a-f115-4ce2-8d24-bd6a8066bd88,VAC-1072,CAND-10072,ИНТЕРВЬЮЕРЫ,Назначить интервью,User Task,Анна_8,2025-09-06 11:34:13.940715,2025-09-06 12:08:13.940715,2040,,
714ae43a-f115-4ce2-8d24-bd6a8066bd88,VAC-1072,CAND-10072,ИНТЕРВЬЮЕРЫ,Интервью (раунд 1),User Task,Анна_6,2025-09-06 13:06:13.940715,2025-09-06 16:17:13.940715,11460,passed,
714ae43a-f115-4ce2-8d24-bd6a8066bd88,VAC-1072,CAND-10072,ИНТЕРВЬЮЕРЫ,Интервью (раунд 2),User Task,Анна_8,2025-09-06 19:05:13.940715,2025-09-06 23:03:13.940715,14280,passed,
714ae43a-f115-4ce2-8d24-bd6a8066bd88,VAC-1072,CAND-10072,ИНТЕРВЬЮЕРЫ,Финальное интервью,User Task,Андрей_4,2025-09-07 01:46:13.940715,2025-09-07 03:26:13.940715,6000,rejected,финал не пройден
71b5e712-e978-4b71-895a-6deddd33f16b,VAC-1024,CAND-10024,РУКОВОДИТЕЛЬ,Создать заявку,User Task,Сидоров_4,2025-10-11 18:49:13.940715,2025-10-11 19:23:13.940715,2040,,
71b5e712-e978-4b71-895a-6deddd33f16b,VAC-1024,CAND-10024,HR,Зарегистрировать в HCM,Service Task,Марина_7,2025-10-11 20:08:13.940715,2025-10-11 20:16:13.940715,480,,
71b5e712-e978-4b71-895a-6deddd33f16b,VAC-1024,CAND-10024,РЕКРУТЕР,Разместить вакансию,Task,Алексей_6,2025-10-11 20:31:13.940715,2025-10-11 22:36:13.940715,7500,,
71b5e712-e978-4b71-895a-6deddd33f16b,VAC-1024,CAND-10024,РЕКРУТЕР,Собирать резюме,Task,Екатерина_7,2025-10-12 01:56:13.940715,2025-10-12 06:58:13.940715,18120,,
71b5e712-e978-4b71-895a-6deddd33f16b,VAC-1024,CAND-10024,РЕКРУТЕР,Скрининг,Task,Екатерина_3,2025-10-12 07:52:13.940715,2025-10-12 09:26:13.940715,5640,passed,
71b5e712-e978-4b71-895a-6deddd33f16b,VAC-1024,CAND-10024,ИНТЕРВЬЮЕРЫ,Назначить интервью,User Task,Анна_6,2025-10-12 09:43:13.940715,2025-10-12 09:56:13.940715,780,,
71b5e712-e978-4b71-895a-6deddd33f16b,VAC-1024,CAND-10024,ИНТЕРВЬЮЕРЫ,Интервью (раунд 1),User Task,Сергей_1,2025-10-12 12:18:13.940715,2025-10-12 13:28:13.940715,4200,passed,
71b5e712-e978-4b71-895a-6deddd33f16b,VAC-1024,CAND-10024,ИНТЕРВЬЮЕРЫ,Интервью (раунд 2),User Task,Анна_3,2025-10-12 17:02:13.940715,2025-10-12 18:23:13.940715,4860,passed,
71b5e712-e978-4b71-895a-6deddd33f16b,VAC-1024,CAND-10024,ИНТЕРВЬЮЕРЫ,Интервью (раунд 3),User Task,Сергей_6,2025-10-12 19:12:13.940715,2025-10-12 21:57:13.940715,9900,rejected,культурный профиль
72505bc0-60e2-41ee-9b94-eabda08d91f0,VAC-1101,CAND-10101,РУКОВОДИТЕЛЬ,Создать заявку,User Task,Иванов_6,2025-10-20 18:04:13.940715,2025-10-20 18:26:13.940715,1320,,
72505bc0-60e2-41ee-9b94-eabda08d91f0,VAC-1101,CAND-10101,HR,Зарегистрировать в HCM,Service Task,Наталья_2,2025-10-20 19:19:13.940715,2025-10-20 19:30:13.940715,660,,
72505bc0-60e2-41ee-9b94-eabda08d91f0,VAC-1101,CAND-10101,РЕКРУТЕР,Разместить вакансию,Task,Дмитрий_5,2025-10-20 19:56:13.940715,2025-10-20 21:58:13.940715,7320,,
72505bc0-60e2-41ee-9b94-eabda08d91f0,VAC-1101,CAND-10101,РЕКРУТЕР,Собирать резюме,Task,Екатерина_8,2025-10-21 01:41:13.940715,2025-10-21 05:58:13.940715,15420,,
72505bc0-60e2-41ee-9b94-eabda08d91f0,VAC-1101,CAND-10101,РЕКРУТЕР,Скрининг,Task,Екатерина_3,2025-10-21 07:45:13.940715,2025-10-21 08:48:13.940715,3780,passed,
72505bc0-60e2-41ee-9b94-eabda08d91f0,VAC-1101,CAND-10101,ИНТЕРВЬЮЕРЫ,Назначить интервью,User Task,Андрей_3,2025-10-21 11:54:13.940715,2025-10-21 12:45:13.940715,3060,,
72505bc0-60e2-41ee-9b94-eabda08d91f0,VAC-1101,CAND-10101,ИНТЕРВЬЮЕРЫ,Интервью (раунд 1),User Task,Анна_8,2025-10-21 15:46:13.940715,2025-10-21 18:34:13.940715,10080,rejected,недостаточно навыков
72cdafe7-132a-4548-89dd-05369a143e58,VAC-1076,CAND-10076,РУКОВОДИТЕЛЬ,Создать заявку,User Task,Сидоров_5,2025-09-03 14:30:13.940715,2025-09-03 15:16:13.940715,2760,,
72cdafe7-132a-4548-89dd-05369a143e58,VAC-1076,CAND-10076,HR,Зарегистрировать в HCM,Service Task,Марина_3,2025-09-03 15:22:13.940715,2025-09-03 15:34:13.940715,720,,
72cdafe7-132a-4548-89dd-05369a143e58,VAC-1076,CAND-10076,РЕКРУТЕР,Разместить вакансию,Task,Екатерина_5,2025-09-03 15:38:13.940715,2025-09-03 17:39:13.940715,7260,,
72cdafe7-132a-4548-89dd-05369a143e58,VAC-1076,CAND-10076,РЕКРУТЕР,Собирать резюме,Task,Алексей_7,2025-09-03 20:54:13.940715,2025-09-04 03:52:13.940715,25080,,
72cdafe7-132a-4548-89dd-05369a143e58,VAC-1076,CAND-10076,РЕКРУТЕР,Скрининг,Task,Екатерина_2,2025-09-04 05:20:13.940715,2025-09-04 05:41:13.940715,1260,passed,
72cdafe7-132a-4548-89dd-05369a143e58,VAC-1076,CAND-10076,ИНТЕРВЬЮЕРЫ,Назначить интервью,User Task,Андрей_4,2025-09-04 07:51:13.940715,2025-09-04 08:00:13.940715,540,,
72cdafe7-132a-4548-89dd-05369a143e58,VAC-1076,CAND-10076,ИНТЕРВЬЮЕРЫ,Интервью (раунд 1),User Task,Сергей_2,2025-09-04 10:23:13.940715,2025-09-04 11:10:13.940715,2820,passed,
72cdafe7-132a-4548-89dd-05369a143e58,VAC-1076,CAND-10076,ИНТЕРВЬЮЕРЫ,Интервью (раунд 2),User Task,Андрей_4,2025-09-04 13:28:13.940715,2025-09-04 17:10:13.940715,13320,passed,
72cdafe7-132a-4548-89dd-05369a143e58,VAC-1076,CAND-10076,ИНТЕРВЬЮЕРЫ,Финальное интервью,User Task,Андрей_2,2025-09-04 19:12:13.940715,2025-09-04 20:19:13.940715,4020,passed,
72cdafe7-132a-4548-89dd-05369a143e58,VAC-1076,CAND-10076,HR (ОФФЕР),Согласовать условия,User Task,HR_Manager_3,2025-09-04 21:49:13.940715,2025-09-05 01:27:13.940715,13080,,
72cdafe7-132a-4548-89dd-05369a143e58,VAC-1076,CAND-10076,HR (ОФФЕР),Сгенерировать оффер,Service Task,HR_Manager_3,2025-09-05 01:56:13.940715,2025-09-05 02:22:13.940715,1560,,
72cdafe7-132a-4548-89dd-05369a143e58,VAC-1076,CAND-10076,HR (ОФФЕР),Отправить оффер,Send Task,HR_Manager_3,2025-09-05 02:25:13.940715,2025-09-05 02:34:13.940715,540,sent,
72cdafe7-132a-4548-89dd-05369a143e58,VAC-1076,CAND-10076,HR (ОФФЕР),Timer: ожидание ответа (дни),Timer,,2025-09-05 02:34:13.940715,2025-09-10 02:34:13.940715,432000,timer_elapsed,
72cdafe7-132a-4548-89dd-05369a143e58,VAC-1076,CAND-10076,SECURITY,Background Check,Call Activity,Служба_БД_7,2025-09-10 17:07:13.940715,2025-09-12 19:59:13.940715,183120,report_ready,
72cdafe7-132a-4548-89dd-05369a143e58,VAC-1076,CAND-10076,IT,Выдача оборудования,Task,IT_Specialist_2,2025-09-12 20:56:13.940715,2025-09-12 22:21:13.940715,5100,,
72cdafe7-132a-4548-89dd-05369a143e58,VAC-1076,CAND-10076,IT,Создать доступы,Task,IT_Specialist_6,2025-09-12 22:43:13.940715,2025-09-12 23:24:13.940715,2460,,
72cdafe7-132a-4548-89dd-05369a143e58,VAC-1076,CAND-10076,IT,HR/Training: Вводное обучение,Service Task,Наталья_4,2025-09-15 10:02:13.940715,2025-09-15 13:43:13.940715,13260,,
72cdafe7-132a-4548-89dd-05369a143e58,VAC-1076,CAND-10076,IT,Назначить ментора,Task,Наталья_4,2025-09-15 14:58:13.940715,2025-09-15 16:30:13.940715,5520,,
72cdafe7-132a-4548-89dd-05369a143e58,VAC-1076,CAND-10076,IT,Message: уведомить всех,Message,system,2025-09-15 17:06:13.940715,2025-09-15 17:26:13.940715,1200,notified,
72cdafe7-132a-4548-89dd-05369a143e58,VAC-1076,CAND-10076,HR (финал),Обновить статус в HCM,Service Task,Марина_5,2025-09-15 18:43:13.940715,2025-09-15 19:30:13.940715,2820,,
72cdafe7-132a-4548-89dd-05369a143e58,VAC-1076,CAND-10076,HR (финал),Payroll / учет,Service Task,Наталья_5,2025-09-15 20:20:13.940715,2025-09-15 21:05:13.940715,2700,,
72cdafe7-132a-4548-89dd-05369a143e58,VAC-1076,CAND-10076,HR (финал),Закрыть вакансию на порталах,Service Task,Марина_9,2025-09-15 21:19:13.940715,2025-09-15 21:53:13.940715,2040,,
72cdafe7-132a-4548-89dd-05369a143e58,VAC-1076,CAND-10076,HR (финал),Hire Completed,End Event,system,2025-09-15 22:06:13.940715,2025-09-15 22:06:13.940715,0,hired,
73b0a0c7-67e7-4bb8-a42e-192911046d15,VAC-1065,CAND-10065,РУКОВОДИТЕЛЬ,Создать заявку,User Task,Сидоров_7,2025-10-16 17:08:13.940715,2025-10-16 17:47:13.940715,2340,,
73b0a0c7-67e7-4bb8-a42e-192911046d15,VAC-1065,CAND-10065,HR,Зарегистрировать в HCM,Service Task,Наталья_2,2025-10-16 18:36:13.940715,2025-10-16 19:00:13.940715,1440,,
73b0a0c7-67e7-4bb8-a42e-192911046d15,VAC-1065,CAND-10065,РЕКРУТЕР,Разместить вакансию,Task,Алексей_2,2025-10-16 19:33:13.940715,2025-10-16 21:21:13.940715,6480,,
73b0a0c7-67e7-4bb8-a42e-192911046d15,VAC-1065,CAND-10065,РЕКРУТЕР,Собирать резюме,Task,Алексей_6,2025-10-16 23:22:13.940715,2025-10-17 02:20:13.940715,10680,,
73b0a0c7-67e7-4bb8-a42e-192911046d15,VAC-1065,CAND-10065,РЕКРУТЕР,Скрининг,Task,Екатерина_7,2025-10-17 03:42:13.940715,2025-10-17 03:48:13.940715,360,rejected,не прошёл тест
73b0a0c7-67e7-4bb8-a42e-192911046d15,VAC-1065,CAND-10065,РЕКРУТЕР,Скрининг,Task,Екатерина_7,2025-10-17 04:42:13.940715,2025-10-17 05:04:13.940715,1320,rejected,некорректное резюме
73ed5533-0a3d-4d97-9a25-8c31c1ba1cb2,VAC-1001,CAND-10001,РУКОВОДИТЕЛЬ,Создать заявку,User Task,Петров_5,2025-10-08 11:27:13.940715,2025-10-08 12:14:13.940715,2820,,
73ed5533-0a3d-4d97-9a25-8c31c1ba1cb2,VAC-1001,CAND-10001,HR,Зарегистрировать в HCM,Service Task,Наталья_2,2025-10-08 12:20:13.940715,2025-10-08 12:48:13.940715,1680,,
73ed5533-0a3d-4d97-9a25-8c31c1ba1cb2,VAC-1001,CAND-10001,РЕКРУТЕР,Разместить вакансию,Task,Дмитрий_6,2025-10-08 13:13:13.940715,2025-10-08 14:44:13.940715,5460,,
73ed5533-0a3d-4d97-9a25-8c31c1ba1cb2,VAC-1001,CAND-10001,РЕКРУТЕР,Собирать резюме,Task,Дмитрий_4,2025-10-08 15:35:13.940715,2025-10-08 19:44:13.940715,14940,,
73ed5533-0a3d-4d97-9a25-8c31c1ba1cb2,VAC-1001,CAND-10001,РЕКРУТЕР,Скрининг,Task,Екатерина_2,2025-10-08 21:14:13.940715,2025-10-08 21:58:13.940715,2640,passed,
73ed5533-0a3d-4d97-9a25-8c31c1ba1cb2,VAC-1001,CAND-10001,ИНТЕРВЬЮЕРЫ,Назначить интервью,User Task,Анна_4,2025-10-08 22:49:13.940715,2025-10-08 23:28:13.940715,2340,,
73ed5533-0a3d-4d97-9a25-8c31c1ba1cb2,VAC-1001,CAND-10001,ИНТЕРВЬЮЕРЫ,Интервью (раунд 1),User Task,Анна_9,2025-10-09 01:35:13.940715,2025-10-09 03:29:13.940715,6840,rejected,недостаточно навыков
740fc6cb-171c-48c0-95cf-12f66c8099d0,VAC-1154,CAND-10154,РУКОВОДИТЕЛЬ,Создать заявку,User Task,Кузнецов_3,2025-10-12 16:40:13.940715,2025-10-12 17:27:13.940715,2820,,
740fc6cb-171c-48c0-95cf-12f66c8099d0,VAC-1154,CAND-10154,HR,Зарегистрировать в HCM,Service Task,Марина_6,2025-10-12 17:41:13.940715,2025-10-12 18:00:13.940715,1140,,
740fc6cb-171c-48c0-95cf-12f66c8099d0,VAC-1154,CAND-10154,РЕКРУТЕР,Разместить вакансию,Task,Алексей_1,2025-10-12 18:04:13.940715,2025-10-12 19:31:13.940715,5220,,
740fc6cb-171c-48c0-95cf-12f66c8099d0,VAC-1154,CAND-10154,РЕКРУТЕР,Собирать резюме,Task,Дмитрий_8,2025-10-12 20:23:13.940715,2025-10-13 01:20:13.940715,17820,,
740fc6cb-171c-48c0-95cf-12f66c8099d0,VAC-1154,CAND-10154,РЕКРУТЕР,Скрининг,Task,Екатерина_9,2025-10-13 02:03:13.940715,2025-10-13 03:13:13.940715,4200,passed,
740fc6cb-171c-48c0-95cf-12f66c8099d0,VAC-1154,CAND-10154,ИНТЕРВЬЮЕРЫ,Назначить интервью,User Task,Сергей_8,2025-10-13 06:15:13.940715,2025-10-13 07:05:13.940715,3000,,
740fc6cb-171c-48c0-95cf-12f66c8099d0,VAC-1154,CAND-10154,ИНТЕРВЬЮЕРЫ,Интервью (раунд 1),User Task,Сергей_7,2025-10-13 09:50:13.940715,2025-10-13 12:26:13.940715,9360,passed,
740fc6cb-171c-48c0-95cf-12f66c8099d0,VAC-1154,CAND-10154,ИНТЕРВЬЮЕРЫ,Интервью (раунд 2),User Task,Анна_1,2025-10-13 15:49:13.940715,2025-10-13 17:54:13.940715,7500,rejected,недостаточно навыков
74b29284-a40e-4129-ae8e-01c609aeefea,VAC-1197,CAND-10197,РУКОВОДИТЕЛЬ,Создать заявку,User Task,Кузнецов_4,2025-09-24 17:26:13.940715,2025-09-24 18:26:13.940715,3600,,
74b29284-a40e-4129-ae8e-01c609aeefea,VAC-1197,CAND-10197,HR,Зарегистрировать в HCM,Service Task,Марина_7,2025-09-24 18:39:13.940715,2025-09-24 18:49:13.940715,600,,
74b29284-a40e-4129-ae8e-01c609aeefea,VAC-1197,CAND-10197,РЕКРУТЕР,Разместить вакансию,Task,Алексей_2,2025-09-24 18:53:13.940715,2025-09-24 20:38:13.940715,6300,,
74b29284-a40e-4129-ae8e-01c609aeefea,VAC-1197,CAND-10197,РЕКРУТЕР,Собирать резюме,Task,Дмитрий_7,2025-09-24 23:29:13.940715,2025-09-25 06:34:13.940715,25500,,
74b29284-a40e-4129-ae8e-01c609aeefea,VAC-1197,CAND-10197,РЕКРУТЕР,Скрининг,Task,Екатерина_9,2025-09-25 08:27:13.940715,2025-09-25 09:03:13.940715,2160,rejected,некорректное резюме
752c6097-78aa-4ddd-9fc8-24e8a4803fd8,VAC-1149,CAND-10149,РУКОВОДИТЕЛЬ,Создать заявку,User Task,Петров_3,2025-09-20 20:15:13.940715,2025-09-20 20:41:13.940715,1560,,
752c6097-78aa-4ddd-9fc8-24e8a4803fd8,VAC-1149,CAND-10149,HR,Зарегистрировать в HCM,Service Task,Наталья_8,2025-09-20 21:24:13.940715,2025-09-20 21:46:13.940715,1320,,
752c6097-78aa-4ddd-9fc8-24e8a4803fd8,VAC-1149,CAND-10149,РЕКРУТЕР,Разместить вакансию,Task,Екатерина_8,2025-09-20 21:54:13.940715,2025-09-21 00:45:13.940715,10260,,
752c6097-78aa-4ddd-9fc8-24e8a4803fd8,VAC-1149,CAND-10149,РЕКРУТЕР,Собирать резюме,Task,Алексей_8,2025-09-21 02:18:13.940715,2025-09-21 08:02:13.940715,20640,,
752c6097-78aa-4ddd-9fc8-24e8a4803fd8,VAC-1149,CAND-10149,РЕКРУТЕР,Скрининг,Task,Дмитрий_2,2025-09-21 08:29:13.940715,2025-09-21 09:18:13.940715,2940,passed,
752c6097-78aa-4ddd-9fc8-24e8a4803fd8,VAC-1149,CAND-10149,ИНТЕРВЬЮЕРЫ,Назначить интервью,User Task,Анна_7,2025-09-21 12:21:13.940715,2025-09-21 13:18:13.940715,3420,,
752c6097-78aa-4ddd-9fc8-24e8a4803fd8,VAC-1149,CAND-10149,ИНТЕРВЬЮЕРЫ,Интервью (раунд 1),User Task,Андрей_3,2025-09-21 16:33:13.940715,2025-09-21 20:07:13.940715,12840,passed,
752c6097-78aa-4ddd-9fc8-24e8a4803fd8,VAC-1149,CAND-10149,ИНТЕРВЬЮЕРЫ,Интервью (раунд 2),User Task,Андрей_3,2025-09-21 23:05:13.940715,2025-09-22 03:03:13.940715,14280,rejected,культурный профиль
75a903c3-987f-443e-8623-1ef44c772b2e,VAC-1020,CAND-10020,РУКОВОДИТЕЛЬ,Создать заявку,User Task,Петров_9,2025-09-28 17:03:13.940715,2025-09-28 17:46:13.940715,2580,,
75a903c3-987f-443e-8623-1ef44c772b2e,VAC-1020,CAND-10020,HR,Зарегистрировать в HCM,Service Task,Ольга_5,2025-09-28 18:11:13.940715,2025-09-28 18:26:13.940715,900,,
75a903c3-987f-443e-8623-1ef44c772b2e,VAC-1020,CAND-10020,РЕКРУТЕР,Разместить вакансию,Task,Дмитрий_5,2025-09-28 19:22:13.940715,2025-09-28 22:12:13.940715,10200,,
75a903c3-987f-443e-8623-1ef44c772b2e,VAC-1020,CAND-10020,РЕКРУТЕР,Собирать резюме,Task,Алексей_2,2025-09-29 00:47:13.940715,2025-09-29 07:04:13.940715,22620,,
75a903c3-987f-443e-8623-1ef44c772b2e,VAC-1020,CAND-10020,РЕКРУТЕР,Скрининг,Task,Екатерина_4,2025-09-29 08:46:13.940715,2025-09-29 09:22:13.940715,2160,passed,
75a903c3-987f-443e-8623-1ef44c772b2e,VAC-1020,CAND-10020,ИНТЕРВЬЮЕРЫ,Назначить интервью,User Task,Андрей_3,2025-09-29 09:50:13.940715,2025-09-29 10:05:13.940715,900,,
75a903c3-987f-443e-8623-1ef44c772b2e,VAC-1020,CAND-10020,ИНТЕРВЬЮЕРЫ,Интервью (раунд 1),User Task,Анна_8,2025-09-29 11:15:13.940715,2025-09-29 12:00:13.940715,2700,passed,
75a903c3-987f-443e-8623-1ef44c772b2e,VAC-1020,CAND-10020,ИНТЕРВЬЮЕРЫ,Интервью (раунд 2),User Task,Анна_5,2025-09-29 13:44:13.940715,2025-09-29 14:37:13.940715,3180,passed,
75a903c3-987f-443e-8623-1ef44c772b2e,VAC-1020,CAND-10020,ИНТЕРВЬЮЕРЫ,Интервью (раунд 3),User Task,Андрей_5,2025-09-29 18:06:13.940715,2025-09-29 20:47:13.940715,9660,passed,
75a903c3-987f-443e-8623-1ef44c772b2e,VAC-1020,CAND-10020,ИНТЕРВЬЮЕРЫ,Финальное интервью,User Task,Андрей_7,2025-09-30 00:32:13.940715,2025-09-30 03:57:13.940715,12300,passed,
75a903c3-987f-443e-8623-1ef44c772b2e,VAC-1020,CAND-10020,HR (ОФФЕР),Согласовать условия,User Task,HR_Manager_3,2025-09-30 04:36:13.940715,2025-09-30 09:44:13.940715,18480,,
75a903c3-987f-443e-8623-1ef44c772b2e,VAC-1020,CAND-10020,HR (ОФФЕР),Сгенерировать оффер,Service Task,HR_Manager_2,2025-09-30 10:06:13.940715,2025-09-30 10:34:13.940715,1680,,
75a903c3-987f-443e-8623-1ef44c772b2e,VAC-1020,CAND-10020,HR (ОФФЕР),Отправить оффер,Send Task,HR_Manager_5,2025-09-30 10:36:13.940715,2025-09-30 10:39:13.940715,180,sent,
75a903c3-987f-443e-8623-1ef44c772b2e,VAC-1020,CAND-10020,HR (ОФФЕР),Timer: ожидание ответа (дни),Timer,,2025-09-30 10:39:13.940715,2025-10-05 10:39:13.940715,432000,timer_elapsed,
75a903c3-987f-443e-8623-1ef44c772b2e,VAC-1020,CAND-10020,SECURITY,Background Check,Call Activity,Служба_БД_5,2025-10-07 09:40:13.940715,2025-10-08 14:25:13.940715,103500,report_ready,
75a903c3-987f-443e-8623-1ef44c772b2e,VAC-1020,CAND-10020,IT,Выдача оборудования,Task,IT_Specialist_1,2025-10-08 15:29:13.940715,2025-10-08 17:51:13.940715,8520,,
75a903c3-987f-443e-8623-1ef44c772b2e,VAC-1020,CAND-10020,IT,Создать доступы,Task,IT_Specialist_5,2025-10-08 19:49:13.940715,2025-10-08 21:49:13.940715,7200,,
75a903c3-987f-443e-8623-1ef44c772b2e,VAC-1020,CAND-10020,IT,HR/Training: Вводное обучение,Service Task,Наталья_1,2025-10-09 01:21:13.940715,2025-10-09 03:07:13.940715,6360,,
75a903c3-987f-443e-8623-1ef44c772b2e,VAC-1020,CAND-10020,IT,Назначить ментора,Task,Ольга_1,2025-10-09 06:27:13.940715,2025-10-09 08:03:13.940715,5760,,
75a903c3-987f-443e-8623-1ef44c772b2e,VAC-1020,CAND-10020,IT,Message: уведомить всех,Message,system,2025-10-09 08:52:13.940715,2025-10-09 09:17:13.940715,1500,notified,
75a903c3-987f-443e-8623-1ef44c772b2e,VAC-1020,CAND-10020,HR (финал),Обновить статус в HCM,Service Task,Марина_8,2025-10-09 09:40:13.940715,2025-10-09 10:11:13.940715,1860,,
75a903c3-987f-443e-8623-1ef44c772b2e,VAC-1020,CAND-10020,HR (финал),Payroll / учет,Service Task,Наталья_7,2025-10-09 11:10:13.940715,2025-10-09 11:28:13.940715,1080,,
75a903c3-987f-443e-8623-1ef44c772b2e,VAC-1020,CAND-10020,HR (финал),Закрыть вакансию на порталах,Service Task,Ольга_2,2025-10-09 12:09:13.940715,2025-10-09 13:02:13.940715,3180,,
75a903c3-987f-443e-8623-1ef44c772b2e,VAC-1020,CAND-10020,HR (финал),Hire Completed,End Event,system,2025-10-09 13:33:13.940715,2025-10-09 13:33:13.940715,0,hired,
761f46e1-67a0-462a-af60-6f733f666125,VAC-1103,CAND-10103,РУКОВОДИТЕЛЬ,Создать заявку,User Task,Иванов_7,2025-09-26 19:09:13.940715,2025-09-26 19:58:13.940715,2940,,
761f46e1-67a0-462a-af60-6f733f666125,VAC-1103,CAND-10103,HR,Зарегистрировать в HCM,Service Task,Наталья_8,2025-09-26 20:41:13.940715,2025-09-26 21:05:13.940715,1440,,
761f46e1-67a0-462a-af60-6f733f666125,VAC-1103,CAND-10103,РЕКРУТЕР,Разместить вакансию,Task,Алексей_9,2025-09-26 21:28:13.940715,2025-09-26 23:26:13.940715,7080,,
761f46e1-67a0-462a-af60-6f733f666125,VAC-1103,CAND-10103,РЕКРУТЕР,Собирать резюме,Task,Алексей_1,2025-09-27 03:24:13.940715,2025-09-27 09:37:13.940715,22380,,
761f46e1-67a0-462a-af60-6f733f666125,VAC-1103,CAND-10103,РЕКРУТЕР,Скрининг,Task,Екатерина_8,2025-09-27 11:04:13.940715,2025-09-27 11:13:13.940715,540,rejected,некорректное резюме
7634bf76-8841-4c89-841a-080a5ae79e6c,VAC-1056,CAND-10056,РУКОВОДИТЕЛЬ,Создать заявку,User Task,Иванов_3,2025-09-13 11:50:13.940715,2025-09-13 12:37:13.940715,2820,,
7634bf76-8841-4c89-841a-080a5ae79e6c,VAC-1056,CAND-10056,HR,Зарегистрировать в HCM,Service Task,Ольга_4,2025-09-13 12:46:13.940715,2025-09-13 13:02:13.940715,960,,
7634bf76-8841-4c89-841a-080a5ae79e6c,VAC-1056,CAND-10056,РЕКРУТЕР,Разместить вакансию,Task,Дмитрий_4,2025-09-13 13:03:13.940715,2025-09-13 14:29:13.940715,5160,,
7634bf76-8841-4c89-841a-080a5ae79e6c,VAC-1056,CAND-10056,РЕКРУТЕР,Собирать резюме,Task,Дмитрий_6,2025-09-13 16:33:13.940715,2025-09-13 23:58:13.940715,26700,,
7634bf76-8841-4c89-841a-080a5ae79e6c,VAC-1056,CAND-10056,РЕКРУТЕР,Скрининг,Task,Екатерина_1,2025-09-14 00:41:13.940715,2025-09-14 02:05:13.940715,5040,passed,
7634bf76-8841-4c89-841a-080a5ae79e6c,VAC-1056,CAND-10056,ИНТЕРВЬЮЕРЫ,Назначить интервью,User Task,Андрей_1,2025-09-14 03:45:13.940715,2025-09-14 04:34:13.940715,2940,,
7634bf76-8841-4c89-841a-080a5ae79e6c,VAC-1056,CAND-10056,ИНТЕРВЬЮЕРЫ,Интервью (раунд 1),User Task,Анна_9,2025-09-14 07:03:13.940715,2025-09-14 09:06:13.940715,7380,passed,
7634bf76-8841-4c89-841a-080a5ae79e6c,VAC-1056,CAND-10056,ИНТЕРВЬЮЕРЫ,Интервью (раунд 2),User Task,Анна_5,2025-09-14 12:36:13.940715,2025-09-14 14:40:13.940715,7440,rejected,поведенческий
76847fd6-136b-47e2-bf15-e91a8052bf5c,VAC-1141,CAND-10141,РУКОВОДИТЕЛЬ,Создать заявку,User Task,Сидоров_6,2025-09-01 12:09:13.940715,2025-09-01 13:09:13.940715,3600,,
76847fd6-136b-47e2-bf15-e91a8052bf5c,VAC-1141,CAND-10141,HR,Зарегистрировать в HCM,Service Task,Марина_4,2025-09-01 13:43:13.940715,2025-09-01 13:57:13.940715,840,,
76847fd6-136b-47e2-bf15-e91a8052bf5c,VAC-1141,CAND-10141,РЕКРУТЕР,Разместить вакансию,Task,Екатерина_1,2025-09-01 14:42:13.940715,2025-09-01 15:55:13.940715,4380,,
76847fd6-136b-47e2-bf15-e91a8052bf5c,VAC-1141,CAND-10141,РЕКРУТЕР,Собирать резюме,Task,Екатерина_9,2025-09-01 16:32:13.940715,2025-09-01 22:24:13.940715,21120,,
76847fd6-136b-47e2-bf15-e91a8052bf5c,VAC-1141,CAND-10141,РЕКРУТЕР,Скрининг,Task,Екатерина_5,2025-09-01 22:40:13.940715,2025-09-01 23:51:13.940715,4260,passed,
76847fd6-136b-47e2-bf15-e91a8052bf5c,VAC-1141,CAND-10141,ИНТЕРВЬЮЕРЫ,Назначить интервью,User Task,Сергей_9,2025-09-02 03:36:13.940715,2025-09-02 04:01:13.940715,1500,,
76847fd6-136b-47e2-bf15-e91a8052bf5c,VAC-1141,CAND-10141,ИНТЕРВЬЮЕРЫ,Интервью (раунд 1),User Task,Анна_8,2025-09-02 07:10:13.940715,2025-09-02 09:25:13.940715,8100,rejected,культурный профиль
77584e69-0851-4bcc-97d7-01cc9df14227,VAC-1035,CAND-10035,РУКОВОДИТЕЛЬ,Создать заявку,User Task,Кузнецов_7,2025-09-13 19:52:13.940715,2025-09-13 20:33:13.940715,2460,,
77584e69-0851-4bcc-97d7-01cc9df14227,VAC-1035,CAND-10035,HR,Зарегистрировать в HCM,Service Task,Ольга_1,2025-09-13 20:52:13.940715,2025-09-13 20:56:13.940715,240,,
77584e69-0851-4bcc-97d7-01cc9df14227,VAC-1035,CAND-10035,РЕКРУТЕР,Разместить вакансию,Task,Екатерина_8,2025-09-13 21:17:13.940715,2025-09-13 22:20:13.940715,3780,,
77584e69-0851-4bcc-97d7-01cc9df14227,VAC-1035,CAND-10035,РЕКРУТЕР,Собирать резюме,Task,Дмитрий_2,2025-09-14 02:02:13.940715,2025-09-14 08:55:13.940715,24780,,
77584e69-0851-4bcc-97d7-01cc9df14227,VAC-1035,CAND-10035,РЕКРУТЕР,Скрининг,Task,Алексей_4,2025-09-14 09:55:13.940715,2025-09-14 11:53:13.940715,7080,passed,
77584e69-0851-4bcc-97d7-01cc9df14227,VAC-1035,CAND-10035,ИНТЕРВЬЮЕРЫ,Назначить интервью,User Task,Андрей_7,2025-09-14 13:43:13.940715,2025-09-14 14:21:13.940715,2280,,
77584e69-0851-4bcc-97d7-01cc9df14227,VAC-1035,CAND-10035,ИНТЕРВЬЮЕРЫ,Интервью (раунд 1),User Task,Андрей_2,2025-09-14 18:01:13.940715,2025-09-14 20:12:13.940715,7860,passed,
77584e69-0851-4bcc-97d7-01cc9df14227,VAC-1035,CAND-10035,ИНТЕРВЬЮЕРЫ,Интервью (раунд 2),User Task,Анна_4,2025-09-14 22:52:13.940715,2025-09-15 02:19:13.940715,12420,passed,
77584e69-0851-4bcc-97d7-01cc9df14227,VAC-1035,CAND-10035,ИНТЕРВЬЮЕРЫ,Интервью (раунд 3),User Task,Анна_3,2025-09-15 06:07:13.940715,2025-09-15 08:21:13.940715,8040,passed,
77584e69-0851-4bcc-97d7-01cc9df14227,VAC-1035,CAND-10035,ИНТЕРВЬЮЕРЫ,Финальное интервью,User Task,Андрей_3,2025-09-15 09:45:13.940715,2025-09-15 10:56:13.940715,4260,passed,
77584e69-0851-4bcc-97d7-01cc9df14227,VAC-1035,CAND-10035,HR (ОФФЕР),Согласовать условия,User Task,HR_Manager_3,2025-09-15 13:40:13.940715,2025-09-15 15:28:13.940715,6480,,
77584e69-0851-4bcc-97d7-01cc9df14227,VAC-1035,CAND-10035,HR (ОФФЕР),Сгенерировать оффер,Service Task,HR_Manager_8,2025-09-15 16:22:13.940715,2025-09-15 16:44:13.940715,1320,,
77584e69-0851-4bcc-97d7-01cc9df14227,VAC-1035,CAND-10035,HR (ОФФЕР),Отправить оффер,Send Task,HR_Manager_6,2025-09-15 17:03:13.940715,2025-09-15 17:13:13.940715,600,sent,
77584e69-0851-4bcc-97d7-01cc9df14227,VAC-1035,CAND-10035,HR (ОФФЕР),Timer: ожидание ответа (дни),Timer,,2025-09-15 17:13:13.940715,2025-09-18 17:13:13.940715,259200,timer_elapsed,
77584e69-0851-4bcc-97d7-01cc9df14227,VAC-1035,CAND-10035,SECURITY,Background Check,Call Activity,Служба_БД_5,2025-09-18 21:53:13.940715,2025-09-20 13:53:13.940715,144000,report_ready,
77584e69-0851-4bcc-97d7-01cc9df14227,VAC-1035,CAND-10035,IT,Выдача оборудования,Task,IT_Specialist_9,2025-09-20 15:09:13.940715,2025-09-20 15:53:13.940715,2640,,
77584e69-0851-4bcc-97d7-01cc9df14227,VAC-1035,CAND-10035,IT,Создать доступы,Task,IT_Specialist_8,2025-09-20 16:07:13.940715,2025-09-20 17:36:13.940715,5340,,
77584e69-0851-4bcc-97d7-01cc9df14227,VAC-1035,CAND-10035,IT,HR/Training: Вводное обучение,Service Task,Ольга_5,2025-09-20 22:45:13.940715,2025-09-21 00:14:13.940715,5340,,
77584e69-0851-4bcc-97d7-01cc9df14227,VAC-1035,CAND-10035,IT,Назначить ментора,Task,Наталья_9,2025-09-21 00:38:13.940715,2025-09-21 02:10:13.940715,5520,,
77584e69-0851-4bcc-97d7-01cc9df14227,VAC-1035,CAND-10035,IT,Message: уведомить всех,Message,system,2025-09-21 02:35:13.940715,2025-09-21 02:50:13.940715,900,notified,
77584e69-0851-4bcc-97d7-01cc9df14227,VAC-1035,CAND-10035,HR (финал),Обновить статус в HCM,Service Task,Марина_1,2025-09-21 04:05:13.940715,2025-09-21 04:41:13.940715,2160,,
77584e69-0851-4bcc-97d7-01cc9df14227,VAC-1035,CAND-10035,HR (финал),Payroll / учет,Service Task,Марина_4,2025-09-21 05:10:13.940715,2025-09-21 06:09:13.940715,3540,,
77584e69-0851-4bcc-97d7-01cc9df14227,VAC-1035,CAND-10035,HR (финал),Закрыть вакансию на порталах,Service Task,Ольга_9,2025-09-21 06:30:13.940715,2025-09-21 07:09:13.940715,2340,,
77584e69-0851-4bcc-97d7-01cc9df14227,VAC-1035,CAND-10035,HR (финал),Hire Completed,End Event,system,2025-09-21 07:19:13.940715,2025-09-21 07:19:13.940715,0,hired,
777c1769-0f20-438a-a814-0ee9147c9286,VAC-1176,CAND-10176,РУКОВОДИТЕЛЬ,Создать заявку,User Task,Иванов_3,2025-10-07 19:36:13.940715,2025-10-07 20:09:13.940715,1980,,
777c1769-0f20-438a-a814-0ee9147c9286,VAC-1176,CAND-10176,HR,Зарегистрировать в HCM,Service Task,Ольга_7,2025-10-07 21:03:13.940715,2025-10-07 21:15:13.940715,720,,
777c1769-0f20-438a-a814-0ee9147c9286,VAC-1176,CAND-10176,РЕКРУТЕР,Разместить вакансию,Task,Алексей_7,2025-10-07 21:29:13.940715,2025-10-08 00:00:13.940715,9060,,
777c1769-0f20-438a-a814-0ee9147c9286,VAC-1176,CAND-10176,РЕКРУТЕР,Собирать резюме,Task,Дмитрий_2,2025-10-08 00:38:13.940715,2025-10-08 08:07:13.940715,26940,,
777c1769-0f20-438a-a814-0ee9147c9286,VAC-1176,CAND-10176,РЕКРУТЕР,Скрининг,Task,Екатерина_3,2025-10-08 09:11:13.940715,2025-10-08 09:35:13.940715,1440,passed,
777c1769-0f20-438a-a814-0ee9147c9286,VAC-1176,CAND-10176,ИНТЕРВЬЮЕРЫ,Назначить интервью,User Task,Сергей_9,2025-10-08 11:15:13.940715,2025-10-08 12:05:13.940715,3000,,
777c1769-0f20-438a-a814-0ee9147c9286,VAC-1176,CAND-10176,ИНТЕРВЬЮЕРЫ,Интервью (раунд 1),User Task,Сергей_5,2025-10-08 12:56:13.940715,2025-10-08 15:04:13.940715,7680,passed,
777c1769-0f20-438a-a814-0ee9147c9286,VAC-1176,CAND-10176,ИНТЕРВЬЮЕРЫ,Интервью (раунд 2),User Task,Анна_8,2025-10-08 17:30:13.940715,2025-10-08 20:48:13.940715,11880,rejected,недостаточно навыков
77d034ff-f071-4947-bb9e-c161339cfa11,VAC-1190,CAND-10190,РУКОВОДИТЕЛЬ,Создать заявку,User Task,Сидоров_4,2025-09-19 12:26:13.940715,2025-09-19 12:49:13.940715,1380,,
77d034ff-f071-4947-bb9e-c161339cfa11,VAC-1190,CAND-10190,HR,Зарегистрировать в HCM,Service Task,Наталья_6,2025-09-19 13:29:13.940715,2025-09-19 13:44:13.940715,900,,
77d034ff-f071-4947-bb9e-c161339cfa11,VAC-1190,CAND-10190,РЕКРУТЕР,Разместить вакансию,Task,Алексей_1,2025-09-19 14:22:13.940715,2025-09-19 16:39:13.940715,8220,,
77d034ff-f071-4947-bb9e-c161339cfa11,VAC-1190,CAND-10190,РЕКРУТЕР,Собирать резюме,Task,Дмитрий_7,2025-09-19 18:49:13.940715,2025-09-19 20:57:13.940715,7680,,
77d034ff-f071-4947-bb9e-c161339cfa11,VAC-1190,CAND-10190,РЕКРУТЕР,Скрининг,Task,Екатерина_7,2025-09-19 22:29:13.940715,2025-09-19 22:38:13.940715,540,rejected,не соотв. опыту
77d034ff-f071-4947-bb9e-c161339cfa11,VAC-1190,CAND-10190,РЕКРУТЕР,Скрининг,Task,Екатерина_7,2025-09-19 23:29:13.940715,2025-09-20 00:09:13.940715,2400,rejected,не соотв. опыту
78e279e1-30fd-4cc3-accf-68b48495a0fb,VAC-1124,CAND-10124,РУКОВОДИТЕЛЬ,Создать заявку,User Task,Кузнецов_3,2025-10-18 19:24:13.940715,2025-10-18 19:46:13.940715,1320,,
78e279e1-30fd-4cc3-accf-68b48495a0fb,VAC-1124,CAND-10124,HR,Зарегистрировать в HCM,Service Task,Наталья_8,2025-10-18 20:31:13.940715,2025-10-18 20:49:13.940715,1080,,
78e279e1-30fd-4cc3-accf-68b48495a0fb,VAC-1124,CAND-10124,РЕКРУТЕР,Разместить вакансию,Task,Дмитрий_9,2025-10-18 21:30:13.940715,2025-10-19 00:14:13.940715,9840,,
78e279e1-30fd-4cc3-accf-68b48495a0fb,VAC-1124,CAND-10124,РЕКРУТЕР,Собирать резюме,Task,Екатерина_5,2025-10-19 03:07:13.940715,2025-10-19 09:34:13.940715,23220,,
78e279e1-30fd-4cc3-accf-68b48495a0fb,VAC-1124,CAND-10124,РЕКРУТЕР,Скрининг,Task,Екатерина_4,2025-10-19 10:23:13.940715,2025-10-19 10:47:13.940715,1440,rejected,некорректное резюме
78e279e1-30fd-4cc3-accf-68b48495a0fb,VAC-1124,CAND-10124,РЕКРУТЕР,Скрининг,Task,Екатерина_4,2025-10-19 11:23:13.940715,2025-10-19 11:54:13.940715,1860,rejected,некорректное резюме
7b3fa416-1761-443c-bf1c-04ba8618573d,VAC-1099,CAND-10099,РУКОВОДИТЕЛЬ,Создать заявку,User Task,Кузнецов_4,2025-09-19 14:35:13.940715,2025-09-19 14:42:13.940715,420,,
7b3fa416-1761-443c-bf1c-04ba8618573d,VAC-1099,CAND-10099,HR,Зарегистрировать в HCM,Service Task,Ольга_6,2025-09-19 15:27:13.940715,2025-09-19 15:57:13.940715,1800,,
7b3fa416-1761-443c-bf1c-04ba8618573d,VAC-1099,CAND-10099,РЕКРУТЕР,Разместить вакансию,Task,Алексей_2,2025-09-19 16:13:13.940715,2025-09-19 16:33:13.940715,1200,,
7b3fa416-1761-443c-bf1c-04ba8618573d,VAC-1099,CAND-10099,РЕКРУТЕР,Собирать резюме,Task,Екатерина_8,2025-09-19 17:11:13.940715,2025-09-19 23:04:13.940715,21180,,
7b3fa416-1761-443c-bf1c-04ba8618573d,VAC-1099,CAND-10099,РЕКРУТЕР,Скрининг,Task,Екатерина_2,2025-09-19 23:28:13.940715,2025-09-19 23:49:13.940715,1260,rejected,не прошёл тест
7ff447b1-1fbd-428a-8200-5649db2dfe3c,VAC-1009,CAND-10009,РУКОВОДИТЕЛЬ,Создать заявку,User Task,Сидоров_1,2025-10-17 14:57:13.940715,2025-10-17 15:33:13.940715,2160,,
7ff447b1-1fbd-428a-8200-5649db2dfe3c,VAC-1009,CAND-10009,HR,Зарегистрировать в HCM,Service Task,Ольга_5,2025-10-17 15:39:13.940715,2025-10-17 16:00:13.940715,1260,,
7ff447b1-1fbd-428a-8200-5649db2dfe3c,VAC-1009,CAND-10009,РЕКРУТЕР,Разместить вакансию,Task,Дмитрий_3,2025-10-17 16:03:13.940715,2025-10-17 16:23:13.940715,1200,,
7ff447b1-1fbd-428a-8200-5649db2dfe3c,VAC-1009,CAND-10009,РЕКРУТЕР,Собирать резюме,Task,Алексей_8,2025-10-17 19:16:13.940715,2025-10-17 22:30:13.940715,11640,,
7ff447b1-1fbd-428a-8200-5649db2dfe3c,VAC-1009,CAND-10009,РЕКРУТЕР,Скрининг,Task,Дмитрий_9,2025-10-17 23:45:13.940715,2025-10-18 01:25:13.940715,6000,passed,
7ff447b1-1fbd-428a-8200-5649db2dfe3c,VAC-1009,CAND-10009,ИНТЕРВЬЮЕРЫ,Назначить интервью,User Task,Андрей_9,2025-10-18 01:52:13.940715,2025-10-18 02:41:13.940715,2940,,
7ff447b1-1fbd-428a-8200-5649db2dfe3c,VAC-1009,CAND-10009,ИНТЕРВЬЮЕРЫ,Интервью (раунд 1),User Task,Сергей_3,2025-10-18 04:45:13.940715,2025-10-18 07:59:13.940715,11640,passed,
7ff447b1-1fbd-428a-8200-5649db2dfe3c,VAC-1009,CAND-10009,ИНТЕРВЬЮЕРЫ,Финальное интервью,User Task,Андрей_6,2025-10-18 08:33:13.940715,2025-10-18 10:36:13.940715,7380,passed,
7ff447b1-1fbd-428a-8200-5649db2dfe3c,VAC-1009,CAND-10009,HR (ОФФЕР),Согласовать условия,User Task,HR_Manager_2,2025-10-18 11:39:13.940715,2025-10-18 17:58:13.940715,22740,,
7ff447b1-1fbd-428a-8200-5649db2dfe3c,VAC-1009,CAND-10009,HR (ОФФЕР),Сгенерировать оффер,Service Task,HR_Manager_3,2025-10-18 18:25:13.940715,2025-10-18 18:51:13.940715,1560,,
7ff447b1-1fbd-428a-8200-5649db2dfe3c,VAC-1009,CAND-10009,HR (ОФФЕР),Отправить оффер,Send Task,HR_Manager_7,2025-10-18 18:59:13.940715,2025-10-18 19:02:13.940715,180,sent,
7ff447b1-1fbd-428a-8200-5649db2dfe3c,VAC-1009,CAND-10009,HR (ОФФЕР),Timer: ожидание ответа (дни),Timer,,2025-10-18 19:02:13.940715,2025-10-19 19:02:13.940715,86400,timer_elapsed,
7ff447b1-1fbd-428a-8200-5649db2dfe3c,VAC-1009,CAND-10009,SECURITY,Background Check,Call Activity,Служба_БД_4,2025-10-20 17:43:13.940715,2025-10-23 07:07:13.940715,221040,report_ready,
7ff447b1-1fbd-428a-8200-5649db2dfe3c,VAC-1009,CAND-10009,IT,Выдача оборудования,Task,IT_Specialist_7,2025-10-23 08:48:13.940715,2025-10-23 12:17:13.940715,12540,,
7ff447b1-1fbd-428a-8200-5649db2dfe3c,VAC-1009,CAND-10009,IT,Создать доступы,Task,IT_Specialist_4,2025-10-23 14:13:13.940715,2025-10-23 14:32:13.940715,1140,,
7ff447b1-1fbd-428a-8200-5649db2dfe3c,VAC-1009,CAND-10009,IT,HR/Training: Вводное обучение,Service Task,Ольга_6,2025-10-24 17:47:13.940715,2025-10-25 01:45:13.940715,28680,,
7ff447b1-1fbd-428a-8200-5649db2dfe3c,VAC-1009,CAND-10009,IT,Назначить ментора,Task,Наталья_4,2025-10-25 03:08:13.940715,2025-10-25 05:03:13.940715,6900,,
7ff447b1-1fbd-428a-8200-5649db2dfe3c,VAC-1009,CAND-10009,IT,Message: уведомить всех,Message,system,2025-10-25 05:05:13.940715,2025-10-25 05:27:13.940715,1320,notified,
7ff447b1-1fbd-428a-8200-5649db2dfe3c,VAC-1009,CAND-10009,HR (финал),Обновить статус в HCM,Service Task,Ольга_5,2025-10-25 05:52:13.940715,2025-10-25 06:18:13.940715,1560,,
7ff447b1-1fbd-428a-8200-5649db2dfe3c,VAC-1009,CAND-10009,HR (финал),Payroll / учет,Service Task,Ольга_6,2025-10-25 07:14:13.940715,2025-10-25 07:19:13.940715,300,,
7ff447b1-1fbd-428a-8200-5649db2dfe3c,VAC-1009,CAND-10009,HR (финал),Закрыть вакансию на порталах,Service Task,Ольга_9,2025-10-25 08:01:13.940715,2025-10-25 08:34:13.940715,1980,,
7ff447b1-1fbd-428a-8200-5649db2dfe3c,VAC-1009,CAND-10009,HR (финал),Hire Completed,End Event,system,2025-10-25 08:56:13.940715,2025-10-25 08:56:13.940715,0,hired,
8321bd96-e696-4c40-a597-54a421c884d1,VAC-1106,CAND-10106,РУКОВОДИТЕЛЬ,Создать заявку,User Task,Петров_4,2025-09-13 19:05:13.940715,2025-09-13 19:23:13.940715,1080,,
8321bd96-e696-4c40-a597-54a421c884d1,VAC-1106,CAND-10106,HR,Зарегистрировать в HCM,Service Task,Ольга_6,2025-09-13 20:03:13.940715,2025-09-13 20:26:13.940715,1380,,
8321bd96-e696-4c40-a597-54a421c884d1,VAC-1106,CAND-10106,РЕКРУТЕР,Разместить вакансию,Task,Екатерина_3,2025-09-13 21:25:13.940715,2025-09-13 22:18:13.940715,3180,,
8321bd96-e696-4c40-a597-54a421c884d1,VAC-1106,CAND-10106,РЕКРУТЕР,Собирать резюме,Task,Екатерина_6,2025-09-14 00:36:13.940715,2025-09-14 06:13:13.940715,20220,,
8321bd96-e696-4c40-a597-54a421c884d1,VAC-1106,CAND-10106,РЕКРУТЕР,Скрининг,Task,Дмитрий_9,2025-09-14 07:48:13.940715,2025-09-14 08:12:13.940715,1440,passed,
8321bd96-e696-4c40-a597-54a421c884d1,VAC-1106,CAND-10106,ИНТЕРВЬЮЕРЫ,Назначить интервью,User Task,Анна_7,2025-09-14 10:46:13.940715,2025-09-14 11:33:13.940715,2820,,
8321bd96-e696-4c40-a597-54a421c884d1,VAC-1106,CAND-10106,ИНТЕРВЬЮЕРЫ,Интервью (раунд 1),User Task,Сергей_1,2025-09-14 14:19:13.940715,2025-09-14 16:17:13.940715,7080,rejected,культурный профиль
832ae740-470f-48f0-a77a-10f7f50176f8,VAC-1051,CAND-10051,РУКОВОДИТЕЛЬ,Создать заявку,User Task,Иванов_1,2025-09-05 19:57:13.940715,2025-09-05 20:27:13.940715,1800,,
832ae740-470f-48f0-a77a-10f7f50176f8,VAC-1051,CAND-10051,HR,Зарегистрировать в HCM,Service Task,Марина_6,2025-09-05 20:30:13.940715,2025-09-05 20:35:13.940715,300,,
832ae740-470f-48f0-a77a-10f7f50176f8,VAC-1051,CAND-10051,РЕКРУТЕР,Разместить вакансию,Task,Екатерина_8,2025-09-05 21:27:13.940715,2025-09-05 23:48:13.940715,8460,,
832ae740-470f-48f0-a77a-10f7f50176f8,VAC-1051,CAND-10051,РЕКРУТЕР,Собирать резюме,Task,Екатерина_3,2025-09-06 00:36:13.940715,2025-09-06 06:46:13.940715,22200,,
832ae740-470f-48f0-a77a-10f7f50176f8,VAC-1051,CAND-10051,РЕКРУТЕР,Скрининг,Task,Дмитрий_3,2025-09-06 07:32:13.940715,2025-09-06 09:00:13.940715,5280,passed,
832ae740-470f-48f0-a77a-10f7f50176f8,VAC-1051,CAND-10051,ИНТЕРВЬЮЕРЫ,Назначить интервью,User Task,Сергей_6,2025-09-06 11:45:13.940715,2025-09-06 12:37:13.940715,3120,,
832ae740-470f-48f0-a77a-10f7f50176f8,VAC-1051,CAND-10051,ИНТЕРВЬЮЕРЫ,Интервью (раунд 1),User Task,Анна_5,2025-09-06 15:17:13.940715,2025-09-06 18:18:13.940715,10860,passed,
832ae740-470f-48f0-a77a-10f7f50176f8,VAC-1051,CAND-10051,ИНТЕРВЬЮЕРЫ,Интервью (раунд 2),User Task,Анна_2,2025-09-06 20:49:13.940715,2025-09-06 21:38:13.940715,2940,passed,
832ae740-470f-48f0-a77a-10f7f50176f8,VAC-1051,CAND-10051,ИНТЕРВЬЮЕРЫ,Финальное интервью,User Task,Анна_1,2025-09-06 23:48:13.940715,2025-09-07 03:02:13.940715,11640,passed,
832ae740-470f-48f0-a77a-10f7f50176f8,VAC-1051,CAND-10051,HR (ОФФЕР),Согласовать условия,User Task,HR_Manager_4,2025-09-07 05:44:13.940715,2025-09-07 10:16:13.940715,16320,,
832ae740-470f-48f0-a77a-10f7f50176f8,VAC-1051,CAND-10051,HR (ОФФЕР),Сгенерировать оффер,Service Task,HR_Manager_3,2025-09-07 11:07:13.940715,2025-09-07 11:10:13.940715,180,,
832ae740-470f-48f0-a77a-10f7f50176f8,VAC-1051,CAND-10051,HR (ОФФЕР),Отправить оффер,Send Task,HR_Manager_3,2025-09-07 11:27:13.940715,2025-09-07 11:37:13.940715,600,sent,
832ae740-470f-48f0-a77a-10f7f50176f8,VAC-1051,CAND-10051,HR (ОФФЕР),Timer: ожидание ответа (дни),Timer,,2025-09-07 11:37:13.940715,2025-09-09 11:37:13.940715,172800,timer_elapsed,
832ae740-470f-48f0-a77a-10f7f50176f8,VAC-1051,CAND-10051,SECURITY,Background Check,Call Activity,Служба_БД_1,2025-09-11 11:27:13.940715,2025-09-12 02:57:13.940715,55800,report_ready,
832ae740-470f-48f0-a77a-10f7f50176f8,VAC-1051,CAND-10051,IT,Выдача оборудования,Task,IT_Specialist_4,2025-09-12 03:51:13.940715,2025-09-12 04:59:13.940715,4080,,
832ae740-470f-48f0-a77a-10f7f50176f8,VAC-1051,CAND-10051,IT,Создать доступы,Task,IT_Specialist_1,2025-09-12 05:56:13.940715,2025-09-12 08:14:13.940715,8280,,
832ae740-470f-48f0-a77a-10f7f50176f8,VAC-1051,CAND-10051,IT,HR/Training: Вводное обучение,Service Task,Наталья_9,2025-09-13 03:06:13.940715,2025-09-13 08:31:13.940715,19500,,
832ae740-470f-48f0-a77a-10f7f50176f8,VAC-1051,CAND-10051,IT,Назначить ментора,Task,Ольга_9,2025-09-13 09:59:13.940715,2025-09-13 11:33:13.940715,5640,,
832ae740-470f-48f0-a77a-10f7f50176f8,VAC-1051,CAND-10051,IT,Message: уведомить всех,Message,system,2025-09-13 11:58:13.940715,2025-09-13 12:09:13.940715,660,notified,
832ae740-470f-48f0-a77a-10f7f50176f8,VAC-1051,CAND-10051,HR (финал),Обновить статус в HCM,Service Task,Марина_6,2025-09-13 12:32:13.940715,2025-09-13 13:02:13.940715,1800,,
832ae740-470f-48f0-a77a-10f7f50176f8,VAC-1051,CAND-10051,HR (финал),Payroll / учет,Service Task,Марина_5,2025-09-13 13:37:13.940715,2025-09-13 14:00:13.940715,1380,,
832ae740-470f-48f0-a77a-10f7f50176f8,VAC-1051,CAND-10051,HR (финал),Закрыть вакансию на порталах,Service Task,Наталья_4,2025-09-13 14:40:13.940715,2025-09-13 15:11:13.940715,1860,,
832ae740-470f-48f0-a77a-10f7f50176f8,VAC-1051,CAND-10051,HR (финал),Hire Completed,End Event,system,2025-09-13 15:29:13.940715,2025-09-13 15:29:13.940715,0,hired,
85398a6f-e600-40c2-a248-aefd6e21d314,VAC-1153,CAND-10153,РУКОВОДИТЕЛЬ,Создать заявку,User Task,Сидоров_1,2025-10-02 14:42:13.940715,2025-10-02 15:41:13.940715,3540,,
85398a6f-e600-40c2-a248-aefd6e21d314,VAC-1153,CAND-10153,HR,Зарегистрировать в HCM,Service Task,Марина_3,2025-10-02 16:29:13.940715,2025-10-02 16:33:13.940715,240,,
85398a6f-e600-40c2-a248-aefd6e21d314,VAC-1153,CAND-10153,РЕКРУТЕР,Разместить вакансию,Task,Екатерина_3,2025-10-02 17:32:13.940715,2025-10-02 20:23:13.940715,10260,,
85398a6f-e600-40c2-a248-aefd6e21d314,VAC-1153,CAND-10153,РЕКРУТЕР,Собирать резюме,Task,Дмитрий_3,2025-10-02 23:21:13.940715,2025-10-03 04:09:13.940715,17280,,
85398a6f-e600-40c2-a248-aefd6e21d314,VAC-1153,CAND-10153,РЕКРУТЕР,Скрининг,Task,Екатерина_4,2025-10-03 04:47:13.940715,2025-10-03 06:37:13.940715,6600,passed,
85398a6f-e600-40c2-a248-aefd6e21d314,VAC-1153,CAND-10153,ИНТЕРВЬЮЕРЫ,Назначить интервью,User Task,Андрей_6,2025-10-03 10:09:13.940715,2025-10-03 10:47:13.940715,2280,,
85398a6f-e600-40c2-a248-aefd6e21d314,VAC-1153,CAND-10153,ИНТЕРВЬЮЕРЫ,Интервью (раунд 1),User Task,Андрей_8,2025-10-03 11:54:13.940715,2025-10-03 15:11:13.940715,11820,rejected,поведенческий
87d427dd-d374-4293-9b88-fa27f9a84110,VAC-1048,CAND-10048,РУКОВОДИТЕЛЬ,Создать заявку,User Task,Петров_6,2025-09-26 12:44:13.940715,2025-09-26 12:59:13.940715,900,,
87d427dd-d374-4293-9b88-fa27f9a84110,VAC-1048,CAND-10048,HR,Зарегистрировать в HCM,Service Task,Наталья_6,2025-09-26 13:59:13.940715,2025-09-26 14:22:13.940715,1380,,
87d427dd-d374-4293-9b88-fa27f9a84110,VAC-1048,CAND-10048,РЕКРУТЕР,Разместить вакансию,Task,Алексей_5,2025-09-26 14:56:13.940715,2025-09-26 16:28:13.940715,5520,,
87d427dd-d374-4293-9b88-fa27f9a84110,VAC-1048,CAND-10048,РЕКРУТЕР,Собирать резюме,Task,Екатерина_5,2025-09-26 17:28:13.940715,2025-09-26 23:53:13.940715,23100,,
87d427dd-d374-4293-9b88-fa27f9a84110,VAC-1048,CAND-10048,РЕКРУТЕР,Скрининг,Task,Дмитрий_9,2025-09-27 00:14:13.940715,2025-09-27 01:44:13.940715,5400,passed,
87d427dd-d374-4293-9b88-fa27f9a84110,VAC-1048,CAND-10048,ИНТЕРВЬЮЕРЫ,Назначить интервью,User Task,Анна_3,2025-09-27 04:36:13.940715,2025-09-27 04:51:13.940715,900,,
87d427dd-d374-4293-9b88-fa27f9a84110,VAC-1048,CAND-10048,ИНТЕРВЬЮЕРЫ,Интервью (раунд 1),User Task,Сергей_1,2025-09-27 08:00:13.940715,2025-09-27 11:49:13.940715,13740,rejected,недостаточно навыков
8b31facd-2f9e-45b0-9cc9-b476fdfae9d7,VAC-1191,CAND-10191,РУКОВОДИТЕЛЬ,Создать заявку,User Task,Кузнецов_6,2025-08-27 16:24:13.940715,2025-08-27 16:44:13.940715,1200,,
8b31facd-2f9e-45b0-9cc9-b476fdfae9d7,VAC-1191,CAND-10191,HR,Зарегистрировать в HCM,Service Task,Марина_1,2025-08-27 17:23:13.940715,2025-08-27 17:45:13.940715,1320,,
8b31facd-2f9e-45b0-9cc9-b476fdfae9d7,VAC-1191,CAND-10191,РЕКРУТЕР,Разместить вакансию,Task,Екатерина_7,2025-08-27 17:46:13.940715,2025-08-27 19:10:13.940715,5040,,
8b31facd-2f9e-45b0-9cc9-b476fdfae9d7,VAC-1191,CAND-10191,РЕКРУТЕР,Собирать резюме,Task,Екатерина_6,2025-08-27 20:37:13.940715,2025-08-28 00:59:13.940715,15720,,
8b31facd-2f9e-45b0-9cc9-b476fdfae9d7,VAC-1191,CAND-10191,РЕКРУТЕР,Скрининг,Task,Алексей_3,2025-08-28 01:20:13.940715,2025-08-28 02:41:13.940715,4860,passed,
8b31facd-2f9e-45b0-9cc9-b476fdfae9d7,VAC-1191,CAND-10191,ИНТЕРВЬЮЕРЫ,Назначить интервью,User Task,Сергей_8,2025-08-28 04:57:13.940715,2025-08-28 05:33:13.940715,2160,,
8b31facd-2f9e-45b0-9cc9-b476fdfae9d7,VAC-1191,CAND-10191,ИНТЕРВЬЮЕРЫ,Интервью (раунд 1),User Task,Андрей_5,2025-08-28 07:24:13.940715,2025-08-28 11:10:13.940715,13560,passed,
8b31facd-2f9e-45b0-9cc9-b476fdfae9d7,VAC-1191,CAND-10191,ИНТЕРВЬЮЕРЫ,Интервью (раунд 2),User Task,Андрей_8,2025-08-28 12:09:13.940715,2025-08-28 14:14:13.940715,7500,passed,
8b31facd-2f9e-45b0-9cc9-b476fdfae9d7,VAC-1191,CAND-10191,ИНТЕРВЬЮЕРЫ,Финальное интервью,User Task,Сергей_5,2025-08-28 18:11:13.940715,2025-08-28 20:07:13.940715,6960,passed,
8b31facd-2f9e-45b0-9cc9-b476fdfae9d7,VAC-1191,CAND-10191,HR (ОФФЕР),Согласовать условия,User Task,HR_Manager_9,2025-08-29 00:01:13.940715,2025-08-29 02:45:13.940715,9840,,
8b31facd-2f9e-45b0-9cc9-b476fdfae9d7,VAC-1191,CAND-10191,HR (ОФФЕР),Сгенерировать оффер,Service Task,HR_Manager_6,2025-08-29 03:10:13.940715,2025-08-29 03:25:13.940715,900,,
8b31facd-2f9e-45b0-9cc9-b476fdfae9d7,VAC-1191,CAND-10191,HR (ОФФЕР),Отправить оффер,Send Task,HR_Manager_1,2025-08-29 03:41:13.940715,2025-08-29 03:44:13.940715,180,sent,
8b31facd-2f9e-45b0-9cc9-b476fdfae9d7,VAC-1191,CAND-10191,HR (ОФФЕР),Timer: ожидание ответа (дни),Timer,,2025-08-29 03:44:13.940715,2025-08-31 03:44:13.940715,172800,timer_elapsed,
8b31facd-2f9e-45b0-9cc9-b476fdfae9d7,VAC-1191,CAND-10191,SECURITY,Background Check,Call Activity,Служба_БД_8,2025-08-31 19:26:13.940715,2025-09-01 15:56:13.940715,73800,report_ready,
8b31facd-2f9e-45b0-9cc9-b476fdfae9d7,VAC-1191,CAND-10191,IT,Выдача оборудования,Task,IT_Specialist_2,2025-09-01 17:27:13.940715,2025-09-01 19:56:13.940715,8940,,
8b31facd-2f9e-45b0-9cc9-b476fdfae9d7,VAC-1191,CAND-10191,IT,Создать доступы,Task,IT_Specialist_8,2025-09-01 21:55:13.940715,2025-09-02 00:11:13.940715,8160,,
8b31facd-2f9e-45b0-9cc9-b476fdfae9d7,VAC-1191,CAND-10191,IT,HR/Training: Вводное обучение,Service Task,Марина_8,2025-09-04 00:52:13.940715,2025-09-04 07:55:13.940715,25380,,
8b31facd-2f9e-45b0-9cc9-b476fdfae9d7,VAC-1191,CAND-10191,IT,Назначить ментора,Task,Наталья_3,2025-09-04 09:57:13.940715,2025-09-04 11:10:13.940715,4380,,
8b31facd-2f9e-45b0-9cc9-b476fdfae9d7,VAC-1191,CAND-10191,IT,Message: уведомить всех,Message,system,2025-09-04 11:18:13.940715,2025-09-04 11:30:13.940715,720,notified,
8b31facd-2f9e-45b0-9cc9-b476fdfae9d7,VAC-1191,CAND-10191,HR (финал),Обновить статус в HCM,Service Task,Ольга_3,2025-09-04 11:42:13.940715,2025-09-04 11:56:13.940715,840,,
8b31facd-2f9e-45b0-9cc9-b476fdfae9d7,VAC-1191,CAND-10191,HR (финал),Payroll / учет,Service Task,Марина_9,2025-09-04 12:50:13.940715,2025-09-04 13:01:13.940715,660,,
8b31facd-2f9e-45b0-9cc9-b476fdfae9d7,VAC-1191,CAND-10191,HR (финал),Закрыть вакансию на порталах,Service Task,Марина_4,2025-09-04 13:54:13.940715,2025-09-04 14:12:13.940715,1080,,
8b31facd-2f9e-45b0-9cc9-b476fdfae9d7,VAC-1191,CAND-10191,HR (финал),Hire Completed,End Event,system,2025-09-04 14:50:13.940715,2025-09-04 14:50:13.940715,0,hired,
8cf8413d-f27f-4a77-9ba1-c7f688fc49a2,VAC-1081,CAND-10081,РУКОВОДИТЕЛЬ,Создать заявку,User Task,Кузнецов_6,2025-09-02 11:35:13.940715,2025-09-02 12:08:13.940715,1980,,
8cf8413d-f27f-4a77-9ba1-c7f688fc49a2,VAC-1081,CAND-10081,HR,Зарегистрировать в HCM,Service Task,Марина_6,2025-09-02 12:35:13.940715,2025-09-02 12:39:13.940715,240,,
8cf8413d-f27f-4a77-9ba1-c7f688fc49a2,VAC-1081,CAND-10081,РЕКРУТЕР,Разместить вакансию,Task,Дмитрий_5,2025-09-02 13:29:13.940715,2025-09-02 14:42:13.940715,4380,,
8cf8413d-f27f-4a77-9ba1-c7f688fc49a2,VAC-1081,CAND-10081,РЕКРУТЕР,Собирать резюме,Task,Алексей_2,2025-09-02 16:50:13.940715,2025-09-02 20:05:13.940715,11700,,
8cf8413d-f27f-4a77-9ba1-c7f688fc49a2,VAC-1081,CAND-10081,РЕКРУТЕР,Скрининг,Task,Екатерина_5,2025-09-02 20:30:13.940715,2025-09-02 20:48:13.940715,1080,rejected,некорректное резюме
8f3aa02b-cefb-4e1f-a3c3-abbf676b736a,VAC-1090,CAND-10090,РУКОВОДИТЕЛЬ,Создать заявку,User Task,Петров_9,2025-09-15 18:51:13.940715,2025-09-15 19:44:13.940715,3180,,
8f3aa02b-cefb-4e1f-a3c3-abbf676b736a,VAC-1090,CAND-10090,HR,Зарегистрировать в HCM,Service Task,Ольга_9,2025-09-15 19:48:13.940715,2025-09-15 20:15:13.940715,1620,,
8f3aa02b-cefb-4e1f-a3c3-abbf676b736a,VAC-1090,CAND-10090,РЕКРУТЕР,Разместить вакансию,Task,Екатерина_8,2025-09-15 20:42:13.940715,2025-09-15 23:19:13.940715,9420,,
8f3aa02b-cefb-4e1f-a3c3-abbf676b736a,VAC-1090,CAND-10090,РЕКРУТЕР,Собирать резюме,Task,Дмитрий_5,2025-09-16 01:55:13.940715,2025-09-16 04:55:13.940715,10800,,
8f3aa02b-cefb-4e1f-a3c3-abbf676b736a,VAC-1090,CAND-10090,РЕКРУТЕР,Скрининг,Task,Екатерина_1,2025-09-16 05:10:13.940715,2025-09-16 06:10:13.940715,3600,passed,
8f3aa02b-cefb-4e1f-a3c3-abbf676b736a,VAC-1090,CAND-10090,ИНТЕРВЬЮЕРЫ,Назначить интервью,User Task,Анна_3,2025-09-16 10:08:13.940715,2025-09-16 10:46:13.940715,2280,,
8f3aa02b-cefb-4e1f-a3c3-abbf676b736a,VAC-1090,CAND-10090,ИНТЕРВЬЮЕРЫ,Интервью (раунд 1),User Task,Андрей_4,2025-09-16 14:29:13.940715,2025-09-16 17:08:13.940715,9540,passed,
8f3aa02b-cefb-4e1f-a3c3-abbf676b736a,VAC-1090,CAND-10090,ИНТЕРВЬЮЕРЫ,Интервью (раунд 2),User Task,Сергей_2,2025-09-16 21:04:13.940715,2025-09-16 22:38:13.940715,5640,passed,
8f3aa02b-cefb-4e1f-a3c3-abbf676b736a,VAC-1090,CAND-10090,ИНТЕРВЬЮЕРЫ,Финальное интервью,User Task,Анна_3,2025-09-17 01:56:13.940715,2025-09-17 04:32:13.940715,9360,passed,
8f3aa02b-cefb-4e1f-a3c3-abbf676b736a,VAC-1090,CAND-10090,HR (ОФФЕР),Согласовать условия,User Task,HR_Manager_6,2025-09-17 08:15:13.940715,2025-09-17 13:49:13.940715,20040,,
8f3aa02b-cefb-4e1f-a3c3-abbf676b736a,VAC-1090,CAND-10090,HR (ОФФЕР),Сгенерировать оффер,Service Task,HR_Manager_2,2025-09-17 14:40:13.940715,2025-09-17 15:07:13.940715,1620,,
8f3aa02b-cefb-4e1f-a3c3-abbf676b736a,VAC-1090,CAND-10090,HR (ОФФЕР),Отправить оффер,Send Task,HR_Manager_9,2025-09-17 15:20:13.940715,2025-09-17 15:29:13.940715,540,sent,
8f3aa02b-cefb-4e1f-a3c3-abbf676b736a,VAC-1090,CAND-10090,HR (ОФФЕР),Timer: ожидание ответа (дни),Timer,,2025-09-17 15:29:13.940715,2025-09-20 15:29:13.940715,259200,timer_elapsed,
8f3aa02b-cefb-4e1f-a3c3-abbf676b736a,VAC-1090,CAND-10090,HR (ОФФЕР),Переговоры / отказ,Task,HR_Manager_9,2025-09-22 02:58:13.940715,2025-09-22 05:00:13.940715,7320,rejected,
8f44885e-2830-4894-9c02-572817cbf9cb,VAC-1050,CAND-10050,РУКОВОДИТЕЛЬ,Создать заявку,User Task,Иванов_9,2025-09-18 15:27:13.940715,2025-09-18 15:57:13.940715,1800,,
8f44885e-2830-4894-9c02-572817cbf9cb,VAC-1050,CAND-10050,HR,Зарегистрировать в HCM,Service Task,Марина_5,2025-09-18 16:10:13.940715,2025-09-18 16:22:13.940715,720,,
8f44885e-2830-4894-9c02-572817cbf9cb,VAC-1050,CAND-10050,РЕКРУТЕР,Разместить вакансию,Task,Екатерина_8,2025-09-18 16:27:13.940715,2025-09-18 18:25:13.940715,7080,,
8f44885e-2830-4894-9c02-572817cbf9cb,VAC-1050,CAND-10050,РЕКРУТЕР,Собирать резюме,Task,Дмитрий_2,2025-09-18 21:50:13.940715,2025-09-19 03:31:13.940715,20460,,
8f44885e-2830-4894-9c02-572817cbf9cb,VAC-1050,CAND-10050,РЕКРУТЕР,Скрининг,Task,Дмитрий_6,2025-09-19 03:52:13.940715,2025-09-19 04:32:13.940715,2400,rejected,некорректное резюме
8f44885e-2830-4894-9c02-572817cbf9cb,VAC-1050,CAND-10050,РЕКРУТЕР,Скрининг,Task,Дмитрий_6,2025-09-19 04:52:13.940715,2025-09-19 05:45:13.940715,3180,rejected,не соотв. опыту
906b3e8b-8e02-4698-abcb-355ba2709268,VAC-1042,CAND-10042,РУКОВОДИТЕЛЬ,Создать заявку,User Task,Сидоров_2,2025-09-16 15:12:13.940715,2025-09-16 15:18:13.940715,360,,
906b3e8b-8e02-4698-abcb-355ba2709268,VAC-1042,CAND-10042,HR,Зарегистрировать в HCM,Service Task,Марина_2,2025-09-16 15:41:13.940715,2025-09-16 15:49:13.940715,480,,
906b3e8b-8e02-4698-abcb-355ba2709268,VAC-1042,CAND-10042,РЕКРУТЕР,Разместить вакансию,Task,Екатерина_6,2025-09-16 16:39:13.940715,2025-09-16 19:27:13.940715,10080,,
906b3e8b-8e02-4698-abcb-355ba2709268,VAC-1042,CAND-10042,РЕКРУТЕР,Собирать резюме,Task,Дмитрий_9,2025-09-16 20:11:13.940715,2025-09-16 21:33:13.940715,4920,,
906b3e8b-8e02-4698-abcb-355ba2709268,VAC-1042,CAND-10042,РЕКРУТЕР,Скрининг,Task,Екатерина_3,2025-09-16 22:21:13.940715,2025-09-16 23:10:13.940715,2940,rejected,некорректное резюме
906b3e8b-8e02-4698-abcb-355ba2709268,VAC-1042,CAND-10042,РЕКРУТЕР,Скрининг,Task,Екатерина_3,2025-09-16 23:21:13.940715,2025-09-17 00:06:13.940715,2700,rejected,не соотв. опыту
9206e4ea-c143-48ab-bad7-ec5f1a758a0a,VAC-1025,CAND-10025,РУКОВОДИТЕЛЬ,Создать заявку,User Task,Сидоров_9,2025-10-07 17:06:13.940715,2025-10-07 17:16:13.940715,600,,
9206e4ea-c143-48ab-bad7-ec5f1a758a0a,VAC-1025,CAND-10025,HR,Зарегистрировать в HCM,Service Task,Марина_8,2025-10-07 17:41:13.940715,2025-10-07 17:52:13.940715,660,,
9206e4ea-c143-48ab-bad7-ec5f1a758a0a,VAC-1025,CAND-10025,РЕКРУТЕР,Разместить вакансию,Task,Алексей_2,2025-10-07 18:48:13.940715,2025-10-07 21:26:13.940715,9480,,
9206e4ea-c143-48ab-bad7-ec5f1a758a0a,VAC-1025,CAND-10025,РЕКРУТЕР,Собирать резюме,Task,Екатерина_5,2025-10-07 22:36:13.940715,2025-10-08 04:59:13.940715,22980,,
9206e4ea-c143-48ab-bad7-ec5f1a758a0a,VAC-1025,CAND-10025,РЕКРУТЕР,Скрининг,Task,Алексей_7,2025-10-08 05:33:13.940715,2025-10-08 06:06:13.940715,1980,rejected,не соотв. опыту
92b7d33e-5617-43ab-b7d3-9feaeb7c0ff5,VAC-1018,CAND-10018,РУКОВОДИТЕЛЬ,Создать заявку,User Task,Петров_4,2025-10-10 19:13:13.940715,2025-10-10 20:02:13.940715,2940,,
92b7d33e-5617-43ab-b7d3-9feaeb7c0ff5,VAC-1018,CAND-10018,HR,Зарегистрировать в HCM,Service Task,Ольга_5,2025-10-10 20:16:13.940715,2025-10-10 20:40:13.940715,1440,,
92b7d33e-5617-43ab-b7d3-9feaeb7c0ff5,VAC-1018,CAND-10018,РЕКРУТЕР,Разместить вакансию,Task,Екатерина_5,2025-10-10 21:27:13.940715,2025-10-11 00:17:13.940715,10200,,
92b7d33e-5617-43ab-b7d3-9feaeb7c0ff5,VAC-1018,CAND-10018,РЕКРУТЕР,Собирать резюме,Task,Дмитрий_4,2025-10-11 00:52:13.940715,2025-10-11 03:31:13.940715,9540,,
92b7d33e-5617-43ab-b7d3-9feaeb7c0ff5,VAC-1018,CAND-10018,РЕКРУТЕР,Скрининг,Task,Дмитрий_1,2025-10-11 04:22:13.940715,2025-10-11 04:44:13.940715,1320,rejected,не соотв. опыту
93ae95c4-6ea9-4ebb-bf35-5ef055fc7769,VAC-1016,CAND-10016,РУКОВОДИТЕЛЬ,Создать заявку,User Task,Петров_5,2025-10-10 12:14:13.940715,2025-10-10 13:11:13.940715,3420,,
93ae95c4-6ea9-4ebb-bf35-5ef055fc7769,VAC-1016,CAND-10016,HR,Зарегистрировать в HCM,Service Task,Наталья_5,2025-10-10 13:18:13.940715,2025-10-10 13:37:13.940715,1140,,
93ae95c4-6ea9-4ebb-bf35-5ef055fc7769,VAC-1016,CAND-10016,РЕКРУТЕР,Разместить вакансию,Task,Дмитрий_4,2025-10-10 14:14:13.940715,2025-10-10 16:10:13.940715,6960,,
93ae95c4-6ea9-4ebb-bf35-5ef055fc7769,VAC-1016,CAND-10016,РЕКРУТЕР,Собирать резюме,Task,Екатерина_4,2025-10-10 16:39:13.940715,2025-10-10 22:42:13.940715,21780,,
93ae95c4-6ea9-4ebb-bf35-5ef055fc7769,VAC-1016,CAND-10016,РЕКРУТЕР,Скрининг,Task,Дмитрий_2,2025-10-10 23:00:13.940715,2025-10-10 23:27:13.940715,1620,rejected,не прошёл тест
961ca281-cb33-4a11-a2a3-1cdb4b5540ee,VAC-1036,CAND-10036,РУКОВОДИТЕЛЬ,Создать заявку,User Task,Сидоров_2,2025-08-27 17:31:13.940715,2025-08-27 18:27:13.940715,3360,,
961ca281-cb33-4a11-a2a3-1cdb4b5540ee,VAC-1036,CAND-10036,HR,Зарегистрировать в HCM,Service Task,Наталья_1,2025-08-27 19:00:13.940715,2025-08-27 19:21:13.940715,1260,,
961ca281-cb33-4a11-a2a3-1cdb4b5540ee,VAC-1036,CAND-10036,РЕКРУТЕР,Разместить вакансию,Task,Дмитрий_9,2025-08-27 19:37:13.940715,2025-08-27 21:49:13.940715,7920,,
961ca281-cb33-4a11-a2a3-1cdb4b5540ee,VAC-1036,CAND-10036,РЕКРУТЕР,Собирать резюме,Task,Алексей_6,2025-08-28 00:12:13.940715,2025-08-28 06:24:13.940715,22320,,
961ca281-cb33-4a11-a2a3-1cdb4b5540ee,VAC-1036,CAND-10036,РЕКРУТЕР,Скрининг,Task,Дмитрий_7,2025-08-28 07:16:13.940715,2025-08-28 08:11:13.940715,3300,rejected,не прошёл тест
98b74459-367b-4f5a-817d-5a843d5c24a6,VAC-1117,CAND-10117,РУКОВОДИТЕЛЬ,Создать заявку,User Task,Петров_1,2025-10-19 18:51:13.940715,2025-10-19 19:12:13.940715,1260,,
98b74459-367b-4f5a-817d-5a843d5c24a6,VAC-1117,CAND-10117,HR,Зарегистрировать в HCM,Service Task,Наталья_9,2025-10-19 19:58:13.940715,2025-10-19 20:22:13.940715,1440,,
98b74459-367b-4f5a-817d-5a843d5c24a6,VAC-1117,CAND-10117,РЕКРУТЕР,Разместить вакансию,Task,Алексей_7,2025-10-19 20:30:13.940715,2025-10-19 23:03:13.940715,9180,,
98b74459-367b-4f5a-817d-5a843d5c24a6,VAC-1117,CAND-10117,РЕКРУТЕР,Собирать резюме,Task,Екатерина_6,2025-10-20 02:00:13.940715,2025-10-20 04:45:13.940715,9900,,
98b74459-367b-4f5a-817d-5a843d5c24a6,VAC-1117,CAND-10117,РЕКРУТЕР,Скрининг,Task,Алексей_3,2025-10-20 05:42:13.940715,2025-10-20 06:38:13.940715,3360,passed,
98b74459-367b-4f5a-817d-5a843d5c24a6,VAC-1117,CAND-10117,ИНТЕРВЬЮЕРЫ,Назначить интервью,User Task,Сергей_9,2025-10-20 09:15:13.940715,2025-10-20 09:36:13.940715,1260,,
98b74459-367b-4f5a-817d-5a843d5c24a6,VAC-1117,CAND-10117,ИНТЕРВЬЮЕРЫ,Интервью (раунд 1),User Task,Анна_7,2025-10-20 11:39:13.940715,2025-10-20 15:00:13.940715,12060,passed,
98b74459-367b-4f5a-817d-5a843d5c24a6,VAC-1117,CAND-10117,ИНТЕРВЬЮЕРЫ,Интервью (раунд 2),User Task,Анна_8,2025-10-20 18:43:13.940715,2025-10-20 20:20:13.940715,5820,passed,
98b74459-367b-4f5a-817d-5a843d5c24a6,VAC-1117,CAND-10117,ИНТЕРВЬЮЕРЫ,Финальное интервью,User Task,Сергей_5,2025-10-20 21:29:13.940715,2025-10-20 23:48:13.940715,8340,passed,
98b74459-367b-4f5a-817d-5a843d5c24a6,VAC-1117,CAND-10117,HR (ОФФЕР),Согласовать условия,User Task,HR_Manager_7,2025-10-21 01:16:13.940715,2025-10-21 06:41:13.940715,19500,,
98b74459-367b-4f5a-817d-5a843d5c24a6,VAC-1117,CAND-10117,HR (ОФФЕР),Сгенерировать оффер,Service Task,HR_Manager_4,2025-10-21 07:33:13.940715,2025-10-21 07:39:13.940715,360,,
98b74459-367b-4f5a-817d-5a843d5c24a6,VAC-1117,CAND-10117,HR (ОФФЕР),Отправить оффер,Send Task,HR_Manager_4,2025-10-21 07:54:13.940715,2025-10-21 07:57:13.940715,180,sent,
98b74459-367b-4f5a-817d-5a843d5c24a6,VAC-1117,CAND-10117,HR (ОФФЕР),Timer: ожидание ответа (дни),Timer,,2025-10-21 07:57:13.940715,2025-10-26 07:57:13.940715,432000,timer_elapsed,
98b74459-367b-4f5a-817d-5a843d5c24a6,VAC-1117,CAND-10117,HR (ОФФЕР),Переговоры / отказ,Task,HR_Manager_3,2025-10-27 21:33:13.940715,2025-10-28 00:15:13.940715,9720,rejected,
9af6ec44-607e-49a1-895d-996f05cedf8d,VAC-1012,CAND-10012,РУКОВОДИТЕЛЬ,Создать заявку,User Task,Петров_5,2025-09-03 17:53:13.940715,2025-09-03 18:14:13.940715,1260,,
9af6ec44-607e-49a1-895d-996f05cedf8d,VAC-1012,CAND-10012,HR,Зарегистрировать в HCM,Service Task,Марина_8,2025-09-03 19:04:13.940715,2025-09-03 19:29:13.940715,1500,,
9af6ec44-607e-49a1-895d-996f05cedf8d,VAC-1012,CAND-10012,РЕКРУТЕР,Разместить вакансию,Task,Дмитрий_8,2025-09-03 20:10:13.940715,2025-09-03 21:31:13.940715,4860,,
9af6ec44-607e-49a1-895d-996f05cedf8d,VAC-1012,CAND-10012,РЕКРУТЕР,Собирать резюме,Task,Дмитрий_4,2025-09-03 22:00:13.940715,2025-09-04 05:05:13.940715,25500,,
9af6ec44-607e-49a1-895d-996f05cedf8d,VAC-1012,CAND-10012,РЕКРУТЕР,Скрининг,Task,Дмитрий_9,2025-09-04 05:44:13.940715,2025-09-04 06:36:13.940715,3120,passed,
9af6ec44-607e-49a1-895d-996f05cedf8d,VAC-1012,CAND-10012,ИНТЕРВЬЮЕРЫ,Назначить интервью,User Task,Сергей_3,2025-09-04 07:22:13.940715,2025-09-04 07:41:13.940715,1140,,
9af6ec44-607e-49a1-895d-996f05cedf8d,VAC-1012,CAND-10012,ИНТЕРВЬЮЕРЫ,Интервью (раунд 1),User Task,Анна_8,2025-09-04 08:27:13.940715,2025-09-04 10:58:13.940715,9060,passed,
9af6ec44-607e-49a1-895d-996f05cedf8d,VAC-1012,CAND-10012,ИНТЕРВЬЮЕРЫ,Интервью (раунд 2),User Task,Сергей_7,2025-09-04 13:14:13.940715,2025-09-04 14:14:13.940715,3600,passed,
9af6ec44-607e-49a1-895d-996f05cedf8d,VAC-1012,CAND-10012,ИНТЕРВЬЮЕРЫ,Интервью (раунд 3),User Task,Андрей_7,2025-09-04 18:01:13.940715,2025-09-04 21:15:13.940715,11640,rejected,поведенческий
9cbebc1f-7a4a-4ad8-9d03-a6bb9e9d9348,VAC-1030,CAND-10030,РУКОВОДИТЕЛЬ,Создать заявку,User Task,Сидоров_4,2025-09-07 17:26:13.940715,2025-09-07 18:10:13.940715,2640,,
9cbebc1f-7a4a-4ad8-9d03-a6bb9e9d9348,VAC-1030,CAND-10030,HR,Зарегистрировать в HCM,Service Task,Марина_8,2025-09-07 18:52:13.940715,2025-09-07 18:55:13.940715,180,,
9cbebc1f-7a4a-4ad8-9d03-a6bb9e9d9348,VAC-1030,CAND-10030,РЕКРУТЕР,Разместить вакансию,Task,Екатерина_7,2025-09-07 19:54:13.940715,2025-09-07 21:31:13.940715,5820,,
9cbebc1f-7a4a-4ad8-9d03-a6bb9e9d9348,VAC-1030,CAND-10030,РЕКРУТЕР,Собирать резюме,Task,Алексей_1,2025-09-07 22:10:13.940715,2025-09-08 00:21:13.940715,7860,,
9cbebc1f-7a4a-4ad8-9d03-a6bb9e9d9348,VAC-1030,CAND-10030,РЕКРУТЕР,Скрининг,Task,Алексей_2,2025-09-08 01:04:13.940715,2025-09-08 02:17:13.940715,4380,passed,
9cbebc1f-7a4a-4ad8-9d03-a6bb9e9d9348,VAC-1030,CAND-10030,ИНТЕРВЬЮЕРЫ,Назначить интервью,User Task,Сергей_8,2025-09-08 04:42:13.940715,2025-09-08 04:55:13.940715,780,,
9cbebc1f-7a4a-4ad8-9d03-a6bb9e9d9348,VAC-1030,CAND-10030,ИНТЕРВЬЮЕРЫ,Интервью (раунд 1),User Task,Сергей_3,2025-09-08 08:35:13.940715,2025-09-08 12:18:13.940715,13380,rejected,поведенческий
a10332cb-92ab-456d-965b-e7b4e2a27ec9,VAC-1111,CAND-10111,РУКОВОДИТЕЛЬ,Создать заявку,User Task,Петров_2,2025-10-06 20:48:13.940715,2025-10-06 20:53:13.940715,300,,
a10332cb-92ab-456d-965b-e7b4e2a27ec9,VAC-1111,CAND-10111,HR,Зарегистрировать в HCM,Service Task,Марина_7,2025-10-06 20:56:13.940715,2025-10-06 20:57:13.940715,60,,
a10332cb-92ab-456d-965b-e7b4e2a27ec9,VAC-1111,CAND-10111,РЕКРУТЕР,Разместить вакансию,Task,Алексей_5,2025-10-06 21:32:13.940715,2025-10-07 00:12:13.940715,9600,,
a10332cb-92ab-456d-965b-e7b4e2a27ec9,VAC-1111,CAND-10111,РЕКРУТЕР,Собирать резюме,Task,Екатерина_6,2025-10-07 01:15:13.940715,2025-10-07 08:38:13.940715,26580,,
a10332cb-92ab-456d-965b-e7b4e2a27ec9,VAC-1111,CAND-10111,РЕКРУТЕР,Скрининг,Task,Екатерина_9,2025-10-07 09:10:13.940715,2025-10-07 10:12:13.940715,3720,passed,
a10332cb-92ab-456d-965b-e7b4e2a27ec9,VAC-1111,CAND-10111,ИНТЕРВЬЮЕРЫ,Назначить интервью,User Task,Анна_5,2025-10-07 11:07:13.940715,2025-10-07 11:26:13.940715,1140,,
a10332cb-92ab-456d-965b-e7b4e2a27ec9,VAC-1111,CAND-10111,ИНТЕРВЬЮЕРЫ,Интервью (раунд 1),User Task,Андрей_9,2025-10-07 12:42:13.940715,2025-10-07 16:18:13.940715,12960,rejected,поведенческий
a1901125-603b-49c3-b88f-d386946c2672,VAC-1088,CAND-10088,РУКОВОДИТЕЛЬ,Создать заявку,User Task,Петров_2,2025-08-26 13:03:13.940715,2025-08-26 13:28:13.940715,1500,,
a1901125-603b-49c3-b88f-d386946c2672,VAC-1088,CAND-10088,HR,Зарегистрировать в HCM,Service Task,Наталья_6,2025-08-26 14:28:13.940715,2025-08-26 14:44:13.940715,960,,
a1901125-603b-49c3-b88f-d386946c2672,VAC-1088,CAND-10088,РЕКРУТЕР,Разместить вакансию,Task,Алексей_6,2025-08-26 15:32:13.940715,2025-08-26 16:11:13.940715,2340,,
a1901125-603b-49c3-b88f-d386946c2672,VAC-1088,CAND-10088,РЕКРУТЕР,Собирать резюме,Task,Екатерина_2,2025-08-26 17:42:13.940715,2025-08-26 20:07:13.940715,8700,,
a1901125-603b-49c3-b88f-d386946c2672,VAC-1088,CAND-10088,РЕКРУТЕР,Скрининг,Task,Екатерина_6,2025-08-26 21:57:13.940715,2025-08-26 23:37:13.940715,6000,passed,
a1901125-603b-49c3-b88f-d386946c2672,VAC-1088,CAND-10088,ИНТЕРВЬЮЕРЫ,Назначить интервью,User Task,Андрей_2,2025-08-27 00:52:13.940715,2025-08-27 01:10:13.940715,1080,,
a1901125-603b-49c3-b88f-d386946c2672,VAC-1088,CAND-10088,ИНТЕРВЬЮЕРЫ,Интервью (раунд 1),User Task,Андрей_7,2025-08-27 05:01:13.940715,2025-08-27 06:13:13.940715,4320,passed,
a1901125-603b-49c3-b88f-d386946c2672,VAC-1088,CAND-10088,ИНТЕРВЬЮЕРЫ,Интервью (раунд 2),User Task,Андрей_7,2025-08-27 08:35:13.940715,2025-08-27 12:27:13.940715,13920,passed,
a1901125-603b-49c3-b88f-d386946c2672,VAC-1088,CAND-10088,ИНТЕРВЬЮЕРЫ,Финальное интервью,User Task,Сергей_2,2025-08-27 14:57:13.940715,2025-08-27 17:18:13.940715,8460,passed,
a1901125-603b-49c3-b88f-d386946c2672,VAC-1088,CAND-10088,HR (ОФФЕР),Согласовать условия,User Task,HR_Manager_3,2025-08-27 21:00:13.940715,2025-08-28 01:35:13.940715,16500,,
a1901125-603b-49c3-b88f-d386946c2672,VAC-1088,CAND-10088,HR (ОФФЕР),Сгенерировать оффер,Service Task,HR_Manager_5,2025-08-28 02:08:13.940715,2025-08-28 02:12:13.940715,240,,
a1901125-603b-49c3-b88f-d386946c2672,VAC-1088,CAND-10088,HR (ОФФЕР),Отправить оффер,Send Task,HR_Manager_2,2025-08-28 02:13:13.940715,2025-08-28 02:19:13.940715,360,sent,
a1901125-603b-49c3-b88f-d386946c2672,VAC-1088,CAND-10088,HR (ОФФЕР),Timer: ожидание ответа (дни),Timer,,2025-08-28 02:19:13.940715,2025-08-29 02:19:13.940715,86400,timer_elapsed,
a1901125-603b-49c3-b88f-d386946c2672,VAC-1088,CAND-10088,SECURITY,Background Check,Call Activity,Служба_БД_9,2025-08-30 03:57:13.940715,2025-08-30 22:56:13.940715,68340,report_ready,
a1901125-603b-49c3-b88f-d386946c2672,VAC-1088,CAND-10088,SECURITY,Решение руководителя по BG,User Task,Иванов_7,2025-08-30 23:29:13.940715,2025-08-31 01:05:13.940715,5760,proceed_with_conditions,
a1901125-603b-49c3-b88f-d386946c2672,VAC-1088,CAND-10088,IT,Выдача оборудования,Task,IT_Specialist_3,2025-08-31 02:29:13.940715,2025-08-31 03:41:13.940715,4320,,
a1901125-603b-49c3-b88f-d386946c2672,VAC-1088,CAND-10088,IT,Создать доступы,Task,IT_Specialist_4,2025-08-31 03:52:13.940715,2025-08-31 04:27:13.940715,2100,,
a1901125-603b-49c3-b88f-d386946c2672,VAC-1088,CAND-10088,IT,HR/Training: Вводное обучение,Service Task,Марина_9,2025-09-01 06:24:13.940715,2025-09-01 10:53:13.940715,16140,,
a1901125-603b-49c3-b88f-d386946c2672,VAC-1088,CAND-10088,IT,Назначить ментора,Task,Марина_5,2025-09-01 14:02:13.940715,2025-09-01 15:45:13.940715,6180,,
a1901125-603b-49c3-b88f-d386946c2672,VAC-1088,CAND-10088,IT,Message: уведомить всех,Message,system,2025-09-01 16:28:13.940715,2025-09-01 16:38:13.940715,600,notified,
a1901125-603b-49c3-b88f-d386946c2672,VAC-1088,CAND-10088,HR (финал),Обновить статус в HCM,Service Task,Наталья_1,2025-09-01 17:17:13.940715,2025-09-01 17:33:13.940715,960,,
a1901125-603b-49c3-b88f-d386946c2672,VAC-1088,CAND-10088,HR (финал),Payroll / учет,Service Task,Марина_8,2025-09-01 17:59:13.940715,2025-09-01 18:36:13.940715,2220,,
a1901125-603b-49c3-b88f-d386946c2672,VAC-1088,CAND-10088,HR (финал),Закрыть вакансию на порталах,Service Task,Ольга_1,2025-09-01 18:46:13.940715,2025-09-01 18:50:13.940715,240,,
a1901125-603b-49c3-b88f-d386946c2672,VAC-1088,CAND-10088,HR (финал),Hire Completed,End Event,system,2025-09-01 19:18:13.940715,2025-09-01 19:18:13.940715,0,hired,
a3205c73-7123-469b-acea-9c182850cbac,VAC-1179,CAND-10179,РУКОВОДИТЕЛЬ,Создать заявку,User Task,Петров_5,2025-09-17 20:08:13.940715,2025-09-17 20:33:13.940715,1500,,
a3205c73-7123-469b-acea-9c182850cbac,VAC-1179,CAND-10179,HR,Зарегистрировать в HCM,Service Task,Наталья_2,2025-09-17 21:13:13.940715,2025-09-17 21:33:13.940715,1200,,
a3205c73-7123-469b-acea-9c182850cbac,VAC-1179,CAND-10179,РЕКРУТЕР,Разместить вакансию,Task,Дмитрий_8,2025-09-17 22:16:13.940715,2025-09-18 00:49:13.940715,9180,,
a3205c73-7123-469b-acea-9c182850cbac,VAC-1179,CAND-10179,РЕКРУТЕР,Собирать резюме,Task,Екатерина_8,2025-09-18 01:50:13.940715,2025-09-18 05:20:13.940715,12600,,
a3205c73-7123-469b-acea-9c182850cbac,VAC-1179,CAND-10179,РЕКРУТЕР,Скрининг,Task,Дмитрий_9,2025-09-18 06:27:13.940715,2025-09-18 07:41:13.940715,4440,passed,
a3205c73-7123-469b-acea-9c182850cbac,VAC-1179,CAND-10179,ИНТЕРВЬЮЕРЫ,Назначить интервью,User Task,Анна_1,2025-09-18 11:29:13.940715,2025-09-18 12:08:13.940715,2340,,
a3205c73-7123-469b-acea-9c182850cbac,VAC-1179,CAND-10179,ИНТЕРВЬЮЕРЫ,Интервью (раунд 1),User Task,Андрей_7,2025-09-18 12:46:13.940715,2025-09-18 15:21:13.940715,9300,rejected,поведенческий
a5ef8202-1d75-4f8d-a060-dfbc14d8d010,VAC-1152,CAND-10152,РУКОВОДИТЕЛЬ,Создать заявку,User Task,Кузнецов_7,2025-08-28 20:26:13.940715,2025-08-28 20:40:13.940715,840,,
a5ef8202-1d75-4f8d-a060-dfbc14d8d010,VAC-1152,CAND-10152,HR,Зарегистрировать в HCM,Service Task,Наталья_7,2025-08-28 20:49:13.940715,2025-08-28 20:52:13.940715,180,,
a5ef8202-1d75-4f8d-a060-dfbc14d8d010,VAC-1152,CAND-10152,РЕКРУТЕР,Разместить вакансию,Task,Екатерина_7,2025-08-28 21:48:13.940715,2025-08-29 00:04:13.940715,8160,,
a5ef8202-1d75-4f8d-a060-dfbc14d8d010,VAC-1152,CAND-10152,РЕКРУТЕР,Собирать резюме,Task,Дмитрий_9,2025-08-29 02:53:13.940715,2025-08-29 05:25:13.940715,9120,,
a5ef8202-1d75-4f8d-a060-dfbc14d8d010,VAC-1152,CAND-10152,РЕКРУТЕР,Скрининг,Task,Дмитрий_7,2025-08-29 06:24:13.940715,2025-08-29 07:44:13.940715,4800,passed,
a5ef8202-1d75-4f8d-a060-dfbc14d8d010,VAC-1152,CAND-10152,ИНТЕРВЬЮЕРЫ,Назначить интервью,User Task,Анна_1,2025-08-29 08:39:13.940715,2025-08-29 09:11:13.940715,1920,,
a5ef8202-1d75-4f8d-a060-dfbc14d8d010,VAC-1152,CAND-10152,ИНТЕРВЬЮЕРЫ,Интервью (раунд 1),User Task,Сергей_7,2025-08-29 12:48:13.940715,2025-08-29 14:33:13.940715,6300,passed,
a5ef8202-1d75-4f8d-a060-dfbc14d8d010,VAC-1152,CAND-10152,ИНТЕРВЬЮЕРЫ,Интервью (раунд 2),User Task,Андрей_8,2025-08-29 17:22:13.940715,2025-08-29 20:34:13.940715,11520,passed,
a5ef8202-1d75-4f8d-a060-dfbc14d8d010,VAC-1152,CAND-10152,ИНТЕРВЬЮЕРЫ,Интервью (раунд 3),User Task,Сергей_2,2025-08-30 00:04:13.940715,2025-08-30 02:23:13.940715,8340,passed,
a5ef8202-1d75-4f8d-a060-dfbc14d8d010,VAC-1152,CAND-10152,ИНТЕРВЬЮЕРЫ,Финальное интервью,User Task,Сергей_8,2025-08-30 03:23:13.940715,2025-08-30 07:14:13.940715,13860,passed,
a5ef8202-1d75-4f8d-a060-dfbc14d8d010,VAC-1152,CAND-10152,HR (ОФФЕР),Согласовать условия,User Task,HR_Manager_4,2025-08-30 09:36:13.940715,2025-08-30 10:46:13.940715,4200,,
a5ef8202-1d75-4f8d-a060-dfbc14d8d010,VAC-1152,CAND-10152,HR (ОФФЕР),Сгенерировать оффер,Service Task,HR_Manager_9,2025-08-30 11:21:13.940715,2025-08-30 11:43:13.940715,1320,,
a5ef8202-1d75-4f8d-a060-dfbc14d8d010,VAC-1152,CAND-10152,HR (ОФФЕР),Отправить оффер,Send Task,HR_Manager_6,2025-08-30 12:02:13.940715,2025-08-30 12:07:13.940715,300,sent,
a5ef8202-1d75-4f8d-a060-dfbc14d8d010,VAC-1152,CAND-10152,HR (ОФФЕР),Timer: ожидание ответа (дни),Timer,,2025-08-30 12:07:13.940715,2025-08-31 12:07:13.940715,86400,timer_elapsed,
a5ef8202-1d75-4f8d-a060-dfbc14d8d010,VAC-1152,CAND-10152,SECURITY,Background Check,Call Activity,Служба_БД_6,2025-09-01 23:07:13.940715,2025-09-04 20:58:13.940715,251460,report_ready,
a5ef8202-1d75-4f8d-a060-dfbc14d8d010,VAC-1152,CAND-10152,IT,Выдача оборудования,Task,IT_Specialist_3,2025-09-04 22:41:13.940715,2025-09-05 00:26:13.940715,6300,,
a5ef8202-1d75-4f8d-a060-dfbc14d8d010,VAC-1152,CAND-10152,IT,Создать доступы,Task,IT_Specialist_5,2025-09-05 00:35:13.940715,2025-09-05 03:17:13.940715,9720,,
a5ef8202-1d75-4f8d-a060-dfbc14d8d010,VAC-1152,CAND-10152,IT,HR/Training: Вводное обучение,Service Task,Ольга_3,2025-09-05 11:41:13.940715,2025-09-05 18:03:13.940715,22920,,
a5ef8202-1d75-4f8d-a060-dfbc14d8d010,VAC-1152,CAND-10152,IT,Назначить ментора,Task,Марина_5,2025-09-05 20:34:13.940715,2025-09-05 20:50:13.940715,960,,
a5ef8202-1d75-4f8d-a060-dfbc14d8d010,VAC-1152,CAND-10152,IT,Message: уведомить всех,Message,system,2025-09-05 21:42:13.940715,2025-09-05 22:06:13.940715,1440,notified,
a5ef8202-1d75-4f8d-a060-dfbc14d8d010,VAC-1152,CAND-10152,HR (финал),Обновить статус в HCM,Service Task,Ольга_8,2025-09-05 23:26:13.940715,2025-09-05 23:28:13.940715,120,,
a5ef8202-1d75-4f8d-a060-dfbc14d8d010,VAC-1152,CAND-10152,HR (финал),Payroll / учет,Service Task,Марина_2,2025-09-05 23:34:13.940715,2025-09-05 23:43:13.940715,540,,
a5ef8202-1d75-4f8d-a060-dfbc14d8d010,VAC-1152,CAND-10152,HR (финал),Закрыть вакансию на порталах,Service Task,Ольга_5,2025-09-06 00:38:13.940715,2025-09-06 01:29:13.940715,3060,,
a5ef8202-1d75-4f8d-a060-dfbc14d8d010,VAC-1152,CAND-10152,HR (финал),Hire Completed,End Event,system,2025-09-06 01:38:13.940715,2025-09-06 01:38:13.940715,0,hired,
a6760d3e-3403-4b4d-94b3-313723746ad8,VAC-1133,CAND-10133,РУКОВОДИТЕЛЬ,Создать заявку,User Task,Кузнецов_3,2025-09-12 12:47:13.940715,2025-09-12 13:31:13.940715,2640,,
a6760d3e-3403-4b4d-94b3-313723746ad8,VAC-1133,CAND-10133,HR,Зарегистрировать в HCM,Service Task,Наталья_4,2025-09-12 14:00:13.940715,2025-09-12 14:02:13.940715,120,,
a6760d3e-3403-4b4d-94b3-313723746ad8,VAC-1133,CAND-10133,РЕКРУТЕР,Разместить вакансию,Task,Алексей_2,2025-09-12 14:46:13.940715,2025-09-12 16:41:13.940715,6900,,
a6760d3e-3403-4b4d-94b3-313723746ad8,VAC-1133,CAND-10133,РЕКРУТЕР,Собирать резюме,Task,Алексей_4,2025-09-12 17:19:13.940715,2025-09-13 00:37:13.940715,26280,,
a6760d3e-3403-4b4d-94b3-313723746ad8,VAC-1133,CAND-10133,РЕКРУТЕР,Скрининг,Task,Дмитрий_1,2025-09-13 02:01:13.940715,2025-09-13 02:29:13.940715,1680,passed,
a6760d3e-3403-4b4d-94b3-313723746ad8,VAC-1133,CAND-10133,ИНТЕРВЬЮЕРЫ,Назначить интервью,User Task,Сергей_8,2025-09-13 06:02:13.940715,2025-09-13 06:14:13.940715,720,,
a6760d3e-3403-4b4d-94b3-313723746ad8,VAC-1133,CAND-10133,ИНТЕРВЬЮЕРЫ,Интервью (раунд 1),User Task,Андрей_4,2025-09-13 08:08:13.940715,2025-09-13 09:46:13.940715,5880,passed,
a6760d3e-3403-4b4d-94b3-313723746ad8,VAC-1133,CAND-10133,ИНТЕРВЬЮЕРЫ,Интервью (раунд 2),User Task,Анна_8,2025-09-13 12:35:13.940715,2025-09-13 15:33:13.940715,10680,rejected,культурный профиль
a8148be1-9ca2-4401-847d-3a1c5449a8c1,VAC-1183,CAND-10183,РУКОВОДИТЕЛЬ,Создать заявку,User Task,Кузнецов_5,2025-09-29 17:38:13.940715,2025-09-29 18:25:13.940715,2820,,
a8148be1-9ca2-4401-847d-3a1c5449a8c1,VAC-1183,CAND-10183,HR,Зарегистрировать в HCM,Service Task,Марина_7,2025-09-29 19:25:13.940715,2025-09-29 19:46:13.940715,1260,,
a8148be1-9ca2-4401-847d-3a1c5449a8c1,VAC-1183,CAND-10183,РЕКРУТЕР,Разместить вакансию,Task,Екатерина_1,2025-09-29 20:46:13.940715,2025-09-29 23:30:13.940715,9840,,
a8148be1-9ca2-4401-847d-3a1c5449a8c1,VAC-1183,CAND-10183,РЕКРУТЕР,Собирать резюме,Task,Дмитрий_8,2025-09-30 01:53:13.940715,2025-09-30 04:35:13.940715,9720,,
a8148be1-9ca2-4401-847d-3a1c5449a8c1,VAC-1183,CAND-10183,РЕКРУТЕР,Скрининг,Task,Алексей_5,2025-09-30 04:58:13.940715,2025-09-30 05:23:13.940715,1500,rejected,не соотв. опыту
a8148be1-9ca2-4401-847d-3a1c5449a8c1,VAC-1183,CAND-10183,РЕКРУТЕР,Скрининг,Task,Алексей_5,2025-09-30 05:58:13.940715,2025-09-30 06:43:13.940715,2700,rejected,не соотв. опыту
a8d6d170-2c17-49f1-9ee1-f1f2392b5763,VAC-1104,CAND-10104,РУКОВОДИТЕЛЬ,Создать заявку,User Task,Иванов_9,2025-09-13 13:46:13.940715,2025-09-13 14:08:13.940715,1320,,
a8d6d170-2c17-49f1-9ee1-f1f2392b5763,VAC-1104,CAND-10104,HR,Зарегистрировать в HCM,Service Task,Марина_7,2025-09-13 14:23:13.940715,2025-09-13 14:41:13.940715,1080,,
a8d6d170-2c17-49f1-9ee1-f1f2392b5763,VAC-1104,CAND-10104,РЕКРУТЕР,Разместить вакансию,Task,Алексей_8,2025-09-13 15:07:13.940715,2025-09-13 16:27:13.940715,4800,,
a8d6d170-2c17-49f1-9ee1-f1f2392b5763,VAC-1104,CAND-10104,РЕКРУТЕР,Собирать резюме,Task,Екатерина_8,2025-09-13 18:30:13.940715,2025-09-14 02:20:13.940715,28200,,
a8d6d170-2c17-49f1-9ee1-f1f2392b5763,VAC-1104,CAND-10104,РЕКРУТЕР,Скрининг,Task,Дмитрий_8,2025-09-14 02:36:13.940715,2025-09-14 04:35:13.940715,7140,passed,
a8d6d170-2c17-49f1-9ee1-f1f2392b5763,VAC-1104,CAND-10104,ИНТЕРВЬЮЕРЫ,Назначить интервью,User Task,Анна_1,2025-09-14 06:50:13.940715,2025-09-14 07:42:13.940715,3120,,
a8d6d170-2c17-49f1-9ee1-f1f2392b5763,VAC-1104,CAND-10104,ИНТЕРВЬЮЕРЫ,Интервью (раунд 1),User Task,Андрей_2,2025-09-14 09:57:13.940715,2025-09-14 10:51:13.940715,3240,passed,
a8d6d170-2c17-49f1-9ee1-f1f2392b5763,VAC-1104,CAND-10104,ИНТЕРВЬЮЕРЫ,Интервью (раунд 2),User Task,Анна_5,2025-09-14 14:43:13.940715,2025-09-14 18:02:13.940715,11940,rejected,культурный профиль
a90eb2f2-bafa-4543-89c8-525dff1beef9,VAC-1199,CAND-10199,РУКОВОДИТЕЛЬ,Создать заявку,User Task,Сидоров_1,2025-09-07 17:41:13.940715,2025-09-07 18:07:13.940715,1560,,
a90eb2f2-bafa-4543-89c8-525dff1beef9,VAC-1199,CAND-10199,HR,Зарегистрировать в HCM,Service Task,Марина_5,2025-09-07 18:57:13.940715,2025-09-07 19:26:13.940715,1740,,
a90eb2f2-bafa-4543-89c8-525dff1beef9,VAC-1199,CAND-10199,РЕКРУТЕР,Разместить вакансию,Task,Екатерина_9,2025-09-07 20:24:13.940715,2025-09-07 21:22:13.940715,3480,,
a90eb2f2-bafa-4543-89c8-525dff1beef9,VAC-1199,CAND-10199,РЕКРУТЕР,Собирать резюме,Task,Алексей_1,2025-09-08 00:06:13.940715,2025-09-08 06:48:13.940715,24120,,
a90eb2f2-bafa-4543-89c8-525dff1beef9,VAC-1199,CAND-10199,РЕКРУТЕР,Скрининг,Task,Дмитрий_2,2025-09-08 07:49:13.940715,2025-09-08 08:46:13.940715,3420,rejected,не прошёл тест
a99ccfbf-d3b1-429f-9a08-e6c6573e2fbc,VAC-1093,CAND-10093,РУКОВОДИТЕЛЬ,Создать заявку,User Task,Сидоров_1,2025-09-06 17:12:13.940715,2025-09-06 17:48:13.940715,2160,,
a99ccfbf-d3b1-429f-9a08-e6c6573e2fbc,VAC-1093,CAND-10093,HR,Зарегистрировать в HCM,Service Task,Наталья_2,2025-09-06 18:21:13.940715,2025-09-06 18:47:13.940715,1560,,
a99ccfbf-d3b1-429f-9a08-e6c6573e2fbc,VAC-1093,CAND-10093,РЕКРУТЕР,Разместить вакансию,Task,Дмитрий_3,2025-09-06 19:07:13.940715,2025-09-06 21:36:13.940715,8940,,
a99ccfbf-d3b1-429f-9a08-e6c6573e2fbc,VAC-1093,CAND-10093,РЕКРУТЕР,Собирать резюме,Task,Екатерина_1,2025-09-07 01:05:13.940715,2025-09-07 06:33:13.940715,19680,,
a99ccfbf-d3b1-429f-9a08-e6c6573e2fbc,VAC-1093,CAND-10093,РЕКРУТЕР,Скрининг,Task,Алексей_1,2025-09-07 07:00:13.940715,2025-09-07 07:34:13.940715,2040,passed,
a99ccfbf-d3b1-429f-9a08-e6c6573e2fbc,VAC-1093,CAND-10093,ИНТЕРВЬЮЕРЫ,Назначить интервью,User Task,Сергей_4,2025-09-07 09:38:13.940715,2025-09-07 09:46:13.940715,480,,
a99ccfbf-d3b1-429f-9a08-e6c6573e2fbc,VAC-1093,CAND-10093,ИНТЕРВЬЮЕРЫ,Интервью (раунд 1),User Task,Анна_2,2025-09-07 13:46:13.940715,2025-09-07 16:29:13.940715,9780,passed,
a99ccfbf-d3b1-429f-9a08-e6c6573e2fbc,VAC-1093,CAND-10093,ИНТЕРВЬЮЕРЫ,Интервью (раунд 2),User Task,Сергей_8,2025-09-07 19:53:13.940715,2025-09-07 20:45:13.940715,3120,passed,
a99ccfbf-d3b1-429f-9a08-e6c6573e2fbc,VAC-1093,CAND-10093,ИНТЕРВЬЮЕРЫ,Финальное интервью,User Task,Сергей_6,2025-09-07 21:54:13.940715,2025-09-08 00:40:13.940715,9960,passed,
a99ccfbf-d3b1-429f-9a08-e6c6573e2fbc,VAC-1093,CAND-10093,HR (ОФФЕР),Согласовать условия,User Task,HR_Manager_2,2025-09-08 01:31:13.940715,2025-09-08 09:09:13.940715,27480,,
a99ccfbf-d3b1-429f-9a08-e6c6573e2fbc,VAC-1093,CAND-10093,HR (ОФФЕР),Сгенерировать оффер,Service Task,HR_Manager_1,2025-09-08 09:32:13.940715,2025-09-08 09:34:13.940715,120,,
a99ccfbf-d3b1-429f-9a08-e6c6573e2fbc,VAC-1093,CAND-10093,HR (ОФФЕР),Отправить оффер,Send Task,HR_Manager_4,2025-09-08 09:40:13.940715,2025-09-08 09:50:13.940715,600,sent,
a99ccfbf-d3b1-429f-9a08-e6c6573e2fbc,VAC-1093,CAND-10093,HR (ОФФЕР),Timer: ожидание ответа (дни),Timer,,2025-09-08 09:50:13.940715,2025-09-10 09:50:13.940715,172800,timer_elapsed,
a99ccfbf-d3b1-429f-9a08-e6c6573e2fbc,VAC-1093,CAND-10093,SECURITY,Background Check,Call Activity,Служба_БД_9,2025-09-11 04:13:13.940715,2025-09-13 08:41:13.940715,188880,report_ready,
a99ccfbf-d3b1-429f-9a08-e6c6573e2fbc,VAC-1093,CAND-10093,IT,Выдача оборудования,Task,IT_Specialist_8,2025-09-13 10:21:13.940715,2025-09-13 14:07:13.940715,13560,,
a99ccfbf-d3b1-429f-9a08-e6c6573e2fbc,VAC-1093,CAND-10093,IT,Создать доступы,Task,IT_Specialist_1,2025-09-13 14:28:13.940715,2025-09-13 17:23:13.940715,10500,,
a99ccfbf-d3b1-429f-9a08-e6c6573e2fbc,VAC-1093,CAND-10093,IT,HR/Training: Вводное обучение,Service Task,Марина_5,2025-09-14 23:57:13.940715,2025-09-15 03:06:13.940715,11340,,
a99ccfbf-d3b1-429f-9a08-e6c6573e2fbc,VAC-1093,CAND-10093,IT,Назначить ментора,Task,Марина_5,2025-09-15 06:13:13.940715,2025-09-15 07:53:13.940715,6000,,
a99ccfbf-d3b1-429f-9a08-e6c6573e2fbc,VAC-1093,CAND-10093,IT,Message: уведомить всех,Message,system,2025-09-15 08:21:13.940715,2025-09-15 08:50:13.940715,1740,notified,
a99ccfbf-d3b1-429f-9a08-e6c6573e2fbc,VAC-1093,CAND-10093,HR (финал),Обновить статус в HCM,Service Task,Ольга_8,2025-09-15 09:39:13.940715,2025-09-15 10:34:13.940715,3300,,
a99ccfbf-d3b1-429f-9a08-e6c6573e2fbc,VAC-1093,CAND-10093,HR (финал),Payroll / учет,Service Task,Ольга_5,2025-09-15 10:51:13.940715,2025-09-15 11:05:13.940715,840,,
a99ccfbf-d3b1-429f-9a08-e6c6573e2fbc,VAC-1093,CAND-10093,HR (финал),Закрыть вакансию на порталах,Service Task,Марина_7,2025-09-15 11:49:13.940715,2025-09-15 12:23:13.940715,2040,,
a99ccfbf-d3b1-429f-9a08-e6c6573e2fbc,VAC-1093,CAND-10093,HR (финал),Hire Completed,End Event,system,2025-09-15 13:01:13.940715,2025-09-15 13:01:13.940715,0,hired,
ab667140-93b0-473c-8e55-0f837ae5bc8a,VAC-1087,CAND-10087,РУКОВОДИТЕЛЬ,Создать заявку,User Task,Сидоров_2,2025-10-08 13:14:13.940715,2025-10-08 13:26:13.940715,720,,
ab667140-93b0-473c-8e55-0f837ae5bc8a,VAC-1087,CAND-10087,HR,Зарегистрировать в HCM,Service Task,Марина_7,2025-10-08 13:50:13.940715,2025-10-08 14:13:13.940715,1380,,
ab667140-93b0-473c-8e55-0f837ae5bc8a,VAC-1087,CAND-10087,РЕКРУТЕР,Разместить вакансию,Task,Дмитрий_5,2025-10-08 14:51:13.940715,2025-10-08 15:36:13.940715,2700,,
ab667140-93b0-473c-8e55-0f837ae5bc8a,VAC-1087,CAND-10087,РЕКРУТЕР,Собирать резюме,Task,Алексей_7,2025-10-08 17:08:13.940715,2025-10-08 19:17:13.940715,7740,,
ab667140-93b0-473c-8e55-0f837ae5bc8a,VAC-1087,CAND-10087,РЕКРУТЕР,Скрининг,Task,Дмитрий_6,2025-10-08 21:03:13.940715,2025-10-08 22:34:13.940715,5460,passed,
ab667140-93b0-473c-8e55-0f837ae5bc8a,VAC-1087,CAND-10087,ИНТЕРВЬЮЕРЫ,Назначить интервью,User Task,Анна_6,2025-10-09 01:05:13.940715,2025-10-09 01:54:13.940715,2940,,
ab667140-93b0-473c-8e55-0f837ae5bc8a,VAC-1087,CAND-10087,ИНТЕРВЬЮЕРЫ,Интервью (раунд 1),User Task,Анна_5,2025-10-09 04:54:13.940715,2025-10-09 06:23:13.940715,5340,passed,
ab667140-93b0-473c-8e55-0f837ae5bc8a,VAC-1087,CAND-10087,ИНТЕРВЬЮЕРЫ,Интервью (раунд 2),User Task,Анна_7,2025-10-09 07:25:13.940715,2025-10-09 08:55:13.940715,5400,rejected,культурный профиль
abd2f64e-03ce-490e-a998-7f5c855262d5,VAC-1055,CAND-10055,РУКОВОДИТЕЛЬ,Создать заявку,User Task,Иванов_5,2025-10-18 15:21:13.940715,2025-10-18 15:28:13.940715,420,,
abd2f64e-03ce-490e-a998-7f5c855262d5,VAC-1055,CAND-10055,HR,Зарегистрировать в HCM,Service Task,Наталья_6,2025-10-18 16:05:13.940715,2025-10-18 16:25:13.940715,1200,,
abd2f64e-03ce-490e-a998-7f5c855262d5,VAC-1055,CAND-10055,РЕКРУТЕР,Разместить вакансию,Task,Екатерина_9,2025-10-18 16:44:13.940715,2025-10-18 19:00:13.940715,8160,,
abd2f64e-03ce-490e-a998-7f5c855262d5,VAC-1055,CAND-10055,РЕКРУТЕР,Собирать резюме,Task,Алексей_9,2025-10-18 21:24:13.940715,2025-10-19 02:36:13.940715,18720,,
abd2f64e-03ce-490e-a998-7f5c855262d5,VAC-1055,CAND-10055,РЕКРУТЕР,Скрининг,Task,Алексей_2,2025-10-19 03:40:13.940715,2025-10-19 04:24:13.940715,2640,passed,
abd2f64e-03ce-490e-a998-7f5c855262d5,VAC-1055,CAND-10055,ИНТЕРВЬЮЕРЫ,Назначить интервью,User Task,Анна_5,2025-10-19 07:39:13.940715,2025-10-19 08:13:13.940715,2040,,
abd2f64e-03ce-490e-a998-7f5c855262d5,VAC-1055,CAND-10055,ИНТЕРВЬЮЕРЫ,Интервью (раунд 1),User Task,Сергей_4,2025-10-19 08:46:13.940715,2025-10-19 12:39:13.940715,13980,passed,
abd2f64e-03ce-490e-a998-7f5c855262d5,VAC-1055,CAND-10055,ИНТЕРВЬЮЕРЫ,Интервью (раунд 2),User Task,Сергей_7,2025-10-19 13:53:13.940715,2025-10-19 17:14:13.940715,12060,rejected,культурный профиль
ac08afd6-29e9-4c99-992e-119f3a78a09d,VAC-1178,CAND-10178,РУКОВОДИТЕЛЬ,Создать заявку,User Task,Сидоров_5,2025-10-16 17:11:13.940715,2025-10-16 17:47:13.940715,2160,,
ac08afd6-29e9-4c99-992e-119f3a78a09d,VAC-1178,CAND-10178,HR,Зарегистрировать в HCM,Service Task,Марина_7,2025-10-16 18:36:13.940715,2025-10-16 19:02:13.940715,1560,,
ac08afd6-29e9-4c99-992e-119f3a78a09d,VAC-1178,CAND-10178,РЕКРУТЕР,Разместить вакансию,Task,Екатерина_7,2025-10-16 19:25:13.940715,2025-10-16 21:46:13.940715,8460,,
ac08afd6-29e9-4c99-992e-119f3a78a09d,VAC-1178,CAND-10178,РЕКРУТЕР,Собирать резюме,Task,Дмитрий_3,2025-10-17 00:00:13.940715,2025-10-17 05:21:13.940715,19260,,
ac08afd6-29e9-4c99-992e-119f3a78a09d,VAC-1178,CAND-10178,РЕКРУТЕР,Скрининг,Task,Алексей_2,2025-10-17 07:04:13.940715,2025-10-17 08:12:13.940715,4080,passed,
ac08afd6-29e9-4c99-992e-119f3a78a09d,VAC-1178,CAND-10178,ИНТЕРВЬЮЕРЫ,Назначить интервью,User Task,Анна_3,2025-10-17 10:27:13.940715,2025-10-17 10:46:13.940715,1140,,
ac08afd6-29e9-4c99-992e-119f3a78a09d,VAC-1178,CAND-10178,ИНТЕРВЬЮЕРЫ,Интервью (раунд 1),User Task,Сергей_1,2025-10-17 14:24:13.940715,2025-10-17 15:22:13.940715,3480,rejected,недостаточно навыков
ad4dfdd5-e4f0-49cb-bbbd-a4fdf08fafd1,VAC-1195,CAND-10195,РУКОВОДИТЕЛЬ,Создать заявку,User Task,Сидоров_6,2025-08-26 11:51:13.940715,2025-08-26 12:41:13.940715,3000,,
ad4dfdd5-e4f0-49cb-bbbd-a4fdf08fafd1,VAC-1195,CAND-10195,HR,Зарегистрировать в HCM,Service Task,Ольга_8,2025-08-26 13:19:13.940715,2025-08-26 13:43:13.940715,1440,,
ad4dfdd5-e4f0-49cb-bbbd-a4fdf08fafd1,VAC-1195,CAND-10195,РЕКРУТЕР,Разместить вакансию,Task,Дмитрий_3,2025-08-26 14:23:13.940715,2025-08-26 15:50:13.940715,5220,,
ad4dfdd5-e4f0-49cb-bbbd-a4fdf08fafd1,VAC-1195,CAND-10195,РЕКРУТЕР,Собирать резюме,Task,Алексей_5,2025-08-26 16:54:13.940715,2025-08-26 19:28:13.940715,9240,,
ad4dfdd5-e4f0-49cb-bbbd-a4fdf08fafd1,VAC-1195,CAND-10195,РЕКРУТЕР,Скрининг,Task,Алексей_7,2025-08-26 21:24:13.940715,2025-08-26 23:00:13.940715,5760,passed,
ad4dfdd5-e4f0-49cb-bbbd-a4fdf08fafd1,VAC-1195,CAND-10195,ИНТЕРВЬЮЕРЫ,Назначить интервью,User Task,Андрей_1,2025-08-26 23:09:13.940715,2025-08-26 23:39:13.940715,1800,,
ad4dfdd5-e4f0-49cb-bbbd-a4fdf08fafd1,VAC-1195,CAND-10195,ИНТЕРВЬЮЕРЫ,Интервью (раунд 1),User Task,Анна_8,2025-08-27 02:11:13.940715,2025-08-27 04:53:13.940715,9720,passed,
ad4dfdd5-e4f0-49cb-bbbd-a4fdf08fafd1,VAC-1195,CAND-10195,ИНТЕРВЬЮЕРЫ,Интервью (раунд 2),User Task,Анна_6,2025-08-27 06:40:13.940715,2025-08-27 10:03:13.940715,12180,rejected,культурный профиль
af29370e-68ef-47ca-975a-478f49f180de,VAC-1188,CAND-10188,РУКОВОДИТЕЛЬ,Создать заявку,User Task,Иванов_3,2025-09-19 16:10:13.940715,2025-09-19 16:42:13.940715,1920,,
af29370e-68ef-47ca-975a-478f49f180de,VAC-1188,CAND-10188,HR,Зарегистрировать в HCM,Service Task,Марина_2,2025-09-19 17:27:13.940715,2025-09-19 17:36:13.940715,540,,
af29370e-68ef-47ca-975a-478f49f180de,VAC-1188,CAND-10188,РЕКРУТЕР,Разместить вакансию,Task,Екатерина_9,2025-09-19 17:59:13.940715,2025-09-19 20:06:13.940715,7620,,
af29370e-68ef-47ca-975a-478f49f180de,VAC-1188,CAND-10188,РЕКРУТЕР,Собирать резюме,Task,Дмитрий_1,2025-09-19 23:24:13.940715,2025-09-20 03:11:13.940715,13620,,
af29370e-68ef-47ca-975a-478f49f180de,VAC-1188,CAND-10188,РЕКРУТЕР,Скрининг,Task,Екатерина_3,2025-09-20 04:53:13.940715,2025-09-20 05:09:13.940715,960,passed,
af29370e-68ef-47ca-975a-478f49f180de,VAC-1188,CAND-10188,ИНТЕРВЬЮЕРЫ,Назначить интервью,User Task,Андрей_1,2025-09-20 08:39:13.940715,2025-09-20 09:25:13.940715,2760,,
af29370e-68ef-47ca-975a-478f49f180de,VAC-1188,CAND-10188,ИНТЕРВЬЮЕРЫ,Интервью (раунд 1),User Task,Андрей_2,2025-09-20 12:35:13.940715,2025-09-20 14:38:13.940715,7380,passed,
af29370e-68ef-47ca-975a-478f49f180de,VAC-1188,CAND-10188,ИНТЕРВЬЮЕРЫ,Интервью (раунд 2),User Task,Анна_3,2025-09-20 15:48:13.940715,2025-09-20 17:36:13.940715,6480,passed,
af29370e-68ef-47ca-975a-478f49f180de,VAC-1188,CAND-10188,ИНТЕРВЬЮЕРЫ,Финальное интервью,User Task,Сергей_8,2025-09-20 21:36:13.940715,2025-09-21 00:53:13.940715,11820,passed,
af29370e-68ef-47ca-975a-478f49f180de,VAC-1188,CAND-10188,HR (ОФФЕР),Согласовать условия,User Task,HR_Manager_5,2025-09-21 03:05:13.940715,2025-09-21 11:02:13.940715,28620,,
af29370e-68ef-47ca-975a-478f49f180de,VAC-1188,CAND-10188,HR (ОФФЕР),Сгенерировать оффер,Service Task,HR_Manager_5,2025-09-21 11:18:13.940715,2025-09-21 11:41:13.940715,1380,,
af29370e-68ef-47ca-975a-478f49f180de,VAC-1188,CAND-10188,HR (ОФФЕР),Отправить оффер,Send Task,HR_Manager_6,2025-09-21 11:48:13.940715,2025-09-21 11:50:13.940715,120,sent,
af29370e-68ef-47ca-975a-478f49f180de,VAC-1188,CAND-10188,HR (ОФФЕР),Timer: ожидание ответа (дни),Timer,,2025-09-21 11:50:13.940715,2025-09-23 11:50:13.940715,172800,timer_elapsed,
af29370e-68ef-47ca-975a-478f49f180de,VAC-1188,CAND-10188,SECURITY,Background Check,Call Activity,Служба_БД_1,2025-09-24 13:36:13.940715,2025-09-27 06:34:13.940715,233880,report_ready,
af29370e-68ef-47ca-975a-478f49f180de,VAC-1188,CAND-10188,SECURITY,Решение руководителя по BG,User Task,Иванов_8,2025-09-27 09:06:13.940715,2025-09-27 12:01:13.940715,10500,reject_by_manager,
b05b5d0f-e226-4af5-b3dc-7e3affa61b40,VAC-1114,CAND-10114,РУКОВОДИТЕЛЬ,Создать заявку,User Task,Иванов_1,2025-09-09 20:29:13.940715,2025-09-09 21:20:13.940715,3060,,
b05b5d0f-e226-4af5-b3dc-7e3affa61b40,VAC-1114,CAND-10114,HR,Зарегистрировать в HCM,Service Task,Марина_1,2025-09-09 22:15:13.940715,2025-09-09 22:32:13.940715,1020,,
b05b5d0f-e226-4af5-b3dc-7e3affa61b40,VAC-1114,CAND-10114,РЕКРУТЕР,Разместить вакансию,Task,Екатерина_7,2025-09-09 23:25:13.940715,2025-09-10 02:13:13.940715,10080,,
b05b5d0f-e226-4af5-b3dc-7e3affa61b40,VAC-1114,CAND-10114,РЕКРУТЕР,Собирать резюме,Task,Алексей_1,2025-09-10 05:39:13.940715,2025-09-10 11:41:13.940715,21720,,
b05b5d0f-e226-4af5-b3dc-7e3affa61b40,VAC-1114,CAND-10114,РЕКРУТЕР,Скрининг,Task,Екатерина_9,2025-09-10 12:56:13.940715,2025-09-10 13:39:13.940715,2580,passed,
b05b5d0f-e226-4af5-b3dc-7e3affa61b40,VAC-1114,CAND-10114,ИНТЕРВЬЮЕРЫ,Назначить интервью,User Task,Сергей_7,2025-09-10 17:05:13.940715,2025-09-10 17:19:13.940715,840,,
b05b5d0f-e226-4af5-b3dc-7e3affa61b40,VAC-1114,CAND-10114,ИНТЕРВЬЮЕРЫ,Интервью (раунд 1),User Task,Сергей_3,2025-09-10 21:06:13.940715,2025-09-11 00:21:13.940715,11700,passed,
b05b5d0f-e226-4af5-b3dc-7e3affa61b40,VAC-1114,CAND-10114,ИНТЕРВЬЮЕРЫ,Интервью (раунд 2),User Task,Сергей_6,2025-09-11 02:49:13.940715,2025-09-11 05:42:13.940715,10380,passed,
b05b5d0f-e226-4af5-b3dc-7e3affa61b40,VAC-1114,CAND-10114,ИНТЕРВЬЮЕРЫ,Финальное интервью,User Task,Анна_3,2025-09-11 08:14:13.940715,2025-09-11 09:01:13.940715,2820,passed,
b05b5d0f-e226-4af5-b3dc-7e3affa61b40,VAC-1114,CAND-10114,HR (ОФФЕР),Согласовать условия,User Task,HR_Manager_8,2025-09-11 12:24:13.940715,2025-09-11 17:17:13.940715,17580,,
b05b5d0f-e226-4af5-b3dc-7e3affa61b40,VAC-1114,CAND-10114,HR (ОФФЕР),Сгенерировать оффер,Service Task,HR_Manager_8,2025-09-11 17:32:13.940715,2025-09-11 17:39:13.940715,420,,
b05b5d0f-e226-4af5-b3dc-7e3affa61b40,VAC-1114,CAND-10114,HR (ОФФЕР),Отправить оффер,Send Task,HR_Manager_8,2025-09-11 17:51:13.940715,2025-09-11 17:52:13.940715,60,sent,
b05b5d0f-e226-4af5-b3dc-7e3affa61b40,VAC-1114,CAND-10114,HR (ОФФЕР),Timer: ожидание ответа (дни),Timer,,2025-09-11 17:52:13.940715,2025-09-13 17:52:13.940715,172800,timer_elapsed,
b05b5d0f-e226-4af5-b3dc-7e3affa61b40,VAC-1114,CAND-10114,SECURITY,Background Check,Call Activity,Служба_БД_4,2025-09-14 19:06:13.940715,2025-09-15 19:04:13.940715,86280,report_ready,
b05b5d0f-e226-4af5-b3dc-7e3affa61b40,VAC-1114,CAND-10114,IT,Выдача оборудования,Task,IT_Specialist_8,2025-09-15 20:46:13.940715,2025-09-15 22:48:13.940715,7320,,
b05b5d0f-e226-4af5-b3dc-7e3affa61b40,VAC-1114,CAND-10114,IT,Создать доступы,Task,IT_Specialist_6,2025-09-15 23:51:13.940715,2025-09-16 00:12:13.940715,1260,,
b05b5d0f-e226-4af5-b3dc-7e3affa61b40,VAC-1114,CAND-10114,IT,HR/Training: Вводное обучение,Service Task,Марина_5,2025-09-16 14:18:13.940715,2025-09-16 21:18:13.940715,25200,,
b05b5d0f-e226-4af5-b3dc-7e3affa61b40,VAC-1114,CAND-10114,IT,Назначить ментора,Task,Ольга_9,2025-09-17 00:56:13.940715,2025-09-17 02:40:13.940715,6240,,
b05b5d0f-e226-4af5-b3dc-7e3affa61b40,VAC-1114,CAND-10114,IT,Message: уведомить всех,Message,system,2025-09-17 03:17:13.940715,2025-09-17 03:23:13.940715,360,notified,
b05b5d0f-e226-4af5-b3dc-7e3affa61b40,VAC-1114,CAND-10114,HR (финал),Обновить статус в HCM,Service Task,Ольга_6,2025-09-17 04:12:13.940715,2025-09-17 04:54:13.940715,2520,,
b05b5d0f-e226-4af5-b3dc-7e3affa61b40,VAC-1114,CAND-10114,HR (финал),Payroll / учет,Service Task,Наталья_9,2025-09-17 05:32:13.940715,2025-09-17 06:14:13.940715,2520,,
b05b5d0f-e226-4af5-b3dc-7e3affa61b40,VAC-1114,CAND-10114,HR (финал),Закрыть вакансию на порталах,Service Task,Наталья_9,2025-09-17 06:31:13.940715,2025-09-17 06:56:13.940715,1500,,
b05b5d0f-e226-4af5-b3dc-7e3affa61b40,VAC-1114,CAND-10114,HR (финал),Hire Completed,End Event,system,2025-09-17 07:22:13.940715,2025-09-17 07:22:13.940715,0,hired,
b399cb6b-ae60-4f62-a33f-ae714d1fbd3b,VAC-1039,CAND-10039,РУКОВОДИТЕЛЬ,Создать заявку,User Task,Кузнецов_3,2025-10-19 19:33:13.940715,2025-10-19 20:16:13.940715,2580,,
b399cb6b-ae60-4f62-a33f-ae714d1fbd3b,VAC-1039,CAND-10039,HR,Зарегистрировать в HCM,Service Task,Марина_3,2025-10-19 20:27:13.940715,2025-10-19 20:33:13.940715,360,,
b399cb6b-ae60-4f62-a33f-ae714d1fbd3b,VAC-1039,CAND-10039,РЕКРУТЕР,Разместить вакансию,Task,Алексей_7,2025-10-19 21:20:13.940715,2025-10-19 23:32:13.940715,7920,,
b399cb6b-ae60-4f62-a33f-ae714d1fbd3b,VAC-1039,CAND-10039,РЕКРУТЕР,Собирать резюме,Task,Екатерина_4,2025-10-20 01:15:13.940715,2025-10-20 08:01:13.940715,24360,,
b399cb6b-ae60-4f62-a33f-ae714d1fbd3b,VAC-1039,CAND-10039,РЕКРУТЕР,Скрининг,Task,Дмитрий_8,2025-10-20 09:02:13.940715,2025-10-20 10:30:13.940715,5280,passed,
b399cb6b-ae60-4f62-a33f-ae714d1fbd3b,VAC-1039,CAND-10039,ИНТЕРВЬЮЕРЫ,Назначить интервью,User Task,Сергей_4,2025-10-20 11:39:13.940715,2025-10-20 12:03:13.940715,1440,,
b399cb6b-ae60-4f62-a33f-ae714d1fbd3b,VAC-1039,CAND-10039,ИНТЕРВЬЮЕРЫ,Интервью (раунд 1),User Task,Сергей_7,2025-10-20 14:59:13.940715,2025-10-20 17:36:13.940715,9420,passed,
b399cb6b-ae60-4f62-a33f-ae714d1fbd3b,VAC-1039,CAND-10039,ИНТЕРВЬЮЕРЫ,Интервью (раунд 2),User Task,Андрей_4,2025-10-20 20:14:13.940715,2025-10-20 23:14:13.940715,10800,passed,
b399cb6b-ae60-4f62-a33f-ae714d1fbd3b,VAC-1039,CAND-10039,ИНТЕРВЬЮЕРЫ,Финальное интервью,User Task,Сергей_1,2025-10-21 03:03:13.940715,2025-10-21 06:22:13.940715,11940,passed,
b399cb6b-ae60-4f62-a33f-ae714d1fbd3b,VAC-1039,CAND-10039,HR (ОФФЕР),Согласовать условия,User Task,HR_Manager_9,2025-10-21 09:16:13.940715,2025-10-21 13:52:13.940715,16560,,
b399cb6b-ae60-4f62-a33f-ae714d1fbd3b,VAC-1039,CAND-10039,HR (ОФФЕР),Сгенерировать оффер,Service Task,HR_Manager_5,2025-10-21 14:03:13.940715,2025-10-21 14:27:13.940715,1440,,
b399cb6b-ae60-4f62-a33f-ae714d1fbd3b,VAC-1039,CAND-10039,HR (ОФФЕР),Отправить оффер,Send Task,HR_Manager_8,2025-10-21 14:30:13.940715,2025-10-21 14:33:13.940715,180,sent,
b399cb6b-ae60-4f62-a33f-ae714d1fbd3b,VAC-1039,CAND-10039,HR (ОФФЕР),Timer: ожидание ответа (дни),Timer,,2025-10-21 14:33:13.940715,2025-10-23 14:33:13.940715,172800,timer_elapsed,
b399cb6b-ae60-4f62-a33f-ae714d1fbd3b,VAC-1039,CAND-10039,HR (ОФФЕР),Переговоры / отказ,Task,HR_Manager_8,2025-10-23 20:49:13.940715,2025-10-24 00:47:13.940715,14280,rejected,
b3fdf8f4-705f-4ae0-b04e-7ad92466a460,VAC-1108,CAND-10108,РУКОВОДИТЕЛЬ,Создать заявку,User Task,Кузнецов_4,2025-10-10 19:20:13.940715,2025-10-10 19:39:13.940715,1140,,
b3fdf8f4-705f-4ae0-b04e-7ad92466a460,VAC-1108,CAND-10108,HR,Зарегистрировать в HCM,Service Task,Марина_5,2025-10-10 20:12:13.940715,2025-10-10 20:38:13.940715,1560,,
b3fdf8f4-705f-4ae0-b04e-7ad92466a460,VAC-1108,CAND-10108,РЕКРУТЕР,Разместить вакансию,Task,Дмитрий_7,2025-10-10 21:23:13.940715,2025-10-10 21:55:13.940715,1920,,
b3fdf8f4-705f-4ae0-b04e-7ad92466a460,VAC-1108,CAND-10108,РЕКРУТЕР,Собирать резюме,Task,Екатерина_6,2025-10-10 23:51:13.940715,2025-10-11 07:34:13.940715,27780,,
b3fdf8f4-705f-4ae0-b04e-7ad92466a460,VAC-1108,CAND-10108,РЕКРУТЕР,Скрининг,Task,Алексей_5,2025-10-11 08:49:13.940715,2025-10-11 09:05:13.940715,960,passed,
b3fdf8f4-705f-4ae0-b04e-7ad92466a460,VAC-1108,CAND-10108,ИНТЕРВЬЮЕРЫ,Назначить интервью,User Task,Сергей_4,2025-10-11 12:55:13.940715,2025-10-11 13:49:13.940715,3240,,
b3fdf8f4-705f-4ae0-b04e-7ad92466a460,VAC-1108,CAND-10108,ИНТЕРВЬЮЕРЫ,Интервью (раунд 1),User Task,Анна_9,2025-10-11 17:19:13.940715,2025-10-11 21:05:13.940715,13560,passed,
b3fdf8f4-705f-4ae0-b04e-7ad92466a460,VAC-1108,CAND-10108,ИНТЕРВЬЮЕРЫ,Интервью (раунд 2),User Task,Анна_4,2025-10-12 00:44:13.940715,2025-10-12 04:03:13.940715,11940,passed,
b3fdf8f4-705f-4ae0-b04e-7ad92466a460,VAC-1108,CAND-10108,ИНТЕРВЬЮЕРЫ,Интервью (раунд 3),User Task,Анна_2,2025-10-12 05:48:13.940715,2025-10-12 08:27:13.940715,9540,passed,
b3fdf8f4-705f-4ae0-b04e-7ad92466a460,VAC-1108,CAND-10108,ИНТЕРВЬЮЕРЫ,Интервью (раунд 4),User Task,Андрей_7,2025-10-12 09:44:13.940715,2025-10-12 11:13:13.940715,5340,rejected,недостаточно навыков
b4224bac-5bd8-43d9-b824-c87dac860492,VAC-1047,CAND-10047,РУКОВОДИТЕЛЬ,Создать заявку,User Task,Иванов_3,2025-09-26 17:14:13.940715,2025-09-26 17:45:13.940715,1860,,
b4224bac-5bd8-43d9-b824-c87dac860492,VAC-1047,CAND-10047,HR,Зарегистрировать в HCM,Service Task,Наталья_8,2025-09-26 18:06:13.940715,2025-09-26 18:27:13.940715,1260,,
b4224bac-5bd8-43d9-b824-c87dac860492,VAC-1047,CAND-10047,РЕКРУТЕР,Разместить вакансию,Task,Дмитрий_3,2025-09-26 18:57:13.940715,2025-09-26 21:29:13.940715,9120,,
b4224bac-5bd8-43d9-b824-c87dac860492,VAC-1047,CAND-10047,РЕКРУТЕР,Собирать резюме,Task,Екатерина_3,2025-09-27 01:23:13.940715,2025-09-27 09:02:13.940715,27540,,
b4224bac-5bd8-43d9-b824-c87dac860492,VAC-1047,CAND-10047,РЕКРУТЕР,Скрининг,Task,Дмитрий_9,2025-09-27 10:45:13.940715,2025-09-27 11:43:13.940715,3480,rejected,не соотв. опыту
b498348d-7d33-45ed-b9af-dfe7e46f5f81,VAC-1185,CAND-10185,РУКОВОДИТЕЛЬ,Создать заявку,User Task,Иванов_1,2025-10-04 11:11:13.940715,2025-10-04 11:47:13.940715,2160,,
b498348d-7d33-45ed-b9af-dfe7e46f5f81,VAC-1185,CAND-10185,HR,Зарегистрировать в HCM,Service Task,Наталья_6,2025-10-04 12:43:13.940715,2025-10-04 13:12:13.940715,1740,,
b498348d-7d33-45ed-b9af-dfe7e46f5f81,VAC-1185,CAND-10185,РЕКРУТЕР,Разместить вакансию,Task,Алексей_7,2025-10-04 13:51:13.940715,2025-10-04 15:27:13.940715,5760,,
b498348d-7d33-45ed-b9af-dfe7e46f5f81,VAC-1185,CAND-10185,РЕКРУТЕР,Собирать резюме,Task,Екатерина_2,2025-10-04 19:26:13.940715,2025-10-04 23:32:13.940715,14760,,
b498348d-7d33-45ed-b9af-dfe7e46f5f81,VAC-1185,CAND-10185,РЕКРУТЕР,Скрининг,Task,Екатерина_3,2025-10-05 00:27:13.940715,2025-10-05 02:24:13.940715,7020,passed,
b498348d-7d33-45ed-b9af-dfe7e46f5f81,VAC-1185,CAND-10185,ИНТЕРВЬЮЕРЫ,Назначить интервью,User Task,Анна_2,2025-10-05 04:58:13.940715,2025-10-05 05:50:13.940715,3120,,
b498348d-7d33-45ed-b9af-dfe7e46f5f81,VAC-1185,CAND-10185,ИНТЕРВЬЮЕРЫ,Интервью (раунд 1),User Task,Андрей_4,2025-10-05 08:48:13.940715,2025-10-05 11:47:13.940715,10740,passed,
b498348d-7d33-45ed-b9af-dfe7e46f5f81,VAC-1185,CAND-10185,ИНТЕРВЬЮЕРЫ,Интервью (раунд 2),User Task,Сергей_6,2025-10-05 14:50:13.940715,2025-10-05 16:06:13.940715,4560,rejected,культурный профиль
b56ac158-2d12-4838-85b7-07dd72ca74fd,VAC-1062,CAND-10062,РУКОВОДИТЕЛЬ,Создать заявку,User Task,Кузнецов_8,2025-09-28 16:14:13.940715,2025-09-28 16:37:13.940715,1380,,
b56ac158-2d12-4838-85b7-07dd72ca74fd,VAC-1062,CAND-10062,HR,Зарегистрировать в HCM,Service Task,Ольга_5,2025-09-28 17:12:13.940715,2025-09-28 17:33:13.940715,1260,,
b56ac158-2d12-4838-85b7-07dd72ca74fd,VAC-1062,CAND-10062,РЕКРУТЕР,Разместить вакансию,Task,Екатерина_8,2025-09-28 17:50:13.940715,2025-09-28 19:42:13.940715,6720,,
b56ac158-2d12-4838-85b7-07dd72ca74fd,VAC-1062,CAND-10062,РЕКРУТЕР,Собирать резюме,Task,Екатерина_8,2025-09-28 21:51:13.940715,2025-09-28 23:41:13.940715,6600,,
b56ac158-2d12-4838-85b7-07dd72ca74fd,VAC-1062,CAND-10062,РЕКРУТЕР,Скрининг,Task,Дмитрий_4,2025-09-29 01:23:13.940715,2025-09-29 03:20:13.940715,7020,passed,
b56ac158-2d12-4838-85b7-07dd72ca74fd,VAC-1062,CAND-10062,ИНТЕРВЬЮЕРЫ,Назначить интервью,User Task,Анна_4,2025-09-29 05:13:13.940715,2025-09-29 05:20:13.940715,420,,
b56ac158-2d12-4838-85b7-07dd72ca74fd,VAC-1062,CAND-10062,ИНТЕРВЬЮЕРЫ,Интервью (раунд 1),User Task,Анна_7,2025-09-29 05:54:13.940715,2025-09-29 07:45:13.940715,6660,passed,
b56ac158-2d12-4838-85b7-07dd72ca74fd,VAC-1062,CAND-10062,ИНТЕРВЬЮЕРЫ,Интервью (раунд 2),User Task,Андрей_7,2025-09-29 09:30:13.940715,2025-09-29 10:54:13.940715,5040,passed,
b56ac158-2d12-4838-85b7-07dd72ca74fd,VAC-1062,CAND-10062,ИНТЕРВЬЮЕРЫ,Интервью (раунд 3),User Task,Анна_6,2025-09-29 13:49:13.940715,2025-09-29 15:36:13.940715,6420,passed,
b56ac158-2d12-4838-85b7-07dd72ca74fd,VAC-1062,CAND-10062,ИНТЕРВЬЮЕРЫ,Финальное интервью,User Task,Анна_8,2025-09-29 17:05:13.940715,2025-09-29 21:05:13.940715,14400,passed,
b56ac158-2d12-4838-85b7-07dd72ca74fd,VAC-1062,CAND-10062,HR (ОФФЕР),Согласовать условия,User Task,HR_Manager_3,2025-09-29 23:12:13.940715,2025-09-30 01:08:13.940715,6960,,
b56ac158-2d12-4838-85b7-07dd72ca74fd,VAC-1062,CAND-10062,HR (ОФФЕР),Сгенерировать оффер,Service Task,HR_Manager_3,2025-09-30 01:21:13.940715,2025-09-30 01:46:13.940715,1500,,
b56ac158-2d12-4838-85b7-07dd72ca74fd,VAC-1062,CAND-10062,HR (ОФФЕР),Отправить оффер,Send Task,HR_Manager_2,2025-09-30 02:04:13.940715,2025-09-30 02:05:13.940715,60,sent,
b56ac158-2d12-4838-85b7-07dd72ca74fd,VAC-1062,CAND-10062,HR (ОФФЕР),Timer: ожидание ответа (дни),Timer,,2025-09-30 02:05:13.940715,2025-10-01 02:05:13.940715,86400,timer_elapsed,
b56ac158-2d12-4838-85b7-07dd72ca74fd,VAC-1062,CAND-10062,SECURITY,Background Check,Call Activity,Служба_БД_2,2025-10-02 06:15:13.940715,2025-10-02 23:38:13.940715,62580,report_ready,
b56ac158-2d12-4838-85b7-07dd72ca74fd,VAC-1062,CAND-10062,IT,Выдача оборудования,Task,IT_Specialist_6,2025-10-02 23:40:13.940715,2025-10-03 01:05:13.940715,5100,,
b56ac158-2d12-4838-85b7-07dd72ca74fd,VAC-1062,CAND-10062,IT,Создать доступы,Task,IT_Specialist_8,2025-10-03 01:17:13.940715,2025-10-03 04:05:13.940715,10080,,
b56ac158-2d12-4838-85b7-07dd72ca74fd,VAC-1062,CAND-10062,IT,HR/Training: Вводное обучение,Service Task,Марина_9,2025-10-03 06:14:13.940715,2025-10-03 07:17:13.940715,3780,,
b56ac158-2d12-4838-85b7-07dd72ca74fd,VAC-1062,CAND-10062,IT,Назначить ментора,Task,Наталья_9,2025-10-03 09:07:13.940715,2025-10-03 09:18:13.940715,660,,
b56ac158-2d12-4838-85b7-07dd72ca74fd,VAC-1062,CAND-10062,IT,Message: уведомить всех,Message,system,2025-10-03 10:05:13.940715,2025-10-03 10:14:13.940715,540,notified,
b56ac158-2d12-4838-85b7-07dd72ca74fd,VAC-1062,CAND-10062,HR (финал),Обновить статус в HCM,Service Task,Наталья_9,2025-10-03 11:23:13.940715,2025-10-03 11:42:13.940715,1140,,
b56ac158-2d12-4838-85b7-07dd72ca74fd,VAC-1062,CAND-10062,HR (финал),Payroll / учет,Service Task,Марина_7,2025-10-03 12:35:13.940715,2025-10-03 13:20:13.940715,2700,,
b56ac158-2d12-4838-85b7-07dd72ca74fd,VAC-1062,CAND-10062,HR (финал),Закрыть вакансию на порталах,Service Task,Наталья_2,2025-10-03 14:12:13.940715,2025-10-03 15:11:13.940715,3540,,
b56ac158-2d12-4838-85b7-07dd72ca74fd,VAC-1062,CAND-10062,HR (финал),Hire Completed,End Event,system,2025-10-03 16:10:13.940715,2025-10-03 16:10:13.940715,0,hired,
b62b8f11-0f2d-4175-8b2d-456f0ee6e9d3,VAC-1165,CAND-10165,РУКОВОДИТЕЛЬ,Создать заявку,User Task,Петров_8,2025-10-17 18:56:13.940715,2025-10-17 19:56:13.940715,3600,,
b62b8f11-0f2d-4175-8b2d-456f0ee6e9d3,VAC-1165,CAND-10165,HR,Зарегистрировать в HCM,Service Task,Ольга_1,2025-10-17 20:50:13.940715,2025-10-17 21:05:13.940715,900,,
b62b8f11-0f2d-4175-8b2d-456f0ee6e9d3,VAC-1165,CAND-10165,РЕКРУТЕР,Разместить вакансию,Task,Екатерина_4,2025-10-17 21:52:13.940715,2025-10-18 00:01:13.940715,7740,,
b62b8f11-0f2d-4175-8b2d-456f0ee6e9d3,VAC-1165,CAND-10165,РЕКРУТЕР,Собирать резюме,Task,Дмитрий_4,2025-10-18 01:14:13.940715,2025-10-18 05:01:13.940715,13620,,
b62b8f11-0f2d-4175-8b2d-456f0ee6e9d3,VAC-1165,CAND-10165,РЕКРУТЕР,Скрининг,Task,Алексей_1,2025-10-18 07:00:13.940715,2025-10-18 08:25:13.940715,5100,passed,
b62b8f11-0f2d-4175-8b2d-456f0ee6e9d3,VAC-1165,CAND-10165,ИНТЕРВЬЮЕРЫ,Назначить интервью,User Task,Сергей_9,2025-10-18 08:44:13.940715,2025-10-18 08:51:13.940715,420,,
b62b8f11-0f2d-4175-8b2d-456f0ee6e9d3,VAC-1165,CAND-10165,ИНТЕРВЬЮЕРЫ,Интервью (раунд 1),User Task,Анна_2,2025-10-18 11:36:13.940715,2025-10-18 14:01:13.940715,8700,passed,
b62b8f11-0f2d-4175-8b2d-456f0ee6e9d3,VAC-1165,CAND-10165,ИНТЕРВЬЮЕРЫ,Финальное интервью,User Task,Анна_1,2025-10-18 16:20:13.940715,2025-10-18 19:11:13.940715,10260,passed,
b62b8f11-0f2d-4175-8b2d-456f0ee6e9d3,VAC-1165,CAND-10165,HR (ОФФЕР),Согласовать условия,User Task,HR_Manager_4,2025-10-18 22:18:13.940715,2025-10-19 05:02:13.940715,24240,,
b62b8f11-0f2d-4175-8b2d-456f0ee6e9d3,VAC-1165,CAND-10165,HR (ОФФЕР),Сгенерировать оффер,Service Task,HR_Manager_4,2025-10-19 05:15:13.940715,2025-10-19 05:28:13.940715,780,,
b62b8f11-0f2d-4175-8b2d-456f0ee6e9d3,VAC-1165,CAND-10165,HR (ОФФЕР),Отправить оффер,Send Task,HR_Manager_5,2025-10-19 05:31:13.940715,2025-10-19 05:32:13.940715,60,sent,
b62b8f11-0f2d-4175-8b2d-456f0ee6e9d3,VAC-1165,CAND-10165,HR (ОФФЕР),Timer: ожидание ответа (дни),Timer,,2025-10-19 05:32:13.940715,2025-10-21 05:32:13.940715,172800,timer_elapsed,
b62b8f11-0f2d-4175-8b2d-456f0ee6e9d3,VAC-1165,CAND-10165,SECURITY,Background Check,Call Activity,Служба_БД_8,2025-10-22 20:29:13.940715,2025-10-25 07:29:13.940715,212400,report_ready,
b62b8f11-0f2d-4175-8b2d-456f0ee6e9d3,VAC-1165,CAND-10165,IT,Выдача оборудования,Task,IT_Specialist_3,2025-10-25 07:47:13.940715,2025-10-25 11:17:13.940715,12600,,
b62b8f11-0f2d-4175-8b2d-456f0ee6e9d3,VAC-1165,CAND-10165,IT,Создать доступы,Task,IT_Specialist_1,2025-10-25 13:03:13.940715,2025-10-25 14:47:13.940715,6240,,
b62b8f11-0f2d-4175-8b2d-456f0ee6e9d3,VAC-1165,CAND-10165,IT,HR/Training: Вводное обучение,Service Task,Марина_6,2025-10-26 00:27:13.940715,2025-10-26 04:44:13.940715,15420,,
b62b8f11-0f2d-4175-8b2d-456f0ee6e9d3,VAC-1165,CAND-10165,IT,Назначить ментора,Task,Ольга_7,2025-10-26 07:04:13.940715,2025-10-26 07:18:13.940715,840,,
b62b8f11-0f2d-4175-8b2d-456f0ee6e9d3,VAC-1165,CAND-10165,IT,Message: уведомить всех,Message,system,2025-10-26 08:07:13.940715,2025-10-26 08:16:13.940715,540,notified,
b62b8f11-0f2d-4175-8b2d-456f0ee6e9d3,VAC-1165,CAND-10165,HR (финал),Обновить статус в HCM,Service Task,Марина_4,2025-10-26 09:46:13.940715,2025-10-26 10:26:13.940715,2400,,
b62b8f11-0f2d-4175-8b2d-456f0ee6e9d3,VAC-1165,CAND-10165,HR (финал),Payroll / учет,Service Task,Наталья_6,2025-10-26 11:17:13.940715,2025-10-26 12:01:13.940715,2640,,
b62b8f11-0f2d-4175-8b2d-456f0ee6e9d3,VAC-1165,CAND-10165,HR (финал),Закрыть вакансию на порталах,Service Task,Наталья_9,2025-10-26 12:49:13.940715,2025-10-26 13:49:13.940715,3600,,
b62b8f11-0f2d-4175-8b2d-456f0ee6e9d3,VAC-1165,CAND-10165,HR (финал),Hire Completed,End Event,system,2025-10-26 14:48:13.940715,2025-10-26 14:48:13.940715,0,hired,
b75e3a51-13cf-470f-b2be-9a127c9a39a7,VAC-1187,CAND-10187,РУКОВОДИТЕЛЬ,Создать заявку,User Task,Сидоров_2,2025-09-28 16:44:13.940715,2025-09-28 17:29:13.940715,2700,,
b75e3a51-13cf-470f-b2be-9a127c9a39a7,VAC-1187,CAND-10187,HR,Зарегистрировать в HCM,Service Task,Наталья_8,2025-09-28 18:04:13.940715,2025-09-28 18:32:13.940715,1680,,
b75e3a51-13cf-470f-b2be-9a127c9a39a7,VAC-1187,CAND-10187,РЕКРУТЕР,Разместить вакансию,Task,Дмитрий_5,2025-09-28 18:57:13.940715,2025-09-28 19:19:13.940715,1320,,
b75e3a51-13cf-470f-b2be-9a127c9a39a7,VAC-1187,CAND-10187,РЕКРУТЕР,Собирать резюме,Task,Алексей_5,2025-09-28 20:46:13.940715,2025-09-28 22:32:13.940715,6360,,
b75e3a51-13cf-470f-b2be-9a127c9a39a7,VAC-1187,CAND-10187,РЕКРУТЕР,Скрининг,Task,Алексей_8,2025-09-28 23:03:13.940715,2025-09-29 01:03:13.940715,7200,passed,
b75e3a51-13cf-470f-b2be-9a127c9a39a7,VAC-1187,CAND-10187,ИНТЕРВЬЮЕРЫ,Назначить интервью,User Task,Анна_7,2025-09-29 04:56:13.940715,2025-09-29 05:52:13.940715,3360,,
b75e3a51-13cf-470f-b2be-9a127c9a39a7,VAC-1187,CAND-10187,ИНТЕРВЬЮЕРЫ,Интервью (раунд 1),User Task,Сергей_8,2025-09-29 07:32:13.940715,2025-09-29 08:37:13.940715,3900,rejected,культурный профиль
bdb0956e-80fb-4555-8305-1b501444d5a0,VAC-1034,CAND-10034,РУКОВОДИТЕЛЬ,Создать заявку,User Task,Иванов_5,2025-09-29 14:16:13.940715,2025-09-29 14:48:13.940715,1920,,
bdb0956e-80fb-4555-8305-1b501444d5a0,VAC-1034,CAND-10034,HR,Зарегистрировать в HCM,Service Task,Ольга_5,2025-09-29 14:50:13.940715,2025-09-29 14:56:13.940715,360,,
bdb0956e-80fb-4555-8305-1b501444d5a0,VAC-1034,CAND-10034,РЕКРУТЕР,Разместить вакансию,Task,Дмитрий_1,2025-09-29 15:55:13.940715,2025-09-29 17:41:13.940715,6360,,
bdb0956e-80fb-4555-8305-1b501444d5a0,VAC-1034,CAND-10034,РЕКРУТЕР,Собирать резюме,Task,Екатерина_7,2025-09-29 18:37:13.940715,2025-09-29 20:50:13.940715,7980,,
bdb0956e-80fb-4555-8305-1b501444d5a0,VAC-1034,CAND-10034,РЕКРУТЕР,Скрининг,Task,Екатерина_1,2025-09-29 21:03:13.940715,2025-09-29 21:31:13.940715,1680,passed,
bdb0956e-80fb-4555-8305-1b501444d5a0,VAC-1034,CAND-10034,ИНТЕРВЬЮЕРЫ,Назначить интервью,User Task,Сергей_7,2025-09-29 23:54:13.940715,2025-09-30 00:12:13.940715,1080,,
bdb0956e-80fb-4555-8305-1b501444d5a0,VAC-1034,CAND-10034,ИНТЕРВЬЮЕРЫ,Интервью (раунд 1),User Task,Сергей_2,2025-09-30 01:22:13.940715,2025-09-30 03:41:13.940715,8340,passed,
bdb0956e-80fb-4555-8305-1b501444d5a0,VAC-1034,CAND-10034,ИНТЕРВЬЮЕРЫ,Интервью (раунд 2),User Task,Анна_1,2025-09-30 04:24:13.940715,2025-09-30 05:48:13.940715,5040,passed,
bdb0956e-80fb-4555-8305-1b501444d5a0,VAC-1034,CAND-10034,ИНТЕРВЬЮЕРЫ,Финальное интервью,User Task,Анна_7,2025-09-30 09:04:13.940715,2025-09-30 10:09:13.940715,3900,passed,
bdb0956e-80fb-4555-8305-1b501444d5a0,VAC-1034,CAND-10034,HR (ОФФЕР),Согласовать условия,User Task,HR_Manager_7,2025-09-30 12:23:13.940715,2025-09-30 18:03:13.940715,20400,,
bdb0956e-80fb-4555-8305-1b501444d5a0,VAC-1034,CAND-10034,HR (ОФФЕР),Сгенерировать оффер,Service Task,HR_Manager_6,2025-09-30 18:25:13.940715,2025-09-30 18:33:13.940715,480,,
bdb0956e-80fb-4555-8305-1b501444d5a0,VAC-1034,CAND-10034,HR (ОФФЕР),Отправить оффер,Send Task,HR_Manager_8,2025-09-30 18:47:13.940715,2025-09-30 18:49:13.940715,120,sent,
bdb0956e-80fb-4555-8305-1b501444d5a0,VAC-1034,CAND-10034,HR (ОФФЕР),Timer: ожидание ответа (дни),Timer,,2025-09-30 18:49:13.940715,2025-10-03 18:49:13.940715,259200,timer_elapsed,
bdb0956e-80fb-4555-8305-1b501444d5a0,VAC-1034,CAND-10034,SECURITY,Background Check,Call Activity,Служба_БД_1,2025-10-04 21:48:13.940715,2025-10-06 22:42:13.940715,176040,report_ready,
bdb0956e-80fb-4555-8305-1b501444d5a0,VAC-1034,CAND-10034,IT,Выдача оборудования,Task,IT_Specialist_5,2025-10-06 23:10:13.940715,2025-10-07 02:56:13.940715,13560,,
bdb0956e-80fb-4555-8305-1b501444d5a0,VAC-1034,CAND-10034,IT,Создать доступы,Task,IT_Specialist_1,2025-10-07 03:38:13.940715,2025-10-07 05:11:13.940715,5580,,
bdb0956e-80fb-4555-8305-1b501444d5a0,VAC-1034,CAND-10034,IT,HR/Training: Вводное обучение,Service Task,Ольга_3,2025-10-10 01:06:13.940715,2025-10-10 08:28:13.940715,26520,,
bdb0956e-80fb-4555-8305-1b501444d5a0,VAC-1034,CAND-10034,IT,Назначить ментора,Task,Марина_4,2025-10-10 09:06:13.940715,2025-10-10 10:04:13.940715,3480,,
bdb0956e-80fb-4555-8305-1b501444d5a0,VAC-1034,CAND-10034,IT,Message: уведомить всех,Message,system,2025-10-10 10:37:13.940715,2025-10-10 10:55:13.940715,1080,notified,
bdb0956e-80fb-4555-8305-1b501444d5a0,VAC-1034,CAND-10034,HR (финал),Обновить статус в HCM,Service Task,Ольга_2,2025-10-10 12:42:13.940715,2025-10-10 13:25:13.940715,2580,,
bdb0956e-80fb-4555-8305-1b501444d5a0,VAC-1034,CAND-10034,HR (финал),Payroll / учет,Service Task,Марина_1,2025-10-10 13:51:13.940715,2025-10-10 14:47:13.940715,3360,,
bdb0956e-80fb-4555-8305-1b501444d5a0,VAC-1034,CAND-10034,HR (финал),Закрыть вакансию на порталах,Service Task,Ольга_2,2025-10-10 15:15:13.940715,2025-10-10 15:17:13.940715,120,,
bdb0956e-80fb-4555-8305-1b501444d5a0,VAC-1034,CAND-10034,HR (финал),Hire Completed,End Event,system,2025-10-10 16:13:13.940715,2025-10-10 16:13:13.940715,0,hired,
bfb06cb9-bce9-4ec5-9c15-408e9427bc4f,VAC-1139,CAND-10139,РУКОВОДИТЕЛЬ,Создать заявку,User Task,Петров_8,2025-10-02 11:09:13.940715,2025-10-02 11:47:13.940715,2280,,
bfb06cb9-bce9-4ec5-9c15-408e9427bc4f,VAC-1139,CAND-10139,HR,Зарегистрировать в HCM,Service Task,Ольга_2,2025-10-02 12:41:13.940715,2025-10-02 13:02:13.940715,1260,,
bfb06cb9-bce9-4ec5-9c15-408e9427bc4f,VAC-1139,CAND-10139,РЕКРУТЕР,Разместить вакансию,Task,Алексей_3,2025-10-02 13:49:13.940715,2025-10-02 16:17:13.940715,8880,,
bfb06cb9-bce9-4ec5-9c15-408e9427bc4f,VAC-1139,CAND-10139,РЕКРУТЕР,Собирать резюме,Task,Екатерина_9,2025-10-02 19:46:13.940715,2025-10-03 01:45:13.940715,21540,,
bfb06cb9-bce9-4ec5-9c15-408e9427bc4f,VAC-1139,CAND-10139,РЕКРУТЕР,Скрининг,Task,Дмитрий_6,2025-10-03 02:07:13.940715,2025-10-03 03:07:13.940715,3600,passed,
bfb06cb9-bce9-4ec5-9c15-408e9427bc4f,VAC-1139,CAND-10139,ИНТЕРВЬЮЕРЫ,Назначить интервью,User Task,Анна_4,2025-10-03 04:00:13.940715,2025-10-03 04:34:13.940715,2040,,
bfb06cb9-bce9-4ec5-9c15-408e9427bc4f,VAC-1139,CAND-10139,ИНТЕРВЬЮЕРЫ,Интервью (раунд 1),User Task,Анна_3,2025-10-03 05:27:13.940715,2025-10-03 07:16:13.940715,6540,passed,
bfb06cb9-bce9-4ec5-9c15-408e9427bc4f,VAC-1139,CAND-10139,ИНТЕРВЬЮЕРЫ,Интервью (раунд 2),User Task,Андрей_8,2025-10-03 10:49:13.940715,2025-10-03 14:41:13.940715,13920,passed,
bfb06cb9-bce9-4ec5-9c15-408e9427bc4f,VAC-1139,CAND-10139,ИНТЕРВЬЮЕРЫ,Интервью (раунд 3),User Task,Анна_7,2025-10-03 17:53:13.940715,2025-10-03 20:10:13.940715,8220,passed,
bfb06cb9-bce9-4ec5-9c15-408e9427bc4f,VAC-1139,CAND-10139,ИНТЕРВЬЮЕРЫ,Финальное интервью,User Task,Андрей_7,2025-10-03 23:40:13.940715,2025-10-04 02:35:13.940715,10500,passed,
bfb06cb9-bce9-4ec5-9c15-408e9427bc4f,VAC-1139,CAND-10139,HR (ОФФЕР),Согласовать условия,User Task,HR_Manager_3,2025-10-04 05:05:13.940715,2025-10-04 08:49:13.940715,13440,,
bfb06cb9-bce9-4ec5-9c15-408e9427bc4f,VAC-1139,CAND-10139,HR (ОФФЕР),Сгенерировать оффер,Service Task,HR_Manager_3,2025-10-04 09:15:13.940715,2025-10-04 09:35:13.940715,1200,,
bfb06cb9-bce9-4ec5-9c15-408e9427bc4f,VAC-1139,CAND-10139,HR (ОФФЕР),Отправить оффер,Send Task,HR_Manager_7,2025-10-04 09:40:13.940715,2025-10-04 09:43:13.940715,180,sent,
bfb06cb9-bce9-4ec5-9c15-408e9427bc4f,VAC-1139,CAND-10139,HR (ОФФЕР),Timer: ожидание ответа (дни),Timer,,2025-10-04 09:43:13.940715,2025-10-07 09:43:13.940715,259200,timer_elapsed,
bfb06cb9-bce9-4ec5-9c15-408e9427bc4f,VAC-1139,CAND-10139,SECURITY,Background Check,Call Activity,Служба_БД_2,2025-10-08 16:11:13.940715,2025-10-09 19:53:13.940715,99720,report_ready,
bfb06cb9-bce9-4ec5-9c15-408e9427bc4f,VAC-1139,CAND-10139,IT,Выдача оборудования,Task,IT_Specialist_1,2025-10-09 20:19:13.940715,2025-10-09 20:49:13.940715,1800,,
bfb06cb9-bce9-4ec5-9c15-408e9427bc4f,VAC-1139,CAND-10139,IT,Создать доступы,Task,IT_Specialist_9,2025-10-09 21:52:13.940715,2025-10-10 00:09:13.940715,8220,,
bfb06cb9-bce9-4ec5-9c15-408e9427bc4f,VAC-1139,CAND-10139,IT,HR/Training: Вводное обучение,Service Task,Ольга_4,2025-10-10 00:57:13.940715,2025-10-10 07:08:13.940715,22260,,
bfb06cb9-bce9-4ec5-9c15-408e9427bc4f,VAC-1139,CAND-10139,IT,Назначить ментора,Task,Марина_8,2025-10-10 08:08:13.940715,2025-10-10 09:33:13.940715,5100,,
bfb06cb9-bce9-4ec5-9c15-408e9427bc4f,VAC-1139,CAND-10139,IT,Message: уведомить всех,Message,system,2025-10-10 10:03:13.940715,2025-10-10 10:17:13.940715,840,notified,
bfb06cb9-bce9-4ec5-9c15-408e9427bc4f,VAC-1139,CAND-10139,HR (финал),Обновить статус в HCM,Service Task,Марина_1,2025-10-10 11:14:13.940715,2025-10-10 11:20:13.940715,360,,
bfb06cb9-bce9-4ec5-9c15-408e9427bc4f,VAC-1139,CAND-10139,HR (финал),Payroll / учет,Service Task,Марина_5,2025-10-10 11:36:13.940715,2025-10-10 12:33:13.940715,3420,,
bfb06cb9-bce9-4ec5-9c15-408e9427bc4f,VAC-1139,CAND-10139,HR (финал),Закрыть вакансию на порталах,Service Task,Марина_4,2025-10-10 13:13:13.940715,2025-10-10 13:54:13.940715,2460,,
bfb06cb9-bce9-4ec5-9c15-408e9427bc4f,VAC-1139,CAND-10139,HR (финал),Hire Completed,End Event,system,2025-10-10 13:58:13.940715,2025-10-10 13:58:13.940715,0,hired,
c02e9a2d-7710-4633-b47e-53583e7b8b90,VAC-1015,CAND-10015,РУКОВОДИТЕЛЬ,Создать заявку,User Task,Петров_2,2025-10-10 18:28:13.940715,2025-10-10 18:55:13.940715,1620,,
c02e9a2d-7710-4633-b47e-53583e7b8b90,VAC-1015,CAND-10015,HR,Зарегистрировать в HCM,Service Task,Наталья_1,2025-10-10 19:45:13.940715,2025-10-10 20:06:13.940715,1260,,
c02e9a2d-7710-4633-b47e-53583e7b8b90,VAC-1015,CAND-10015,РЕКРУТЕР,Разместить вакансию,Task,Алексей_3,2025-10-10 20:22:13.940715,2025-10-10 21:33:13.940715,4260,,
c02e9a2d-7710-4633-b47e-53583e7b8b90,VAC-1015,CAND-10015,РЕКРУТЕР,Собирать резюме,Task,Дмитрий_2,2025-10-10 22:44:13.940715,2025-10-11 00:48:13.940715,7440,,
c02e9a2d-7710-4633-b47e-53583e7b8b90,VAC-1015,CAND-10015,РЕКРУТЕР,Скрининг,Task,Дмитрий_5,2025-10-11 02:05:13.940715,2025-10-11 02:48:13.940715,2580,rejected,не прошёл тест
c0b98fac-da40-4959-8d72-00d9f7a7a69f,VAC-1063,CAND-10063,РУКОВОДИТЕЛЬ,Создать заявку,User Task,Петров_9,2025-08-30 18:34:13.940715,2025-08-30 18:54:13.940715,1200,,
c0b98fac-da40-4959-8d72-00d9f7a7a69f,VAC-1063,CAND-10063,HR,Зарегистрировать в HCM,Service Task,Ольга_5,2025-08-30 19:11:13.940715,2025-08-30 19:38:13.940715,1620,,
c0b98fac-da40-4959-8d72-00d9f7a7a69f,VAC-1063,CAND-10063,РЕКРУТЕР,Разместить вакансию,Task,Алексей_6,2025-08-30 20:29:13.940715,2025-08-30 22:30:13.940715,7260,,
c0b98fac-da40-4959-8d72-00d9f7a7a69f,VAC-1063,CAND-10063,РЕКРУТЕР,Собирать резюме,Task,Екатерина_4,2025-08-31 00:23:13.940715,2025-08-31 05:18:13.940715,17700,,
c0b98fac-da40-4959-8d72-00d9f7a7a69f,VAC-1063,CAND-10063,РЕКРУТЕР,Скрининг,Task,Дмитрий_2,2025-08-31 06:52:13.940715,2025-08-31 07:30:13.940715,2280,passed,
c0b98fac-da40-4959-8d72-00d9f7a7a69f,VAC-1063,CAND-10063,ИНТЕРВЬЮЕРЫ,Назначить интервью,User Task,Андрей_2,2025-08-31 11:17:13.940715,2025-08-31 12:03:13.940715,2760,,
c0b98fac-da40-4959-8d72-00d9f7a7a69f,VAC-1063,CAND-10063,ИНТЕРВЬЮЕРЫ,Интервью (раунд 1),User Task,Анна_1,2025-08-31 14:09:13.940715,2025-08-31 17:15:13.940715,11160,passed,
c0b98fac-da40-4959-8d72-00d9f7a7a69f,VAC-1063,CAND-10063,ИНТЕРВЬЮЕРЫ,Интервью (раунд 2),User Task,Сергей_6,2025-08-31 20:44:13.940715,2025-08-31 22:12:13.940715,5280,passed,
c0b98fac-da40-4959-8d72-00d9f7a7a69f,VAC-1063,CAND-10063,ИНТЕРВЬЮЕРЫ,Финальное интервью,User Task,Андрей_4,2025-09-01 01:00:13.940715,2025-09-01 02:09:13.940715,4140,rejected,финал не пройден
c2a0db02-468b-4650-a1fc-825bb6fc885d,VAC-1052,CAND-10052,РУКОВОДИТЕЛЬ,Создать заявку,User Task,Сидоров_4,2025-09-28 14:39:13.940715,2025-09-28 15:03:13.940715,1440,,
c2a0db02-468b-4650-a1fc-825bb6fc885d,VAC-1052,CAND-10052,HR,Зарегистрировать в HCM,Service Task,Ольга_6,2025-09-28 15:48:13.940715,2025-09-28 16:11:13.940715,1380,,
c2a0db02-468b-4650-a1fc-825bb6fc885d,VAC-1052,CAND-10052,РЕКРУТЕР,Разместить вакансию,Task,Екатерина_5,2025-09-28 16:42:13.940715,2025-09-28 18:31:13.940715,6540,,
c2a0db02-468b-4650-a1fc-825bb6fc885d,VAC-1052,CAND-10052,РЕКРУТЕР,Собирать резюме,Task,Екатерина_9,2025-09-28 19:54:13.940715,2025-09-28 21:56:13.940715,7320,,
c2a0db02-468b-4650-a1fc-825bb6fc885d,VAC-1052,CAND-10052,РЕКРУТЕР,Скрининг,Task,Дмитрий_3,2025-09-28 22:49:13.940715,2025-09-28 23:49:13.940715,3600,passed,
c2a0db02-468b-4650-a1fc-825bb6fc885d,VAC-1052,CAND-10052,ИНТЕРВЬЮЕРЫ,Назначить интервью,User Task,Андрей_6,2025-09-29 01:10:13.940715,2025-09-29 02:00:13.940715,3000,,
c2a0db02-468b-4650-a1fc-825bb6fc885d,VAC-1052,CAND-10052,ИНТЕРВЬЮЕРЫ,Интервью (раунд 1),User Task,Андрей_4,2025-09-29 05:17:13.940715,2025-09-29 07:07:13.940715,6600,passed,
c2a0db02-468b-4650-a1fc-825bb6fc885d,VAC-1052,CAND-10052,ИНТЕРВЬЮЕРЫ,Интервью (раунд 2),User Task,Анна_5,2025-09-29 09:54:13.940715,2025-09-29 11:48:13.940715,6840,rejected,недостаточно навыков
c2bff5b3-c75a-4d30-bd6d-98d1cb32e782,VAC-1059,CAND-10059,РУКОВОДИТЕЛЬ,Создать заявку,User Task,Петров_7,2025-09-11 16:36:13.940715,2025-09-11 17:30:13.940715,3240,,
c2bff5b3-c75a-4d30-bd6d-98d1cb32e782,VAC-1059,CAND-10059,HR,Зарегистрировать в HCM,Service Task,Ольга_8,2025-09-11 17:54:13.940715,2025-09-11 18:23:13.940715,1740,,
c2bff5b3-c75a-4d30-bd6d-98d1cb32e782,VAC-1059,CAND-10059,РЕКРУТЕР,Разместить вакансию,Task,Дмитрий_2,2025-09-11 19:19:13.940715,2025-09-11 21:15:13.940715,6960,,
c2bff5b3-c75a-4d30-bd6d-98d1cb32e782,VAC-1059,CAND-10059,РЕКРУТЕР,Собирать резюме,Task,Екатерина_3,2025-09-12 00:19:13.940715,2025-09-12 06:57:13.940715,23880,,
c2bff5b3-c75a-4d30-bd6d-98d1cb32e782,VAC-1059,CAND-10059,РЕКРУТЕР,Скрининг,Task,Дмитрий_2,2025-09-12 08:25:13.940715,2025-09-12 10:25:13.940715,7200,passed,
c2bff5b3-c75a-4d30-bd6d-98d1cb32e782,VAC-1059,CAND-10059,ИНТЕРВЬЮЕРЫ,Назначить интервью,User Task,Анна_3,2025-09-12 12:50:13.940715,2025-09-12 13:20:13.940715,1800,,
c2bff5b3-c75a-4d30-bd6d-98d1cb32e782,VAC-1059,CAND-10059,ИНТЕРВЬЮЕРЫ,Интервью (раунд 1),User Task,Сергей_8,2025-09-12 14:47:13.940715,2025-09-12 15:32:13.940715,2700,rejected,культурный профиль
c8661a93-71cc-4444-92c5-dd2ecb862e0f,VAC-1091,CAND-10091,РУКОВОДИТЕЛЬ,Создать заявку,User Task,Петров_3,2025-10-13 16:32:13.940715,2025-10-13 17:03:13.940715,1860,,
c8661a93-71cc-4444-92c5-dd2ecb862e0f,VAC-1091,CAND-10091,HR,Зарегистрировать в HCM,Service Task,Марина_2,2025-10-13 17:40:13.940715,2025-10-13 17:59:13.940715,1140,,
c8661a93-71cc-4444-92c5-dd2ecb862e0f,VAC-1091,CAND-10091,РЕКРУТЕР,Разместить вакансию,Task,Екатерина_2,2025-10-13 18:59:13.940715,2025-10-13 19:46:13.940715,2820,,
c8661a93-71cc-4444-92c5-dd2ecb862e0f,VAC-1091,CAND-10091,РЕКРУТЕР,Собирать резюме,Task,Екатерина_6,2025-10-13 23:17:13.940715,2025-10-14 02:43:13.940715,12360,,
c8661a93-71cc-4444-92c5-dd2ecb862e0f,VAC-1091,CAND-10091,РЕКРУТЕР,Скрининг,Task,Дмитрий_7,2025-10-14 04:40:13.940715,2025-10-14 05:42:13.940715,3720,passed,
c8661a93-71cc-4444-92c5-dd2ecb862e0f,VAC-1091,CAND-10091,ИНТЕРВЬЮЕРЫ,Назначить интервью,User Task,Сергей_1,2025-10-14 08:16:13.940715,2025-10-14 08:59:13.940715,2580,,
c8661a93-71cc-4444-92c5-dd2ecb862e0f,VAC-1091,CAND-10091,ИНТЕРВЬЮЕРЫ,Интервью (раунд 1),User Task,Анна_7,2025-10-14 11:12:13.940715,2025-10-14 12:33:13.940715,4860,passed,
c8661a93-71cc-4444-92c5-dd2ecb862e0f,VAC-1091,CAND-10091,ИНТЕРВЬЮЕРЫ,Интервью (раунд 2),User Task,Сергей_4,2025-10-14 13:12:13.940715,2025-10-14 15:38:13.940715,8760,rejected,недостаточно навыков
c87cd688-292f-4be6-a2aa-1a89fd3d6152,VAC-1011,CAND-10011,РУКОВОДИТЕЛЬ,Создать заявку,User Task,Сидоров_7,2025-10-17 12:11:13.940715,2025-10-17 12:35:13.940715,1440,,
c87cd688-292f-4be6-a2aa-1a89fd3d6152,VAC-1011,CAND-10011,HR,Зарегистрировать в HCM,Service Task,Марина_5,2025-10-17 12:56:13.940715,2025-10-17 13:09:13.940715,780,,
c87cd688-292f-4be6-a2aa-1a89fd3d6152,VAC-1011,CAND-10011,РЕКРУТЕР,Разместить вакансию,Task,Алексей_7,2025-10-17 13:45:13.940715,2025-10-17 14:37:13.940715,3120,,
c87cd688-292f-4be6-a2aa-1a89fd3d6152,VAC-1011,CAND-10011,РЕКРУТЕР,Собирать резюме,Task,Екатерина_3,2025-10-17 17:37:13.940715,2025-10-17 21:51:13.940715,15240,,
c87cd688-292f-4be6-a2aa-1a89fd3d6152,VAC-1011,CAND-10011,РЕКРУТЕР,Скрининг,Task,Дмитрий_7,2025-10-17 23:14:13.940715,2025-10-18 00:36:13.940715,4920,passed,
c87cd688-292f-4be6-a2aa-1a89fd3d6152,VAC-1011,CAND-10011,ИНТЕРВЬЮЕРЫ,Назначить интервью,User Task,Сергей_4,2025-10-18 00:44:13.940715,2025-10-18 01:08:13.940715,1440,,
c87cd688-292f-4be6-a2aa-1a89fd3d6152,VAC-1011,CAND-10011,ИНТЕРВЬЮЕРЫ,Интервью (раунд 1),User Task,Сергей_8,2025-10-18 04:06:13.940715,2025-10-18 07:26:13.940715,12000,passed,
c87cd688-292f-4be6-a2aa-1a89fd3d6152,VAC-1011,CAND-10011,ИНТЕРВЬЮЕРЫ,Интервью (раунд 2),User Task,Сергей_3,2025-10-18 09:49:13.940715,2025-10-18 13:26:13.940715,13020,passed,
c87cd688-292f-4be6-a2aa-1a89fd3d6152,VAC-1011,CAND-10011,ИНТЕРВЬЮЕРЫ,Финальное интервью,User Task,Анна_6,2025-10-18 16:38:13.940715,2025-10-18 17:44:13.940715,3960,passed,
c87cd688-292f-4be6-a2aa-1a89fd3d6152,VAC-1011,CAND-10011,HR (ОФФЕР),Согласовать условия,User Task,HR_Manager_5,2025-10-18 18:17:13.940715,2025-10-19 01:46:13.940715,26940,,
c87cd688-292f-4be6-a2aa-1a89fd3d6152,VAC-1011,CAND-10011,HR (ОФФЕР),Сгенерировать оффер,Service Task,HR_Manager_3,2025-10-19 02:05:13.940715,2025-10-19 02:32:13.940715,1620,,
c87cd688-292f-4be6-a2aa-1a89fd3d6152,VAC-1011,CAND-10011,HR (ОФФЕР),Отправить оффер,Send Task,HR_Manager_8,2025-10-19 02:33:13.940715,2025-10-19 02:34:13.940715,60,sent,
c87cd688-292f-4be6-a2aa-1a89fd3d6152,VAC-1011,CAND-10011,HR (ОФФЕР),Timer: ожидание ответа (дни),Timer,,2025-10-19 02:34:13.940715,2025-10-20 02:34:13.940715,86400,timer_elapsed,
c87cd688-292f-4be6-a2aa-1a89fd3d6152,VAC-1011,CAND-10011,SECURITY,Background Check,Call Activity,Служба_БД_7,2025-10-21 21:34:13.940715,2025-10-23 20:51:13.940715,170220,report_ready,
c87cd688-292f-4be6-a2aa-1a89fd3d6152,VAC-1011,CAND-10011,IT,Выдача оборудования,Task,IT_Specialist_2,2025-10-23 21:23:13.940715,2025-10-23 22:30:13.940715,4020,,
c87cd688-292f-4be6-a2aa-1a89fd3d6152,VAC-1011,CAND-10011,IT,Создать доступы,Task,IT_Specialist_3,2025-10-24 00:14:13.940715,2025-10-24 02:12:13.940715,7080,,
c87cd688-292f-4be6-a2aa-1a89fd3d6152,VAC-1011,CAND-10011,IT,HR/Training: Вводное обучение,Service Task,Наталья_9,2025-10-27 00:56:13.940715,2025-10-27 05:53:13.940715,17820,,
c87cd688-292f-4be6-a2aa-1a89fd3d6152,VAC-1011,CAND-10011,IT,Назначить ментора,Task,Наталья_8,2025-10-27 07:01:13.940715,2025-10-27 08:59:13.940715,7080,,
c87cd688-292f-4be6-a2aa-1a89fd3d6152,VAC-1011,CAND-10011,IT,Message: уведомить всех,Message,system,2025-10-27 09:08:13.940715,2025-10-27 09:34:13.940715,1560,notified,
c87cd688-292f-4be6-a2aa-1a89fd3d6152,VAC-1011,CAND-10011,HR (финал),Обновить статус в HCM,Service Task,Марина_9,2025-10-27 10:34:13.940715,2025-10-27 11:17:13.940715,2580,,
c87cd688-292f-4be6-a2aa-1a89fd3d6152,VAC-1011,CAND-10011,HR (финал),Payroll / учет,Service Task,Ольга_9,2025-10-27 11:56:13.940715,2025-10-27 12:17:13.940715,1260,,
c87cd688-292f-4be6-a2aa-1a89fd3d6152,VAC-1011,CAND-10011,HR (финал),Закрыть вакансию на порталах,Service Task,Марина_8,2025-10-27 12:45:13.940715,2025-10-27 13:39:13.940715,3240,,
c87cd688-292f-4be6-a2aa-1a89fd3d6152,VAC-1011,CAND-10011,HR (финал),Hire Completed,End Event,system,2025-10-27 14:37:13.940715,2025-10-27 14:37:13.940715,0,hired,
cbabe898-61e2-49c7-a04c-e31b38629a9d,VAC-1138,CAND-10138,РУКОВОДИТЕЛЬ,Создать заявку,User Task,Кузнецов_8,2025-10-04 10:58:13.940715,2025-10-04 11:09:13.940715,660,,
cbabe898-61e2-49c7-a04c-e31b38629a9d,VAC-1138,CAND-10138,HR,Зарегистрировать в HCM,Service Task,Наталья_4,2025-10-04 12:02:13.940715,2025-10-04 12:31:13.940715,1740,,
cbabe898-61e2-49c7-a04c-e31b38629a9d,VAC-1138,CAND-10138,РЕКРУТЕР,Разместить вакансию,Task,Дмитрий_1,2025-10-04 13:05:13.940715,2025-10-04 15:42:13.940715,9420,,
cbabe898-61e2-49c7-a04c-e31b38629a9d,VAC-1138,CAND-10138,РЕКРУТЕР,Собирать резюме,Task,Екатерина_1,2025-10-04 18:14:13.940715,2025-10-04 22:32:13.940715,15480,,
cbabe898-61e2-49c7-a04c-e31b38629a9d,VAC-1138,CAND-10138,РЕКРУТЕР,Скрининг,Task,Дмитрий_7,2025-10-04 23:01:13.940715,2025-10-04 23:35:13.940715,2040,rejected,не соотв. опыту
cbabe898-61e2-49c7-a04c-e31b38629a9d,VAC-1138,CAND-10138,РЕКРУТЕР,Скрининг,Task,Дмитрий_7,2025-10-05 00:01:13.940715,2025-10-05 00:33:13.940715,1920,rejected,некорректное резюме
cd8df052-8d78-4154-9218-1df67d73eb8e,VAC-1092,CAND-10092,РУКОВОДИТЕЛЬ,Создать заявку,User Task,Сидоров_1,2025-10-10 18:23:13.940715,2025-10-10 18:45:13.940715,1320,,
cd8df052-8d78-4154-9218-1df67d73eb8e,VAC-1092,CAND-10092,HR,Зарегистрировать в HCM,Service Task,Ольга_5,2025-10-10 19:07:13.940715,2025-10-10 19:34:13.940715,1620,,
cd8df052-8d78-4154-9218-1df67d73eb8e,VAC-1092,CAND-10092,РЕКРУТЕР,Разместить вакансию,Task,Екатерина_2,2025-10-10 19:52:13.940715,2025-10-10 22:17:13.940715,8700,,
cd8df052-8d78-4154-9218-1df67d73eb8e,VAC-1092,CAND-10092,РЕКРУТЕР,Собирать резюме,Task,Алексей_5,2025-10-11 02:09:13.940715,2025-10-11 05:05:13.940715,10560,,
cd8df052-8d78-4154-9218-1df67d73eb8e,VAC-1092,CAND-10092,РЕКРУТЕР,Скрининг,Task,Дмитрий_5,2025-10-11 06:45:13.940715,2025-10-11 07:02:13.940715,1020,rejected,некорректное резюме
ce3d93c5-7f60-4eb0-9bcd-234ddfa53d4d,VAC-1100,CAND-10100,РУКОВОДИТЕЛЬ,Создать заявку,User Task,Кузнецов_1,2025-09-07 17:43:13.940715,2025-09-07 18:04:13.940715,1260,,
ce3d93c5-7f60-4eb0-9bcd-234ddfa53d4d,VAC-1100,CAND-10100,HR,Зарегистрировать в HCM,Service Task,Наталья_1,2025-09-07 18:11:13.940715,2025-09-07 18:38:13.940715,1620,,
ce3d93c5-7f60-4eb0-9bcd-234ddfa53d4d,VAC-1100,CAND-10100,РЕКРУТЕР,Разместить вакансию,Task,Дмитрий_6,2025-09-07 19:33:13.940715,2025-09-07 21:07:13.940715,5640,,
ce3d93c5-7f60-4eb0-9bcd-234ddfa53d4d,VAC-1100,CAND-10100,РЕКРУТЕР,Собирать резюме,Task,Алексей_2,2025-09-07 23:06:13.940715,2025-09-08 06:24:13.940715,26280,,
ce3d93c5-7f60-4eb0-9bcd-234ddfa53d4d,VAC-1100,CAND-10100,РЕКРУТЕР,Скрининг,Task,Алексей_1,2025-09-08 08:17:13.940715,2025-09-08 08:43:13.940715,1560,rejected,некорректное резюме
ce435b13-c79d-448a-8c2c-aa6ccb494dc2,VAC-1083,CAND-10083,РУКОВОДИТЕЛЬ,Создать заявку,User Task,Кузнецов_6,2025-08-27 13:33:13.940715,2025-08-27 13:50:13.940715,1020,,
ce435b13-c79d-448a-8c2c-aa6ccb494dc2,VAC-1083,CAND-10083,HR,Зарегистрировать в HCM,Service Task,Марина_2,2025-08-27 14:34:13.940715,2025-08-27 14:55:13.940715,1260,,
ce435b13-c79d-448a-8c2c-aa6ccb494dc2,VAC-1083,CAND-10083,РЕКРУТЕР,Разместить вакансию,Task,Дмитрий_2,2025-08-27 15:33:13.940715,2025-08-27 18:23:13.940715,10200,,
ce435b13-c79d-448a-8c2c-aa6ccb494dc2,VAC-1083,CAND-10083,РЕКРУТЕР,Собирать резюме,Task,Алексей_8,2025-08-27 18:38:13.940715,2025-08-27 20:11:13.940715,5580,,
ce435b13-c79d-448a-8c2c-aa6ccb494dc2,VAC-1083,CAND-10083,РЕКРУТЕР,Скрининг,Task,Алексей_6,2025-08-27 21:59:13.940715,2025-08-27 22:25:13.940715,1560,passed,
ce435b13-c79d-448a-8c2c-aa6ccb494dc2,VAC-1083,CAND-10083,ИНТЕРВЬЮЕРЫ,Назначить интервью,User Task,Андрей_7,2025-08-28 00:31:13.940715,2025-08-28 00:39:13.940715,480,,
ce435b13-c79d-448a-8c2c-aa6ccb494dc2,VAC-1083,CAND-10083,ИНТЕРВЬЮЕРЫ,Интервью (раунд 1),User Task,Анна_7,2025-08-28 02:50:13.940715,2025-08-28 05:42:13.940715,10320,passed,
ce435b13-c79d-448a-8c2c-aa6ccb494dc2,VAC-1083,CAND-10083,ИНТЕРВЬЮЕРЫ,Интервью (раунд 2),User Task,Андрей_5,2025-08-28 06:56:13.940715,2025-08-28 09:11:13.940715,8100,passed,
ce435b13-c79d-448a-8c2c-aa6ccb494dc2,VAC-1083,CAND-10083,ИНТЕРВЬЮЕРЫ,Интервью (раунд 3),User Task,Андрей_4,2025-08-28 10:52:13.940715,2025-08-28 13:31:13.940715,9540,rejected,культурный профиль
ce67d249-b62b-4e92-93e2-75eedb4079b7,VAC-1171,CAND-10171,РУКОВОДИТЕЛЬ,Создать заявку,User Task,Кузнецов_5,2025-10-10 16:02:13.940715,2025-10-10 16:37:13.940715,2100,,
ce67d249-b62b-4e92-93e2-75eedb4079b7,VAC-1171,CAND-10171,HR,Зарегистрировать в HCM,Service Task,Ольга_2,2025-10-10 17:18:13.940715,2025-10-10 17:40:13.940715,1320,,
ce67d249-b62b-4e92-93e2-75eedb4079b7,VAC-1171,CAND-10171,РЕКРУТЕР,Разместить вакансию,Task,Екатерина_1,2025-10-10 18:04:13.940715,2025-10-10 20:35:13.940715,9060,,
ce67d249-b62b-4e92-93e2-75eedb4079b7,VAC-1171,CAND-10171,РЕКРУТЕР,Собирать резюме,Task,Алексей_1,2025-10-11 00:21:13.940715,2025-10-11 03:33:13.940715,11520,,
ce67d249-b62b-4e92-93e2-75eedb4079b7,VAC-1171,CAND-10171,РЕКРУТЕР,Скрининг,Task,Дмитрий_3,2025-10-11 03:56:13.940715,2025-10-11 04:46:13.940715,3000,passed,
ce67d249-b62b-4e92-93e2-75eedb4079b7,VAC-1171,CAND-10171,ИНТЕРВЬЮЕРЫ,Назначить интервью,User Task,Сергей_7,2025-10-11 05:07:13.940715,2025-10-11 05:29:13.940715,1320,,
ce67d249-b62b-4e92-93e2-75eedb4079b7,VAC-1171,CAND-10171,ИНТЕРВЬЮЕРЫ,Интервью (раунд 1),User Task,Анна_2,2025-10-11 07:30:13.940715,2025-10-11 08:27:13.940715,3420,passed,
ce67d249-b62b-4e92-93e2-75eedb4079b7,VAC-1171,CAND-10171,ИНТЕРВЬЮЕРЫ,Интервью (раунд 2),User Task,Андрей_2,2025-10-11 11:08:13.940715,2025-10-11 12:42:13.940715,5640,rejected,культурный профиль
ce7b43ab-d93c-40d7-8e5d-ffb33cf45ff1,VAC-1066,CAND-10066,РУКОВОДИТЕЛЬ,Создать заявку,User Task,Кузнецов_7,2025-09-24 13:47:13.940715,2025-09-24 14:27:13.940715,2400,,
ce7b43ab-d93c-40d7-8e5d-ffb33cf45ff1,VAC-1066,CAND-10066,HR,Зарегистрировать в HCM,Service Task,Марина_7,2025-09-24 14:39:13.940715,2025-09-24 15:01:13.940715,1320,,
ce7b43ab-d93c-40d7-8e5d-ffb33cf45ff1,VAC-1066,CAND-10066,РЕКРУТЕР,Разместить вакансию,Task,Дмитрий_4,2025-09-24 15:07:13.940715,2025-09-24 18:05:13.940715,10680,,
ce7b43ab-d93c-40d7-8e5d-ffb33cf45ff1,VAC-1066,CAND-10066,РЕКРУТЕР,Собирать резюме,Task,Алексей_5,2025-09-24 21:17:13.940715,2025-09-24 22:54:13.940715,5820,,
ce7b43ab-d93c-40d7-8e5d-ffb33cf45ff1,VAC-1066,CAND-10066,РЕКРУТЕР,Скрининг,Task,Екатерина_3,2025-09-24 23:18:13.940715,2025-09-24 23:46:13.940715,1680,rejected,не соотв. опыту
ce7b43ab-d93c-40d7-8e5d-ffb33cf45ff1,VAC-1066,CAND-10066,РЕКРУТЕР,Скрининг,Task,Екатерина_3,2025-09-25 00:18:13.940715,2025-09-25 00:28:13.940715,600,rejected,не соотв. опыту
d0aef5f9-1aaf-4a94-a8d8-a04bc6a3868f,VAC-1080,CAND-10080,РУКОВОДИТЕЛЬ,Создать заявку,User Task,Кузнецов_1,2025-09-06 18:40:13.940715,2025-09-06 19:11:13.940715,1860,,
d0aef5f9-1aaf-4a94-a8d8-a04bc6a3868f,VAC-1080,CAND-10080,HR,Зарегистрировать в HCM,Service Task,Ольга_2,2025-09-06 19:21:13.940715,2025-09-06 19:44:13.940715,1380,,
d0aef5f9-1aaf-4a94-a8d8-a04bc6a3868f,VAC-1080,CAND-10080,РЕКРУТЕР,Разместить вакансию,Task,Екатерина_7,2025-09-06 19:47:13.940715,2025-09-06 21:06:13.940715,4740,,
d0aef5f9-1aaf-4a94-a8d8-a04bc6a3868f,VAC-1080,CAND-10080,РЕКРУТЕР,Собирать резюме,Task,Дмитрий_2,2025-09-07 00:15:13.940715,2025-09-07 04:25:13.940715,15000,,
d0aef5f9-1aaf-4a94-a8d8-a04bc6a3868f,VAC-1080,CAND-10080,РЕКРУТЕР,Скрининг,Task,Екатерина_3,2025-09-07 05:44:13.940715,2025-09-07 06:06:13.940715,1320,passed,
d0aef5f9-1aaf-4a94-a8d8-a04bc6a3868f,VAC-1080,CAND-10080,ИНТЕРВЬЮЕРЫ,Назначить интервью,User Task,Анна_1,2025-09-07 07:54:13.940715,2025-09-07 08:03:13.940715,540,,
d0aef5f9-1aaf-4a94-a8d8-a04bc6a3868f,VAC-1080,CAND-10080,ИНТЕРВЬЮЕРЫ,Интервью (раунд 1),User Task,Сергей_7,2025-09-07 09:06:13.940715,2025-09-07 10:51:13.940715,6300,passed,
d0aef5f9-1aaf-4a94-a8d8-a04bc6a3868f,VAC-1080,CAND-10080,ИНТЕРВЬЮЕРЫ,Интервью (раунд 2),User Task,Сергей_5,2025-09-07 14:20:13.940715,2025-09-07 18:13:13.940715,13980,passed,
d0aef5f9-1aaf-4a94-a8d8-a04bc6a3868f,VAC-1080,CAND-10080,ИНТЕРВЬЮЕРЫ,Финальное интервью,User Task,Андрей_2,2025-09-07 19:36:13.940715,2025-09-07 20:40:13.940715,3840,rejected,финал не пройден
d0d27365-f85b-48af-a2a1-95c1e4839631,VAC-1019,CAND-10019,РУКОВОДИТЕЛЬ,Создать заявку,User Task,Петров_8,2025-08-27 18:43:13.940715,2025-08-27 19:32:13.940715,2940,,
d0d27365-f85b-48af-a2a1-95c1e4839631,VAC-1019,CAND-10019,HR,Зарегистрировать в HCM,Service Task,Наталья_5,2025-08-27 19:39:13.940715,2025-08-27 20:07:13.940715,1680,,
d0d27365-f85b-48af-a2a1-95c1e4839631,VAC-1019,CAND-10019,РЕКРУТЕР,Разместить вакансию,Task,Дмитрий_6,2025-08-27 20:38:13.940715,2025-08-27 23:00:13.940715,8520,,
d0d27365-f85b-48af-a2a1-95c1e4839631,VAC-1019,CAND-10019,РЕКРУТЕР,Собирать резюме,Task,Дмитрий_8,2025-08-27 23:57:13.940715,2025-08-28 01:23:13.940715,5160,,
d0d27365-f85b-48af-a2a1-95c1e4839631,VAC-1019,CAND-10019,РЕКРУТЕР,Скрининг,Task,Алексей_7,2025-08-28 01:42:13.940715,2025-08-28 03:37:13.940715,6900,passed,
d0d27365-f85b-48af-a2a1-95c1e4839631,VAC-1019,CAND-10019,ИНТЕРВЬЮЕРЫ,Назначить интервью,User Task,Анна_1,2025-08-28 06:12:13.940715,2025-08-28 06:57:13.940715,2700,,
d0d27365-f85b-48af-a2a1-95c1e4839631,VAC-1019,CAND-10019,ИНТЕРВЬЮЕРЫ,Интервью (раунд 1),User Task,Андрей_4,2025-08-28 10:54:13.940715,2025-08-28 14:03:13.940715,11340,rejected,недостаточно навыков
d1bafbcd-8e6c-4fc0-99ab-1e67797c9333,VAC-1089,CAND-10089,РУКОВОДИТЕЛЬ,Создать заявку,User Task,Кузнецов_4,2025-08-29 15:17:13.940715,2025-08-29 16:04:13.940715,2820,,
d1bafbcd-8e6c-4fc0-99ab-1e67797c9333,VAC-1089,CAND-10089,HR,Зарегистрировать в HCM,Service Task,Наталья_3,2025-08-29 16:11:13.940715,2025-08-29 16:12:13.940715,60,,
d1bafbcd-8e6c-4fc0-99ab-1e67797c9333,VAC-1089,CAND-10089,РЕКРУТЕР,Разместить вакансию,Task,Алексей_8,2025-08-29 16:53:13.940715,2025-08-29 18:27:13.940715,5640,,
d1bafbcd-8e6c-4fc0-99ab-1e67797c9333,VAC-1089,CAND-10089,РЕКРУТЕР,Собирать резюме,Task,Дмитрий_7,2025-08-29 22:13:13.940715,2025-08-30 00:12:13.940715,7140,,
d1bafbcd-8e6c-4fc0-99ab-1e67797c9333,VAC-1089,CAND-10089,РЕКРУТЕР,Скрининг,Task,Екатерина_5,2025-08-30 01:17:13.940715,2025-08-30 02:29:13.940715,4320,passed,
d1bafbcd-8e6c-4fc0-99ab-1e67797c9333,VAC-1089,CAND-10089,ИНТЕРВЬЮЕРЫ,Назначить интервью,User Task,Андрей_6,2025-08-30 04:56:13.940715,2025-08-30 05:25:13.940715,1740,,
d1bafbcd-8e6c-4fc0-99ab-1e67797c9333,VAC-1089,CAND-10089,ИНТЕРВЬЮЕРЫ,Интервью (раунд 1),User Task,Сергей_8,2025-08-30 07:29:13.940715,2025-08-30 09:01:13.940715,5520,passed,
d1bafbcd-8e6c-4fc0-99ab-1e67797c9333,VAC-1089,CAND-10089,ИНТЕРВЬЮЕРЫ,Интервью (раунд 2),User Task,Сергей_1,2025-08-30 11:30:13.940715,2025-08-30 13:22:13.940715,6720,passed,
d1bafbcd-8e6c-4fc0-99ab-1e67797c9333,VAC-1089,CAND-10089,ИНТЕРВЬЮЕРЫ,Интервью (раунд 3),User Task,Андрей_2,2025-08-30 14:30:13.940715,2025-08-30 18:27:13.940715,14220,rejected,культурный профиль
d2416cd8-b1ff-478b-85b1-7e62e9d255bb,VAC-1184,CAND-10184,РУКОВОДИТЕЛЬ,Создать заявку,User Task,Сидоров_3,2025-10-17 16:42:13.940715,2025-10-17 17:39:13.940715,3420,,
d2416cd8-b1ff-478b-85b1-7e62e9d255bb,VAC-1184,CAND-10184,HR,Зарегистрировать в HCM,Service Task,Марина_4,2025-10-17 17:56:13.940715,2025-10-17 18:18:13.940715,1320,,
d2416cd8-b1ff-478b-85b1-7e62e9d255bb,VAC-1184,CAND-10184,РЕКРУТЕР,Разместить вакансию,Task,Алексей_3,2025-10-17 18:44:13.940715,2025-10-17 20:05:13.940715,4860,,
d2416cd8-b1ff-478b-85b1-7e62e9d255bb,VAC-1184,CAND-10184,РЕКРУТЕР,Собирать резюме,Task,Алексей_5,2025-10-17 21:04:13.940715,2025-10-17 22:18:13.940715,4440,,
d2416cd8-b1ff-478b-85b1-7e62e9d255bb,VAC-1184,CAND-10184,РЕКРУТЕР,Скрининг,Task,Екатерина_7,2025-10-17 23:22:13.940715,2025-10-18 00:34:13.940715,4320,passed,
d2416cd8-b1ff-478b-85b1-7e62e9d255bb,VAC-1184,CAND-10184,ИНТЕРВЬЮЕРЫ,Назначить интервью,User Task,Андрей_3,2025-10-18 04:33:13.940715,2025-10-18 04:40:13.940715,420,,
d2416cd8-b1ff-478b-85b1-7e62e9d255bb,VAC-1184,CAND-10184,ИНТЕРВЬЮЕРЫ,Интервью (раунд 1),User Task,Сергей_9,2025-10-18 05:17:13.940715,2025-10-18 07:08:13.940715,6660,rejected,недостаточно навыков
d24b87dc-a852-4f61-894e-0f7f90f62e56,VAC-1175,CAND-10175,РУКОВОДИТЕЛЬ,Создать заявку,User Task,Иванов_3,2025-09-04 20:47:13.940715,2025-09-04 20:53:13.940715,360,,
d24b87dc-a852-4f61-894e-0f7f90f62e56,VAC-1175,CAND-10175,HR,Зарегистрировать в HCM,Service Task,Ольга_6,2025-09-04 21:48:13.940715,2025-09-04 22:12:13.940715,1440,,
d24b87dc-a852-4f61-894e-0f7f90f62e56,VAC-1175,CAND-10175,РЕКРУТЕР,Разместить вакансию,Task,Екатерина_4,2025-09-04 22:35:13.940715,2025-09-04 23:36:13.940715,3660,,
d24b87dc-a852-4f61-894e-0f7f90f62e56,VAC-1175,CAND-10175,РЕКРУТЕР,Собирать резюме,Task,Алексей_2,2025-09-05 01:55:13.940715,2025-09-05 07:46:13.940715,21060,,
d24b87dc-a852-4f61-894e-0f7f90f62e56,VAC-1175,CAND-10175,РЕКРУТЕР,Скрининг,Task,Алексей_9,2025-09-05 09:35:13.940715,2025-09-05 10:59:13.940715,5040,passed,
d24b87dc-a852-4f61-894e-0f7f90f62e56,VAC-1175,CAND-10175,ИНТЕРВЬЮЕРЫ,Назначить интервью,User Task,Андрей_9,2025-09-05 11:56:13.940715,2025-09-05 12:19:13.940715,1380,,
d24b87dc-a852-4f61-894e-0f7f90f62e56,VAC-1175,CAND-10175,ИНТЕРВЬЮЕРЫ,Интервью (раунд 1),User Task,Анна_8,2025-09-05 15:54:13.940715,2025-09-05 17:04:13.940715,4200,rejected,поведенческий
d2eabccd-b024-43a8-9fdd-f07812ca4d82,VAC-1046,CAND-10046,РУКОВОДИТЕЛЬ,Создать заявку,User Task,Сидоров_8,2025-10-08 17:38:13.940715,2025-10-08 18:22:13.940715,2640,,
d2eabccd-b024-43a8-9fdd-f07812ca4d82,VAC-1046,CAND-10046,HR,Зарегистрировать в HCM,Service Task,Наталья_2,2025-10-08 18:35:13.940715,2025-10-08 18:39:13.940715,240,,
d2eabccd-b024-43a8-9fdd-f07812ca4d82,VAC-1046,CAND-10046,РЕКРУТЕР,Разместить вакансию,Task,Екатерина_8,2025-10-08 19:08:13.940715,2025-10-08 20:12:13.940715,3840,,
d2eabccd-b024-43a8-9fdd-f07812ca4d82,VAC-1046,CAND-10046,РЕКРУТЕР,Собирать резюме,Task,Екатерина_6,2025-10-08 20:44:13.940715,2025-10-09 04:38:13.940715,28440,,
d2eabccd-b024-43a8-9fdd-f07812ca4d82,VAC-1046,CAND-10046,РЕКРУТЕР,Скрининг,Task,Екатерина_2,2025-10-09 06:08:13.940715,2025-10-09 07:02:13.940715,3240,passed,
d2eabccd-b024-43a8-9fdd-f07812ca4d82,VAC-1046,CAND-10046,ИНТЕРВЬЮЕРЫ,Назначить интервью,User Task,Андрей_3,2025-10-09 08:24:13.940715,2025-10-09 08:48:13.940715,1440,,
d2eabccd-b024-43a8-9fdd-f07812ca4d82,VAC-1046,CAND-10046,ИНТЕРВЬЮЕРЫ,Интервью (раунд 1),User Task,Андрей_3,2025-10-09 11:28:13.940715,2025-10-09 13:10:13.940715,6120,passed,
d2eabccd-b024-43a8-9fdd-f07812ca4d82,VAC-1046,CAND-10046,ИНТЕРВЬЮЕРЫ,Интервью (раунд 2),User Task,Анна_6,2025-10-09 14:40:13.940715,2025-10-09 17:31:13.940715,10260,passed,
d2eabccd-b024-43a8-9fdd-f07812ca4d82,VAC-1046,CAND-10046,ИНТЕРВЬЮЕРЫ,Интервью (раунд 3),User Task,Андрей_2,2025-10-09 20:00:13.940715,2025-10-09 23:06:13.940715,11160,passed,
d2eabccd-b024-43a8-9fdd-f07812ca4d82,VAC-1046,CAND-10046,ИНТЕРВЬЮЕРЫ,Финальное интервью,User Task,Анна_8,2025-10-10 00:49:13.940715,2025-10-10 03:15:13.940715,8760,rejected,финал не пройден
d5d09c99-e29b-4eb8-b0e0-f3bed844db7e,VAC-1053,CAND-10053,РУКОВОДИТЕЛЬ,Создать заявку,User Task,Петров_4,2025-08-30 20:12:13.940715,2025-08-30 20:54:13.940715,2520,,
d5d09c99-e29b-4eb8-b0e0-f3bed844db7e,VAC-1053,CAND-10053,HR,Зарегистрировать в HCM,Service Task,Марина_4,2025-08-30 20:58:13.940715,2025-08-30 21:20:13.940715,1320,,
d5d09c99-e29b-4eb8-b0e0-f3bed844db7e,VAC-1053,CAND-10053,РЕКРУТЕР,Разместить вакансию,Task,Алексей_2,2025-08-30 22:01:13.940715,2025-08-30 23:20:13.940715,4740,,
d5d09c99-e29b-4eb8-b0e0-f3bed844db7e,VAC-1053,CAND-10053,РЕКРУТЕР,Собирать резюме,Task,Екатерина_8,2025-08-31 01:15:13.940715,2025-08-31 05:04:13.940715,13740,,
d5d09c99-e29b-4eb8-b0e0-f3bed844db7e,VAC-1053,CAND-10053,РЕКРУТЕР,Скрининг,Task,Алексей_1,2025-08-31 05:21:13.940715,2025-08-31 05:52:13.940715,1860,rejected,не прошёл тест
d6c63ab8-51f9-46cf-8067-9f8714ecb366,VAC-1045,CAND-10045,РУКОВОДИТЕЛЬ,Создать заявку,User Task,Петров_1,2025-10-05 20:50:13.940715,2025-10-05 21:18:13.940715,1680,,
d6c63ab8-51f9-46cf-8067-9f8714ecb366,VAC-1045,CAND-10045,HR,Зарегистрировать в HCM,Service Task,Марина_8,2025-10-05 21:28:13.940715,2025-10-05 21:56:13.940715,1680,,
d6c63ab8-51f9-46cf-8067-9f8714ecb366,VAC-1045,CAND-10045,РЕКРУТЕР,Разместить вакансию,Task,Алексей_4,2025-10-05 21:59:13.940715,2025-10-05 22:51:13.940715,3120,,
d6c63ab8-51f9-46cf-8067-9f8714ecb366,VAC-1045,CAND-10045,РЕКРУТЕР,Собирать резюме,Task,Дмитрий_6,2025-10-06 02:20:13.940715,2025-10-06 08:50:13.940715,23400,,
d6c63ab8-51f9-46cf-8067-9f8714ecb366,VAC-1045,CAND-10045,РЕКРУТЕР,Скрининг,Task,Алексей_3,2025-10-06 09:44:13.940715,2025-10-06 11:06:13.940715,4920,passed,
d6c63ab8-51f9-46cf-8067-9f8714ecb366,VAC-1045,CAND-10045,ИНТЕРВЬЮЕРЫ,Назначить интервью,User Task,Сергей_2,2025-10-06 12:48:13.940715,2025-10-06 13:16:13.940715,1680,,
d6c63ab8-51f9-46cf-8067-9f8714ecb366,VAC-1045,CAND-10045,ИНТЕРВЬЮЕРЫ,Интервью (раунд 1),User Task,Анна_5,2025-10-06 16:01:13.940715,2025-10-06 18:19:13.940715,8280,passed,
d6c63ab8-51f9-46cf-8067-9f8714ecb366,VAC-1045,CAND-10045,ИНТЕРВЬЮЕРЫ,Интервью (раунд 2),User Task,Андрей_8,2025-10-06 19:52:13.940715,2025-10-06 21:06:13.940715,4440,passed,
d6c63ab8-51f9-46cf-8067-9f8714ecb366,VAC-1045,CAND-10045,ИНТЕРВЬЮЕРЫ,Интервью (раунд 3),User Task,Андрей_5,2025-10-06 23:48:13.940715,2025-10-07 02:12:13.940715,8640,rejected,поведенческий
d93514d4-eee2-4485-9a8d-89ca492be612,VAC-1142,CAND-10142,РУКОВОДИТЕЛЬ,Создать заявку,User Task,Петров_4,2025-10-09 20:56:13.940715,2025-10-09 21:32:13.940715,2160,,
d93514d4-eee2-4485-9a8d-89ca492be612,VAC-1142,CAND-10142,HR,Зарегистрировать в HCM,Service Task,Наталья_1,2025-10-09 22:18:13.940715,2025-10-09 22:28:13.940715,600,,
d93514d4-eee2-4485-9a8d-89ca492be612,VAC-1142,CAND-10142,РЕКРУТЕР,Разместить вакансию,Task,Дмитрий_2,2025-10-09 22:36:13.940715,2025-10-09 23:02:13.940715,1560,,
d93514d4-eee2-4485-9a8d-89ca492be612,VAC-1142,CAND-10142,РЕКРУТЕР,Собирать резюме,Task,Екатерина_7,2025-10-10 02:20:13.940715,2025-10-10 05:06:13.940715,9960,,
d93514d4-eee2-4485-9a8d-89ca492be612,VAC-1142,CAND-10142,РЕКРУТЕР,Скрининг,Task,Дмитрий_6,2025-10-10 06:03:13.940715,2025-10-10 06:18:13.940715,900,passed,
d93514d4-eee2-4485-9a8d-89ca492be612,VAC-1142,CAND-10142,ИНТЕРВЬЮЕРЫ,Назначить интервью,User Task,Андрей_4,2025-10-10 09:09:13.940715,2025-10-10 09:27:13.940715,1080,,
d93514d4-eee2-4485-9a8d-89ca492be612,VAC-1142,CAND-10142,ИНТЕРВЬЮЕРЫ,Интервью (раунд 1),User Task,Анна_9,2025-10-10 11:02:13.940715,2025-10-10 12:04:13.940715,3720,passed,
d93514d4-eee2-4485-9a8d-89ca492be612,VAC-1142,CAND-10142,ИНТЕРВЬЮЕРЫ,Интервью (раунд 2),User Task,Сергей_6,2025-10-10 13:56:13.940715,2025-10-10 14:42:13.940715,2760,passed,
d93514d4-eee2-4485-9a8d-89ca492be612,VAC-1142,CAND-10142,ИНТЕРВЬЮЕРЫ,Интервью (раунд 3),User Task,Андрей_3,2025-10-10 16:53:13.940715,2025-10-10 20:43:13.940715,13800,rejected,недостаточно навыков
d9dd8919-c896-41e9-92d3-8fccb5204a7b,VAC-1121,CAND-10121,РУКОВОДИТЕЛЬ,Создать заявку,User Task,Петров_3,2025-09-04 18:42:13.940715,2025-09-04 19:12:13.940715,1800,,
d9dd8919-c896-41e9-92d3-8fccb5204a7b,VAC-1121,CAND-10121,HR,Зарегистрировать в HCM,Service Task,Ольга_8,2025-09-04 19:16:13.940715,2025-09-04 19:33:13.940715,1020,,
d9dd8919-c896-41e9-92d3-8fccb5204a7b,VAC-1121,CAND-10121,РЕКРУТЕР,Разместить вакансию,Task,Екатерина_6,2025-09-04 20:08:13.940715,2025-09-04 20:36:13.940715,1680,,
d9dd8919-c896-41e9-92d3-8fccb5204a7b,VAC-1121,CAND-10121,РЕКРУТЕР,Собирать резюме,Task,Алексей_8,2025-09-04 22:26:13.940715,2025-09-05 05:17:13.940715,24660,,
d9dd8919-c896-41e9-92d3-8fccb5204a7b,VAC-1121,CAND-10121,РЕКРУТЕР,Скрининг,Task,Екатерина_8,2025-09-05 05:37:13.940715,2025-09-05 07:16:13.940715,5940,passed,
d9dd8919-c896-41e9-92d3-8fccb5204a7b,VAC-1121,CAND-10121,ИНТЕРВЬЮЕРЫ,Назначить интервью,User Task,Анна_4,2025-09-05 07:26:13.940715,2025-09-05 07:31:13.940715,300,,
d9dd8919-c896-41e9-92d3-8fccb5204a7b,VAC-1121,CAND-10121,ИНТЕРВЬЮЕРЫ,Интервью (раунд 1),User Task,Сергей_3,2025-09-05 08:26:13.940715,2025-09-05 10:34:13.940715,7680,passed,
d9dd8919-c896-41e9-92d3-8fccb5204a7b,VAC-1121,CAND-10121,ИНТЕРВЬЮЕРЫ,Интервью (раунд 2),User Task,Сергей_6,2025-09-05 13:24:13.940715,2025-09-05 15:16:13.940715,6720,passed,
d9dd8919-c896-41e9-92d3-8fccb5204a7b,VAC-1121,CAND-10121,ИНТЕРВЬЮЕРЫ,Финальное интервью,User Task,Андрей_7,2025-09-05 17:13:13.940715,2025-09-05 18:45:13.940715,5520,passed,
d9dd8919-c896-41e9-92d3-8fccb5204a7b,VAC-1121,CAND-10121,HR (ОФФЕР),Согласовать условия,User Task,HR_Manager_6,2025-09-05 21:54:13.940715,2025-09-06 04:49:13.940715,24900,,
d9dd8919-c896-41e9-92d3-8fccb5204a7b,VAC-1121,CAND-10121,HR (ОФФЕР),Сгенерировать оффер,Service Task,HR_Manager_8,2025-09-06 05:48:13.940715,2025-09-06 06:02:13.940715,840,,
d9dd8919-c896-41e9-92d3-8fccb5204a7b,VAC-1121,CAND-10121,HR (ОФФЕР),Отправить оффер,Send Task,HR_Manager_4,2025-09-06 06:08:13.940715,2025-09-06 06:18:13.940715,600,sent,
d9dd8919-c896-41e9-92d3-8fccb5204a7b,VAC-1121,CAND-10121,HR (ОФФЕР),Timer: ожидание ответа (дни),Timer,,2025-09-06 06:18:13.940715,2025-09-07 06:18:13.940715,86400,timer_elapsed,
d9dd8919-c896-41e9-92d3-8fccb5204a7b,VAC-1121,CAND-10121,SECURITY,Background Check,Call Activity,Служба_БД_7,2025-09-07 22:24:13.940715,2025-09-09 20:18:13.940715,165240,report_ready,
d9dd8919-c896-41e9-92d3-8fccb5204a7b,VAC-1121,CAND-10121,IT,Выдача оборудования,Task,IT_Specialist_8,2025-09-09 22:01:13.940715,2025-09-10 01:40:13.940715,13140,,
d9dd8919-c896-41e9-92d3-8fccb5204a7b,VAC-1121,CAND-10121,IT,Создать доступы,Task,IT_Specialist_7,2025-09-10 03:28:13.940715,2025-09-10 03:40:13.940715,720,,
d9dd8919-c896-41e9-92d3-8fccb5204a7b,VAC-1121,CAND-10121,IT,HR/Training: Вводное обучение,Service Task,Марина_9,2025-09-12 23:53:13.940715,2025-09-13 02:01:13.940715,7680,,
d9dd8919-c896-41e9-92d3-8fccb5204a7b,VAC-1121,CAND-10121,IT,Назначить ментора,Task,Ольга_8,2025-09-13 04:22:13.940715,2025-09-13 06:04:13.940715,6120,,
d9dd8919-c896-41e9-92d3-8fccb5204a7b,VAC-1121,CAND-10121,IT,Message: уведомить всех,Message,system,2025-09-13 06:24:13.940715,2025-09-13 06:33:13.940715,540,notified,
d9dd8919-c896-41e9-92d3-8fccb5204a7b,VAC-1121,CAND-10121,HR (финал),Обновить статус в HCM,Service Task,Марина_1,2025-09-13 07:45:13.940715,2025-09-13 08:40:13.940715,3300,,
d9dd8919-c896-41e9-92d3-8fccb5204a7b,VAC-1121,CAND-10121,HR (финал),Payroll / учет,Service Task,Марина_3,2025-09-13 09:06:13.940715,2025-09-13 09:13:13.940715,420,,
d9dd8919-c896-41e9-92d3-8fccb5204a7b,VAC-1121,CAND-10121,HR (финал),Закрыть вакансию на порталах,Service Task,Ольга_8,2025-09-13 09:17:13.940715,2025-09-13 09:31:13.940715,840,,
d9dd8919-c896-41e9-92d3-8fccb5204a7b,VAC-1121,CAND-10121,HR (финал),Hire Completed,End Event,system,2025-09-13 10:25:13.940715,2025-09-13 10:25:13.940715,0,hired,
da568036-5a5b-494f-b4f7-3b277023c527,VAC-1198,CAND-10198,РУКОВОДИТЕЛЬ,Создать заявку,User Task,Кузнецов_4,2025-09-24 19:02:13.940715,2025-09-24 19:53:13.940715,3060,,
da568036-5a5b-494f-b4f7-3b277023c527,VAC-1198,CAND-10198,HR,Зарегистрировать в HCM,Service Task,Марина_1,2025-09-24 20:39:13.940715,2025-09-24 20:41:13.940715,120,,
da568036-5a5b-494f-b4f7-3b277023c527,VAC-1198,CAND-10198,РЕКРУТЕР,Разместить вакансию,Task,Дмитрий_9,2025-09-24 21:09:13.940715,2025-09-24 23:56:13.940715,10020,,
da568036-5a5b-494f-b4f7-3b277023c527,VAC-1198,CAND-10198,РЕКРУТЕР,Собирать резюме,Task,Екатерина_7,2025-09-25 00:22:13.940715,2025-09-25 03:39:13.940715,11820,,
da568036-5a5b-494f-b4f7-3b277023c527,VAC-1198,CAND-10198,РЕКРУТЕР,Скрининг,Task,Алексей_8,2025-09-25 05:37:13.940715,2025-09-25 06:47:13.940715,4200,passed,
da568036-5a5b-494f-b4f7-3b277023c527,VAC-1198,CAND-10198,ИНТЕРВЬЮЕРЫ,Назначить интервью,User Task,Сергей_7,2025-09-25 09:40:13.940715,2025-09-25 10:07:13.940715,1620,,
da568036-5a5b-494f-b4f7-3b277023c527,VAC-1198,CAND-10198,ИНТЕРВЬЮЕРЫ,Интервью (раунд 1),User Task,Сергей_8,2025-09-25 11:50:13.940715,2025-09-25 15:40:13.940715,13800,passed,
da568036-5a5b-494f-b4f7-3b277023c527,VAC-1198,CAND-10198,ИНТЕРВЬЮЕРЫ,Финальное интервью,User Task,Анна_6,2025-09-25 17:03:13.940715,2025-09-25 19:57:13.940715,10440,passed,
da568036-5a5b-494f-b4f7-3b277023c527,VAC-1198,CAND-10198,HR (ОФФЕР),Согласовать условия,User Task,HR_Manager_3,2025-09-25 22:41:13.940715,2025-09-26 06:27:13.940715,27960,,
da568036-5a5b-494f-b4f7-3b277023c527,VAC-1198,CAND-10198,HR (ОФФЕР),Сгенерировать оффер,Service Task,HR_Manager_7,2025-09-26 06:50:13.940715,2025-09-26 07:15:13.940715,1500,,
da568036-5a5b-494f-b4f7-3b277023c527,VAC-1198,CAND-10198,HR (ОФФЕР),Отправить оффер,Send Task,HR_Manager_4,2025-09-26 07:27:13.940715,2025-09-26 07:35:13.940715,480,sent,
da568036-5a5b-494f-b4f7-3b277023c527,VAC-1198,CAND-10198,HR (ОФФЕР),Timer: ожидание ответа (дни),Timer,,2025-09-26 07:35:13.940715,2025-09-29 07:35:13.940715,259200,timer_elapsed,
da568036-5a5b-494f-b4f7-3b277023c527,VAC-1198,CAND-10198,SECURITY,Background Check,Call Activity,Служба_БД_3,2025-09-29 13:29:13.940715,2025-10-01 19:01:13.940715,192720,report_ready,
da568036-5a5b-494f-b4f7-3b277023c527,VAC-1198,CAND-10198,IT,Выдача оборудования,Task,IT_Specialist_2,2025-10-01 19:22:13.940715,2025-10-01 22:27:13.940715,11100,,
da568036-5a5b-494f-b4f7-3b277023c527,VAC-1198,CAND-10198,IT,Создать доступы,Task,IT_Specialist_5,2025-10-02 00:13:13.940715,2025-10-02 02:09:13.940715,6960,,
da568036-5a5b-494f-b4f7-3b277023c527,VAC-1198,CAND-10198,IT,HR/Training: Вводное обучение,Service Task,Марина_1,2025-10-03 10:12:13.940715,2025-10-03 12:59:13.940715,10020,,
da568036-5a5b-494f-b4f7-3b277023c527,VAC-1198,CAND-10198,IT,Назначить ментора,Task,Ольга_6,2025-10-03 13:08:13.940715,2025-10-03 14:03:13.940715,3300,,
da568036-5a5b-494f-b4f7-3b277023c527,VAC-1198,CAND-10198,IT,Message: уведомить всех,Message,system,2025-10-03 14:47:13.940715,2025-10-03 14:53:13.940715,360,notified,
da568036-5a5b-494f-b4f7-3b277023c527,VAC-1198,CAND-10198,HR (финал),Обновить статус в HCM,Service Task,Марина_1,2025-10-03 15:16:13.940715,2025-10-03 16:09:13.940715,3180,,
da568036-5a5b-494f-b4f7-3b277023c527,VAC-1198,CAND-10198,HR (финал),Payroll / учет,Service Task,Ольга_7,2025-10-03 17:01:13.940715,2025-10-03 17:06:13.940715,300,,
da568036-5a5b-494f-b4f7-3b277023c527,VAC-1198,CAND-10198,HR (финал),Закрыть вакансию на порталах,Service Task,Наталья_2,2025-10-03 17:14:13.940715,2025-10-03 17:54:13.940715,2400,,
da568036-5a5b-494f-b4f7-3b277023c527,VAC-1198,CAND-10198,HR (финал),Hire Completed,End Event,system,2025-10-03 18:30:13.940715,2025-10-03 18:30:13.940715,0,hired,
daeffed9-ebdd-4296-82e9-fd19e6410db1,VAC-1107,CAND-10107,РУКОВОДИТЕЛЬ,Создать заявку,User Task,Иванов_1,2025-08-30 10:49:13.940715,2025-08-30 11:03:13.940715,840,,
daeffed9-ebdd-4296-82e9-fd19e6410db1,VAC-1107,CAND-10107,HR,Зарегистрировать в HCM,Service Task,Наталья_5,2025-08-30 11:16:13.940715,2025-08-30 11:25:13.940715,540,,
daeffed9-ebdd-4296-82e9-fd19e6410db1,VAC-1107,CAND-10107,РЕКРУТЕР,Разместить вакансию,Task,Алексей_1,2025-08-30 12:09:13.940715,2025-08-30 13:33:13.940715,5040,,
daeffed9-ebdd-4296-82e9-fd19e6410db1,VAC-1107,CAND-10107,РЕКРУТЕР,Собирать резюме,Task,Дмитрий_4,2025-08-30 16:39:13.940715,2025-08-31 00:20:13.940715,27660,,
daeffed9-ebdd-4296-82e9-fd19e6410db1,VAC-1107,CAND-10107,РЕКРУТЕР,Скрининг,Task,Алексей_6,2025-08-31 02:01:13.940715,2025-08-31 02:45:13.940715,2640,rejected,не прошёл тест
dd3b9de6-e5bb-45c4-8f64-b491c47a166e,VAC-1086,CAND-10086,РУКОВОДИТЕЛЬ,Создать заявку,User Task,Петров_8,2025-10-16 17:59:13.940715,2025-10-16 18:23:13.940715,1440,,
dd3b9de6-e5bb-45c4-8f64-b491c47a166e,VAC-1086,CAND-10086,HR,Зарегистрировать в HCM,Service Task,Наталья_4,2025-10-16 18:26:13.940715,2025-10-16 18:29:13.940715,180,,
dd3b9de6-e5bb-45c4-8f64-b491c47a166e,VAC-1086,CAND-10086,РЕКРУТЕР,Разместить вакансию,Task,Алексей_9,2025-10-16 19:08:13.940715,2025-10-16 20:24:13.940715,4560,,
dd3b9de6-e5bb-45c4-8f64-b491c47a166e,VAC-1086,CAND-10086,РЕКРУТЕР,Собирать резюме,Task,Дмитрий_4,2025-10-16 22:36:13.940715,2025-10-16 23:36:13.940715,3600,,
dd3b9de6-e5bb-45c4-8f64-b491c47a166e,VAC-1086,CAND-10086,РЕКРУТЕР,Скрининг,Task,Дмитрий_3,2025-10-17 01:24:13.940715,2025-10-17 01:32:13.940715,480,rejected,не соотв. опыту
dd3b9de6-e5bb-45c4-8f64-b491c47a166e,VAC-1086,CAND-10086,РЕКРУТЕР,Скрининг,Task,Дмитрий_3,2025-10-17 02:24:13.940715,2025-10-17 02:38:13.940715,840,rejected,не прошёл тест
e15791b0-d8bd-44bf-930b-c60d09797559,VAC-1006,CAND-10006,РУКОВОДИТЕЛЬ,Создать заявку,User Task,Иванов_6,2025-09-05 14:38:13.940715,2025-09-05 14:46:13.940715,480,,
e15791b0-d8bd-44bf-930b-c60d09797559,VAC-1006,CAND-10006,HR,Зарегистрировать в HCM,Service Task,Марина_8,2025-09-05 14:50:13.940715,2025-09-05 14:52:13.940715,120,,
e15791b0-d8bd-44bf-930b-c60d09797559,VAC-1006,CAND-10006,РЕКРУТЕР,Разместить вакансию,Task,Алексей_1,2025-09-05 15:25:13.940715,2025-09-05 18:00:13.940715,9300,,
e15791b0-d8bd-44bf-930b-c60d09797559,VAC-1006,CAND-10006,РЕКРУТЕР,Собирать резюме,Task,Алексей_2,2025-09-05 20:20:13.940715,2025-09-05 22:01:13.940715,6060,,
e15791b0-d8bd-44bf-930b-c60d09797559,VAC-1006,CAND-10006,РЕКРУТЕР,Скрининг,Task,Екатерина_4,2025-09-05 23:22:13.940715,2025-09-05 23:40:13.940715,1080,passed,
e15791b0-d8bd-44bf-930b-c60d09797559,VAC-1006,CAND-10006,ИНТЕРВЬЮЕРЫ,Назначить интервью,User Task,Андрей_1,2025-09-06 03:35:13.940715,2025-09-06 04:16:13.940715,2460,,
e15791b0-d8bd-44bf-930b-c60d09797559,VAC-1006,CAND-10006,ИНТЕРВЬЮЕРЫ,Интервью (раунд 1),User Task,Анна_6,2025-09-06 06:33:13.940715,2025-09-06 10:06:13.940715,12780,passed,
e15791b0-d8bd-44bf-930b-c60d09797559,VAC-1006,CAND-10006,ИНТЕРВЬЮЕРЫ,Интервью (раунд 2),User Task,Сергей_4,2025-09-06 11:42:13.940715,2025-09-06 13:19:13.940715,5820,rejected,поведенческий
e25f6e41-fd37-42b2-b69f-3d8af32a7301,VAC-1061,CAND-10061,РУКОВОДИТЕЛЬ,Создать заявку,User Task,Кузнецов_1,2025-09-27 13:28:13.940715,2025-09-27 13:50:13.940715,1320,,
e25f6e41-fd37-42b2-b69f-3d8af32a7301,VAC-1061,CAND-10061,HR,Зарегистрировать в HCM,Service Task,Наталья_9,2025-09-27 14:46:13.940715,2025-09-27 14:49:13.940715,180,,
e25f6e41-fd37-42b2-b69f-3d8af32a7301,VAC-1061,CAND-10061,РЕКРУТЕР,Разместить вакансию,Task,Алексей_6,2025-09-27 15:03:13.940715,2025-09-27 17:25:13.940715,8520,,
e25f6e41-fd37-42b2-b69f-3d8af32a7301,VAC-1061,CAND-10061,РЕКРУТЕР,Собирать резюме,Task,Алексей_4,2025-09-27 18:52:13.940715,2025-09-27 19:59:13.940715,4020,,
e25f6e41-fd37-42b2-b69f-3d8af32a7301,VAC-1061,CAND-10061,РЕКРУТЕР,Скрининг,Task,Екатерина_8,2025-09-27 21:38:13.940715,2025-09-27 22:08:13.940715,1800,rejected,не соотв. опыту
e2f39827-abf9-47da-8b2a-2317b4750e62,VAC-1102,CAND-10102,РУКОВОДИТЕЛЬ,Создать заявку,User Task,Иванов_3,2025-10-02 17:14:13.940715,2025-10-02 17:41:13.940715,1620,,
e2f39827-abf9-47da-8b2a-2317b4750e62,VAC-1102,CAND-10102,HR,Зарегистрировать в HCM,Service Task,Ольга_2,2025-10-02 18:12:13.940715,2025-10-02 18:42:13.940715,1800,,
e2f39827-abf9-47da-8b2a-2317b4750e62,VAC-1102,CAND-10102,РЕКРУТЕР,Разместить вакансию,Task,Дмитрий_1,2025-10-02 19:39:13.940715,2025-10-02 21:44:13.940715,7500,,
e2f39827-abf9-47da-8b2a-2317b4750e62,VAC-1102,CAND-10102,РЕКРУТЕР,Собирать резюме,Task,Екатерина_6,2025-10-02 22:10:13.940715,2025-10-03 01:23:13.940715,11580,,
e2f39827-abf9-47da-8b2a-2317b4750e62,VAC-1102,CAND-10102,РЕКРУТЕР,Скрининг,Task,Екатерина_9,2025-10-03 01:29:13.940715,2025-10-03 02:16:13.940715,2820,rejected,некорректное резюме
e35b3ce0-4729-45df-8596-4e9abb08d594,VAC-1143,CAND-10143,РУКОВОДИТЕЛЬ,Создать заявку,User Task,Кузнецов_8,2025-09-14 16:24:13.940715,2025-09-14 17:12:13.940715,2880,,
e35b3ce0-4729-45df-8596-4e9abb08d594,VAC-1143,CAND-10143,HR,Зарегистрировать в HCM,Service Task,Марина_3,2025-09-14 18:04:13.940715,2025-09-14 18:06:13.940715,120,,
e35b3ce0-4729-45df-8596-4e9abb08d594,VAC-1143,CAND-10143,РЕКРУТЕР,Разместить вакансию,Task,Екатерина_8,2025-09-14 18:37:13.940715,2025-09-14 19:36:13.940715,3540,,
e35b3ce0-4729-45df-8596-4e9abb08d594,VAC-1143,CAND-10143,РЕКРУТЕР,Собирать резюме,Task,Дмитрий_8,2025-09-14 23:34:13.940715,2025-09-15 05:08:13.940715,20040,,
e35b3ce0-4729-45df-8596-4e9abb08d594,VAC-1143,CAND-10143,РЕКРУТЕР,Скрининг,Task,Дмитрий_1,2025-09-15 06:53:13.940715,2025-09-15 07:34:13.940715,2460,rejected,не прошёл тест
e35b3ce0-4729-45df-8596-4e9abb08d594,VAC-1143,CAND-10143,РЕКРУТЕР,Скрининг,Task,Дмитрий_1,2025-09-15 07:53:13.940715,2025-09-15 08:41:13.940715,2880,rejected,некорректное резюме
e4277881-3039-4096-9757-e05ba33d73a6,VAC-1109,CAND-10109,РУКОВОДИТЕЛЬ,Создать заявку,User Task,Петров_3,2025-09-20 15:00:13.940715,2025-09-20 15:21:13.940715,1260,,
e4277881-3039-4096-9757-e05ba33d73a6,VAC-1109,CAND-10109,HR,Зарегистрировать в HCM,Service Task,Ольга_1,2025-09-20 15:59:13.940715,2025-09-20 16:27:13.940715,1680,,
e4277881-3039-4096-9757-e05ba33d73a6,VAC-1109,CAND-10109,РЕКРУТЕР,Разместить вакансию,Task,Екатерина_3,2025-09-20 16:49:13.940715,2025-09-20 19:08:13.940715,8340,,
e4277881-3039-4096-9757-e05ba33d73a6,VAC-1109,CAND-10109,РЕКРУТЕР,Собирать резюме,Task,Дмитрий_1,2025-09-20 19:28:13.940715,2025-09-20 21:46:13.940715,8280,,
e4277881-3039-4096-9757-e05ba33d73a6,VAC-1109,CAND-10109,РЕКРУТЕР,Скрининг,Task,Екатерина_5,2025-09-20 23:30:13.940715,2025-09-21 01:00:13.940715,5400,passed,
e4277881-3039-4096-9757-e05ba33d73a6,VAC-1109,CAND-10109,ИНТЕРВЬЮЕРЫ,Назначить интервью,User Task,Сергей_2,2025-09-21 03:34:13.940715,2025-09-21 04:14:13.940715,2400,,
e4277881-3039-4096-9757-e05ba33d73a6,VAC-1109,CAND-10109,ИНТЕРВЬЮЕРЫ,Интервью (раунд 1),User Task,Андрей_9,2025-09-21 06:05:13.940715,2025-09-21 09:04:13.940715,10740,passed,
e4277881-3039-4096-9757-e05ba33d73a6,VAC-1109,CAND-10109,ИНТЕРВЬЮЕРЫ,Интервью (раунд 2),User Task,Анна_9,2025-09-21 09:51:13.940715,2025-09-21 12:45:13.940715,10440,passed,
e4277881-3039-4096-9757-e05ba33d73a6,VAC-1109,CAND-10109,ИНТЕРВЬЮЕРЫ,Интервью (раунд 3),User Task,Андрей_6,2025-09-21 14:58:13.940715,2025-09-21 16:06:13.940715,4080,passed,
e4277881-3039-4096-9757-e05ba33d73a6,VAC-1109,CAND-10109,ИНТЕРВЬЮЕРЫ,Финальное интервью,User Task,Анна_9,2025-09-21 17:54:13.940715,2025-09-21 20:11:13.940715,8220,passed,
e4277881-3039-4096-9757-e05ba33d73a6,VAC-1109,CAND-10109,HR (ОФФЕР),Согласовать условия,User Task,HR_Manager_2,2025-09-21 22:22:13.940715,2025-09-22 03:39:13.940715,19020,,
e4277881-3039-4096-9757-e05ba33d73a6,VAC-1109,CAND-10109,HR (ОФФЕР),Сгенерировать оффер,Service Task,HR_Manager_4,2025-09-22 04:26:13.940715,2025-09-22 04:39:13.940715,780,,
e4277881-3039-4096-9757-e05ba33d73a6,VAC-1109,CAND-10109,HR (ОФФЕР),Отправить оффер,Send Task,HR_Manager_1,2025-09-22 04:59:13.940715,2025-09-22 05:09:13.940715,600,sent,
e4277881-3039-4096-9757-e05ba33d73a6,VAC-1109,CAND-10109,HR (ОФФЕР),Timer: ожидание ответа (дни),Timer,,2025-09-22 05:09:13.940715,2025-09-25 05:09:13.940715,259200,timer_elapsed,
e4277881-3039-4096-9757-e05ba33d73a6,VAC-1109,CAND-10109,SECURITY,Background Check,Call Activity,Служба_БД_9,2025-09-25 12:54:13.940715,2025-09-26 23:14:13.940715,123600,report_ready,
e4277881-3039-4096-9757-e05ba33d73a6,VAC-1109,CAND-10109,IT,Выдача оборудования,Task,IT_Specialist_9,2025-09-26 23:18:13.940715,2025-09-27 02:00:13.940715,9720,,
e4277881-3039-4096-9757-e05ba33d73a6,VAC-1109,CAND-10109,IT,Создать доступы,Task,IT_Specialist_8,2025-09-27 03:47:13.940715,2025-09-27 06:07:13.940715,8400,,
e4277881-3039-4096-9757-e05ba33d73a6,VAC-1109,CAND-10109,IT,HR/Training: Вводное обучение,Service Task,Марина_4,2025-09-27 12:07:13.940715,2025-09-27 15:38:13.940715,12660,,
e4277881-3039-4096-9757-e05ba33d73a6,VAC-1109,CAND-10109,IT,Назначить ментора,Task,Наталья_2,2025-09-27 17:05:13.940715,2025-09-27 18:20:13.940715,4500,,
e4277881-3039-4096-9757-e05ba33d73a6,VAC-1109,CAND-10109,IT,Message: уведомить всех,Message,system,2025-09-27 18:31:13.940715,2025-09-27 18:56:13.940715,1500,notified,
e4277881-3039-4096-9757-e05ba33d73a6,VAC-1109,CAND-10109,HR (финал),Обновить статус в HCM,Service Task,Наталья_2,2025-09-27 20:05:13.940715,2025-09-27 20:40:13.940715,2100,,
e4277881-3039-4096-9757-e05ba33d73a6,VAC-1109,CAND-10109,HR (финал),Payroll / учет,Service Task,Марина_4,2025-09-27 20:54:13.940715,2025-09-27 21:37:13.940715,2580,,
e4277881-3039-4096-9757-e05ba33d73a6,VAC-1109,CAND-10109,HR (финал),Закрыть вакансию на порталах,Service Task,Ольга_2,2025-09-27 22:33:13.940715,2025-09-27 23:17:13.940715,2640,,
e4277881-3039-4096-9757-e05ba33d73a6,VAC-1109,CAND-10109,HR (финал),Hire Completed,End Event,system,2025-09-27 23:31:13.940715,2025-09-27 23:31:13.940715,0,hired,
e50b7a48-f2bf-4f16-ae40-d9698c85bbd1,VAC-1136,CAND-10136,РУКОВОДИТЕЛЬ,Создать заявку,User Task,Сидоров_4,2025-09-04 11:13:13.940715,2025-09-04 11:57:13.940715,2640,,
e50b7a48-f2bf-4f16-ae40-d9698c85bbd1,VAC-1136,CAND-10136,HR,Зарегистрировать в HCM,Service Task,Наталья_1,2025-09-04 12:36:13.940715,2025-09-04 12:44:13.940715,480,,
e50b7a48-f2bf-4f16-ae40-d9698c85bbd1,VAC-1136,CAND-10136,РЕКРУТЕР,Разместить вакансию,Task,Екатерина_8,2025-09-04 13:07:13.940715,2025-09-04 13:47:13.940715,2400,,
e50b7a48-f2bf-4f16-ae40-d9698c85bbd1,VAC-1136,CAND-10136,РЕКРУТЕР,Собирать резюме,Task,Екатерина_8,2025-09-04 14:31:13.940715,2025-09-04 19:48:13.940715,19020,,
e50b7a48-f2bf-4f16-ae40-d9698c85bbd1,VAC-1136,CAND-10136,РЕКРУТЕР,Скрининг,Task,Дмитрий_3,2025-09-04 21:24:13.940715,2025-09-04 21:59:13.940715,2100,rejected,не соотв. опыту
e50b7a48-f2bf-4f16-ae40-d9698c85bbd1,VAC-1136,CAND-10136,РЕКРУТЕР,Скрининг,Task,Дмитрий_3,2025-09-04 22:24:13.940715,2025-09-04 22:39:13.940715,900,rejected,не соотв. опыту
e5df19c9-c77a-4697-a004-7fba5a3d179d,VAC-1041,CAND-10041,РУКОВОДИТЕЛЬ,Создать заявку,User Task,Иванов_1,2025-08-31 14:40:13.940715,2025-08-31 15:04:13.940715,1440,,
e5df19c9-c77a-4697-a004-7fba5a3d179d,VAC-1041,CAND-10041,HR,Зарегистрировать в HCM,Service Task,Марина_8,2025-08-31 15:20:13.940715,2025-08-31 15:34:13.940715,840,,
e5df19c9-c77a-4697-a004-7fba5a3d179d,VAC-1041,CAND-10041,РЕКРУТЕР,Разместить вакансию,Task,Дмитрий_9,2025-08-31 15:39:13.940715,2025-08-31 16:27:13.940715,2880,,
e5df19c9-c77a-4697-a004-7fba5a3d179d,VAC-1041,CAND-10041,РЕКРУТЕР,Собирать резюме,Task,Екатерина_4,2025-08-31 16:41:13.940715,2025-08-31 23:04:13.940715,22980,,
e5df19c9-c77a-4697-a004-7fba5a3d179d,VAC-1041,CAND-10041,РЕКРУТЕР,Скрининг,Task,Дмитрий_7,2025-09-01 00:40:13.940715,2025-09-01 01:08:13.940715,1680,passed,
e5df19c9-c77a-4697-a004-7fba5a3d179d,VAC-1041,CAND-10041,ИНТЕРВЬЮЕРЫ,Назначить интервью,User Task,Анна_7,2025-09-01 02:46:13.940715,2025-09-01 03:06:13.940715,1200,,
e5df19c9-c77a-4697-a004-7fba5a3d179d,VAC-1041,CAND-10041,ИНТЕРВЬЮЕРЫ,Интервью (раунд 1),User Task,Сергей_2,2025-09-01 06:27:13.940715,2025-09-01 07:33:13.940715,3960,passed,
e5df19c9-c77a-4697-a004-7fba5a3d179d,VAC-1041,CAND-10041,ИНТЕРВЬЮЕРЫ,Интервью (раунд 2),User Task,Анна_9,2025-09-01 10:17:13.940715,2025-09-01 13:21:13.940715,11040,passed,
e5df19c9-c77a-4697-a004-7fba5a3d179d,VAC-1041,CAND-10041,ИНТЕРВЬЮЕРЫ,Финальное интервью,User Task,Андрей_7,2025-09-01 13:50:13.940715,2025-09-01 16:14:13.940715,8640,rejected,финал не пройден
e61d0907-bb63-4eed-85a5-93cbf7071979,VAC-1068,CAND-10068,РУКОВОДИТЕЛЬ,Создать заявку,User Task,Петров_9,2025-09-17 12:11:13.940715,2025-09-17 12:51:13.940715,2400,,
e61d0907-bb63-4eed-85a5-93cbf7071979,VAC-1068,CAND-10068,HR,Зарегистрировать в HCM,Service Task,Ольга_3,2025-09-17 13:02:13.940715,2025-09-17 13:24:13.940715,1320,,
e61d0907-bb63-4eed-85a5-93cbf7071979,VAC-1068,CAND-10068,РЕКРУТЕР,Разместить вакансию,Task,Дмитрий_5,2025-09-17 13:33:13.940715,2025-09-17 15:01:13.940715,5280,,
e61d0907-bb63-4eed-85a5-93cbf7071979,VAC-1068,CAND-10068,РЕКРУТЕР,Собирать резюме,Task,Алексей_3,2025-09-17 17:17:13.940715,2025-09-17 19:31:13.940715,8040,,
e61d0907-bb63-4eed-85a5-93cbf7071979,VAC-1068,CAND-10068,РЕКРУТЕР,Скрининг,Task,Дмитрий_5,2025-09-17 20:31:13.940715,2025-09-17 21:16:13.940715,2700,passed,
e61d0907-bb63-4eed-85a5-93cbf7071979,VAC-1068,CAND-10068,ИНТЕРВЬЮЕРЫ,Назначить интервью,User Task,Сергей_4,2025-09-17 21:43:13.940715,2025-09-17 22:11:13.940715,1680,,
e61d0907-bb63-4eed-85a5-93cbf7071979,VAC-1068,CAND-10068,ИНТЕРВЬЮЕРЫ,Интервью (раунд 1),User Task,Сергей_2,2025-09-18 00:47:13.940715,2025-09-18 04:04:13.940715,11820,passed,
e61d0907-bb63-4eed-85a5-93cbf7071979,VAC-1068,CAND-10068,ИНТЕРВЬЮЕРЫ,Интервью (раунд 2),User Task,Сергей_6,2025-09-18 05:08:13.940715,2025-09-18 07:10:13.940715,7320,passed,
e61d0907-bb63-4eed-85a5-93cbf7071979,VAC-1068,CAND-10068,ИНТЕРВЬЮЕРЫ,Интервью (раунд 3),User Task,Сергей_8,2025-09-18 10:18:13.940715,2025-09-18 12:40:13.940715,8520,rejected,поведенческий
e6b9d6f0-1859-496b-b22f-ebebc5ecb789,VAC-1177,CAND-10177,РУКОВОДИТЕЛЬ,Создать заявку,User Task,Кузнецов_4,2025-09-28 16:43:13.940715,2025-09-28 17:42:13.940715,3540,,
e6b9d6f0-1859-496b-b22f-ebebc5ecb789,VAC-1177,CAND-10177,HR,Зарегистрировать в HCM,Service Task,Ольга_6,2025-09-28 18:37:13.940715,2025-09-28 18:40:13.940715,180,,
e6b9d6f0-1859-496b-b22f-ebebc5ecb789,VAC-1177,CAND-10177,РЕКРУТЕР,Разместить вакансию,Task,Екатерина_8,2025-09-28 18:52:13.940715,2025-09-28 19:15:13.940715,1380,,
e6b9d6f0-1859-496b-b22f-ebebc5ecb789,VAC-1177,CAND-10177,РЕКРУТЕР,Собирать резюме,Task,Дмитрий_8,2025-09-28 22:17:13.940715,2025-09-29 00:10:13.940715,6780,,
e6b9d6f0-1859-496b-b22f-ebebc5ecb789,VAC-1177,CAND-10177,РЕКРУТЕР,Скрининг,Task,Екатерина_2,2025-09-29 01:21:13.940715,2025-09-29 02:55:13.940715,5640,passed,
e6b9d6f0-1859-496b-b22f-ebebc5ecb789,VAC-1177,CAND-10177,ИНТЕРВЬЮЕРЫ,Назначить интервью,User Task,Анна_2,2025-09-29 04:44:13.940715,2025-09-29 05:14:13.940715,1800,,
e6b9d6f0-1859-496b-b22f-ebebc5ecb789,VAC-1177,CAND-10177,ИНТЕРВЬЮЕРЫ,Интервью (раунд 1),User Task,Андрей_6,2025-09-29 06:27:13.940715,2025-09-29 07:28:13.940715,3660,passed,
e6b9d6f0-1859-496b-b22f-ebebc5ecb789,VAC-1177,CAND-10177,ИНТЕРВЬЮЕРЫ,Интервью (раунд 2),User Task,Сергей_2,2025-09-29 08:49:13.940715,2025-09-29 12:06:13.940715,11820,rejected,недостаточно навыков
e8e47d86-e847-424d-8fa1-8e71dea9b53b,VAC-1095,CAND-10095,РУКОВОДИТЕЛЬ,Создать заявку,User Task,Петров_6,2025-09-18 17:12:13.940715,2025-09-18 17:19:13.940715,420,,
e8e47d86-e847-424d-8fa1-8e71dea9b53b,VAC-1095,CAND-10095,HR,Зарегистрировать в HCM,Service Task,Наталья_9,2025-09-18 18:06:13.940715,2025-09-18 18:29:13.940715,1380,,
e8e47d86-e847-424d-8fa1-8e71dea9b53b,VAC-1095,CAND-10095,РЕКРУТЕР,Разместить вакансию,Task,Екатерина_6,2025-09-18 19:10:13.940715,2025-09-18 21:31:13.940715,8460,,
e8e47d86-e847-424d-8fa1-8e71dea9b53b,VAC-1095,CAND-10095,РЕКРУТЕР,Собирать резюме,Task,Алексей_9,2025-09-18 23:50:13.940715,2025-09-19 03:23:13.940715,12780,,
e8e47d86-e847-424d-8fa1-8e71dea9b53b,VAC-1095,CAND-10095,РЕКРУТЕР,Скрининг,Task,Алексей_8,2025-09-19 03:51:13.940715,2025-09-19 04:38:13.940715,2820,passed,
e8e47d86-e847-424d-8fa1-8e71dea9b53b,VAC-1095,CAND-10095,ИНТЕРВЬЮЕРЫ,Назначить интервью,User Task,Анна_3,2025-09-19 05:52:13.940715,2025-09-19 06:43:13.940715,3060,,
e8e47d86-e847-424d-8fa1-8e71dea9b53b,VAC-1095,CAND-10095,ИНТЕРВЬЮЕРЫ,Интервью (раунд 1),User Task,Сергей_4,2025-09-19 08:38:13.940715,2025-09-19 12:10:13.940715,12720,passed,
e8e47d86-e847-424d-8fa1-8e71dea9b53b,VAC-1095,CAND-10095,ИНТЕРВЬЮЕРЫ,Интервью (раунд 2),User Task,Сергей_6,2025-09-19 15:50:13.940715,2025-09-19 17:53:13.940715,7380,passed,
e8e47d86-e847-424d-8fa1-8e71dea9b53b,VAC-1095,CAND-10095,ИНТЕРВЬЮЕРЫ,Интервью (раунд 3),User Task,Андрей_8,2025-09-19 19:29:13.940715,2025-09-19 22:43:13.940715,11640,passed,
e8e47d86-e847-424d-8fa1-8e71dea9b53b,VAC-1095,CAND-10095,ИНТЕРВЬЮЕРЫ,Интервью (раунд 4),User Task,Анна_2,2025-09-19 23:26:13.940715,2025-09-20 02:53:13.940715,12420,rejected,поведенческий
e8f364c8-5e27-465c-9fb6-40881ba8c0b1,VAC-1127,CAND-10127,РУКОВОДИТЕЛЬ,Создать заявку,User Task,Сидоров_6,2025-09-06 17:49:13.940715,2025-09-06 18:37:13.940715,2880,,
e8f364c8-5e27-465c-9fb6-40881ba8c0b1,VAC-1127,CAND-10127,HR,Зарегистрировать в HCM,Service Task,Марина_1,2025-09-06 18:48:13.940715,2025-09-06 19:09:13.940715,1260,,
e8f364c8-5e27-465c-9fb6-40881ba8c0b1,VAC-1127,CAND-10127,РЕКРУТЕР,Разместить вакансию,Task,Екатерина_2,2025-09-06 19:57:13.940715,2025-09-06 22:37:13.940715,9600,,
e8f364c8-5e27-465c-9fb6-40881ba8c0b1,VAC-1127,CAND-10127,РЕКРУТЕР,Собирать резюме,Task,Екатерина_5,2025-09-06 23:51:13.940715,2025-09-07 04:57:13.940715,18360,,
e8f364c8-5e27-465c-9fb6-40881ba8c0b1,VAC-1127,CAND-10127,РЕКРУТЕР,Скрининг,Task,Алексей_4,2025-09-07 05:27:13.940715,2025-09-07 06:12:13.940715,2700,rejected,некорректное резюме
e919db6d-0b22-430c-98e9-bd3a39888d96,VAC-1192,CAND-10192,РУКОВОДИТЕЛЬ,Создать заявку,User Task,Петров_7,2025-08-24 19:14:13.940715,2025-08-24 19:55:13.940715,2460,,
e919db6d-0b22-430c-98e9-bd3a39888d96,VAC-1192,CAND-10192,HR,Зарегистрировать в HCM,Service Task,Наталья_8,2025-08-24 20:54:13.940715,2025-08-24 20:57:13.940715,180,,
e919db6d-0b22-430c-98e9-bd3a39888d96,VAC-1192,CAND-10192,РЕКРУТЕР,Разместить вакансию,Task,Дмитрий_1,2025-08-24 21:41:13.940715,2025-08-24 22:25:13.940715,2640,,
e919db6d-0b22-430c-98e9-bd3a39888d96,VAC-1192,CAND-10192,РЕКРУТЕР,Собирать резюме,Task,Екатерина_2,2025-08-24 23:47:13.940715,2025-08-25 06:35:13.940715,24480,,
e919db6d-0b22-430c-98e9-bd3a39888d96,VAC-1192,CAND-10192,РЕКРУТЕР,Скрининг,Task,Екатерина_2,2025-08-25 07:30:13.940715,2025-08-25 07:36:13.940715,360,rejected,не соотв. опыту
e9fac80c-e981-4011-89cc-a8c898afaa23,VAC-1029,CAND-10029,РУКОВОДИТЕЛЬ,Создать заявку,User Task,Петров_9,2025-10-10 16:36:13.940715,2025-10-10 16:53:13.940715,1020,,
e9fac80c-e981-4011-89cc-a8c898afaa23,VAC-1029,CAND-10029,HR,Зарегистрировать в HCM,Service Task,Марина_9,2025-10-10 17:50:13.940715,2025-10-10 18:02:13.940715,720,,
e9fac80c-e981-4011-89cc-a8c898afaa23,VAC-1029,CAND-10029,РЕКРУТЕР,Разместить вакансию,Task,Алексей_5,2025-10-10 19:01:13.940715,2025-10-10 20:30:13.940715,5340,,
e9fac80c-e981-4011-89cc-a8c898afaa23,VAC-1029,CAND-10029,РЕКРУТЕР,Собирать резюме,Task,Дмитрий_6,2025-10-11 00:11:13.940715,2025-10-11 05:17:13.940715,18360,,
e9fac80c-e981-4011-89cc-a8c898afaa23,VAC-1029,CAND-10029,РЕКРУТЕР,Скрининг,Task,Дмитрий_2,2025-10-11 07:04:13.940715,2025-10-11 07:28:13.940715,1440,passed,
e9fac80c-e981-4011-89cc-a8c898afaa23,VAC-1029,CAND-10029,ИНТЕРВЬЮЕРЫ,Назначить интервью,User Task,Анна_7,2025-10-11 08:33:13.940715,2025-10-11 09:33:13.940715,3600,,
e9fac80c-e981-4011-89cc-a8c898afaa23,VAC-1029,CAND-10029,ИНТЕРВЬЮЕРЫ,Интервью (раунд 1),User Task,Сергей_1,2025-10-11 13:28:13.940715,2025-10-11 16:35:13.940715,11220,passed,
e9fac80c-e981-4011-89cc-a8c898afaa23,VAC-1029,CAND-10029,ИНТЕРВЬЮЕРЫ,Интервью (раунд 2),User Task,Сергей_5,2025-10-11 18:12:13.940715,2025-10-11 21:14:13.940715,10920,passed,
e9fac80c-e981-4011-89cc-a8c898afaa23,VAC-1029,CAND-10029,ИНТЕРВЬЮЕРЫ,Интервью (раунд 3),User Task,Сергей_2,2025-10-12 00:13:13.940715,2025-10-12 02:35:13.940715,8520,rejected,культурный профиль
ea6b3571-313b-40df-a443-cd1ee9106ed0,VAC-1132,CAND-10132,РУКОВОДИТЕЛЬ,Создать заявку,User Task,Сидоров_1,2025-10-15 20:17:13.940715,2025-10-15 20:28:13.940715,660,,
ea6b3571-313b-40df-a443-cd1ee9106ed0,VAC-1132,CAND-10132,HR,Зарегистрировать в HCM,Service Task,Марина_7,2025-10-15 21:15:13.940715,2025-10-15 21:41:13.940715,1560,,
ea6b3571-313b-40df-a443-cd1ee9106ed0,VAC-1132,CAND-10132,РЕКРУТЕР,Разместить вакансию,Task,Дмитрий_6,2025-10-15 21:47:13.940715,2025-10-15 22:21:13.940715,2040,,
ea6b3571-313b-40df-a443-cd1ee9106ed0,VAC-1132,CAND-10132,РЕКРУТЕР,Собирать резюме,Task,Дмитрий_7,2025-10-16 02:16:13.940715,2025-10-16 10:14:13.940715,28680,,
ea6b3571-313b-40df-a443-cd1ee9106ed0,VAC-1132,CAND-10132,РЕКРУТЕР,Скрининг,Task,Алексей_1,2025-10-16 12:10:13.940715,2025-10-16 12:35:13.940715,1500,passed,
ea6b3571-313b-40df-a443-cd1ee9106ed0,VAC-1132,CAND-10132,ИНТЕРВЬЮЕРЫ,Назначить интервью,User Task,Андрей_5,2025-10-16 15:24:13.940715,2025-10-16 15:53:13.940715,1740,,
ea6b3571-313b-40df-a443-cd1ee9106ed0,VAC-1132,CAND-10132,ИНТЕРВЬЮЕРЫ,Интервью (раунд 1),User Task,Сергей_9,2025-10-16 17:44:13.940715,2025-10-16 20:47:13.940715,10980,passed,
ea6b3571-313b-40df-a443-cd1ee9106ed0,VAC-1132,CAND-10132,ИНТЕРВЬЮЕРЫ,Интервью (раунд 2),User Task,Анна_7,2025-10-17 00:15:13.940715,2025-10-17 01:56:13.940715,6060,passed,
ea6b3571-313b-40df-a443-cd1ee9106ed0,VAC-1132,CAND-10132,ИНТЕРВЬЮЕРЫ,Финальное интервью,User Task,Анна_2,2025-10-17 04:14:13.940715,2025-10-17 08:11:13.940715,14220,passed,
ea6b3571-313b-40df-a443-cd1ee9106ed0,VAC-1132,CAND-10132,HR (ОФФЕР),Согласовать условия,User Task,HR_Manager_7,2025-10-17 09:17:13.940715,2025-10-17 13:28:13.940715,15060,,
ea6b3571-313b-40df-a443-cd1ee9106ed0,VAC-1132,CAND-10132,HR (ОФФЕР),Сгенерировать оффер,Service Task,HR_Manager_2,2025-10-17 13:42:13.940715,2025-10-17 13:48:13.940715,360,,
ea6b3571-313b-40df-a443-cd1ee9106ed0,VAC-1132,CAND-10132,HR (ОФФЕР),Отправить оффер,Send Task,HR_Manager_9,2025-10-17 14:04:13.940715,2025-10-17 14:14:13.940715,600,sent,
ea6b3571-313b-40df-a443-cd1ee9106ed0,VAC-1132,CAND-10132,HR (ОФФЕР),Timer: ожидание ответа (дни),Timer,,2025-10-17 14:14:13.940715,2025-10-22 14:14:13.940715,432000,timer_elapsed,
ea6b3571-313b-40df-a443-cd1ee9106ed0,VAC-1132,CAND-10132,SECURITY,Background Check,Call Activity,Служба_БД_3,2025-10-23 17:27:13.940715,2025-10-25 11:42:13.940715,152100,report_ready,
ea6b3571-313b-40df-a443-cd1ee9106ed0,VAC-1132,CAND-10132,IT,Выдача оборудования,Task,IT_Specialist_8,2025-10-25 12:44:13.940715,2025-10-25 15:37:13.940715,10380,,
ea6b3571-313b-40df-a443-cd1ee9106ed0,VAC-1132,CAND-10132,IT,Создать доступы,Task,IT_Specialist_9,2025-10-25 16:32:13.940715,2025-10-25 19:28:13.940715,10560,,
ea6b3571-313b-40df-a443-cd1ee9106ed0,VAC-1132,CAND-10132,IT,HR/Training: Вводное обучение,Service Task,Наталья_2,2025-10-28 19:03:13.940715,2025-10-28 22:09:13.940715,11160,,
ea6b3571-313b-40df-a443-cd1ee9106ed0,VAC-1132,CAND-10132,IT,Назначить ментора,Task,Ольга_6,2025-10-28 23:22:13.940715,2025-10-29 01:11:13.940715,6540,,
ea6b3571-313b-40df-a443-cd1ee9106ed0,VAC-1132,CAND-10132,IT,Message: уведомить всех,Message,system,2025-10-29 01:55:13.940715,2025-10-29 02:25:13.940715,1800,notified,
ea6b3571-313b-40df-a443-cd1ee9106ed0,VAC-1132,CAND-10132,HR (финал),Обновить статус в HCM,Service Task,Наталья_7,2025-10-29 03:39:13.940715,2025-10-29 03:45:13.940715,360,,
ea6b3571-313b-40df-a443-cd1ee9106ed0,VAC-1132,CAND-10132,HR (финал),Payroll / учет,Service Task,Ольга_4,2025-10-29 04:13:13.940715,2025-10-29 04:37:13.940715,1440,,
ea6b3571-313b-40df-a443-cd1ee9106ed0,VAC-1132,CAND-10132,HR (финал),Закрыть вакансию на порталах,Service Task,Марина_1,2025-10-29 04:58:13.940715,2025-10-29 05:21:13.940715,1380,,
ea6b3571-313b-40df-a443-cd1ee9106ed0,VAC-1132,CAND-10132,HR (финал),Hire Completed,End Event,system,2025-10-29 06:11:13.940715,2025-10-29 06:11:13.940715,0,hired,
ea879e6d-f263-4857-b628-20e17f0e2e5a,VAC-1094,CAND-10094,РУКОВОДИТЕЛЬ,Создать заявку,User Task,Сидоров_9,2025-08-30 10:57:13.940715,2025-08-30 11:44:13.940715,2820,,
ea879e6d-f263-4857-b628-20e17f0e2e5a,VAC-1094,CAND-10094,HR,Зарегистрировать в HCM,Service Task,Марина_5,2025-08-30 12:26:13.940715,2025-08-30 12:46:13.940715,1200,,
ea879e6d-f263-4857-b628-20e17f0e2e5a,VAC-1094,CAND-10094,РЕКРУТЕР,Разместить вакансию,Task,Дмитрий_2,2025-08-30 13:06:13.940715,2025-08-30 13:53:13.940715,2820,,
ea879e6d-f263-4857-b628-20e17f0e2e5a,VAC-1094,CAND-10094,РЕКРУТЕР,Собирать резюме,Task,Екатерина_6,2025-08-30 15:29:13.940715,2025-08-30 18:50:13.940715,12060,,
ea879e6d-f263-4857-b628-20e17f0e2e5a,VAC-1094,CAND-10094,РЕКРУТЕР,Скрининг,Task,Дмитрий_5,2025-08-30 20:45:13.940715,2025-08-30 21:30:13.940715,2700,passed,
ea879e6d-f263-4857-b628-20e17f0e2e5a,VAC-1094,CAND-10094,ИНТЕРВЬЮЕРЫ,Назначить интервью,User Task,Андрей_1,2025-08-30 23:50:13.940715,2025-08-31 00:43:13.940715,3180,,
ea879e6d-f263-4857-b628-20e17f0e2e5a,VAC-1094,CAND-10094,ИНТЕРВЬЮЕРЫ,Интервью (раунд 1),User Task,Сергей_3,2025-08-31 04:38:13.940715,2025-08-31 07:56:13.940715,11880,passed,
ea879e6d-f263-4857-b628-20e17f0e2e5a,VAC-1094,CAND-10094,ИНТЕРВЬЮЕРЫ,Интервью (раунд 2),User Task,Сергей_5,2025-08-31 11:30:13.940715,2025-08-31 12:21:13.940715,3060,rejected,поведенческий
ebce5793-8d08-4fd1-a979-58420efb5049,VAC-1162,CAND-10162,РУКОВОДИТЕЛЬ,Создать заявку,User Task,Петров_8,2025-08-27 13:32:13.940715,2025-08-27 14:27:13.940715,3300,,
ebce5793-8d08-4fd1-a979-58420efb5049,VAC-1162,CAND-10162,HR,Зарегистрировать в HCM,Service Task,Наталья_1,2025-08-27 14:59:13.940715,2025-08-27 15:05:13.940715,360,,
ebce5793-8d08-4fd1-a979-58420efb5049,VAC-1162,CAND-10162,РЕКРУТЕР,Разместить вакансию,Task,Дмитрий_4,2025-08-27 15:09:13.940715,2025-08-27 17:02:13.940715,6780,,
ebce5793-8d08-4fd1-a979-58420efb5049,VAC-1162,CAND-10162,РЕКРУТЕР,Собирать резюме,Task,Дмитрий_8,2025-08-27 19:03:13.940715,2025-08-27 22:11:13.940715,11280,,
ebce5793-8d08-4fd1-a979-58420efb5049,VAC-1162,CAND-10162,РЕКРУТЕР,Скрининг,Task,Екатерина_1,2025-08-27 22:21:13.940715,2025-08-27 22:36:13.940715,900,rejected,не соотв. опыту
f015a32f-e1c7-4cb7-9a0d-fdbac2c09eab,VAC-1173,CAND-10173,РУКОВОДИТЕЛЬ,Создать заявку,User Task,Петров_1,2025-10-21 11:32:13.940715,2025-10-21 12:29:13.940715,3420,,
f015a32f-e1c7-4cb7-9a0d-fdbac2c09eab,VAC-1173,CAND-10173,HR,Зарегистрировать в HCM,Service Task,Ольга_6,2025-10-21 13:00:13.940715,2025-10-21 13:12:13.940715,720,,
f015a32f-e1c7-4cb7-9a0d-fdbac2c09eab,VAC-1173,CAND-10173,РЕКРУТЕР,Разместить вакансию,Task,Екатерина_9,2025-10-21 13:21:13.940715,2025-10-21 15:34:13.940715,7980,,
f015a32f-e1c7-4cb7-9a0d-fdbac2c09eab,VAC-1173,CAND-10173,РЕКРУТЕР,Собирать резюме,Task,Алексей_5,2025-10-21 18:59:13.940715,2025-10-21 22:54:13.940715,14100,,
f015a32f-e1c7-4cb7-9a0d-fdbac2c09eab,VAC-1173,CAND-10173,РЕКРУТЕР,Скрининг,Task,Алексей_4,2025-10-21 23:02:13.940715,2025-10-22 00:47:13.940715,6300,passed,
f015a32f-e1c7-4cb7-9a0d-fdbac2c09eab,VAC-1173,CAND-10173,ИНТЕРВЬЮЕРЫ,Назначить интервью,User Task,Анна_4,2025-10-22 03:52:13.940715,2025-10-22 04:06:13.940715,840,,
f015a32f-e1c7-4cb7-9a0d-fdbac2c09eab,VAC-1173,CAND-10173,ИНТЕРВЬЮЕРЫ,Интервью (раунд 1),User Task,Сергей_2,2025-10-22 05:29:13.940715,2025-10-22 06:47:13.940715,4680,rejected,недостаточно навыков
f24a2253-d072-4665-b286-b8d11b0a646d,VAC-1105,CAND-10105,РУКОВОДИТЕЛЬ,Создать заявку,User Task,Кузнецов_6,2025-09-28 14:06:13.940715,2025-09-28 14:53:13.940715,2820,,
f24a2253-d072-4665-b286-b8d11b0a646d,VAC-1105,CAND-10105,HR,Зарегистрировать в HCM,Service Task,Наталья_4,2025-09-28 15:17:13.940715,2025-09-28 15:44:13.940715,1620,,
f24a2253-d072-4665-b286-b8d11b0a646d,VAC-1105,CAND-10105,РЕКРУТЕР,Разместить вакансию,Task,Дмитрий_9,2025-09-28 16:39:13.940715,2025-09-28 18:55:13.940715,8160,,
f24a2253-d072-4665-b286-b8d11b0a646d,VAC-1105,CAND-10105,РЕКРУТЕР,Собирать резюме,Task,Екатерина_8,2025-09-28 22:21:13.940715,2025-09-29 04:38:13.940715,22620,,
f24a2253-d072-4665-b286-b8d11b0a646d,VAC-1105,CAND-10105,РЕКРУТЕР,Скрининг,Task,Дмитрий_8,2025-09-29 06:14:13.940715,2025-09-29 07:48:13.940715,5640,passed,
f24a2253-d072-4665-b286-b8d11b0a646d,VAC-1105,CAND-10105,ИНТЕРВЬЮЕРЫ,Назначить интервью,User Task,Андрей_1,2025-09-29 11:10:13.940715,2025-09-29 11:57:13.940715,2820,,
f24a2253-d072-4665-b286-b8d11b0a646d,VAC-1105,CAND-10105,ИНТЕРВЬЮЕРЫ,Интервью (раунд 1),User Task,Сергей_2,2025-09-29 15:09:13.940715,2025-09-29 17:08:13.940715,7140,passed,
f24a2253-d072-4665-b286-b8d11b0a646d,VAC-1105,CAND-10105,ИНТЕРВЬЮЕРЫ,Интервью (раунд 2),User Task,Анна_7,2025-09-29 17:49:13.940715,2025-09-29 19:16:13.940715,5220,passed,
f24a2253-d072-4665-b286-b8d11b0a646d,VAC-1105,CAND-10105,ИНТЕРВЬЮЕРЫ,Финальное интервью,User Task,Андрей_2,2025-09-29 20:07:13.940715,2025-09-29 21:57:13.940715,6600,passed,
f24a2253-d072-4665-b286-b8d11b0a646d,VAC-1105,CAND-10105,HR (ОФФЕР),Согласовать условия,User Task,HR_Manager_8,2025-09-30 01:45:13.940715,2025-09-30 05:36:13.940715,13860,,
f24a2253-d072-4665-b286-b8d11b0a646d,VAC-1105,CAND-10105,HR (ОФФЕР),Сгенерировать оффер,Service Task,HR_Manager_6,2025-09-30 06:33:13.940715,2025-09-30 07:00:13.940715,1620,,
f24a2253-d072-4665-b286-b8d11b0a646d,VAC-1105,CAND-10105,HR (ОФФЕР),Отправить оффер,Send Task,HR_Manager_2,2025-09-30 07:04:13.940715,2025-09-30 07:11:13.940715,420,sent,
f24a2253-d072-4665-b286-b8d11b0a646d,VAC-1105,CAND-10105,HR (ОФФЕР),Timer: ожидание ответа (дни),Timer,,2025-09-30 07:11:13.940715,2025-10-05 07:11:13.940715,432000,timer_elapsed,
f24a2253-d072-4665-b286-b8d11b0a646d,VAC-1105,CAND-10105,SECURITY,Background Check,Call Activity,Служба_БД_8,2025-10-06 23:25:13.940715,2025-10-08 17:50:13.940715,152700,report_ready,
f24a2253-d072-4665-b286-b8d11b0a646d,VAC-1105,CAND-10105,IT,Выдача оборудования,Task,IT_Specialist_8,2025-10-08 19:25:13.940715,2025-10-08 20:07:13.940715,2520,,
f24a2253-d072-4665-b286-b8d11b0a646d,VAC-1105,CAND-10105,IT,Создать доступы,Task,IT_Specialist_3,2025-10-08 21:17:13.940715,2025-10-08 22:12:13.940715,3300,,
f24a2253-d072-4665-b286-b8d11b0a646d,VAC-1105,CAND-10105,IT,HR/Training: Вводное обучение,Service Task,Марина_6,2025-10-09 12:21:13.940715,2025-10-09 16:39:13.940715,15480,,
f24a2253-d072-4665-b286-b8d11b0a646d,VAC-1105,CAND-10105,IT,Назначить ментора,Task,Ольга_4,2025-10-09 18:53:13.940715,2025-10-09 19:52:13.940715,3540,,
f24a2253-d072-4665-b286-b8d11b0a646d,VAC-1105,CAND-10105,IT,Message: уведомить всех,Message,system,2025-10-09 20:10:13.940715,2025-10-09 20:23:13.940715,780,notified,
f24a2253-d072-4665-b286-b8d11b0a646d,VAC-1105,CAND-10105,HR (финал),Обновить статус в HCM,Service Task,Ольга_3,2025-10-09 21:07:13.940715,2025-10-09 21:26:13.940715,1140,,
f24a2253-d072-4665-b286-b8d11b0a646d,VAC-1105,CAND-10105,HR (финал),Payroll / учет,Service Task,Марина_9,2025-10-09 21:35:13.940715,2025-10-09 22:02:13.940715,1620,,
f24a2253-d072-4665-b286-b8d11b0a646d,VAC-1105,CAND-10105,HR (финал),Закрыть вакансию на порталах,Service Task,Марина_9,2025-10-09 22:22:13.940715,2025-10-09 23:16:13.940715,3240,,
f24a2253-d072-4665-b286-b8d11b0a646d,VAC-1105,CAND-10105,HR (финал),Hire Completed,End Event,system,2025-10-10 00:12:13.940715,2025-10-10 00:12:13.940715,0,hired,
f2663a18-1b79-489d-95d8-e0af0e38835b,VAC-1057,CAND-10057,РУКОВОДИТЕЛЬ,Создать заявку,User Task,Кузнецов_3,2025-10-02 13:39:13.940715,2025-10-02 13:52:13.940715,780,,
f2663a18-1b79-489d-95d8-e0af0e38835b,VAC-1057,CAND-10057,HR,Зарегистрировать в HCM,Service Task,Марина_6,2025-10-02 14:22:13.940715,2025-10-02 14:46:13.940715,1440,,
f2663a18-1b79-489d-95d8-e0af0e38835b,VAC-1057,CAND-10057,РЕКРУТЕР,Разместить вакансию,Task,Дмитрий_9,2025-10-02 15:13:13.940715,2025-10-02 17:53:13.940715,9600,,
f2663a18-1b79-489d-95d8-e0af0e38835b,VAC-1057,CAND-10057,РЕКРУТЕР,Собирать резюме,Task,Алексей_4,2025-10-02 21:28:13.940715,2025-10-03 04:08:13.940715,24000,,
f2663a18-1b79-489d-95d8-e0af0e38835b,VAC-1057,CAND-10057,РЕКРУТЕР,Скрининг,Task,Екатерина_2,2025-10-03 05:40:13.940715,2025-10-03 07:26:13.940715,6360,passed,
f2663a18-1b79-489d-95d8-e0af0e38835b,VAC-1057,CAND-10057,ИНТЕРВЬЮЕРЫ,Назначить интервью,User Task,Сергей_2,2025-10-03 09:49:13.940715,2025-10-03 10:39:13.940715,3000,,
f2663a18-1b79-489d-95d8-e0af0e38835b,VAC-1057,CAND-10057,ИНТЕРВЬЮЕРЫ,Интервью (раунд 1),User Task,Анна_4,2025-10-03 11:37:13.940715,2025-10-03 12:37:13.940715,3600,rejected,культурный профиль
f277d795-79f1-4b67-9dcc-f47b9a7a2160,VAC-1040,CAND-10040,РУКОВОДИТЕЛЬ,Создать заявку,User Task,Кузнецов_1,2025-10-19 16:24:13.940715,2025-10-19 16:30:13.940715,360,,
f277d795-79f1-4b67-9dcc-f47b9a7a2160,VAC-1040,CAND-10040,HR,Зарегистрировать в HCM,Service Task,Ольга_4,2025-10-19 16:56:13.940715,2025-10-19 17:13:13.940715,1020,,
f277d795-79f1-4b67-9dcc-f47b9a7a2160,VAC-1040,CAND-10040,РЕКРУТЕР,Разместить вакансию,Task,Дмитрий_4,2025-10-19 17:38:13.940715,2025-10-19 18:18:13.940715,2400,,
f277d795-79f1-4b67-9dcc-f47b9a7a2160,VAC-1040,CAND-10040,РЕКРУТЕР,Собирать резюме,Task,Алексей_6,2025-10-19 18:35:13.940715,2025-10-19 22:18:13.940715,13380,,
f277d795-79f1-4b67-9dcc-f47b9a7a2160,VAC-1040,CAND-10040,РЕКРУТЕР,Скрининг,Task,Алексей_1,2025-10-20 00:04:13.940715,2025-10-20 00:32:13.940715,1680,passed,
f277d795-79f1-4b67-9dcc-f47b9a7a2160,VAC-1040,CAND-10040,ИНТЕРВЬЮЕРЫ,Назначить интервью,User Task,Анна_3,2025-10-20 04:12:13.940715,2025-10-20 04:47:13.940715,2100,,
f277d795-79f1-4b67-9dcc-f47b9a7a2160,VAC-1040,CAND-10040,ИНТЕРВЬЮЕРЫ,Интервью (раунд 1),User Task,Андрей_1,2025-10-20 07:17:13.940715,2025-10-20 09:56:13.940715,9540,passed,
f277d795-79f1-4b67-9dcc-f47b9a7a2160,VAC-1040,CAND-10040,ИНТЕРВЬЮЕРЫ,Интервью (раунд 2),User Task,Анна_9,2025-10-20 11:31:13.940715,2025-10-20 13:11:13.940715,6000,rejected,поведенческий
f4c4c89d-cd2f-43fc-81d1-cbc07750b2bd,VAC-1077,CAND-10077,РУКОВОДИТЕЛЬ,Создать заявку,User Task,Иванов_4,2025-10-10 16:43:13.940715,2025-10-10 17:29:13.940715,2760,,
f4c4c89d-cd2f-43fc-81d1-cbc07750b2bd,VAC-1077,CAND-10077,HR,Зарегистрировать в HCM,Service Task,Наталья_4,2025-10-10 18:01:13.940715,2025-10-10 18:14:13.940715,780,,
f4c4c89d-cd2f-43fc-81d1-cbc07750b2bd,VAC-1077,CAND-10077,РЕКРУТЕР,Разместить вакансию,Task,Алексей_9,2025-10-10 18:46:13.940715,2025-10-10 21:38:13.940715,10320,,
f4c4c89d-cd2f-43fc-81d1-cbc07750b2bd,VAC-1077,CAND-10077,РЕКРУТЕР,Собирать резюме,Task,Дмитрий_6,2025-10-11 01:35:13.940715,2025-10-11 02:41:13.940715,3960,,
f4c4c89d-cd2f-43fc-81d1-cbc07750b2bd,VAC-1077,CAND-10077,РЕКРУТЕР,Скрининг,Task,Екатерина_7,2025-10-11 03:02:13.940715,2025-10-11 04:01:13.940715,3540,passed,
f4c4c89d-cd2f-43fc-81d1-cbc07750b2bd,VAC-1077,CAND-10077,ИНТЕРВЬЮЕРЫ,Назначить интервью,User Task,Сергей_2,2025-10-11 07:03:13.940715,2025-10-11 07:19:13.940715,960,,
f4c4c89d-cd2f-43fc-81d1-cbc07750b2bd,VAC-1077,CAND-10077,ИНТЕРВЬЮЕРЫ,Интервью (раунд 1),User Task,Андрей_1,2025-10-11 08:06:13.940715,2025-10-11 08:54:13.940715,2880,passed,
f4c4c89d-cd2f-43fc-81d1-cbc07750b2bd,VAC-1077,CAND-10077,ИНТЕРВЬЮЕРЫ,Финальное интервью,User Task,Анна_9,2025-10-11 12:40:13.940715,2025-10-11 15:06:13.940715,8760,passed,
f4c4c89d-cd2f-43fc-81d1-cbc07750b2bd,VAC-1077,CAND-10077,HR (ОФФЕР),Согласовать условия,User Task,HR_Manager_7,2025-10-11 18:32:13.940715,2025-10-11 22:34:13.940715,14520,,
f4c4c89d-cd2f-43fc-81d1-cbc07750b2bd,VAC-1077,CAND-10077,HR (ОФФЕР),Сгенерировать оффер,Service Task,HR_Manager_5,2025-10-11 22:44:13.940715,2025-10-11 23:06:13.940715,1320,,
f4c4c89d-cd2f-43fc-81d1-cbc07750b2bd,VAC-1077,CAND-10077,HR (ОФФЕР),Отправить оффер,Send Task,HR_Manager_9,2025-10-11 23:09:13.940715,2025-10-11 23:14:13.940715,300,sent,
f4c4c89d-cd2f-43fc-81d1-cbc07750b2bd,VAC-1077,CAND-10077,HR (ОФФЕР),Timer: ожидание ответа (дни),Timer,,2025-10-11 23:14:13.940715,2025-10-13 23:14:13.940715,172800,timer_elapsed,
f4c4c89d-cd2f-43fc-81d1-cbc07750b2bd,VAC-1077,CAND-10077,HR (ОФФЕР),Переговоры / отказ,Task,HR_Manager_7,2025-10-14 09:51:13.940715,2025-10-14 12:13:13.940715,8520,rejected,
f919b853-e7bf-46e6-a026-a73ef8951580,VAC-1148,CAND-10148,РУКОВОДИТЕЛЬ,Создать заявку,User Task,Иванов_2,2025-09-01 10:55:13.940715,2025-09-01 11:43:13.940715,2880,,
f919b853-e7bf-46e6-a026-a73ef8951580,VAC-1148,CAND-10148,HR,Зарегистрировать в HCM,Service Task,Наталья_7,2025-09-01 12:08:13.940715,2025-09-01 12:10:13.940715,120,,
f919b853-e7bf-46e6-a026-a73ef8951580,VAC-1148,CAND-10148,РЕКРУТЕР,Разместить вакансию,Task,Екатерина_8,2025-09-01 12:36:13.940715,2025-09-01 13:41:13.940715,3900,,
f919b853-e7bf-46e6-a026-a73ef8951580,VAC-1148,CAND-10148,РЕКРУТЕР,Собирать резюме,Task,Дмитрий_6,2025-09-01 16:28:13.940715,2025-09-01 20:30:13.940715,14520,,
f919b853-e7bf-46e6-a026-a73ef8951580,VAC-1148,CAND-10148,РЕКРУТЕР,Скрининг,Task,Екатерина_9,2025-09-01 22:19:13.940715,2025-09-01 22:54:13.940715,2100,passed,
f919b853-e7bf-46e6-a026-a73ef8951580,VAC-1148,CAND-10148,ИНТЕРВЬЮЕРЫ,Назначить интервью,User Task,Сергей_3,2025-09-02 02:15:13.940715,2025-09-02 03:08:13.940715,3180,,
f919b853-e7bf-46e6-a026-a73ef8951580,VAC-1148,CAND-10148,ИНТЕРВЬЮЕРЫ,Интервью (раунд 1),User Task,Сергей_5,2025-09-02 07:03:13.940715,2025-09-02 10:46:13.940715,13380,passed,
f919b853-e7bf-46e6-a026-a73ef8951580,VAC-1148,CAND-10148,ИНТЕРВЬЮЕРЫ,Финальное интервью,User Task,Сергей_8,2025-09-02 14:05:13.940715,2025-09-02 17:34:13.940715,12540,passed,
f919b853-e7bf-46e6-a026-a73ef8951580,VAC-1148,CAND-10148,HR (ОФФЕР),Согласовать условия,User Task,HR_Manager_5,2025-09-02 18:43:13.940715,2025-09-02 21:07:13.940715,8640,,
f919b853-e7bf-46e6-a026-a73ef8951580,VAC-1148,CAND-10148,HR (ОФФЕР),Сгенерировать оффер,Service Task,HR_Manager_6,2025-09-02 21:35:13.940715,2025-09-02 21:49:13.940715,840,,
f919b853-e7bf-46e6-a026-a73ef8951580,VAC-1148,CAND-10148,HR (ОФФЕР),Отправить оффер,Send Task,HR_Manager_1,2025-09-02 22:00:13.940715,2025-09-02 22:08:13.940715,480,sent,
f919b853-e7bf-46e6-a026-a73ef8951580,VAC-1148,CAND-10148,HR (ОФФЕР),Timer: ожидание ответа (дни),Timer,,2025-09-02 22:08:13.940715,2025-09-03 22:08:13.940715,86400,timer_elapsed,
f919b853-e7bf-46e6-a026-a73ef8951580,VAC-1148,CAND-10148,SECURITY,Background Check,Call Activity,Служба_БД_3,2025-09-04 22:08:13.940715,2025-09-06 14:48:13.940715,146400,report_ready,
f919b853-e7bf-46e6-a026-a73ef8951580,VAC-1148,CAND-10148,IT,Выдача оборудования,Task,IT_Specialist_9,2025-09-06 15:33:13.940715,2025-09-06 18:37:13.940715,11040,,
f919b853-e7bf-46e6-a026-a73ef8951580,VAC-1148,CAND-10148,IT,Создать доступы,Task,IT_Specialist_6,2025-09-06 18:55:13.940715,2025-09-06 20:48:13.940715,6780,,
f919b853-e7bf-46e6-a026-a73ef8951580,VAC-1148,CAND-10148,IT,HR/Training: Вводное обучение,Service Task,Ольга_9,2025-09-07 06:30:13.940715,2025-09-07 14:15:13.940715,27900,,
f919b853-e7bf-46e6-a026-a73ef8951580,VAC-1148,CAND-10148,IT,Назначить ментора,Task,Марина_7,2025-09-07 16:18:13.940715,2025-09-07 17:19:13.940715,3660,,
f919b853-e7bf-46e6-a026-a73ef8951580,VAC-1148,CAND-10148,IT,Message: уведомить всех,Message,system,2025-09-07 17:35:13.940715,2025-09-07 17:55:13.940715,1200,notified,
f919b853-e7bf-46e6-a026-a73ef8951580,VAC-1148,CAND-10148,HR (финал),Обновить статус в HCM,Service Task,Наталья_8,2025-09-07 18:27:13.940715,2025-09-07 19:03:13.940715,2160,,
f919b853-e7bf-46e6-a026-a73ef8951580,VAC-1148,CAND-10148,HR (финал),Payroll / учет,Service Task,Ольга_4,2025-09-07 19:28:13.940715,2025-09-07 19:33:13.940715,300,,
f919b853-e7bf-46e6-a026-a73ef8951580,VAC-1148,CAND-10148,HR (финал),Закрыть вакансию на порталах,Service Task,Марина_7,2025-09-07 20:26:13.940715,2025-09-07 21:11:13.940715,2700,,
f919b853-e7bf-46e6-a026-a73ef8951580,VAC-1148,CAND-10148,HR (финал),Hire Completed,End Event,system,2025-09-07 22:02:13.940715,2025-09-07 22:02:13.940715,0,hired,
fa0c45b0-9ea2-4fb3-8764-29d37603b968,VAC-1129,CAND-10129,РУКОВОДИТЕЛЬ,Создать заявку,User Task,Кузнецов_9,2025-09-17 13:58:13.940715,2025-09-17 14:46:13.940715,2880,,
fa0c45b0-9ea2-4fb3-8764-29d37603b968,VAC-1129,CAND-10129,HR,Зарегистрировать в HCM,Service Task,Ольга_6,2025-09-17 14:56:13.940715,2025-09-17 15:16:13.940715,1200,,
fa0c45b0-9ea2-4fb3-8764-29d37603b968,VAC-1129,CAND-10129,РЕКРУТЕР,Разместить вакансию,Task,Алексей_2,2025-09-17 15:43:13.940715,2025-09-17 17:25:13.940715,6120,,
fa0c45b0-9ea2-4fb3-8764-29d37603b968,VAC-1129,CAND-10129,РЕКРУТЕР,Собирать резюме,Task,Алексей_1,2025-09-17 19:48:13.940715,2025-09-18 02:25:13.940715,23820,,
fa0c45b0-9ea2-4fb3-8764-29d37603b968,VAC-1129,CAND-10129,РЕКРУТЕР,Скрининг,Task,Алексей_1,2025-09-18 04:16:13.940715,2025-09-18 04:42:13.940715,1560,passed,
fa0c45b0-9ea2-4fb3-8764-29d37603b968,VAC-1129,CAND-10129,ИНТЕРВЬЮЕРЫ,Назначить интервью,User Task,Андрей_1,2025-09-18 06:54:13.940715,2025-09-18 07:11:13.940715,1020,,
fa0c45b0-9ea2-4fb3-8764-29d37603b968,VAC-1129,CAND-10129,ИНТЕРВЬЮЕРЫ,Интервью (раунд 1),User Task,Анна_5,2025-09-18 09:20:13.940715,2025-09-18 12:53:13.940715,12780,passed,
fa0c45b0-9ea2-4fb3-8764-29d37603b968,VAC-1129,CAND-10129,ИНТЕРВЬЮЕРЫ,Интервью (раунд 2),User Task,Анна_2,2025-09-18 13:35:13.940715,2025-09-18 15:53:13.940715,8280,passed,
fa0c45b0-9ea2-4fb3-8764-29d37603b968,VAC-1129,CAND-10129,ИНТЕРВЬЮЕРЫ,Интервью (раунд 3),User Task,Андрей_8,2025-09-18 16:26:13.940715,2025-09-18 18:04:13.940715,5880,rejected,культурный профиль
fae279ee-8482-4781-9d15-1eb002e97261,VAC-1159,CAND-10159,РУКОВОДИТЕЛЬ,Создать заявку,User Task,Петров_9,2025-10-09 10:50:13.940715,2025-10-09 11:02:13.940715,720,,
fae279ee-8482-4781-9d15-1eb002e97261,VAC-1159,CAND-10159,HR,Зарегистрировать в HCM,Service Task,Марина_3,2025-10-09 11:32:13.940715,2025-10-09 11:54:13.940715,1320,,
fae279ee-8482-4781-9d15-1eb002e97261,VAC-1159,CAND-10159,РЕКРУТЕР,Разместить вакансию,Task,Алексей_2,2025-10-09 12:42:13.940715,2025-10-09 15:30:13.940715,10080,,
fae279ee-8482-4781-9d15-1eb002e97261,VAC-1159,CAND-10159,РЕКРУТЕР,Собирать резюме,Task,Алексей_8,2025-10-09 15:49:13.940715,2025-10-09 23:05:13.940715,26160,,
fae279ee-8482-4781-9d15-1eb002e97261,VAC-1159,CAND-10159,РЕКРУТЕР,Скрининг,Task,Дмитрий_1,2025-10-10 00:33:13.940715,2025-10-10 00:45:13.940715,720,passed,
fae279ee-8482-4781-9d15-1eb002e97261,VAC-1159,CAND-10159,ИНТЕРВЬЮЕРЫ,Назначить интервью,User Task,Андрей_3,2025-10-10 03:39:13.940715,2025-10-10 03:52:13.940715,780,,
fae279ee-8482-4781-9d15-1eb002e97261,VAC-1159,CAND-10159,ИНТЕРВЬЮЕРЫ,Интервью (раунд 1),User Task,Андрей_2,2025-10-10 05:40:13.940715,2025-10-10 06:49:13.940715,4140,passed,
fae279ee-8482-4781-9d15-1eb002e97261,VAC-1159,CAND-10159,ИНТЕРВЬЮЕРЫ,Интервью (раунд 2),User Task,Анна_4,2025-10-10 10:48:13.940715,2025-10-10 12:00:13.940715,4320,passed,
fae279ee-8482-4781-9d15-1eb002e97261,VAC-1159,CAND-10159,ИНТЕРВЬЮЕРЫ,Интервью (раунд 3),User Task,Анна_7,2025-10-10 12:46:13.940715,2025-10-10 14:22:13.940715,5760,passed,
fae279ee-8482-4781-9d15-1eb002e97261,VAC-1159,CAND-10159,ИНТЕРВЬЮЕРЫ,Финальное интервью,User Task,Анна_9,2025-10-10 16:09:13.940715,2025-10-10 17:24:13.940715,4500,rejected,финал не пройден
fba23fa8-d714-433e-b8a4-72f106c9210e,VAC-1078,CAND-10078,РУКОВОДИТЕЛЬ,Создать заявку,User Task,Иванов_5,2025-09-30 21:13:13.940715,2025-09-30 22:11:13.940715,3480,,
fba23fa8-d714-433e-b8a4-72f106c9210e,VAC-1078,CAND-10078,HR,Зарегистрировать в HCM,Service Task,Марина_4,2025-09-30 22:56:13.940715,2025-09-30 23:10:13.940715,840,,
fba23fa8-d714-433e-b8a4-72f106c9210e,VAC-1078,CAND-10078,РЕКРУТЕР,Разместить вакансию,Task,Алексей_7,2025-09-30 23:14:13.940715,2025-10-01 00:36:13.940715,4920,,
fba23fa8-d714-433e-b8a4-72f106c9210e,VAC-1078,CAND-10078,РЕКРУТЕР,Собирать резюме,Task,Екатерина_1,2025-10-01 01:15:13.940715,2025-10-01 06:07:13.940715,17520,,
fba23fa8-d714-433e-b8a4-72f106c9210e,VAC-1078,CAND-10078,РЕКРУТЕР,Скрининг,Task,Екатерина_3,2025-10-01 06:51:13.940715,2025-10-01 08:26:13.940715,5700,passed,
fba23fa8-d714-433e-b8a4-72f106c9210e,VAC-1078,CAND-10078,ИНТЕРВЬЮЕРЫ,Назначить интервью,User Task,Анна_1,2025-10-01 11:35:13.940715,2025-10-01 11:48:13.940715,780,,
fba23fa8-d714-433e-b8a4-72f106c9210e,VAC-1078,CAND-10078,ИНТЕРВЬЮЕРЫ,Интервью (раунд 1),User Task,Анна_5,2025-10-01 13:46:13.940715,2025-10-01 16:44:13.940715,10680,passed,
fba23fa8-d714-433e-b8a4-72f106c9210e,VAC-1078,CAND-10078,ИНТЕРВЬЮЕРЫ,Интервью (раунд 2),User Task,Сергей_2,2025-10-01 17:56:13.940715,2025-10-01 20:16:13.940715,8400,passed,
fba23fa8-d714-433e-b8a4-72f106c9210e,VAC-1078,CAND-10078,ИНТЕРВЬЮЕРЫ,Финальное интервью,User Task,Сергей_5,2025-10-01 23:57:13.940715,2025-10-02 00:49:13.940715,3120,passed,
fba23fa8-d714-433e-b8a4-72f106c9210e,VAC-1078,CAND-10078,HR (ОФФЕР),Согласовать условия,User Task,HR_Manager_2,2025-10-02 03:13:13.940715,2025-10-02 04:15:13.940715,3720,,
fba23fa8-d714-433e-b8a4-72f106c9210e,VAC-1078,CAND-10078,HR (ОФФЕР),Сгенерировать оффер,Service Task,HR_Manager_1,2025-10-02 04:51:13.940715,2025-10-02 05:07:13.940715,960,,
fba23fa8-d714-433e-b8a4-72f106c9210e,VAC-1078,CAND-10078,HR (ОФФЕР),Отправить оффер,Send Task,HR_Manager_6,2025-10-02 05:23:13.940715,2025-10-02 05:33:13.940715,600,sent,
fba23fa8-d714-433e-b8a4-72f106c9210e,VAC-1078,CAND-10078,HR (ОФФЕР),Timer: ожидание ответа (дни),Timer,,2025-10-02 05:33:13.940715,2025-10-04 05:33:13.940715,172800,timer_elapsed,
fba23fa8-d714-433e-b8a4-72f106c9210e,VAC-1078,CAND-10078,SECURITY,Background Check,Call Activity,Служба_БД_4,2025-10-04 12:35:13.940715,2025-10-07 09:37:13.940715,248520,report_ready,
fba23fa8-d714-433e-b8a4-72f106c9210e,VAC-1078,CAND-10078,IT,Выдача оборудования,Task,IT_Specialist_4,2025-10-07 09:38:13.940715,2025-10-07 10:19:13.940715,2460,,
fba23fa8-d714-433e-b8a4-72f106c9210e,VAC-1078,CAND-10078,IT,Создать доступы,Task,IT_Specialist_7,2025-10-07 10:29:13.940715,2025-10-07 12:39:13.940715,7800,,
fba23fa8-d714-433e-b8a4-72f106c9210e,VAC-1078,CAND-10078,IT,HR/Training: Вводное обучение,Service Task,Наталья_9,2025-10-08 09:09:13.940715,2025-10-08 11:40:13.940715,9060,,
fba23fa8-d714-433e-b8a4-72f106c9210e,VAC-1078,CAND-10078,IT,Назначить ментора,Task,Марина_7,2025-10-08 15:10:13.940715,2025-10-08 16:51:13.940715,6060,,
fba23fa8-d714-433e-b8a4-72f106c9210e,VAC-1078,CAND-10078,IT,Message: уведомить всех,Message,system,2025-10-08 17:06:13.940715,2025-10-08 17:17:13.940715,660,notified,
fba23fa8-d714-433e-b8a4-72f106c9210e,VAC-1078,CAND-10078,HR (финал),Обновить статус в HCM,Service Task,Марина_6,2025-10-08 17:49:13.940715,2025-10-08 18:16:13.940715,1620,,
fba23fa8-d714-433e-b8a4-72f106c9210e,VAC-1078,CAND-10078,HR (финал),Payroll / учет,Service Task,Наталья_6,2025-10-08 18:34:13.940715,2025-10-08 19:27:13.940715,3180,,
fba23fa8-d714-433e-b8a4-72f106c9210e,VAC-1078,CAND-10078,HR (финал),Закрыть вакансию на порталах,Service Task,Марина_1,2025-10-08 19:35:13.940715,2025-10-08 20:08:13.940715,1980,,
fba23fa8-d714-433e-b8a4-72f106c9210e,VAC-1078,CAND-10078,HR (финал),Hire Completed,End Event,system,2025-10-08 20:20:13.940715,2025-10-08 20:20:13.940715,0,hired,
fbe1addd-6809-4392-b823-4886deaf94d2,VAC-1193,CAND-10193,РУКОВОДИТЕЛЬ,Создать заявку,User Task,Сидоров_1,2025-09-22 20:55:13.940715,2025-09-22 21:29:13.940715,2040,,
fbe1addd-6809-4392-b823-4886deaf94d2,VAC-1193,CAND-10193,HR,Зарегистрировать в HCM,Service Task,Марина_8,2025-09-22 21:51:13.940715,2025-09-22 21:53:13.940715,120,,
fbe1addd-6809-4392-b823-4886deaf94d2,VAC-1193,CAND-10193,РЕКРУТЕР,Разместить вакансию,Task,Алексей_4,2025-09-22 22:14:13.940715,2025-09-23 00:59:13.940715,9900,,
fbe1addd-6809-4392-b823-4886deaf94d2,VAC-1193,CAND-10193,РЕКРУТЕР,Собирать резюме,Task,Екатерина_5,2025-09-23 04:49:13.940715,2025-09-23 06:13:13.940715,5040,,
fbe1addd-6809-4392-b823-4886deaf94d2,VAC-1193,CAND-10193,РЕКРУТЕР,Скрининг,Task,Алексей_2,2025-09-23 06:59:13.940715,2025-09-23 08:51:13.940715,6720,passed,
fbe1addd-6809-4392-b823-4886deaf94d2,VAC-1193,CAND-10193,ИНТЕРВЬЮЕРЫ,Назначить интервью,User Task,Андрей_7,2025-09-23 11:33:13.940715,2025-09-23 12:02:13.940715,1740,,
fbe1addd-6809-4392-b823-4886deaf94d2,VAC-1193,CAND-10193,ИНТЕРВЬЮЕРЫ,Интервью (раунд 1),User Task,Андрей_3,2025-09-23 13:33:13.940715,2025-09-23 16:00:13.940715,8820,passed,
fbe1addd-6809-4392-b823-4886deaf94d2,VAC-1193,CAND-10193,ИНТЕРВЬЮЕРЫ,Интервью (раунд 2),User Task,Анна_3,2025-09-23 18:09:13.940715,2025-09-23 20:37:13.940715,8880,passed,
fbe1addd-6809-4392-b823-4886deaf94d2,VAC-1193,CAND-10193,ИНТЕРВЬЮЕРЫ,Финальное интервью,User Task,Сергей_5,2025-09-23 21:31:13.940715,2025-09-23 23:32:13.940715,7260,passed,
fbe1addd-6809-4392-b823-4886deaf94d2,VAC-1193,CAND-10193,HR (ОФФЕР),Согласовать условия,User Task,HR_Manager_6,2025-09-24 02:37:13.940715,2025-09-24 08:15:13.940715,20280,,
fbe1addd-6809-4392-b823-4886deaf94d2,VAC-1193,CAND-10193,HR (ОФФЕР),Сгенерировать оффер,Service Task,HR_Manager_9,2025-09-24 09:02:13.940715,2025-09-24 09:07:13.940715,300,,
fbe1addd-6809-4392-b823-4886deaf94d2,VAC-1193,CAND-10193,HR (ОФФЕР),Отправить оффер,Send Task,HR_Manager_7,2025-09-24 09:14:13.940715,2025-09-24 09:22:13.940715,480,sent,
fbe1addd-6809-4392-b823-4886deaf94d2,VAC-1193,CAND-10193,HR (ОФФЕР),Timer: ожидание ответа (дни),Timer,,2025-09-24 09:22:13.940715,2025-09-29 09:22:13.940715,432000,timer_elapsed,
fbe1addd-6809-4392-b823-4886deaf94d2,VAC-1193,CAND-10193,SECURITY,Background Check,Call Activity,Служба_БД_7,2025-10-01 02:21:13.940715,2025-10-02 15:13:13.940715,132720,report_ready,
fbe1addd-6809-4392-b823-4886deaf94d2,VAC-1193,CAND-10193,IT,Выдача оборудования,Task,IT_Specialist_7,2025-10-02 16:32:13.940715,2025-10-02 17:49:13.940715,4620,,
fbe1addd-6809-4392-b823-4886deaf94d2,VAC-1193,CAND-10193,IT,Создать доступы,Task,IT_Specialist_8,2025-10-02 18:05:13.940715,2025-10-02 18:25:13.940715,1200,,
fbe1addd-6809-4392-b823-4886deaf94d2,VAC-1193,CAND-10193,IT,HR/Training: Вводное обучение,Service Task,Марина_3,2025-10-04 01:02:13.940715,2025-10-04 07:33:13.940715,23460,,
fbe1addd-6809-4392-b823-4886deaf94d2,VAC-1193,CAND-10193,IT,Назначить ментора,Task,Марина_9,2025-10-04 09:44:13.940715,2025-10-04 11:01:13.940715,4620,,
fbe1addd-6809-4392-b823-4886deaf94d2,VAC-1193,CAND-10193,IT,Message: уведомить всех,Message,system,2025-10-04 11:07:13.940715,2025-10-04 11:17:13.940715,600,notified,
fbe1addd-6809-4392-b823-4886deaf94d2,VAC-1193,CAND-10193,HR (финал),Обновить статус в HCM,Service Task,Наталья_8,2025-10-04 12:17:13.940715,2025-10-04 12:45:13.940715,1680,,
fbe1addd-6809-4392-b823-4886deaf94d2,VAC-1193,CAND-10193,HR (финал),Payroll / учет,Service Task,Наталья_5,2025-10-04 13:05:13.940715,2025-10-04 13:15:13.940715,600,,
fbe1addd-6809-4392-b823-4886deaf94d2,VAC-1193,CAND-10193,HR (финал),Закрыть вакансию на порталах,Service Task,Марина_7,2025-10-04 14:09:13.940715,2025-10-04 14:25:13.940715,960,,
fbe1addd-6809-4392-b823-4886deaf94d2,VAC-1193,CAND-10193,HR (финал),Hire Completed,End Event,system,2025-10-04 14:44:13.940715,2025-10-04 14:44:13.940715,0,hired,
fdac9a92-f18a-4a3c-b2b4-15fadf730c6a,VAC-1069,CAND-10069,РУКОВОДИТЕЛЬ,Создать заявку,User Task,Сидоров_6,2025-09-20 21:03:13.940715,2025-09-20 21:16:13.940715,780,,
fdac9a92-f18a-4a3c-b2b4-15fadf730c6a,VAC-1069,CAND-10069,HR,Зарегистрировать в HCM,Service Task,Наталья_8,2025-09-20 21:55:13.940715,2025-09-20 22:18:13.940715,1380,,
fdac9a92-f18a-4a3c-b2b4-15fadf730c6a,VAC-1069,CAND-10069,РЕКРУТЕР,Разместить вакансию,Task,Дмитрий_6,2025-09-20 22:39:13.940715,2025-09-20 23:44:13.940715,3900,,
fdac9a92-f18a-4a3c-b2b4-15fadf730c6a,VAC-1069,CAND-10069,РЕКРУТЕР,Собирать резюме,Task,Екатерина_8,2025-09-21 01:08:13.940715,2025-09-21 08:24:13.940715,26160,,
fdac9a92-f18a-4a3c-b2b4-15fadf730c6a,VAC-1069,CAND-10069,РЕКРУТЕР,Скрининг,Task,Алексей_6,2025-09-21 09:42:13.940715,2025-09-21 11:32:13.940715,6600,passed,
fdac9a92-f18a-4a3c-b2b4-15fadf730c6a,VAC-1069,CAND-10069,ИНТЕРВЬЮЕРЫ,Назначить интервью,User Task,Сергей_6,2025-09-21 15:09:13.940715,2025-09-21 16:04:13.940715,3300,,
fdac9a92-f18a-4a3c-b2b4-15fadf730c6a,VAC-1069,CAND-10069,ИНТЕРВЬЮЕРЫ,Интервью (раунд 1),User Task,Анна_3,2025-09-21 18:58:13.940715,2025-09-21 20:34:13.940715,5760,passed,
fdac9a92-f18a-4a3c-b2b4-15fadf730c6a,VAC-1069,CAND-10069,ИНТЕРВЬЮЕРЫ,Интервью (раунд 2),User Task,Анна_8,2025-09-21 23:58:13.940715,2025-09-22 03:03:13.940715,11100,passed,
fdac9a92-f18a-4a3c-b2b4-15fadf730c6a,VAC-1069,CAND-10069,ИНТЕРВЬЮЕРЫ,Финальное интервью,User Task,Сергей_2,2025-09-22 06:28:13.940715,2025-09-22 08:06:13.940715,5880,passed,
fdac9a92-f18a-4a3c-b2b4-15fadf730c6a,VAC-1069,CAND-10069,HR (ОФФЕР),Согласовать условия,User Task,HR_Manager_8,2025-09-22 11:45:13.940715,2025-09-22 19:29:13.940715,27840,,
fdac9a92-f18a-4a3c-b2b4-15fadf730c6a,VAC-1069,CAND-10069,HR (ОФФЕР),Сгенерировать оффер,Service Task,HR_Manager_4,2025-09-22 19:42:13.940715,2025-09-22 20:04:13.940715,1320,,
fdac9a92-f18a-4a3c-b2b4-15fadf730c6a,VAC-1069,CAND-10069,HR (ОФФЕР),Отправить оффер,Send Task,HR_Manager_7,2025-09-22 20:13:13.940715,2025-09-22 20:16:13.940715,180,sent,
fdac9a92-f18a-4a3c-b2b4-15fadf730c6a,VAC-1069,CAND-10069,HR (ОФФЕР),Timer: ожидание ответа (дни),Timer,,2025-09-22 20:16:13.940715,2025-09-23 20:16:13.940715,86400,timer_elapsed,
fdac9a92-f18a-4a3c-b2b4-15fadf730c6a,VAC-1069,CAND-10069,SECURITY,Background Check,Call Activity,Служба_БД_9,2025-09-25 13:06:13.940715,2025-09-27 05:48:13.940715,146520,report_ready,
fdac9a92-f18a-4a3c-b2b4-15fadf730c6a,VAC-1069,CAND-10069,IT,Выдача оборудования,Task,IT_Specialist_9,2025-09-27 07:46:13.940715,2025-09-27 11:13:13.940715,12420,,
fdac9a92-f18a-4a3c-b2b4-15fadf730c6a,VAC-1069,CAND-10069,IT,Создать доступы,Task,IT_Specialist_2,2025-09-27 11:22:13.940715,2025-09-27 13:04:13.940715,6120,,
fdac9a92-f18a-4a3c-b2b4-15fadf730c6a,VAC-1069,CAND-10069,IT,HR/Training: Вводное обучение,Service Task,Марина_6,2025-09-28 22:58:13.940715,2025-09-29 05:34:13.940715,23760,,
fdac9a92-f18a-4a3c-b2b4-15fadf730c6a,VAC-1069,CAND-10069,IT,Назначить ментора,Task,Марина_1,2025-09-29 06:21:13.940715,2025-09-29 07:53:13.940715,5520,,
fdac9a92-f18a-4a3c-b2b4-15fadf730c6a,VAC-1069,CAND-10069,IT,Message: уведомить всех,Message,system,2025-09-29 08:30:13.940715,2025-09-29 08:51:13.940715,1260,notified,
fdac9a92-f18a-4a3c-b2b4-15fadf730c6a,VAC-1069,CAND-10069,HR (финал),Обновить статус в HCM,Service Task,Ольга_6,2025-09-29 10:18:13.940715,2025-09-29 11:00:13.940715,2520,,
fdac9a92-f18a-4a3c-b2b4-15fadf730c6a,VAC-1069,CAND-10069,HR (финал),Payroll / учет,Service Task,Наталья_1,2025-09-29 11:51:13.940715,2025-09-29 12:19:13.940715,1680,,
fdac9a92-f18a-4a3c-b2b4-15fadf730c6a,VAC-1069,CAND-10069,HR (финал),Закрыть вакансию на порталах,Service Task,Наталья_9,2025-09-29 12:26:13.940715,2025-09-29 12:43:13.940715,1020,,
fdac9a92-f18a-4a3c-b2b4-15fadf730c6a,VAC-1069,CAND-10069,HR (финал),Hire Completed,End Event,system,2025-09-29 13:31:13.940715,2025-09-29 13:31:13.940715,0,hired,
fdbdd940-e903-4429-a56f-7a3d46849b53,VAC-1170,CAND-10170,РУКОВОДИТЕЛЬ,Создать заявку,User Task,Кузнецов_5,2025-09-29 12:37:13.940715,2025-09-29 12:53:13.940715,960,,
fdbdd940-e903-4429-a56f-7a3d46849b53,VAC-1170,CAND-10170,HR,Зарегистрировать в HCM,Service Task,Наталья_5,2025-09-29 13:29:13.940715,2025-09-29 13:45:13.940715,960,,
fdbdd940-e903-4429-a56f-7a3d46849b53,VAC-1170,CAND-10170,РЕКРУТЕР,Разместить вакансию,Task,Дмитрий_8,2025-09-29 14:39:13.940715,2025-09-29 17:28:13.940715,10140,,
fdbdd940-e903-4429-a56f-7a3d46849b53,VAC-1170,CAND-10170,РЕКРУТЕР,Собирать резюме,Task,Дмитрий_4,2025-09-29 20:01:13.940715,2025-09-30 03:19:13.940715,26280,,
fdbdd940-e903-4429-a56f-7a3d46849b53,VAC-1170,CAND-10170,РЕКРУТЕР,Скрининг,Task,Алексей_3,2025-09-30 03:27:13.940715,2025-09-30 05:18:13.940715,6660,passed,
fdbdd940-e903-4429-a56f-7a3d46849b53,VAC-1170,CAND-10170,ИНТЕРВЬЮЕРЫ,Назначить интервью,User Task,Анна_8,2025-09-30 08:09:13.940715,2025-09-30 09:07:13.940715,3480,,
fdbdd940-e903-4429-a56f-7a3d46849b53,VAC-1170,CAND-10170,ИНТЕРВЬЮЕРЫ,Интервью (раунд 1),User Task,Сергей_4,2025-09-30 12:27:13.940715,2025-09-30 14:25:13.940715,7080,passed,
fdbdd940-e903-4429-a56f-7a3d46849b53,VAC-1170,CAND-10170,ИНТЕРВЬЮЕРЫ,Интервью (раунд 2),User Task,Сергей_2,2025-09-30 15:02:13.940715,2025-09-30 16:17:13.940715,4500,rejected,культурный профиль
fdf5e1eb-70f0-4adc-9f11-4cf9172fe53e,VAC-1074,CAND-10074,РУКОВОДИТЕЛЬ,Создать заявку,User Task,Петров_6,2025-09-27 15:03:13.940715,2025-09-27 15:42:13.940715,2340,,
fdf5e1eb-70f0-4adc-9f11-4cf9172fe53e,VAC-1074,CAND-10074,HR,Зарегистрировать в HCM,Service Task,Ольга_5,2025-09-27 16:28:13.940715,2025-09-27 16:38:13.940715,600,,
fdf5e1eb-70f0-4adc-9f11-4cf9172fe53e,VAC-1074,CAND-10074,РЕКРУТЕР,Разместить вакансию,Task,Екатерина_2,2025-09-27 17:33:13.940715,2025-09-27 20:04:13.940715,9060,,
fdf5e1eb-70f0-4adc-9f11-4cf9172fe53e,VAC-1074,CAND-10074,РЕКРУТЕР,Собирать резюме,Task,Дмитрий_1,2025-09-27 20:48:13.940715,2025-09-28 04:12:13.940715,26640,,
fdf5e1eb-70f0-4adc-9f11-4cf9172fe53e,VAC-1074,CAND-10074,РЕКРУТЕР,Скрининг,Task,Екатерина_3,2025-09-28 04:52:13.940715,2025-09-28 05:12:13.940715,1200,rejected,не соотв. опыту
