case_id,vacancy_id,candidate_id,lane,activity,activity_type,assignee,start_time,end_time,duration_sec,outcome,notes
005967e8-3219-413c-93f9-ea04d0abe4a2,VAC-1067,CAND-10067,РУКОВОДИТЕЛЬ,Создать заявку,User Task,Кузнецов_4,2025-10-08 19:27:29.325256,2025-10-08 20:06:29.325256,2340,,
005967e8-3219-413c-93f9-ea04d0abe4a2,VAC-1067,CAND-10067,HR,Зарегистрировать в HCM,Service Task,Ольга_3,2025-10-08 20:22:29.325256,2025-10-08 20:37:29.325256,900,,
005967e8-3219-413c-93f9-ea04d0abe4a2,VAC-1067,CAND-10067,РЕКРУТЕР,Разместить вакансию,Task,Екатерина_2,2025-10-08 20:55:29.325256,2025-10-08 21:29:29.325256,2040,,
005967e8-3219-413c-93f9-ea04d0abe4a2,VAC-1067,CAND-10067,РЕКРУТЕР,Собирать резюме,Task,Екатерина_7,2025-10-08 21:55:29.325256,2025-10-09 01:52:29.325256,14220,,
005967e8-3219-413c-93f9-ea04d0abe4a2,VAC-1067,CAND-10067,РЕКРУТЕР,Скрининг,Task,Алексей_4,2025-10-09 03:15:29.325256,2025-10-09 04:58:29.325256,6180,passed,
005967e8-3219-413c-93f9-ea04d0abe4a2,VAC-1067,CAND-10067,ИНТЕРВЬЮЕРЫ,Назначить интервью,User Task,Андрей_8,2025-10-09 05:53:29.325256,2025-10-09 06:36:29.325256,2580,,
005967e8-3219-413c-93f9-ea04d0abe4a2,VAC-1067,CAND-10067,ИНТЕРВЬЮЕРЫ,Интервью (раунд 1),User Task,Андрей_7,2025-10-09 09:58:29.325256,2025-10-09 10:40:29.325256,2520,passed,
005967e8-3219-413c-93f9-ea04d0abe4a2,VAC-1067,CAND-10067,ИНТЕРВЬЮЕРЫ,Интервью (раунд 2),User Task,Андрей_3,2025-10-09 13:02:29.325256,2025-10-09 14:31:29.325256,5340,passed,
005967e8-3219-413c-93f9-ea04d0abe4a2,VAC-1067,CAND-10067,ИНТЕРВЬЮЕРЫ,Интервью (раунд 3),User Task,Анна_6,2025-10-09 17:09:29.325256,2025-10-09 18:53:29.325256,6240,passed,
005967e8-3219-413c-93f9-ea04d0abe4a2,VAC-1067,CAND-10067,ИНТЕРВЬЮЕРЫ,Финальное интервью,User Task,Андрей_9,2025-10-09 21:44:29.325256,2025-10-09 23:36:29.325256,6720,passed,
005967e8-3219-413c-93f9-ea04d0abe4a2,VAC-1067,CAND-10067,HR (ОФФЕР),Согласовать условия,User Task,HR_Manager_5,2025-10-10 00:14:29.325256,2025-10-10 02:29:29.325256,8100,,
005967e8-3219-413c-93f9-ea04d0abe4a2,VAC-1067,CAND-10067,HR (ОФФЕР),Сгенерировать оффер,Service Task,HR_Manager_7,2025-10-10 02:37:29.325256,2025-10-10 02:56:29.325256,1140,,
005967e8-3219-413c-93f9-ea04d0abe4a2,VAC-1067,CAND-10067,HR (ОФФЕР),Отправить оффер,Send Task,HR_Manager_6,2025-10-10 03:14:29.325256,2025-10-10 03:22:29.325256,480,sent,
005967e8-3219-413c-93f9-ea04d0abe4a2,VAC-1067,CAND-10067,HR (ОФФЕР),Timer: ожидание ответа (7 дн),Timer,,2025-10-10 03:22:29.325256,2025-10-17 03:22:29.325256,604800,timer_elapsed,
005967e8-3219-413c-93f9-ea04d0abe4a2,VAC-1067,CAND-10067,HR (ОФФЕР),Переговоры / отказ,Task,HR_Manager_7,2025-10-18 01:08:29.325256,2025-10-18 04:11:29.325256,10980,rejected,
00f5d63f-9a45-4226-b532-7ea2b315633a,VAC-1133,CAND-10133,РУКОВОДИТЕЛЬ,Создать заявку,User Task,Кузнецов_2,2025-10-21 15:22:29.325256,2025-10-21 15:28:29.325256,360,,
00f5d63f-9a45-4226-b532-7ea2b315633a,VAC-1133,CAND-10133,HR,Зарегистрировать в HCM,Service Task,Марина_4,2025-10-21 15:51:29.325256,2025-10-21 16:19:29.325256,1680,,
00f5d63f-9a45-4226-b532-7ea2b315633a,VAC-1133,CAND-10133,РЕКРУТЕР,Разместить вакансию,Task,Екатерина_9,2025-10-21 16:56:29.325256,2025-10-21 18:19:29.325256,4980,,
00f5d63f-9a45-4226-b532-7ea2b315633a,VAC-1133,CAND-10133,РЕКРУТЕР,Собирать резюме,Task,Дмитрий_6,2025-10-21 19:58:29.325256,2025-10-21 23:47:29.325256,13740,,
00f5d63f-9a45-4226-b532-7ea2b315633a,VAC-1133,CAND-10133,РЕКРУТЕР,Скрининг,Task,Екатерина_8,2025-10-22 00:33:29.325256,2025-10-22 00:43:29.325256,600,rejected,некорректное резюме
00f5d63f-9a45-4226-b532-7ea2b315633a,VAC-1133,CAND-10133,РЕКРУТЕР,Скрининг,Task,Екатерина_8,2025-10-22 01:33:29.325256,2025-10-22 02:17:29.325256,2640,rejected,некорректное резюме
01f80bb6-e07c-41d5-ae72-f68d03b5f5c9,VAC-1142,CAND-10142,РУКОВОДИТЕЛЬ,Создать заявку,User Task,Сидоров_6,2025-09-05 17:49:29.325256,2025-09-05 18:29:29.325256,2400,,
01f80bb6-e07c-41d5-ae72-f68d03b5f5c9,VAC-1142,CAND-10142,HR,Зарегистрировать в HCM,Service Task,Ольга_1,2025-09-05 18:58:29.325256,2025-09-05 19:13:29.325256,900,,
01f80bb6-e07c-41d5-ae72-f68d03b5f5c9,VAC-1142,CAND-10142,РЕКРУТЕР,Разместить вакансию,Task,Дмитрий_1,2025-09-05 20:00:29.325256,2025-09-05 20:14:29.325256,840,,
01f80bb6-e07c-41d5-ae72-f68d03b5f5c9,VAC-1142,CAND-10142,РЕКРУТЕР,Собирать резюме,Task,Дмитрий_1,2025-09-06 00:49:29.325256,2025-09-06 01:53:29.325256,3840,,
01f80bb6-e07c-41d5-ae72-f68d03b5f5c9,VAC-1142,CAND-10142,РЕКРУТЕР,Скрининг,Task,Алексей_6,2025-09-06 02:36:29.325256,2025-09-06 03:09:29.325256,1980,passed,
01f80bb6-e07c-41d5-ae72-f68d03b5f5c9,VAC-1142,CAND-10142,ИНТЕРВЬЮЕРЫ,Назначить интервью,User Task,Сергей_9,2025-09-06 07:09:29.325256,2025-09-06 07:58:29.325256,2940,,
01f80bb6-e07c-41d5-ae72-f68d03b5f5c9,VAC-1142,CAND-10142,ИНТЕРВЬЮЕРЫ,Интервью (раунд 1),User Task,Андрей_2,2025-09-06 10:50:29.325256,2025-09-06 13:46:29.325256,10560,rejected,недостаточно навыков
03792bf0-4dde-48cd-8e59-05ec830edddb,VAC-1138,CAND-10138,РУКОВОДИТЕЛЬ,Создать заявку,User Task,Петров_6,2025-09-08 18:40:29.325256,2025-09-08 19:04:29.325256,1440,,
03792bf0-4dde-48cd-8e59-05ec830edddb,VAC-1138,CAND-10138,HR,Зарегистрировать в HCM,Service Task,Марина_4,2025-09-08 20:01:29.325256,2025-09-08 20:03:29.325256,120,,
03792bf0-4dde-48cd-8e59-05ec830edddb,VAC-1138,CAND-10138,РЕКРУТЕР,Разместить вакансию,Task,Екатерина_7,2025-09-08 20:11:29.325256,2025-09-08 20:51:29.325256,2400,,
03792bf0-4dde-48cd-8e59-05ec830edddb,VAC-1138,CAND-10138,РЕКРУТЕР,Собирать резюме,Task,Алексей_5,2025-09-08 23:47:29.325256,2025-09-09 00:20:29.325256,1980,,
03792bf0-4dde-48cd-8e59-05ec830edddb,VAC-1138,CAND-10138,РЕКРУТЕР,Скрининг,Task,Дмитрий_4,2025-09-09 01:39:29.325256,2025-09-09 01:59:29.325256,1200,passed,
03792bf0-4dde-48cd-8e59-05ec830edddb,VAC-1138,CAND-10138,ИНТЕРВЬЮЕРЫ,Назначить интервью,User Task,Анна_8,2025-09-09 02:39:29.325256,2025-09-09 03:21:29.325256,2520,,
03792bf0-4dde-48cd-8e59-05ec830edddb,VAC-1138,CAND-10138,ИНТЕРВЬЮЕРЫ,Интервью (раунд 1),User Task,Андрей_4,2025-09-09 06:23:29.325256,2025-09-09 07:32:29.325256,4140,passed,
03792bf0-4dde-48cd-8e59-05ec830edddb,VAC-1138,CAND-10138,ИНТЕРВЬЮЕРЫ,Интервью (раунд 2),User Task,Анна_6,2025-09-09 08:42:29.325256,2025-09-09 11:19:29.325256,9420,passed,
03792bf0-4dde-48cd-8e59-05ec830edddb,VAC-1138,CAND-10138,ИНТЕРВЬЮЕРЫ,Интервью (раунд 3),User Task,Анна_3,2025-09-09 15:03:29.325256,2025-09-09 15:48:29.325256,2700,passed,
03792bf0-4dde-48cd-8e59-05ec830edddb,VAC-1138,CAND-10138,ИНТЕРВЬЮЕРЫ,Финальное интервью,User Task,Андрей_8,2025-09-09 19:11:29.325256,2025-09-09 21:58:29.325256,10020,passed,
03792bf0-4dde-48cd-8e59-05ec830edddb,VAC-1138,CAND-10138,HR (ОФФЕР),Согласовать условия,User Task,HR_Manager_8,2025-09-09 22:37:29.325256,2025-09-10 00:28:29.325256,6660,,
03792bf0-4dde-48cd-8e59-05ec830edddb,VAC-1138,CAND-10138,HR (ОФФЕР),Сгенерировать оффер,Service Task,HR_Manager_7,2025-09-10 01:19:29.325256,2025-09-10 01:27:29.325256,480,,
03792bf0-4dde-48cd-8e59-05ec830edddb,VAC-1138,CAND-10138,HR (ОФФЕР),Отправить оффер,Send Task,HR_Manager_1,2025-09-10 01:39:29.325256,2025-09-10 01:42:29.325256,180,sent,
03792bf0-4dde-48cd-8e59-05ec830edddb,VAC-1138,CAND-10138,HR (ОФФЕР),Timer: ожидание ответа (7 дн),Timer,,2025-09-10 01:42:29.325256,2025-09-17 01:42:29.325256,604800,timer_elapsed,
03792bf0-4dde-48cd-8e59-05ec830edddb,VAC-1138,CAND-10138,SECURITY,Background Check,Call Activity,Служба_БД_4,2025-09-18 15:52:29.325256,2025-09-19 02:55:29.325256,39780,report_ready,
03792bf0-4dde-48cd-8e59-05ec830edddb,VAC-1138,CAND-10138,IT,Выдача оборудования,Task,IT_Specialist_8,2025-09-19 04:05:29.325256,2025-09-19 06:04:29.325256,7140,,
03792bf0-4dde-48cd-8e59-05ec830edddb,VAC-1138,CAND-10138,IT,Создать доступы,Task,IT_Specialist_2,2025-09-19 06:44:29.325256,2025-09-19 09:27:29.325256,9780,,
03792bf0-4dde-48cd-8e59-05ec830edddb,VAC-1138,CAND-10138,IT,HR/Training: Вводное обучение,Service Task,Ольга_5,2025-09-20 06:37:29.325256,2025-09-20 11:27:29.325256,17400,,
03792bf0-4dde-48cd-8e59-05ec830edddb,VAC-1138,CAND-10138,IT,Назначить ментора,Task,Ольга_1,2025-09-20 13:50:29.325256,2025-09-20 14:46:29.325256,3360,,
03792bf0-4dde-48cd-8e59-05ec830edddb,VAC-1138,CAND-10138,IT,Message: уведомить всех,Message,system,2025-09-20 15:36:29.325256,2025-09-20 15:57:29.325256,1260,notified,
03792bf0-4dde-48cd-8e59-05ec830edddb,VAC-1138,CAND-10138,HR (финал),Обновить статус в HCM,Service Task,Марина_3,2025-09-20 17:02:29.325256,2025-09-20 17:27:29.325256,1500,,
03792bf0-4dde-48cd-8e59-05ec830edddb,VAC-1138,CAND-10138,HR (финал),Payroll / учет,Service Task,Марина_6,2025-09-20 18:24:29.325256,2025-09-20 18:26:29.325256,120,,
03792bf0-4dde-48cd-8e59-05ec830edddb,VAC-1138,CAND-10138,HR (финал),Закрыть вакансию на порталах,Service Task,Наталья_6,2025-09-20 19:16:29.325256,2025-09-20 19:56:29.325256,2400,,
03792bf0-4dde-48cd-8e59-05ec830edddb,VAC-1138,CAND-10138,HR (финал),Hire Completed,End Event,system,2025-09-20 20:43:29.325256,2025-09-20 20:43:29.325256,0,hired,
05605d92-1f45-45d9-9854-89ce7d22165b,VAC-1006,CAND-10006,РУКОВОДИТЕЛЬ,Создать заявку,User Task,Кузнецов_4,2025-09-02 15:33:29.325256,2025-09-02 16:33:29.325256,3600,,
05605d92-1f45-45d9-9854-89ce7d22165b,VAC-1006,CAND-10006,HR,Зарегистрировать в HCM,Service Task,Марина_4,2025-09-02 17:33:29.325256,2025-09-02 17:51:29.325256,1080,,
05605d92-1f45-45d9-9854-89ce7d22165b,VAC-1006,CAND-10006,РЕКРУТЕР,Разместить вакансию,Task,Дмитрий_6,2025-09-02 18:37:29.325256,2025-09-02 19:26:29.325256,2940,,
05605d92-1f45-45d9-9854-89ce7d22165b,VAC-1006,CAND-10006,РЕКРУТЕР,Собирать резюме,Task,Дмитрий_2,2025-09-02 23:20:29.325256,2025-09-03 02:02:29.325256,9720,,
05605d92-1f45-45d9-9854-89ce7d22165b,VAC-1006,CAND-10006,РЕКРУТЕР,Скрининг,Task,Алексей_6,2025-09-03 02:38:29.325256,2025-09-03 03:11:29.325256,1980,passed,
05605d92-1f45-45d9-9854-89ce7d22165b,VAC-1006,CAND-10006,ИНТЕРВЬЮЕРЫ,Назначить интервью,User Task,Анна_4,2025-09-03 06:02:29.325256,2025-09-03 06:21:29.325256,1140,,
05605d92-1f45-45d9-9854-89ce7d22165b,VAC-1006,CAND-10006,ИНТЕРВЬЮЕРЫ,Интервью (раунд 1),User Task,Андрей_6,2025-09-03 07:09:29.325256,2025-09-03 07:54:29.325256,2700,passed,
05605d92-1f45-45d9-9854-89ce7d22165b,VAC-1006,CAND-10006,ИНТЕРВЬЮЕРЫ,Финальное интервью,User Task,Анна_8,2025-09-03 08:36:29.325256,2025-09-03 11:17:29.325256,9660,passed,
05605d92-1f45-45d9-9854-89ce7d22165b,VAC-1006,CAND-10006,HR (ОФФЕР),Согласовать условия,User Task,HR_Manager_8,2025-09-03 11:54:29.325256,2025-09-03 14:42:29.325256,10080,,
05605d92-1f45-45d9-9854-89ce7d22165b,VAC-1006,CAND-10006,HR (ОФФЕР),Сгенерировать оффер,Service Task,HR_Manager_7,2025-09-03 15:02:29.325256,2025-09-03 15:29:29.325256,1620,,
05605d92-1f45-45d9-9854-89ce7d22165b,VAC-1006,CAND-10006,HR (ОФФЕР),Отправить оффер,Send Task,HR_Manager_7,2025-09-03 15:36:29.325256,2025-09-03 15:38:29.325256,120,sent,
05605d92-1f45-45d9-9854-89ce7d22165b,VAC-1006,CAND-10006,HR (ОФФЕР),Timer: ожидание ответа (7 дн),Timer,,2025-09-03 15:38:29.325256,2025-09-08 15:38:29.325256,432000,timer_elapsed,
05605d92-1f45-45d9-9854-89ce7d22165b,VAC-1006,CAND-10006,SECURITY,Background Check,Call Activity,Служба_БД_1,2025-09-09 23:31:29.325256,2025-09-10 02:21:29.325256,10200,report_ready,
05605d92-1f45-45d9-9854-89ce7d22165b,VAC-1006,CAND-10006,IT,Выдача оборудования,Task,IT_Specialist_4,2025-09-10 03:05:29.325256,2025-09-10 06:59:29.325256,14040,,
05605d92-1f45-45d9-9854-89ce7d22165b,VAC-1006,CAND-10006,IT,Создать доступы,Task,IT_Specialist_3,2025-09-10 07:28:29.325256,2025-09-10 08:26:29.325256,3480,,
05605d92-1f45-45d9-9854-89ce7d22165b,VAC-1006,CAND-10006,IT,HR/Training: Вводное обучение,Service Task,Ольга_8,2025-09-12 18:03:29.325256,2025-09-12 20:36:29.325256,9180,,
05605d92-1f45-45d9-9854-89ce7d22165b,VAC-1006,CAND-10006,IT,Назначить ментора,Task,Ольга_9,2025-09-12 21:44:29.325256,2025-09-12 22:03:29.325256,1140,,
05605d92-1f45-45d9-9854-89ce7d22165b,VAC-1006,CAND-10006,IT,Message: уведомить всех,Message,system,2025-09-12 22:10:29.325256,2025-09-12 22:12:29.325256,120,notified,
05605d92-1f45-45d9-9854-89ce7d22165b,VAC-1006,CAND-10006,HR (финал),Обновить статус в HCM,Service Task,Наталья_2,2025-09-12 23:36:29.325256,2025-09-13 00:11:29.325256,2100,,
05605d92-1f45-45d9-9854-89ce7d22165b,VAC-1006,CAND-10006,HR (финал),Payroll / учет,Service Task,Наталья_3,2025-09-13 01:11:29.325256,2025-09-13 02:00:29.325256,2940,,
05605d92-1f45-45d9-9854-89ce7d22165b,VAC-1006,CAND-10006,HR (финал),Закрыть вакансию на порталах,Service Task,Ольга_4,2025-09-13 02:27:29.325256,2025-09-13 02:59:29.325256,1920,,
05605d92-1f45-45d9-9854-89ce7d22165b,VAC-1006,CAND-10006,HR (финал),Hire Completed,End Event,system,2025-09-13 03:55:29.325256,2025-09-13 03:55:29.325256,0,hired,
059e323f-121c-4223-8ce3-5251223d22f9,VAC-1175,CAND-10175,РУКОВОДИТЕЛЬ,Создать заявку,User Task,Сидоров_5,2025-10-21 11:03:29.325256,2025-10-21 11:49:29.325256,2760,,
059e323f-121c-4223-8ce3-5251223d22f9,VAC-1175,CAND-10175,HR,Зарегистрировать в HCM,Service Task,Ольга_6,2025-10-21 12:03:29.325256,2025-10-21 12:17:29.325256,840,,
059e323f-121c-4223-8ce3-5251223d22f9,VAC-1175,CAND-10175,РЕКРУТЕР,Разместить вакансию,Task,Дмитрий_1,2025-10-21 12:57:29.325256,2025-10-21 14:50:29.325256,6780,,
059e323f-121c-4223-8ce3-5251223d22f9,VAC-1175,CAND-10175,РЕКРУТЕР,Собирать резюме,Task,Алексей_9,2025-10-21 15:53:29.325256,2025-10-21 19:32:29.325256,13140,,
059e323f-121c-4223-8ce3-5251223d22f9,VAC-1175,CAND-10175,РЕКРУТЕР,Скрининг,Task,Алексей_8,2025-10-21 19:59:29.325256,2025-10-21 20:24:29.325256,1500,passed,
059e323f-121c-4223-8ce3-5251223d22f9,VAC-1175,CAND-10175,ИНТЕРВЬЮЕРЫ,Назначить интервью,User Task,Анна_8,2025-10-21 21:12:29.325256,2025-10-21 21:32:29.325256,1200,,
059e323f-121c-4223-8ce3-5251223d22f9,VAC-1175,CAND-10175,ИНТЕРВЬЮЕРЫ,Интервью (раунд 1),User Task,Анна_6,2025-10-22 00:30:29.325256,2025-10-22 02:23:29.325256,6780,passed,
059e323f-121c-4223-8ce3-5251223d22f9,VAC-1175,CAND-10175,ИНТЕРВЬЮЕРЫ,Интервью (раунд 2),User Task,Андрей_4,2025-10-22 03:51:29.325256,2025-10-22 04:49:29.325256,3480,passed,
059e323f-121c-4223-8ce3-5251223d22f9,VAC-1175,CAND-10175,ИНТЕРВЬЮЕРЫ,Интервью (раунд 3),User Task,Сергей_4,2025-10-22 08:27:29.325256,2025-10-22 10:42:29.325256,8100,rejected,недостаточно навыков
05b85bd7-7184-4174-a72b-cb30be755b0b,VAC-1032,CAND-10032,РУКОВОДИТЕЛЬ,Создать заявку,User Task,Петров_1,2025-09-11 21:26:29.325256,2025-09-11 21:38:29.325256,720,,
05b85bd7-7184-4174-a72b-cb30be755b0b,VAC-1032,CAND-10032,HR,Зарегистрировать в HCM,Service Task,Ольга_2,2025-09-11 21:41:29.325256,2025-09-11 21:51:29.325256,600,,
05b85bd7-7184-4174-a72b-cb30be755b0b,VAC-1032,CAND-10032,РЕКРУТЕР,Разместить вакансию,Task,Екатерина_3,2025-09-11 21:58:29.325256,2025-09-11 22:38:29.325256,2400,,
05b85bd7-7184-4174-a72b-cb30be755b0b,VAC-1032,CAND-10032,РЕКРУТЕР,Собирать резюме,Task,Дмитрий_9,2025-09-12 02:06:29.325256,2025-09-12 04:32:29.325256,8760,,
05b85bd7-7184-4174-a72b-cb30be755b0b,VAC-1032,CAND-10032,РЕКРУТЕР,Скрининг,Task,Екатерина_3,2025-09-12 05:30:29.325256,2025-09-12 05:41:29.325256,660,rejected,некорректное резюме
05b85bd7-7184-4174-a72b-cb30be755b0b,VAC-1032,CAND-10032,РЕКРУТЕР,Скрининг,Task,Екатерина_3,2025-09-12 06:30:29.325256,2025-09-12 07:14:29.325256,2640,rejected,некорректное резюме
05b85bd7-7184-4174-a72b-cb30be755b0b,VAC-1032,CAND-10032,РЕКРУТЕР,Скрининг,Task,Екатерина_3,2025-09-12 07:30:29.325256,2025-09-12 07:52:29.325256,1320,rejected,не соотв. опыту
06fa292e-b68f-4fc6-914c-f45bc3804a4c,VAC-1190,CAND-10190,РУКОВОДИТЕЛЬ,Создать заявку,User Task,Иванов_7,2025-10-07 19:44:29.325256,2025-10-07 20:37:29.325256,3180,,
06fa292e-b68f-4fc6-914c-f45bc3804a4c,VAC-1190,CAND-10190,HR,Зарегистрировать в HCM,Service Task,Наталья_2,2025-10-07 21:07:29.325256,2025-10-07 21:37:29.325256,1800,,
06fa292e-b68f-4fc6-914c-f45bc3804a4c,VAC-1190,CAND-10190,РЕКРУТЕР,Разместить вакансию,Task,Алексей_8,2025-10-07 22:30:29.325256,2025-10-07 22:56:29.325256,1560,,
06fa292e-b68f-4fc6-914c-f45bc3804a4c,VAC-1190,CAND-10190,РЕКРУТЕР,Собирать резюме,Task,Екатерина_6,2025-10-08 02:04:29.325256,2025-10-08 03:53:29.325256,6540,,
06fa292e-b68f-4fc6-914c-f45bc3804a4c,VAC-1190,CAND-10190,РЕКРУТЕР,Скрининг,Task,Дмитрий_9,2025-10-08 04:15:29.325256,2025-10-08 04:31:29.325256,960,rejected,не прошёл тест
06fa292e-b68f-4fc6-914c-f45bc3804a4c,VAC-1190,CAND-10190,РЕКРУТЕР,Скрининг,Task,Дмитрий_9,2025-10-08 05:15:29.325256,2025-10-08 05:39:29.325256,1440,rejected,не соотв. опыту
0a38a5b8-9ab7-4635-b794-6ca5416fb357,VAC-1018,CAND-10018,РУКОВОДИТЕЛЬ,Создать заявку,User Task,Сидоров_6,2025-09-21 17:52:29.325256,2025-09-21 18:43:29.325256,3060,,
0a38a5b8-9ab7-4635-b794-6ca5416fb357,VAC-1018,CAND-10018,HR,Зарегистрировать в HCM,Service Task,Наталья_5,2025-09-21 19:38:29.325256,2025-09-21 19:46:29.325256,480,,
0a38a5b8-9ab7-4635-b794-6ca5416fb357,VAC-1018,CAND-10018,РЕКРУТЕР,Разместить вакансию,Task,Алексей_8,2025-09-21 20:43:29.325256,2025-09-21 21:50:29.325256,4020,,
0a38a5b8-9ab7-4635-b794-6ca5416fb357,VAC-1018,CAND-10018,РЕКРУТЕР,Собирать резюме,Task,Екатерина_7,2025-09-22 02:51:29.325256,2025-09-22 05:57:29.325256,11160,,
0a38a5b8-9ab7-4635-b794-6ca5416fb357,VAC-1018,CAND-10018,РЕКРУТЕР,Скрининг,Task,Дмитрий_6,2025-09-22 06:45:29.325256,2025-09-22 06:53:29.325256,480,passed,
0a38a5b8-9ab7-4635-b794-6ca5416fb357,VAC-1018,CAND-10018,ИНТЕРВЬЮЕРЫ,Назначить интервью,User Task,Сергей_6,2025-09-22 08:17:29.325256,2025-09-22 08:44:29.325256,1620,,
0a38a5b8-9ab7-4635-b794-6ca5416fb357,VAC-1018,CAND-10018,ИНТЕРВЬЮЕРЫ,Интервью (раунд 1),User Task,Анна_4,2025-09-22 11:46:29.325256,2025-09-22 13:26:29.325256,6000,passed,
0a38a5b8-9ab7-4635-b794-6ca5416fb357,VAC-1018,CAND-10018,ИНТЕРВЬЮЕРЫ,Интервью (раунд 2),User Task,Сергей_9,2025-09-22 14:17:29.325256,2025-09-22 15:48:29.325256,5460,rejected,недостаточно навыков
0cc1bdd5-f342-4f32-b182-b29c918f8628,VAC-1105,CAND-10105,РУКОВОДИТЕЛЬ,Создать заявку,User Task,Иванов_7,2025-09-01 19:48:29.325256,2025-09-01 20:08:29.325256,1200,,
0cc1bdd5-f342-4f32-b182-b29c918f8628,VAC-1105,CAND-10105,HR,Зарегистрировать в HCM,Service Task,Марина_3,2025-09-01 20:51:29.325256,2025-09-01 21:02:29.325256,660,,
0cc1bdd5-f342-4f32-b182-b29c918f8628,VAC-1105,CAND-10105,РЕКРУТЕР,Разместить вакансию,Task,Екатерина_8,2025-09-01 21:49:29.325256,2025-09-01 22:02:29.325256,780,,
0cc1bdd5-f342-4f32-b182-b29c918f8628,VAC-1105,CAND-10105,РЕКРУТЕР,Собирать резюме,Task,Дмитрий_7,2025-09-02 00:43:29.325256,2025-09-02 02:19:29.325256,5760,,
0cc1bdd5-f342-4f32-b182-b29c918f8628,VAC-1105,CAND-10105,РЕКРУТЕР,Скрининг,Task,Алексей_4,2025-09-02 03:13:29.325256,2025-09-02 04:52:29.325256,5940,passed,
0cc1bdd5-f342-4f32-b182-b29c918f8628,VAC-1105,CAND-10105,ИНТЕРВЬЮЕРЫ,Назначить интервью,User Task,Анна_9,2025-09-02 08:24:29.325256,2025-09-02 08:43:29.325256,1140,,
0cc1bdd5-f342-4f32-b182-b29c918f8628,VAC-1105,CAND-10105,ИНТЕРВЬЮЕРЫ,Интервью (раунд 1),User Task,Анна_6,2025-09-02 12:33:29.325256,2025-09-02 15:04:29.325256,9060,rejected,культурный профиль
0d74183b-8b51-44be-ab7f-b89436d61a9f,VAC-1058,CAND-10058,РУКОВОДИТЕЛЬ,Создать заявку,User Task,Кузнецов_1,2025-09-21 18:56:29.325256,2025-09-21 19:20:29.325256,1440,,
0d74183b-8b51-44be-ab7f-b89436d61a9f,VAC-1058,CAND-10058,HR,Зарегистрировать в HCM,Service Task,Марина_8,2025-09-21 19:26:29.325256,2025-09-21 19:39:29.325256,780,,
0d74183b-8b51-44be-ab7f-b89436d61a9f,VAC-1058,CAND-10058,РЕКРУТЕР,Разместить вакансию,Task,Екатерина_6,2025-09-21 19:55:29.325256,2025-09-21 20:32:29.325256,2220,,
0d74183b-8b51-44be-ab7f-b89436d61a9f,VAC-1058,CAND-10058,РЕКРУТЕР,Собирать резюме,Task,Дмитрий_8,2025-09-21 21:06:29.325256,2025-09-21 21:48:29.325256,2520,,
0d74183b-8b51-44be-ab7f-b89436d61a9f,VAC-1058,CAND-10058,РЕКРУТЕР,Скрининг,Task,Екатерина_8,2025-09-21 23:09:29.325256,2025-09-22 01:06:29.325256,7020,passed,
0d74183b-8b51-44be-ab7f-b89436d61a9f,VAC-1058,CAND-10058,ИНТЕРВЬЮЕРЫ,Назначить интервью,User Task,Андрей_7,2025-09-22 01:38:29.325256,2025-09-22 02:37:29.325256,3540,,
0d74183b-8b51-44be-ab7f-b89436d61a9f,VAC-1058,CAND-10058,ИНТЕРВЬЮЕРЫ,Интервью (раунд 1),User Task,Сергей_1,2025-09-22 04:14:29.325256,2025-09-22 06:17:29.325256,7380,rejected,поведенческий
0f5fdcd6-49ba-4b98-b02d-abe5e726c26d,VAC-1140,CAND-10140,РУКОВОДИТЕЛЬ,Создать заявку,User Task,Иванов_4,2025-08-25 12:53:29.325256,2025-08-25 13:17:29.325256,1440,,
0f5fdcd6-49ba-4b98-b02d-abe5e726c26d,VAC-1140,CAND-10140,HR,Зарегистрировать в HCM,Service Task,Наталья_4,2025-08-25 13:51:29.325256,2025-08-25 13:55:29.325256,240,,
0f5fdcd6-49ba-4b98-b02d-abe5e726c26d,VAC-1140,CAND-10140,РЕКРУТЕР,Разместить вакансию,Task,Алексей_4,2025-08-25 14:30:29.325256,2025-08-25 15:29:29.325256,3540,,
0f5fdcd6-49ba-4b98-b02d-abe5e726c26d,VAC-1140,CAND-10140,РЕКРУТЕР,Собирать резюме,Task,Алексей_3,2025-08-25 20:08:29.325256,2025-08-25 23:26:29.325256,11880,,
0f5fdcd6-49ba-4b98-b02d-abe5e726c26d,VAC-1140,CAND-10140,РЕКРУТЕР,Скрининг,Task,Екатерина_7,2025-08-26 00:42:29.325256,2025-08-26 01:23:29.325256,2460,rejected,некорректное резюме
0f5fdcd6-49ba-4b98-b02d-abe5e726c26d,VAC-1140,CAND-10140,РЕКРУТЕР,Скрининг,Task,Екатерина_7,2025-08-26 01:42:29.325256,2025-08-26 02:30:29.325256,2880,rejected,некорректное резюме
0f5fdcd6-49ba-4b98-b02d-abe5e726c26d,VAC-1140,CAND-10140,РЕКРУТЕР,Скрининг,Task,Екатерина_7,2025-08-26 02:42:29.325256,2025-08-26 03:31:29.325256,2940,rejected,не прошёл тест
0fa29ceb-5710-4131-9f19-e25a4b31cc7c,VAC-1004,CAND-10004,РУКОВОДИТЕЛЬ,Создать заявку,User Task,Кузнецов_9,2025-08-27 17:24:29.325256,2025-08-27 18:07:29.325256,2580,,
0fa29ceb-5710-4131-9f19-e25a4b31cc7c,VAC-1004,CAND-10004,HR,Зарегистрировать в HCM,Service Task,Наталья_2,2025-08-27 18:24:29.325256,2025-08-27 18:42:29.325256,1080,,
0fa29ceb-5710-4131-9f19-e25a4b31cc7c,VAC-1004,CAND-10004,РЕКРУТЕР,Разместить вакансию,Task,Дмитрий_6,2025-08-27 19:26:29.325256,2025-08-27 20:44:29.325256,4680,,
0fa29ceb-5710-4131-9f19-e25a4b31cc7c,VAC-1004,CAND-10004,РЕКРУТЕР,Собирать резюме,Task,Дмитрий_3,2025-08-27 21:51:29.325256,2025-08-27 23:36:29.325256,6300,,
0fa29ceb-5710-4131-9f19-e25a4b31cc7c,VAC-1004,CAND-10004,РЕКРУТЕР,Скрининг,Task,Екатерина_5,2025-08-28 00:39:29.325256,2025-08-28 01:16:29.325256,2220,rejected,не соотв. опыту
1540ce8d-cdd4-4143-92d7-16932d59a20e,VAC-1007,CAND-10007,РУКОВОДИТЕЛЬ,Создать заявку,User Task,Иванов_7,2025-09-17 11:10:29.325256,2025-09-17 11:39:29.325256,1740,,
1540ce8d-cdd4-4143-92d7-16932d59a20e,VAC-1007,CAND-10007,HR,Зарегистрировать в HCM,Service Task,Ольга_5,2025-09-17 11:56:29.325256,2025-09-17 12:26:29.325256,1800,,
1540ce8d-cdd4-4143-92d7-16932d59a20e,VAC-1007,CAND-10007,РЕКРУТЕР,Разместить вакансию,Task,Екатерина_9,2025-09-17 12:54:29.325256,2025-09-17 14:33:29.325256,5940,,
1540ce8d-cdd4-4143-92d7-16932d59a20e,VAC-1007,CAND-10007,РЕКРУТЕР,Собирать резюме,Task,Дмитрий_3,2025-09-17 20:21:29.325256,2025-09-17 23:54:29.325256,12780,,
1540ce8d-cdd4-4143-92d7-16932d59a20e,VAC-1007,CAND-10007,РЕКРУТЕР,Скрининг,Task,Алексей_1,2025-09-18 00:23:29.325256,2025-09-18 01:05:29.325256,2520,passed,
1540ce8d-cdd4-4143-92d7-16932d59a20e,VAC-1007,CAND-10007,ИНТЕРВЬЮЕРЫ,Назначить интервью,User Task,Анна_6,2025-09-18 03:53:29.325256,2025-09-18 04:01:29.325256,480,,
1540ce8d-cdd4-4143-92d7-16932d59a20e,VAC-1007,CAND-10007,ИНТЕРВЬЮЕРЫ,Интервью (раунд 1),User Task,Анна_3,2025-09-18 04:43:29.325256,2025-09-18 07:42:29.325256,10740,passed,
1540ce8d-cdd4-4143-92d7-16932d59a20e,VAC-1007,CAND-10007,ИНТЕРВЬЮЕРЫ,Финальное интервью,User Task,Андрей_2,2025-09-18 08:20:29.325256,2025-09-18 11:00:29.325256,9600,passed,
1540ce8d-cdd4-4143-92d7-16932d59a20e,VAC-1007,CAND-10007,HR (ОФФЕР),Согласовать условия,User Task,HR_Manager_7,2025-09-18 12:26:29.325256,2025-09-18 13:13:29.325256,2820,,
1540ce8d-cdd4-4143-92d7-16932d59a20e,VAC-1007,CAND-10007,HR (ОФФЕР),Сгенерировать оффер,Service Task,HR_Manager_1,2025-09-18 13:25:29.325256,2025-09-18 13:55:29.325256,1800,,
1540ce8d-cdd4-4143-92d7-16932d59a20e,VAC-1007,CAND-10007,HR (ОФФЕР),Отправить оффер,Send Task,HR_Manager_9,2025-09-18 14:15:29.325256,2025-09-18 14:17:29.325256,120,sent,
1540ce8d-cdd4-4143-92d7-16932d59a20e,VAC-1007,CAND-10007,HR (ОФФЕР),Timer: ожидание ответа (7 дн),Timer,,2025-09-18 14:17:29.325256,2025-09-23 14:17:29.325256,432000,timer_elapsed,
1540ce8d-cdd4-4143-92d7-16932d59a20e,VAC-1007,CAND-10007,HR (ОФФЕР),Переговоры / отказ,Task,HR_Manager_4,2025-09-24 04:14:29.325256,2025-09-24 07:10:29.325256,10560,rejected,
163104cf-0bfd-46bb-a67e-1ec5b6e17e2f,VAC-1078,CAND-10078,РУКОВОДИТЕЛЬ,Создать заявку,User Task,Кузнецов_7,2025-09-04 17:35:29.325256,2025-09-04 18:12:29.325256,2220,,
163104cf-0bfd-46bb-a67e-1ec5b6e17e2f,VAC-1078,CAND-10078,HR,Зарегистрировать в HCM,Service Task,Ольга_8,2025-09-04 18:56:29.325256,2025-09-04 19:12:29.325256,960,,
163104cf-0bfd-46bb-a67e-1ec5b6e17e2f,VAC-1078,CAND-10078,РЕКРУТЕР,Разместить вакансию,Task,Алексей_1,2025-09-04 19:44:29.325256,2025-09-04 20:15:29.325256,1860,,
163104cf-0bfd-46bb-a67e-1ec5b6e17e2f,VAC-1078,CAND-10078,РЕКРУТЕР,Собирать резюме,Task,Алексей_5,2025-09-04 22:17:29.325256,2025-09-05 00:01:29.325256,6240,,
163104cf-0bfd-46bb-a67e-1ec5b6e17e2f,VAC-1078,CAND-10078,РЕКРУТЕР,Скрининг,Task,Дмитрий_3,2025-09-05 00:34:29.325256,2025-09-05 01:26:29.325256,3120,rejected,некорректное резюме
163104cf-0bfd-46bb-a67e-1ec5b6e17e2f,VAC-1078,CAND-10078,РЕКРУТЕР,Скрининг,Task,Дмитрий_3,2025-09-05 01:34:29.325256,2025-09-05 02:14:29.325256,2400,rejected,не прошёл тест
163104cf-0bfd-46bb-a67e-1ec5b6e17e2f,VAC-1078,CAND-10078,РЕКРУТЕР,Скрининг,Task,Дмитрий_3,2025-09-05 02:34:29.325256,2025-09-05 02:46:29.325256,720,rejected,не прошёл тест
17a01a54-6de4-4ce6-a321-b5711f26db48,VAC-1156,CAND-10156,РУКОВОДИТЕЛЬ,Создать заявку,User Task,Сидоров_7,2025-09-22 20:59:29.325256,2025-09-22 21:54:29.325256,3300,,
17a01a54-6de4-4ce6-a321-b5711f26db48,VAC-1156,CAND-10156,HR,Зарегистрировать в HCM,Service Task,Ольга_5,2025-09-22 22:33:29.325256,2025-09-22 23:01:29.325256,1680,,
17a01a54-6de4-4ce6-a321-b5711f26db48,VAC-1156,CAND-10156,РЕКРУТЕР,Разместить вакансию,Task,Екатерина_6,2025-09-22 23:35:29.325256,2025-09-23 00:58:29.325256,4980,,
17a01a54-6de4-4ce6-a321-b5711f26db48,VAC-1156,CAND-10156,РЕКРУТЕР,Собирать резюме,Task,Екатерина_8,2025-09-23 02:14:29.325256,2025-09-23 05:21:29.325256,11220,,
17a01a54-6de4-4ce6-a321-b5711f26db48,VAC-1156,CAND-10156,РЕКРУТЕР,Скрининг,Task,Екатерина_8,2025-09-23 06:32:29.325256,2025-09-23 08:10:29.325256,5880,passed,
17a01a54-6de4-4ce6-a321-b5711f26db48,VAC-1156,CAND-10156,ИНТЕРВЬЮЕРЫ,Назначить интервью,User Task,Андрей_5,2025-09-23 09:26:29.325256,2025-09-23 10:10:29.325256,2640,,
17a01a54-6de4-4ce6-a321-b5711f26db48,VAC-1156,CAND-10156,ИНТЕРВЬЮЕРЫ,Интервью (раунд 1),User Task,Анна_2,2025-09-23 10:40:29.325256,2025-09-23 11:40:29.325256,3600,passed,
17a01a54-6de4-4ce6-a321-b5711f26db48,VAC-1156,CAND-10156,ИНТЕРВЬЮЕРЫ,Финальное интервью,User Task,Сергей_7,2025-09-23 15:12:29.325256,2025-09-23 16:35:29.325256,4980,passed,
17a01a54-6de4-4ce6-a321-b5711f26db48,VAC-1156,CAND-10156,HR (ОФФЕР),Согласовать условия,User Task,HR_Manager_9,2025-09-23 16:50:29.325256,2025-09-23 18:45:29.325256,6900,,
17a01a54-6de4-4ce6-a321-b5711f26db48,VAC-1156,CAND-10156,HR (ОФФЕР),Сгенерировать оффер,Service Task,HR_Manager_1,2025-09-23 19:41:29.325256,2025-09-23 20:03:29.325256,1320,,
17a01a54-6de4-4ce6-a321-b5711f26db48,VAC-1156,CAND-10156,HR (ОФФЕР),Отправить оффер,Send Task,HR_Manager_2,2025-09-23 20:10:29.325256,2025-09-23 20:15:29.325256,300,sent,
17a01a54-6de4-4ce6-a321-b5711f26db48,VAC-1156,CAND-10156,HR (ОФФЕР),Timer: ожидание ответа (7 дн),Timer,,2025-09-23 20:15:29.325256,2025-09-28 20:15:29.325256,432000,timer_elapsed,
17a01a54-6de4-4ce6-a321-b5711f26db48,VAC-1156,CAND-10156,SECURITY,Background Check,Call Activity,Служба_БД_2,2025-09-30 09:48:29.325256,2025-09-30 21:51:29.325256,43380,report_ready,
17a01a54-6de4-4ce6-a321-b5711f26db48,VAC-1156,CAND-10156,IT,Выдача оборудования,Task,IT_Specialist_3,2025-09-30 22:35:29.325256,2025-10-01 00:46:29.325256,7860,,
17a01a54-6de4-4ce6-a321-b5711f26db48,VAC-1156,CAND-10156,IT,Создать доступы,Task,IT_Specialist_8,2025-10-01 01:15:29.325256,2025-10-01 02:49:29.325256,5640,,
17a01a54-6de4-4ce6-a321-b5711f26db48,VAC-1156,CAND-10156,IT,HR/Training: Вводное обучение,Service Task,Наталья_3,2025-10-03 19:37:29.325256,2025-10-04 03:25:29.325256,28080,,
17a01a54-6de4-4ce6-a321-b5711f26db48,VAC-1156,CAND-10156,IT,Назначить ментора,Task,Марина_8,2025-10-04 05:33:29.325256,2025-10-04 06:02:29.325256,1740,,
17a01a54-6de4-4ce6-a321-b5711f26db48,VAC-1156,CAND-10156,IT,Message: уведомить всех,Message,system,2025-10-04 07:00:29.325256,2025-10-04 07:28:29.325256,1680,notified,
17a01a54-6de4-4ce6-a321-b5711f26db48,VAC-1156,CAND-10156,HR (финал),Обновить статус в HCM,Service Task,Ольга_8,2025-10-04 08:37:29.325256,2025-10-04 09:35:29.325256,3480,,
17a01a54-6de4-4ce6-a321-b5711f26db48,VAC-1156,CAND-10156,HR (финал),Payroll / учет,Service Task,Ольга_1,2025-10-04 10:26:29.325256,2025-10-04 11:19:29.325256,3180,,
17a01a54-6de4-4ce6-a321-b5711f26db48,VAC-1156,CAND-10156,HR (финал),Закрыть вакансию на порталах,Service Task,Ольга_6,2025-10-04 12:13:29.325256,2025-10-04 12:47:29.325256,2040,,
17a01a54-6de4-4ce6-a321-b5711f26db48,VAC-1156,CAND-10156,HR (финал),Hire Completed,End Event,system,2025-10-04 13:23:29.325256,2025-10-04 13:23:29.325256,0,hired,
1a7babbb-0ce1-4bf5-8b37-26085009238c,VAC-1045,CAND-10045,РУКОВОДИТЕЛЬ,Создать заявку,User Task,Иванов_6,2025-10-11 19:53:29.325256,2025-10-11 20:45:29.325256,3120,,
1a7babbb-0ce1-4bf5-8b37-26085009238c,VAC-1045,CAND-10045,HR,Зарегистрировать в HCM,Service Task,Марина_3,2025-10-11 21:42:29.325256,2025-10-11 22:07:29.325256,1500,,
1a7babbb-0ce1-4bf5-8b37-26085009238c,VAC-1045,CAND-10045,РЕКРУТЕР,Разместить вакансию,Task,Алексей_3,2025-10-11 22:46:29.325256,2025-10-11 23:44:29.325256,3480,,
1a7babbb-0ce1-4bf5-8b37-26085009238c,VAC-1045,CAND-10045,РЕКРУТЕР,Собирать резюме,Task,Екатерина_3,2025-10-12 01:26:29.325256,2025-10-12 04:53:29.325256,12420,,
1a7babbb-0ce1-4bf5-8b37-26085009238c,VAC-1045,CAND-10045,РЕКРУТЕР,Скрининг,Task,Алексей_7,2025-10-12 06:30:29.325256,2025-10-12 07:31:29.325256,3660,passed,
1a7babbb-0ce1-4bf5-8b37-26085009238c,VAC-1045,CAND-10045,ИНТЕРВЬЮЕРЫ,Назначить интервью,User Task,Сергей_5,2025-10-12 11:05:29.325256,2025-10-12 11:25:29.325256,1200,,
1a7babbb-0ce1-4bf5-8b37-26085009238c,VAC-1045,CAND-10045,ИНТЕРВЬЮЕРЫ,Интервью (раунд 1),User Task,Андрей_5,2025-10-12 15:15:29.325256,2025-10-12 17:39:29.325256,8640,passed,
1a7babbb-0ce1-4bf5-8b37-26085009238c,VAC-1045,CAND-10045,ИНТЕРВЬЮЕРЫ,Интервью (раунд 2),User Task,Андрей_6,2025-10-12 21:36:29.325256,2025-10-13 00:06:29.325256,9000,rejected,культурный профиль
1c6335f1-b4f3-4fd1-aeb9-bf445c8c7aac,VAC-1060,CAND-10060,РУКОВОДИТЕЛЬ,Создать заявку,User Task,Иванов_1,2025-09-04 20:32:29.325256,2025-09-04 21:02:29.325256,1800,,
1c6335f1-b4f3-4fd1-aeb9-bf445c8c7aac,VAC-1060,CAND-10060,HR,Зарегистрировать в HCM,Service Task,Марина_6,2025-09-04 21:05:29.325256,2025-09-04 21:10:29.325256,300,,
1c6335f1-b4f3-4fd1-aeb9-bf445c8c7aac,VAC-1060,CAND-10060,РЕКРУТЕР,Разместить вакансию,Task,Екатерина_8,2025-09-04 22:02:29.325256,2025-09-04 23:12:29.325256,4200,,
1c6335f1-b4f3-4fd1-aeb9-bf445c8c7aac,VAC-1060,CAND-10060,РЕКРУТЕР,Собирать резюме,Task,Екатерина_3,2025-09-05 00:38:29.325256,2025-09-05 03:43:29.325256,11100,,
1c6335f1-b4f3-4fd1-aeb9-bf445c8c7aac,VAC-1060,CAND-10060,РЕКРУТЕР,Скрининг,Task,Дмитрий_3,2025-09-05 04:29:29.325256,2025-09-05 05:52:29.325256,4980,passed,
1c6335f1-b4f3-4fd1-aeb9-bf445c8c7aac,VAC-1060,CAND-10060,ИНТЕРВЬЮЕРЫ,Назначить интервью,User Task,Сергей_6,2025-09-05 08:59:29.325256,2025-09-05 09:51:29.325256,3120,,
1c6335f1-b4f3-4fd1-aeb9-bf445c8c7aac,VAC-1060,CAND-10060,ИНТЕРВЬЮЕРЫ,Интервью (раунд 1),User Task,Анна_5,2025-09-05 12:31:29.325256,2025-09-05 15:17:29.325256,9960,passed,
1c6335f1-b4f3-4fd1-aeb9-bf445c8c7aac,VAC-1060,CAND-10060,ИНТЕРВЬЮЕРЫ,Интервью (раунд 2),User Task,Анна_2,2025-09-05 17:48:29.325256,2025-09-05 18:22:29.325256,2040,passed,
1c6335f1-b4f3-4fd1-aeb9-bf445c8c7aac,VAC-1060,CAND-10060,ИНТЕРВЬЮЕРЫ,Интервью (раунд 3),User Task,Анна_1,2025-09-05 20:38:29.325256,2025-09-05 23:37:29.325256,10740,passed,
1c6335f1-b4f3-4fd1-aeb9-bf445c8c7aac,VAC-1060,CAND-10060,ИНТЕРВЬЮЕРЫ,Финальное интервью,User Task,Анна_4,2025-09-06 02:33:29.325256,2025-09-06 05:04:29.325256,9060,passed,
1c6335f1-b4f3-4fd1-aeb9-bf445c8c7aac,VAC-1060,CAND-10060,HR (ОФФЕР),Согласовать условия,User Task,HR_Manager_3,2025-09-06 06:46:29.325256,2025-09-06 07:29:29.325256,2580,,
1c6335f1-b4f3-4fd1-aeb9-bf445c8c7aac,VAC-1060,CAND-10060,HR (ОФФЕР),Сгенерировать оффер,Service Task,HR_Manager_3,2025-09-06 08:07:29.325256,2025-09-06 08:29:29.325256,1320,,
1c6335f1-b4f3-4fd1-aeb9-bf445c8c7aac,VAC-1060,CAND-10060,HR (ОФФЕР),Отправить оффер,Send Task,HR_Manager_4,2025-09-06 08:37:29.325256,2025-09-06 08:38:29.325256,60,sent,
1c6335f1-b4f3-4fd1-aeb9-bf445c8c7aac,VAC-1060,CAND-10060,HR (ОФФЕР),Timer: ожидание ответа (7 дн),Timer,,2025-09-06 08:38:29.325256,2025-09-08 08:38:29.325256,172800,timer_elapsed,
1c6335f1-b4f3-4fd1-aeb9-bf445c8c7aac,VAC-1060,CAND-10060,SECURITY,Background Check,Call Activity,Служба_БД_4,2025-09-09 13:14:29.325256,2025-09-09 19:24:29.325256,22200,report_ready,
1c6335f1-b4f3-4fd1-aeb9-bf445c8c7aac,VAC-1060,CAND-10060,IT,Выдача оборудования,Task,IT_Specialist_1,2025-09-09 21:04:29.325256,2025-09-10 00:10:29.325256,11160,,
1c6335f1-b4f3-4fd1-aeb9-bf445c8c7aac,VAC-1060,CAND-10060,IT,Создать доступы,Task,IT_Specialist_9,2025-09-10 01:45:29.325256,2025-09-10 02:30:29.325256,2700,,
1c6335f1-b4f3-4fd1-aeb9-bf445c8c7aac,VAC-1060,CAND-10060,IT,HR/Training: Вводное обучение,Service Task,Ольга_9,2025-09-11 22:53:29.325256,2025-09-12 05:32:29.325256,23940,,
1c6335f1-b4f3-4fd1-aeb9-bf445c8c7aac,VAC-1060,CAND-10060,IT,Назначить ментора,Task,Наталья_8,2025-09-12 07:13:29.325256,2025-09-12 08:03:29.325256,3000,,
1c6335f1-b4f3-4fd1-aeb9-bf445c8c7aac,VAC-1060,CAND-10060,IT,Message: уведомить всех,Message,system,2025-09-12 09:02:29.325256,2025-09-12 09:20:29.325256,1080,notified,
1c6335f1-b4f3-4fd1-aeb9-bf445c8c7aac,VAC-1060,CAND-10060,HR (финал),Обновить статус в HCM,Service Task,Ольга_5,2025-09-12 10:04:29.325256,2025-09-12 10:39:29.325256,2100,,
1c6335f1-b4f3-4fd1-aeb9-bf445c8c7aac,VAC-1060,CAND-10060,HR (финал),Payroll / учет,Service Task,Наталья_4,2025-09-12 11:19:29.325256,2025-09-12 11:50:29.325256,1860,,
1c6335f1-b4f3-4fd1-aeb9-bf445c8c7aac,VAC-1060,CAND-10060,HR (финал),Закрыть вакансию на порталах,Service Task,Ольга_4,2025-09-12 12:08:29.325256,2025-09-12 12:44:29.325256,2160,,
1c6335f1-b4f3-4fd1-aeb9-bf445c8c7aac,VAC-1060,CAND-10060,HR (финал),Hire Completed,End Event,system,2025-09-12 13:04:29.325256,2025-09-12 13:04:29.325256,0,hired,
1cf3151d-0978-4811-8b13-3d8f30d70930,VAC-1093,CAND-10093,РУКОВОДИТЕЛЬ,Создать заявку,User Task,Иванов_4,2025-09-03 18:02:29.325256,2025-09-03 18:12:29.325256,600,,
1cf3151d-0978-4811-8b13-3d8f30d70930,VAC-1093,CAND-10093,HR,Зарегистрировать в HCM,Service Task,Наталья_9,2025-09-03 18:51:29.325256,2025-09-03 18:59:29.325256,480,,
1cf3151d-0978-4811-8b13-3d8f30d70930,VAC-1093,CAND-10093,РЕКРУТЕР,Разместить вакансию,Task,Дмитрий_4,2025-09-03 19:30:29.325256,2025-09-03 19:40:29.325256,600,,
1cf3151d-0978-4811-8b13-3d8f30d70930,VAC-1093,CAND-10093,РЕКРУТЕР,Собирать резюме,Task,Екатерина_3,2025-09-03 20:56:29.325256,2025-09-03 22:53:29.325256,7020,,
1cf3151d-0978-4811-8b13-3d8f30d70930,VAC-1093,CAND-10093,РЕКРУТЕР,Скрининг,Task,Дмитрий_1,2025-09-04 00:40:29.325256,2025-09-04 02:33:29.325256,6780,passed,
1cf3151d-0978-4811-8b13-3d8f30d70930,VAC-1093,CAND-10093,ИНТЕРВЬЮЕРЫ,Назначить интервью,User Task,Андрей_2,2025-09-04 05:33:29.325256,2025-09-04 06:23:29.325256,3000,,
1cf3151d-0978-4811-8b13-3d8f30d70930,VAC-1093,CAND-10093,ИНТЕРВЬЮЕРЫ,Интервью (раунд 1),User Task,Анна_7,2025-09-04 08:26:29.325256,2025-09-04 09:14:29.325256,2880,passed,
1cf3151d-0978-4811-8b13-3d8f30d70930,VAC-1093,CAND-10093,ИНТЕРВЬЮЕРЫ,Интервью (раунд 2),User Task,Сергей_3,2025-09-04 12:14:29.325256,2025-09-04 13:09:29.325256,3300,passed,
1cf3151d-0978-4811-8b13-3d8f30d70930,VAC-1093,CAND-10093,ИНТЕРВЬЮЕРЫ,Интервью (раунд 3),User Task,Сергей_6,2025-09-04 14:19:29.325256,2025-09-04 16:40:29.325256,8460,rejected,недостаточно навыков
1cffb6f0-52d3-4581-b271-ed25198ee56f,VAC-1162,CAND-10162,РУКОВОДИТЕЛЬ,Создать заявку,User Task,Кузнецов_2,2025-09-07 19:10:29.325256,2025-09-07 19:45:29.325256,2100,,
1cffb6f0-52d3-4581-b271-ed25198ee56f,VAC-1162,CAND-10162,HR,Зарегистрировать в HCM,Service Task,Марина_7,2025-09-07 20:07:29.325256,2025-09-07 20:14:29.325256,420,,
1cffb6f0-52d3-4581-b271-ed25198ee56f,VAC-1162,CAND-10162,РЕКРУТЕР,Разместить вакансию,Task,Екатерина_6,2025-09-07 21:05:29.325256,2025-09-07 22:10:29.325256,3900,,
1cffb6f0-52d3-4581-b271-ed25198ee56f,VAC-1162,CAND-10162,РЕКРУТЕР,Собирать резюме,Task,Алексей_3,2025-09-08 02:58:29.325256,2025-09-08 06:25:29.325256,12420,,
1cffb6f0-52d3-4581-b271-ed25198ee56f,VAC-1162,CAND-10162,РЕКРУТЕР,Скрининг,Task,Алексей_8,2025-09-08 07:54:29.325256,2025-09-08 09:24:29.325256,5400,passed,
1cffb6f0-52d3-4581-b271-ed25198ee56f,VAC-1162,CAND-10162,ИНТЕРВЬЮЕРЫ,Назначить интервью,User Task,Сергей_9,2025-09-08 12:26:29.325256,2025-09-08 13:00:29.325256,2040,,
1cffb6f0-52d3-4581-b271-ed25198ee56f,VAC-1162,CAND-10162,ИНТЕРВЬЮЕРЫ,Интервью (раунд 1),User Task,Сергей_2,2025-09-08 17:00:29.325256,2025-09-08 19:23:29.325256,8580,passed,
1cffb6f0-52d3-4581-b271-ed25198ee56f,VAC-1162,CAND-10162,ИНТЕРВЬЮЕРЫ,Финальное интервью,User Task,Анна_7,2025-09-08 22:20:29.325256,2025-09-08 23:17:29.325256,3420,passed,
1cffb6f0-52d3-4581-b271-ed25198ee56f,VAC-1162,CAND-10162,HR (ОФФЕР),Согласовать условия,User Task,HR_Manager_2,2025-09-09 00:08:29.325256,2025-09-09 02:44:29.325256,9360,,
1cffb6f0-52d3-4581-b271-ed25198ee56f,VAC-1162,CAND-10162,HR (ОФФЕР),Сгенерировать оффер,Service Task,HR_Manager_1,2025-09-09 03:02:29.325256,2025-09-09 03:30:29.325256,1680,,
1cffb6f0-52d3-4581-b271-ed25198ee56f,VAC-1162,CAND-10162,HR (ОФФЕР),Отправить оффер,Send Task,HR_Manager_9,2025-09-09 03:35:29.325256,2025-09-09 03:38:29.325256,180,sent,
1cffb6f0-52d3-4581-b271-ed25198ee56f,VAC-1162,CAND-10162,HR (ОФФЕР),Timer: ожидание ответа (7 дн),Timer,,2025-09-09 03:38:29.325256,2025-09-14 03:38:29.325256,432000,timer_elapsed,
1cffb6f0-52d3-4581-b271-ed25198ee56f,VAC-1162,CAND-10162,SECURITY,Background Check,Call Activity,Служба_БД_4,2025-09-15 19:06:29.325256,2025-09-16 11:21:29.325256,58500,report_ready,
1cffb6f0-52d3-4581-b271-ed25198ee56f,VAC-1162,CAND-10162,IT,Выдача оборудования,Task,IT_Specialist_7,2025-09-16 12:02:29.325256,2025-09-16 13:48:29.325256,6360,,
1cffb6f0-52d3-4581-b271-ed25198ee56f,VAC-1162,CAND-10162,IT,Создать доступы,Task,IT_Specialist_1,2025-09-16 15:24:29.325256,2025-09-16 17:02:29.325256,5880,,
1cffb6f0-52d3-4581-b271-ed25198ee56f,VAC-1162,CAND-10162,IT,HR/Training: Вводное обучение,Service Task,Наталья_5,2025-09-19 14:44:29.325256,2025-09-19 19:10:29.325256,15960,,
1cffb6f0-52d3-4581-b271-ed25198ee56f,VAC-1162,CAND-10162,IT,Назначить ментора,Task,Марина_1,2025-09-19 19:30:29.325256,2025-09-19 20:27:29.325256,3420,,
1cffb6f0-52d3-4581-b271-ed25198ee56f,VAC-1162,CAND-10162,IT,Message: уведомить всех,Message,system,2025-09-19 20:28:29.325256,2025-09-19 20:51:29.325256,1380,notified,
1cffb6f0-52d3-4581-b271-ed25198ee56f,VAC-1162,CAND-10162,HR (финал),Обновить статус в HCM,Service Task,Ольга_2,2025-09-19 22:03:29.325256,2025-09-19 22:56:29.325256,3180,,
1cffb6f0-52d3-4581-b271-ed25198ee56f,VAC-1162,CAND-10162,HR (финал),Payroll / учет,Service Task,Наталья_4,2025-09-19 23:52:29.325256,2025-09-20 00:11:29.325256,1140,,
1cffb6f0-52d3-4581-b271-ed25198ee56f,VAC-1162,CAND-10162,HR (финал),Закрыть вакансию на порталах,Service Task,Марина_7,2025-09-20 00:39:29.325256,2025-09-20 01:24:29.325256,2700,,
1cffb6f0-52d3-4581-b271-ed25198ee56f,VAC-1162,CAND-10162,HR (финал),Hire Completed,End Event,system,2025-09-20 02:05:29.325256,2025-09-20 02:05:29.325256,0,hired,
1e933dc7-edb4-4ff0-95b8-a30ccd1793b0,VAC-1062,CAND-10062,РУКОВОДИТЕЛЬ,Создать заявку,User Task,Сидоров_3,2025-09-09 14:51:29.325256,2025-09-09 15:03:29.325256,720,,
1e933dc7-edb4-4ff0-95b8-a30ccd1793b0,VAC-1062,CAND-10062,HR,Зарегистрировать в HCM,Service Task,Марина_5,2025-09-09 15:50:29.325256,2025-09-09 16:05:29.325256,900,,
1e933dc7-edb4-4ff0-95b8-a30ccd1793b0,VAC-1062,CAND-10062,РЕКРУТЕР,Разместить вакансию,Task,Алексей_6,2025-09-09 16:51:29.325256,2025-09-09 17:24:29.325256,1980,,
1e933dc7-edb4-4ff0-95b8-a30ccd1793b0,VAC-1062,CAND-10062,РЕКРУТЕР,Собирать резюме,Task,Екатерина_4,2025-09-09 20:05:29.325256,2025-09-09 23:00:29.325256,10500,,
1e933dc7-edb4-4ff0-95b8-a30ccd1793b0,VAC-1062,CAND-10062,РЕКРУТЕР,Скрининг,Task,Екатерина_7,2025-09-09 23:27:29.325256,2025-09-09 23:52:29.325256,1500,rejected,не соотв. опыту
1e933dc7-edb4-4ff0-95b8-a30ccd1793b0,VAC-1062,CAND-10062,РЕКРУТЕР,Скрининг,Task,Екатерина_7,2025-09-10 00:27:29.325256,2025-09-10 00:57:29.325256,1800,rejected,не прошёл тест
1e933dc7-edb4-4ff0-95b8-a30ccd1793b0,VAC-1062,CAND-10062,РЕКРУТЕР,Скрининг,Task,Екатерина_7,2025-09-10 01:27:29.325256,2025-09-10 01:38:29.325256,660,rejected,не соотв. опыту
238bb9b6-7101-447b-a2bb-08086dedc9dc,VAC-1170,CAND-10170,РУКОВОДИТЕЛЬ,Создать заявку,User Task,Иванов_2,2025-09-20 15:06:29.325256,2025-09-20 15:13:29.325256,420,,
238bb9b6-7101-447b-a2bb-08086dedc9dc,VAC-1170,CAND-10170,HR,Зарегистрировать в HCM,Service Task,Ольга_8,2025-09-20 15:50:29.325256,2025-09-20 16:14:29.325256,1440,,
238bb9b6-7101-447b-a2bb-08086dedc9dc,VAC-1170,CAND-10170,РЕКРУТЕР,Разместить вакансию,Task,Алексей_1,2025-09-20 16:16:29.325256,2025-09-20 17:29:29.325256,4380,,
238bb9b6-7101-447b-a2bb-08086dedc9dc,VAC-1170,CAND-10170,РЕКРУТЕР,Собирать резюме,Task,Дмитрий_5,2025-09-20 17:58:29.325256,2025-09-20 21:18:29.325256,12000,,
238bb9b6-7101-447b-a2bb-08086dedc9dc,VAC-1170,CAND-10170,РЕКРУТЕР,Скрининг,Task,Дмитрий_7,2025-09-20 21:42:29.325256,2025-09-20 23:16:29.325256,5640,passed,
238bb9b6-7101-447b-a2bb-08086dedc9dc,VAC-1170,CAND-10170,ИНТЕРВЬЮЕРЫ,Назначить интервью,User Task,Сергей_8,2025-09-21 01:57:29.325256,2025-09-21 02:47:29.325256,3000,,
238bb9b6-7101-447b-a2bb-08086dedc9dc,VAC-1170,CAND-10170,ИНТЕРВЬЮЕРЫ,Интервью (раунд 1),User Task,Андрей_7,2025-09-21 05:00:29.325256,2025-09-21 05:47:29.325256,2820,passed,
238bb9b6-7101-447b-a2bb-08086dedc9dc,VAC-1170,CAND-10170,ИНТЕРВЬЮЕРЫ,Интервью (раунд 2),User Task,Анна_6,2025-09-21 09:13:29.325256,2025-09-21 11:46:29.325256,9180,passed,
238bb9b6-7101-447b-a2bb-08086dedc9dc,VAC-1170,CAND-10170,ИНТЕРВЬЮЕРЫ,Финальное интервью,User Task,Анна_2,2025-09-21 13:35:29.325256,2025-09-21 15:22:29.325256,6420,passed,
238bb9b6-7101-447b-a2bb-08086dedc9dc,VAC-1170,CAND-10170,HR (ОФФЕР),Согласовать условия,User Task,HR_Manager_2,2025-09-21 16:18:29.325256,2025-09-21 19:04:29.325256,9960,,
238bb9b6-7101-447b-a2bb-08086dedc9dc,VAC-1170,CAND-10170,HR (ОФФЕР),Сгенерировать оффер,Service Task,HR_Manager_4,2025-09-21 20:02:29.325256,2025-09-21 20:18:29.325256,960,,
238bb9b6-7101-447b-a2bb-08086dedc9dc,VAC-1170,CAND-10170,HR (ОФФЕР),Отправить оффер,Send Task,HR_Manager_7,2025-09-21 20:24:29.325256,2025-09-21 20:33:29.325256,540,sent,
238bb9b6-7101-447b-a2bb-08086dedc9dc,VAC-1170,CAND-10170,HR (ОФФЕР),Timer: ожидание ответа (7 дн),Timer,,2025-09-21 20:33:29.325256,2025-09-24 20:33:29.325256,259200,timer_elapsed,
238bb9b6-7101-447b-a2bb-08086dedc9dc,VAC-1170,CAND-10170,SECURITY,Background Check,Call Activity,Служба_БД_8,2025-09-25 23:11:29.325256,2025-09-26 03:49:29.325256,16680,report_ready,
238bb9b6-7101-447b-a2bb-08086dedc9dc,VAC-1170,CAND-10170,IT,Выдача оборудования,Task,IT_Specialist_3,2025-09-26 05:10:29.325256,2025-09-26 07:32:29.325256,8520,,
238bb9b6-7101-447b-a2bb-08086dedc9dc,VAC-1170,CAND-10170,IT,Создать доступы,Task,IT_Specialist_4,2025-09-26 07:41:29.325256,2025-09-26 08:40:29.325256,3540,,
238bb9b6-7101-447b-a2bb-08086dedc9dc,VAC-1170,CAND-10170,IT,HR/Training: Вводное обучение,Service Task,Наталья_9,2025-09-29 03:28:29.325256,2025-09-29 07:47:29.325256,15540,,
238bb9b6-7101-447b-a2bb-08086dedc9dc,VAC-1170,CAND-10170,IT,Назначить ментора,Task,Ольга_9,2025-09-29 10:36:29.325256,2025-09-29 11:25:29.325256,2940,,
238bb9b6-7101-447b-a2bb-08086dedc9dc,VAC-1170,CAND-10170,IT,Message: уведомить всех,Message,system,2025-09-29 12:19:29.325256,2025-09-29 12:45:29.325256,1560,notified,
238bb9b6-7101-447b-a2bb-08086dedc9dc,VAC-1170,CAND-10170,HR (финал),Обновить статус в HCM,Service Task,Наталья_6,2025-09-29 13:43:29.325256,2025-09-29 13:45:29.325256,120,,
238bb9b6-7101-447b-a2bb-08086dedc9dc,VAC-1170,CAND-10170,HR (финал),Payroll / учет,Service Task,Марина_1,2025-09-29 13:49:29.325256,2025-09-29 14:11:29.325256,1320,,
238bb9b6-7101-447b-a2bb-08086dedc9dc,VAC-1170,CAND-10170,HR (финал),Закрыть вакансию на порталах,Service Task,Наталья_9,2025-09-29 14:37:29.325256,2025-09-29 14:45:29.325256,480,,
238bb9b6-7101-447b-a2bb-08086dedc9dc,VAC-1170,CAND-10170,HR (финал),Hire Completed,End Event,system,2025-09-29 15:15:29.325256,2025-09-29 15:15:29.325256,0,hired,
243d84e6-41b2-4d59-a48b-201c556e915f,VAC-1069,CAND-10069,РУКОВОДИТЕЛЬ,Создать заявку,User Task,Сидоров_5,2025-09-05 18:13:29.325256,2025-09-05 19:13:29.325256,3600,,
243d84e6-41b2-4d59-a48b-201c556e915f,VAC-1069,CAND-10069,HR,Зарегистрировать в HCM,Service Task,Наталья_4,2025-09-05 20:12:29.325256,2025-09-05 20:13:29.325256,60,,
243d84e6-41b2-4d59-a48b-201c556e915f,VAC-1069,CAND-10069,РЕКРУТЕР,Разместить вакансию,Task,Екатерина_8,2025-09-05 21:01:29.325256,2025-09-05 21:26:29.325256,1500,,
243d84e6-41b2-4d59-a48b-201c556e915f,VAC-1069,CAND-10069,РЕКРУТЕР,Собирать резюме,Task,Екатерина_4,2025-09-05 23:40:29.325256,2025-09-06 03:08:29.325256,12480,,
243d84e6-41b2-4d59-a48b-201c556e915f,VAC-1069,CAND-10069,РЕКРУТЕР,Скрининг,Task,Екатерина_6,2025-09-06 04:03:29.325256,2025-09-06 04:37:29.325256,2040,rejected,не прошёл тест
243d84e6-41b2-4d59-a48b-201c556e915f,VAC-1069,CAND-10069,РЕКРУТЕР,Скрининг,Task,Екатерина_6,2025-09-06 05:03:29.325256,2025-09-06 05:49:29.325256,2760,rejected,некорректное резюме
24bae5fe-9e40-4175-8ed1-c6cf151e66a5,VAC-1010,CAND-10010,РУКОВОДИТЕЛЬ,Создать заявку,User Task,Сидоров_1,2025-10-16 15:32:29.325256,2025-10-16 16:08:29.325256,2160,,
24bae5fe-9e40-4175-8ed1-c6cf151e66a5,VAC-1010,CAND-10010,HR,Зарегистрировать в HCM,Service Task,Ольга_5,2025-10-16 16:14:29.325256,2025-10-16 16:35:29.325256,1260,,
24bae5fe-9e40-4175-8ed1-c6cf151e66a5,VAC-1010,CAND-10010,РЕКРУТЕР,Разместить вакансию,Task,Дмитрий_3,2025-10-16 16:38:29.325256,2025-10-16 16:48:29.325256,600,,
24bae5fe-9e40-4175-8ed1-c6cf151e66a5,VAC-1010,CAND-10010,РЕКРУТЕР,Собирать резюме,Task,Алексей_8,2025-10-16 22:24:29.325256,2025-10-17 00:01:29.325256,5820,,
24bae5fe-9e40-4175-8ed1-c6cf151e66a5,VAC-1010,CAND-10010,РЕКРУТЕР,Скрининг,Task,Дмитрий_9,2025-10-17 01:16:29.325256,2025-10-17 02:51:29.325256,5700,passed,
24bae5fe-9e40-4175-8ed1-c6cf151e66a5,VAC-1010,CAND-10010,ИНТЕРВЬЮЕРЫ,Назначить интервью,User Task,Андрей_9,2025-10-17 03:40:29.325256,2025-10-17 04:29:29.325256,2940,,
24bae5fe-9e40-4175-8ed1-c6cf151e66a5,VAC-1010,CAND-10010,ИНТЕРВЬЮЕРЫ,Интервью (раунд 1),User Task,Сергей_3,2025-10-17 06:33:29.325256,2025-10-17 09:32:29.325256,10740,passed,
24bae5fe-9e40-4175-8ed1-c6cf151e66a5,VAC-1010,CAND-10010,ИНТЕРВЬЮЕРЫ,Финальное интервью,User Task,Андрей_6,2025-10-17 10:06:29.325256,2025-10-17 11:54:29.325256,6480,passed,
24bae5fe-9e40-4175-8ed1-c6cf151e66a5,VAC-1010,CAND-10010,HR (ОФФЕР),Согласовать условия,User Task,HR_Manager_2,2025-10-17 12:30:29.325256,2025-10-17 15:54:29.325256,12240,,
24bae5fe-9e40-4175-8ed1-c6cf151e66a5,VAC-1010,CAND-10010,HR (ОФФЕР),Сгенерировать оффер,Service Task,HR_Manager_3,2025-10-17 16:21:29.325256,2025-10-17 16:47:29.325256,1560,,
24bae5fe-9e40-4175-8ed1-c6cf151e66a5,VAC-1010,CAND-10010,HR (ОФФЕР),Отправить оффер,Send Task,HR_Manager_7,2025-10-17 16:55:29.325256,2025-10-17 16:58:29.325256,180,sent,
24bae5fe-9e40-4175-8ed1-c6cf151e66a5,VAC-1010,CAND-10010,HR (ОФФЕР),Timer: ожидание ответа (7 дн),Timer,,2025-10-17 16:58:29.325256,2025-10-19 16:58:29.325256,172800,timer_elapsed,
24bae5fe-9e40-4175-8ed1-c6cf151e66a5,VAC-1010,CAND-10010,SECURITY,Background Check,Call Activity,Служба_БД_5,2025-10-20 15:39:29.325256,2025-10-21 06:42:29.325256,54180,report_ready,
24bae5fe-9e40-4175-8ed1-c6cf151e66a5,VAC-1010,CAND-10010,IT,Выдача оборудования,Task,IT_Specialist_1,2025-10-21 08:12:29.325256,2025-10-21 09:09:29.325256,3420,,
24bae5fe-9e40-4175-8ed1-c6cf151e66a5,VAC-1010,CAND-10010,IT,Создать доступы,Task,IT_Specialist_4,2025-10-21 11:03:29.325256,2025-10-21 13:13:29.325256,7800,,
24bae5fe-9e40-4175-8ed1-c6cf151e66a5,VAC-1010,CAND-10010,IT,HR/Training: Вводное обучение,Service Task,Ольга_4,2025-10-24 04:04:29.325256,2025-10-24 08:03:29.325256,14340,,
24bae5fe-9e40-4175-8ed1-c6cf151e66a5,VAC-1010,CAND-10010,IT,Назначить ментора,Task,Марина_4,2025-10-24 09:05:29.325256,2025-10-24 09:18:29.325256,780,,
24bae5fe-9e40-4175-8ed1-c6cf151e66a5,VAC-1010,CAND-10010,IT,Message: уведомить всех,Message,system,2025-10-24 09:44:29.325256,2025-10-24 09:55:29.325256,660,notified,
24bae5fe-9e40-4175-8ed1-c6cf151e66a5,VAC-1010,CAND-10010,HR (финал),Обновить статус в HCM,Service Task,Наталья_5,2025-10-24 10:31:29.325256,2025-10-24 11:27:29.325256,3360,,
24bae5fe-9e40-4175-8ed1-c6cf151e66a5,VAC-1010,CAND-10010,HR (финал),Payroll / учет,Service Task,Марина_7,2025-10-24 11:50:29.325256,2025-10-24 12:32:29.325256,2520,,
24bae5fe-9e40-4175-8ed1-c6cf151e66a5,VAC-1010,CAND-10010,HR (финал),Закрыть вакансию на порталах,Service Task,Марина_6,2025-10-24 13:16:29.325256,2025-10-24 14:10:29.325256,3240,,
24bae5fe-9e40-4175-8ed1-c6cf151e66a5,VAC-1010,CAND-10010,HR (финал),Hire Completed,End Event,system,2025-10-24 14:12:29.325256,2025-10-24 14:12:29.325256,0,hired,
269057af-a4e4-4831-9e8a-fe5afb80e9c6,VAC-1195,CAND-10195,РУКОВОДИТЕЛЬ,Создать заявку,User Task,Иванов_7,2025-08-23 21:31:29.325256,2025-08-23 22:19:29.325256,2880,,
269057af-a4e4-4831-9e8a-fe5afb80e9c6,VAC-1195,CAND-10195,HR,Зарегистрировать в HCM,Service Task,Марина_2,2025-08-23 22:48:29.325256,2025-08-23 23:05:29.325256,1020,,
269057af-a4e4-4831-9e8a-fe5afb80e9c6,VAC-1195,CAND-10195,РЕКРУТЕР,Разместить вакансию,Task,Дмитрий_7,2025-08-23 23:13:29.325256,2025-08-23 23:41:29.325256,1680,,
269057af-a4e4-4831-9e8a-fe5afb80e9c6,VAC-1195,CAND-10195,РЕКРУТЕР,Собирать резюме,Task,Екатерина_3,2025-08-24 04:53:29.325256,2025-08-24 05:49:29.325256,3360,,
269057af-a4e4-4831-9e8a-fe5afb80e9c6,VAC-1195,CAND-10195,РЕКРУТЕР,Скрининг,Task,Алексей_6,2025-08-24 06:02:29.325256,2025-08-24 06:53:29.325256,3060,passed,
269057af-a4e4-4831-9e8a-fe5afb80e9c6,VAC-1195,CAND-10195,ИНТЕРВЬЮЕРЫ,Назначить интервью,User Task,Андрей_7,2025-08-24 09:06:29.325256,2025-08-24 09:18:29.325256,720,,
269057af-a4e4-4831-9e8a-fe5afb80e9c6,VAC-1195,CAND-10195,ИНТЕРВЬЮЕРЫ,Интервью (раунд 1),User Task,Анна_5,2025-08-24 11:55:29.325256,2025-08-24 13:36:29.325256,6060,rejected,культурный профиль
278e03b2-6629-41b7-b7e2-d0e179b1cad2,VAC-1194,CAND-10194,РУКОВОДИТЕЛЬ,Создать заявку,User Task,Иванов_8,2025-09-18 12:48:29.325256,2025-09-18 13:13:29.325256,1500,,
278e03b2-6629-41b7-b7e2-d0e179b1cad2,VAC-1194,CAND-10194,HR,Зарегистрировать в HCM,Service Task,Наталья_8,2025-09-18 13:21:29.325256,2025-09-18 13:38:29.325256,1020,,
278e03b2-6629-41b7-b7e2-d0e179b1cad2,VAC-1194,CAND-10194,РЕКРУТЕР,Разместить вакансию,Task,Екатерина_5,2025-09-18 14:27:29.325256,2025-09-18 15:23:29.325256,3360,,
278e03b2-6629-41b7-b7e2-d0e179b1cad2,VAC-1194,CAND-10194,РЕКРУТЕР,Собирать резюме,Task,Алексей_2,2025-09-18 20:18:29.325256,2025-09-18 23:52:29.325256,12840,,
278e03b2-6629-41b7-b7e2-d0e179b1cad2,VAC-1194,CAND-10194,РЕКРУТЕР,Скрининг,Task,Алексей_7,2025-09-19 00:38:29.325256,2025-09-19 01:46:29.325256,4080,passed,
278e03b2-6629-41b7-b7e2-d0e179b1cad2,VAC-1194,CAND-10194,ИНТЕРВЬЮЕРЫ,Назначить интервью,User Task,Сергей_8,2025-09-19 04:49:29.325256,2025-09-19 05:41:29.325256,3120,,
278e03b2-6629-41b7-b7e2-d0e179b1cad2,VAC-1194,CAND-10194,ИНТЕРВЬЮЕРЫ,Интервью (раунд 1),User Task,Сергей_4,2025-09-19 08:32:29.325256,2025-09-19 10:46:29.325256,8040,passed,
278e03b2-6629-41b7-b7e2-d0e179b1cad2,VAC-1194,CAND-10194,ИНТЕРВЬЮЕРЫ,Финальное интервью,User Task,Сергей_3,2025-09-19 11:27:29.325256,2025-09-19 13:58:29.325256,9060,rejected,финал не пройден
28d44e0a-21c8-4a7a-9732-8e5c7c9895c3,VAC-1178,CAND-10178,РУКОВОДИТЕЛЬ,Создать заявку,User Task,Сидоров_1,2025-10-21 11:32:29.325256,2025-10-21 12:20:29.325256,2880,,
28d44e0a-21c8-4a7a-9732-8e5c7c9895c3,VAC-1178,CAND-10178,HR,Зарегистрировать в HCM,Service Task,Ольга_8,2025-10-21 12:28:29.325256,2025-10-21 12:41:29.325256,780,,
28d44e0a-21c8-4a7a-9732-8e5c7c9895c3,VAC-1178,CAND-10178,РЕКРУТЕР,Разместить вакансию,Task,Дмитрий_6,2025-10-21 13:21:29.325256,2025-10-21 13:36:29.325256,900,,
28d44e0a-21c8-4a7a-9732-8e5c7c9895c3,VAC-1178,CAND-10178,РЕКРУТЕР,Собирать резюме,Task,Екатерина_2,2025-10-21 15:15:29.325256,2025-10-21 18:30:29.325256,11700,,
28d44e0a-21c8-4a7a-9732-8e5c7c9895c3,VAC-1178,CAND-10178,РЕКРУТЕР,Скрининг,Task,Алексей_3,2025-10-21 19:46:29.325256,2025-10-21 20:25:29.325256,2340,rejected,не соотв. опыту
2965b0b5-e1b0-46c4-9e7c-96f6aec9f5a7,VAC-1027,CAND-10027,РУКОВОДИТЕЛЬ,Создать заявку,User Task,Кузнецов_6,2025-10-16 21:54:29.325256,2025-10-16 22:33:29.325256,2340,,
2965b0b5-e1b0-46c4-9e7c-96f6aec9f5a7,VAC-1027,CAND-10027,HR,Зарегистрировать в HCM,Service Task,Ольга_9,2025-10-16 23:14:29.325256,2025-10-16 23:37:29.325256,1380,,
2965b0b5-e1b0-46c4-9e7c-96f6aec9f5a7,VAC-1027,CAND-10027,РЕКРУТЕР,Разместить вакансию,Task,Алексей_4,2025-10-16 23:40:29.325256,2025-10-17 01:09:29.325256,5340,,
2965b0b5-e1b0-46c4-9e7c-96f6aec9f5a7,VAC-1027,CAND-10027,РЕКРУТЕР,Собирать резюме,Task,Дмитрий_4,2025-10-17 06:42:29.325256,2025-10-17 10:07:29.325256,12300,,
2965b0b5-e1b0-46c4-9e7c-96f6aec9f5a7,VAC-1027,CAND-10027,РЕКРУТЕР,Скрининг,Task,Дмитрий_2,2025-10-17 11:47:29.325256,2025-10-17 12:47:29.325256,3600,rejected,не соотв. опыту
2965b0b5-e1b0-46c4-9e7c-96f6aec9f5a7,VAC-1027,CAND-10027,РЕКРУТЕР,Скрининг,Task,Дмитрий_2,2025-10-17 12:47:29.325256,2025-10-17 13:20:29.325256,1980,rejected,не соотв. опыту
2965b0b5-e1b0-46c4-9e7c-96f6aec9f5a7,VAC-1027,CAND-10027,РЕКРУТЕР,Скрининг,Task,Дмитрий_2,2025-10-17 13:47:29.325256,2025-10-17 14:36:29.325256,2940,rejected,некорректное резюме
2997dcd0-62f1-4e5d-b211-8d0db6facf1c,VAC-1057,CAND-10057,РУКОВОДИТЕЛЬ,Создать заявку,User Task,Иванов_6,2025-10-10 16:32:29.325256,2025-10-10 17:12:29.325256,2400,,
2997dcd0-62f1-4e5d-b211-8d0db6facf1c,VAC-1057,CAND-10057,HR,Зарегистрировать в HCM,Service Task,Наталья_5,2025-10-10 17:28:29.325256,2025-10-10 17:43:29.325256,900,,
2997dcd0-62f1-4e5d-b211-8d0db6facf1c,VAC-1057,CAND-10057,РЕКРУТЕР,Разместить вакансию,Task,Алексей_2,2025-10-10 18:12:29.325256,2025-10-10 18:53:29.325256,2460,,
2997dcd0-62f1-4e5d-b211-8d0db6facf1c,VAC-1057,CAND-10057,РЕКРУТЕР,Собирать резюме,Task,Дмитрий_7,2025-10-10 19:28:29.325256,2025-10-10 21:12:29.325256,6240,,
2997dcd0-62f1-4e5d-b211-8d0db6facf1c,VAC-1057,CAND-10057,РЕКРУТЕР,Скрининг,Task,Алексей_6,2025-10-10 21:48:29.325256,2025-10-10 22:13:29.325256,1500,rejected,не соотв. опыту
2997dcd0-62f1-4e5d-b211-8d0db6facf1c,VAC-1057,CAND-10057,РЕКРУТЕР,Скрининг,Task,Алексей_6,2025-10-10 22:48:29.325256,2025-10-10 23:41:29.325256,3180,rejected,не соотв. опыту
2997dcd0-62f1-4e5d-b211-8d0db6facf1c,VAC-1057,CAND-10057,РЕКРУТЕР,Скрининг,Task,Алексей_6,2025-10-10 23:48:29.325256,2025-10-11 00:24:29.325256,2160,rejected,не прошёл тест
29ce8a77-4858-453c-92d2-b1201da6fea6,VAC-1112,CAND-10112,РУКОВОДИТЕЛЬ,Создать заявку,User Task,Петров_6,2025-09-25 20:46:29.325256,2025-09-25 21:27:29.325256,2460,,
29ce8a77-4858-453c-92d2-b1201da6fea6,VAC-1112,CAND-10112,HR,Зарегистрировать в HCM,Service Task,Марина_2,2025-09-25 22:01:29.325256,2025-09-25 22:18:29.325256,1020,,
29ce8a77-4858-453c-92d2-b1201da6fea6,VAC-1112,CAND-10112,РЕКРУТЕР,Разместить вакансию,Task,Екатерина_4,2025-09-25 22:46:29.325256,2025-09-26 00:20:29.325256,5640,,
29ce8a77-4858-453c-92d2-b1201da6fea6,VAC-1112,CAND-10112,РЕКРУТЕР,Собирать резюме,Task,Екатерина_7,2025-09-26 04:36:29.325256,2025-09-26 06:34:29.325256,7080,,
29ce8a77-4858-453c-92d2-b1201da6fea6,VAC-1112,CAND-10112,РЕКРУТЕР,Скрининг,Task,Екатерина_1,2025-09-26 06:58:29.325256,2025-09-26 08:50:29.325256,6720,passed,
29ce8a77-4858-453c-92d2-b1201da6fea6,VAC-1112,CAND-10112,ИНТЕРВЬЮЕРЫ,Назначить интервью,User Task,Сергей_8,2025-09-26 10:00:29.325256,2025-09-26 10:37:29.325256,2220,,
29ce8a77-4858-453c-92d2-b1201da6fea6,VAC-1112,CAND-10112,ИНТЕРВЬЮЕРЫ,Интервью (раунд 1),User Task,Сергей_5,2025-09-26 11:26:29.325256,2025-09-26 14:01:29.325256,9300,passed,
29ce8a77-4858-453c-92d2-b1201da6fea6,VAC-1112,CAND-10112,ИНТЕРВЬЮЕРЫ,Финальное интервью,User Task,Анна_7,2025-09-26 14:37:29.325256,2025-09-26 17:16:29.325256,9540,passed,
29ce8a77-4858-453c-92d2-b1201da6fea6,VAC-1112,CAND-10112,HR (ОФФЕР),Согласовать условия,User Task,HR_Manager_2,2025-09-26 18:17:29.325256,2025-09-26 22:16:29.325256,14340,,
29ce8a77-4858-453c-92d2-b1201da6fea6,VAC-1112,CAND-10112,HR (ОФФЕР),Сгенерировать оффер,Service Task,HR_Manager_2,2025-09-26 22:50:29.325256,2025-09-26 23:06:29.325256,960,,
29ce8a77-4858-453c-92d2-b1201da6fea6,VAC-1112,CAND-10112,HR (ОФФЕР),Отправить оффер,Send Task,HR_Manager_2,2025-09-26 23:22:29.325256,2025-09-26 23:30:29.325256,480,sent,
29ce8a77-4858-453c-92d2-b1201da6fea6,VAC-1112,CAND-10112,HR (ОФФЕР),Timer: ожидание ответа (7 дн),Timer,,2025-09-26 23:30:29.325256,2025-10-03 23:30:29.325256,604800,timer_elapsed,
29ce8a77-4858-453c-92d2-b1201da6fea6,VAC-1112,CAND-10112,SECURITY,Background Check,Call Activity,Служба_БД_7,2025-10-04 00:43:29.325256,2025-10-04 05:13:29.325256,16200,report_ready,
29ce8a77-4858-453c-92d2-b1201da6fea6,VAC-1112,CAND-10112,IT,Выдача оборудования,Task,IT_Specialist_5,2025-10-04 06:24:29.325256,2025-10-04 06:54:29.325256,1800,,
29ce8a77-4858-453c-92d2-b1201da6fea6,VAC-1112,CAND-10112,IT,Создать доступы,Task,IT_Specialist_8,2025-10-04 08:52:29.325256,2025-10-04 11:12:29.325256,8400,,
29ce8a77-4858-453c-92d2-b1201da6fea6,VAC-1112,CAND-10112,IT,HR/Training: Вводное обучение,Service Task,Наталья_4,2025-10-06 09:45:29.325256,2025-10-06 13:51:29.325256,14760,,
29ce8a77-4858-453c-92d2-b1201da6fea6,VAC-1112,CAND-10112,IT,Назначить ментора,Task,Ольга_9,2025-10-06 17:32:29.325256,2025-10-06 18:40:29.325256,4080,,
29ce8a77-4858-453c-92d2-b1201da6fea6,VAC-1112,CAND-10112,IT,Message: уведомить всех,Message,system,2025-10-06 19:30:29.325256,2025-10-06 19:50:29.325256,1200,notified,
29ce8a77-4858-453c-92d2-b1201da6fea6,VAC-1112,CAND-10112,HR (финал),Обновить статус в HCM,Service Task,Марина_6,2025-10-06 21:07:29.325256,2025-10-06 21:38:29.325256,1860,,
29ce8a77-4858-453c-92d2-b1201da6fea6,VAC-1112,CAND-10112,HR (финал),Payroll / учет,Service Task,Наталья_2,2025-10-06 22:24:29.325256,2025-10-06 22:53:29.325256,1740,,
29ce8a77-4858-453c-92d2-b1201da6fea6,VAC-1112,CAND-10112,HR (финал),Закрыть вакансию на порталах,Service Task,Наталья_1,2025-10-06 23:42:29.325256,2025-10-07 00:25:29.325256,2580,,
29ce8a77-4858-453c-92d2-b1201da6fea6,VAC-1112,CAND-10112,HR (финал),Hire Completed,End Event,system,2025-10-07 00:47:29.325256,2025-10-07 00:47:29.325256,0,hired,
2a0e9ee6-09a5-43ab-a7d4-2ade67be5b91,VAC-1029,CAND-10029,РУКОВОДИТЕЛЬ,Создать заявку,User Task,Иванов_8,2025-10-02 15:29:29.325256,2025-10-02 15:50:29.325256,1260,,
2a0e9ee6-09a5-43ab-a7d4-2ade67be5b91,VAC-1029,CAND-10029,HR,Зарегистрировать в HCM,Service Task,Марина_9,2025-10-02 16:48:29.325256,2025-10-02 16:58:29.325256,600,,
2a0e9ee6-09a5-43ab-a7d4-2ade67be5b91,VAC-1029,CAND-10029,РЕКРУТЕР,Разместить вакансию,Task,Дмитрий_6,2025-10-02 17:09:29.325256,2025-10-02 17:28:29.325256,1140,,
2a0e9ee6-09a5-43ab-a7d4-2ade67be5b91,VAC-1029,CAND-10029,РЕКРУТЕР,Собирать резюме,Task,Екатерина_7,2025-10-02 22:38:29.325256,2025-10-03 00:24:29.325256,6360,,
2a0e9ee6-09a5-43ab-a7d4-2ade67be5b91,VAC-1029,CAND-10029,РЕКРУТЕР,Скрининг,Task,Дмитрий_5,2025-10-03 01:57:29.325256,2025-10-03 02:34:29.325256,2220,passed,
2a0e9ee6-09a5-43ab-a7d4-2ade67be5b91,VAC-1029,CAND-10029,ИНТЕРВЬЮЕРЫ,Назначить интервью,User Task,Сергей_2,2025-10-03 04:42:29.325256,2025-10-03 05:41:29.325256,3540,,
2a0e9ee6-09a5-43ab-a7d4-2ade67be5b91,VAC-1029,CAND-10029,ИНТЕРВЬЮЕРЫ,Интервью (раунд 1),User Task,Сергей_5,2025-10-03 07:48:29.325256,2025-10-03 10:44:29.325256,10560,passed,
2a0e9ee6-09a5-43ab-a7d4-2ade67be5b91,VAC-1029,CAND-10029,ИНТЕРВЬЮЕРЫ,Финальное интервью,User Task,Анна_1,2025-10-03 11:13:29.325256,2025-10-03 13:24:29.325256,7860,passed,
2a0e9ee6-09a5-43ab-a7d4-2ade67be5b91,VAC-1029,CAND-10029,HR (ОФФЕР),Согласовать условия,User Task,HR_Manager_5,2025-10-03 14:51:29.325256,2025-10-03 18:31:29.325256,13200,,
2a0e9ee6-09a5-43ab-a7d4-2ade67be5b91,VAC-1029,CAND-10029,HR (ОФФЕР),Сгенерировать оффер,Service Task,HR_Manager_6,2025-10-03 19:25:29.325256,2025-10-03 19:52:29.325256,1620,,
2a0e9ee6-09a5-43ab-a7d4-2ade67be5b91,VAC-1029,CAND-10029,HR (ОФФЕР),Отправить оффер,Send Task,HR_Manager_3,2025-10-03 20:00:29.325256,2025-10-03 20:04:29.325256,240,sent,
2a0e9ee6-09a5-43ab-a7d4-2ade67be5b91,VAC-1029,CAND-10029,HR (ОФФЕР),Timer: ожидание ответа (7 дн),Timer,,2025-10-03 20:04:29.325256,2025-10-05 20:04:29.325256,172800,timer_elapsed,
2a0e9ee6-09a5-43ab-a7d4-2ade67be5b91,VAC-1029,CAND-10029,HR (ОФФЕР),Переговоры / отказ,Task,HR_Manager_8,2025-10-07 16:12:29.325256,2025-10-07 16:27:29.325256,900,rejected,
2a6fdf6c-2e2b-4a61-b4c5-52ac76bd33a9,VAC-1132,CAND-10132,РУКОВОДИТЕЛЬ,Создать заявку,User Task,Сидоров_8,2025-09-23 13:57:29.325256,2025-09-23 14:56:29.325256,3540,,
2a6fdf6c-2e2b-4a61-b4c5-52ac76bd33a9,VAC-1132,CAND-10132,HR,Зарегистрировать в HCM,Service Task,Марина_1,2025-09-23 15:16:29.325256,2025-09-23 15:25:29.325256,540,,
2a6fdf6c-2e2b-4a61-b4c5-52ac76bd33a9,VAC-1132,CAND-10132,РЕКРУТЕР,Разместить вакансию,Task,Екатерина_3,2025-09-23 15:51:29.325256,2025-09-23 16:13:29.325256,1320,,
2a6fdf6c-2e2b-4a61-b4c5-52ac76bd33a9,VAC-1132,CAND-10132,РЕКРУТЕР,Собирать резюме,Task,Дмитрий_8,2025-09-23 16:53:29.325256,2025-09-23 18:18:29.325256,5100,,
2a6fdf6c-2e2b-4a61-b4c5-52ac76bd33a9,VAC-1132,CAND-10132,РЕКРУТЕР,Скрининг,Task,Алексей_8,2025-09-23 20:10:29.325256,2025-09-23 20:38:29.325256,1680,rejected,некорректное резюме
2a6fdf6c-2e2b-4a61-b4c5-52ac76bd33a9,VAC-1132,CAND-10132,РЕКРУТЕР,Скрининг,Task,Алексей_8,2025-09-23 21:10:29.325256,2025-09-23 21:50:29.325256,2400,rejected,не прошёл тест
2c97b648-dcf6-4d9d-a45e-e0ab75c2ad8a,VAC-1016,CAND-10016,РУКОВОДИТЕЛЬ,Создать заявку,User Task,Иванов_7,2025-09-06 15:27:29.325256,2025-09-06 16:03:29.325256,2160,,
2c97b648-dcf6-4d9d-a45e-e0ab75c2ad8a,VAC-1016,CAND-10016,HR,Зарегистрировать в HCM,Service Task,Марина_7,2025-09-06 16:25:29.325256,2025-09-06 16:47:29.325256,1320,,
2c97b648-dcf6-4d9d-a45e-e0ab75c2ad8a,VAC-1016,CAND-10016,РЕКРУТЕР,Разместить вакансию,Task,Дмитрий_3,2025-09-06 17:34:29.325256,2025-09-06 18:05:29.325256,1860,,
2c97b648-dcf6-4d9d-a45e-e0ab75c2ad8a,VAC-1016,CAND-10016,РЕКРУТЕР,Собирать резюме,Task,Алексей_7,2025-09-06 23:33:29.325256,2025-09-07 02:19:29.325256,9960,,
2c97b648-dcf6-4d9d-a45e-e0ab75c2ad8a,VAC-1016,CAND-10016,РЕКРУТЕР,Скрининг,Task,Екатерина_1,2025-09-07 03:39:29.325256,2025-09-07 04:56:29.325256,4620,passed,
2c97b648-dcf6-4d9d-a45e-e0ab75c2ad8a,VAC-1016,CAND-10016,ИНТЕРВЬЮЕРЫ,Назначить интервью,User Task,Сергей_3,2025-09-07 07:15:29.325256,2025-09-07 07:28:29.325256,780,,
2c97b648-dcf6-4d9d-a45e-e0ab75c2ad8a,VAC-1016,CAND-10016,ИНТЕРВЬЮЕРЫ,Интервью (раунд 1),User Task,Сергей_6,2025-09-07 09:04:29.325256,2025-09-07 11:11:29.325256,7620,passed,
2c97b648-dcf6-4d9d-a45e-e0ab75c2ad8a,VAC-1016,CAND-10016,ИНТЕРВЬЮЕРЫ,Финальное интервью,User Task,Сергей_5,2025-09-07 13:01:29.325256,2025-09-07 15:08:29.325256,7620,passed,
2c97b648-dcf6-4d9d-a45e-e0ab75c2ad8a,VAC-1016,CAND-10016,HR (ОФФЕР),Согласовать условия,User Task,HR_Manager_1,2025-09-07 17:04:29.325256,2025-09-07 17:54:29.325256,3000,,
2c97b648-dcf6-4d9d-a45e-e0ab75c2ad8a,VAC-1016,CAND-10016,HR (ОФФЕР),Сгенерировать оффер,Service Task,HR_Manager_6,2025-09-07 18:46:29.325256,2025-09-07 19:05:29.325256,1140,,
2c97b648-dcf6-4d9d-a45e-e0ab75c2ad8a,VAC-1016,CAND-10016,HR (ОФФЕР),Отправить оффер,Send Task,HR_Manager_1,2025-09-07 19:13:29.325256,2025-09-07 19:15:29.325256,120,sent,
2c97b648-dcf6-4d9d-a45e-e0ab75c2ad8a,VAC-1016,CAND-10016,HR (ОФФЕР),Timer: ожидание ответа (7 дн),Timer,,2025-09-07 19:15:29.325256,2025-09-10 19:15:29.325256,259200,timer_elapsed,
2c97b648-dcf6-4d9d-a45e-e0ab75c2ad8a,VAC-1016,CAND-10016,SECURITY,Background Check,Call Activity,Служба_БД_4,2025-09-10 20:39:29.325256,2025-09-11 18:51:29.325256,79920,report_ready,
2c97b648-dcf6-4d9d-a45e-e0ab75c2ad8a,VAC-1016,CAND-10016,IT,Выдача оборудования,Task,IT_Specialist_8,2025-09-11 20:17:29.325256,2025-09-11 21:16:29.325256,3540,,
2c97b648-dcf6-4d9d-a45e-e0ab75c2ad8a,VAC-1016,CAND-10016,IT,Создать доступы,Task,IT_Specialist_3,2025-09-11 22:50:29.325256,2025-09-12 00:05:29.325256,4500,,
2c97b648-dcf6-4d9d-a45e-e0ab75c2ad8a,VAC-1016,CAND-10016,IT,HR/Training: Вводное обучение,Service Task,Наталья_5,2025-09-12 15:44:29.325256,2025-09-12 23:22:29.325256,27480,,
2c97b648-dcf6-4d9d-a45e-e0ab75c2ad8a,VAC-1016,CAND-10016,IT,Назначить ментора,Task,Наталья_5,2025-09-12 23:54:29.325256,2025-09-13 01:18:29.325256,5040,,
2c97b648-dcf6-4d9d-a45e-e0ab75c2ad8a,VAC-1016,CAND-10016,IT,Message: уведомить всех,Message,system,2025-09-13 01:55:29.325256,2025-09-13 02:17:29.325256,1320,notified,
2c97b648-dcf6-4d9d-a45e-e0ab75c2ad8a,VAC-1016,CAND-10016,HR (финал),Обновить статус в HCM,Service Task,Ольга_4,2025-09-13 04:14:29.325256,2025-09-13 04:39:29.325256,1500,,
2c97b648-dcf6-4d9d-a45e-e0ab75c2ad8a,VAC-1016,CAND-10016,HR (финал),Payroll / учет,Service Task,Марина_4,2025-09-13 04:44:29.325256,2025-09-13 05:22:29.325256,2280,,
2c97b648-dcf6-4d9d-a45e-e0ab75c2ad8a,VAC-1016,CAND-10016,HR (финал),Закрыть вакансию на порталах,Service Task,Ольга_2,2025-09-13 05:29:29.325256,2025-09-13 06:14:29.325256,2700,,
2c97b648-dcf6-4d9d-a45e-e0ab75c2ad8a,VAC-1016,CAND-10016,HR (финал),Hire Completed,End Event,system,2025-09-13 07:05:29.325256,2025-09-13 07:05:29.325256,0,hired,
2d69e37c-bad9-47e5-bfe7-e8984cf70775,VAC-1180,CAND-10180,РУКОВОДИТЕЛЬ,Создать заявку,User Task,Кузнецов_3,2025-10-19 18:05:29.325256,2025-10-19 18:15:29.325256,600,,
2d69e37c-bad9-47e5-bfe7-e8984cf70775,VAC-1180,CAND-10180,HR,Зарегистрировать в HCM,Service Task,Наталья_3,2025-10-19 18:34:29.325256,2025-10-19 18:37:29.325256,180,,
2d69e37c-bad9-47e5-bfe7-e8984cf70775,VAC-1180,CAND-10180,РЕКРУТЕР,Разместить вакансию,Task,Екатерина_3,2025-10-19 18:55:29.325256,2025-10-19 19:19:29.325256,1440,,
2d69e37c-bad9-47e5-bfe7-e8984cf70775,VAC-1180,CAND-10180,РЕКРУТЕР,Собирать резюме,Task,Алексей_9,2025-10-19 23:43:29.325256,2025-10-20 00:51:29.325256,4080,,
2d69e37c-bad9-47e5-bfe7-e8984cf70775,VAC-1180,CAND-10180,РЕКРУТЕР,Скрининг,Task,Дмитрий_7,2025-10-20 02:16:29.325256,2025-10-20 02:29:29.325256,780,rejected,некорректное резюме
2d69e37c-bad9-47e5-bfe7-e8984cf70775,VAC-1180,CAND-10180,РЕКРУТЕР,Скрининг,Task,Дмитрий_7,2025-10-20 03:16:29.325256,2025-10-20 03:43:29.325256,1620,rejected,некорректное резюме
2d69e37c-bad9-47e5-bfe7-e8984cf70775,VAC-1180,CAND-10180,РЕКРУТЕР,Скрининг,Task,Дмитрий_7,2025-10-20 04:16:29.325256,2025-10-20 04:49:29.325256,1980,rejected,не прошёл тест
2d8402ff-d8e0-4596-a036-020b833d125e,VAC-1164,CAND-10164,РУКОВОДИТЕЛЬ,Создать заявку,User Task,Петров_3,2025-09-27 18:24:29.325256,2025-09-27 18:51:29.325256,1620,,
2d8402ff-d8e0-4596-a036-020b833d125e,VAC-1164,CAND-10164,HR,Зарегистрировать в HCM,Service Task,Наталья_8,2025-09-27 19:19:29.325256,2025-09-27 19:39:29.325256,1200,,
2d8402ff-d8e0-4596-a036-020b833d125e,VAC-1164,CAND-10164,РЕКРУТЕР,Разместить вакансию,Task,Алексей_9,2025-09-27 20:34:29.325256,2025-09-27 22:17:29.325256,6180,,
2d8402ff-d8e0-4596-a036-020b833d125e,VAC-1164,CAND-10164,РЕКРУТЕР,Собирать резюме,Task,Екатерина_6,2025-09-28 00:44:29.325256,2025-09-28 02:59:29.325256,8100,,
2d8402ff-d8e0-4596-a036-020b833d125e,VAC-1164,CAND-10164,РЕКРУТЕР,Скрининг,Task,Екатерина_8,2025-09-28 03:08:29.325256,2025-09-28 03:50:29.325256,2520,rejected,некорректное резюме
2de199c0-2ec4-43fd-ac61-1be85e50ce22,VAC-1158,CAND-10158,РУКОВОДИТЕЛЬ,Создать заявку,User Task,Сидоров_8,2025-08-28 18:56:29.325256,2025-08-28 19:16:29.325256,1200,,
2de199c0-2ec4-43fd-ac61-1be85e50ce22,VAC-1158,CAND-10158,HR,Зарегистрировать в HCM,Service Task,Наталья_9,2025-08-28 20:10:29.325256,2025-08-28 20:20:29.325256,600,,
2de199c0-2ec4-43fd-ac61-1be85e50ce22,VAC-1158,CAND-10158,РЕКРУТЕР,Разместить вакансию,Task,Алексей_6,2025-08-28 20:40:29.325256,2025-08-28 21:12:29.325256,1920,,
2de199c0-2ec4-43fd-ac61-1be85e50ce22,VAC-1158,CAND-10158,РЕКРУТЕР,Собирать резюме,Task,Алексей_2,2025-08-28 21:41:29.325256,2025-08-29 01:30:29.325256,13740,,
2de199c0-2ec4-43fd-ac61-1be85e50ce22,VAC-1158,CAND-10158,РЕКРУТЕР,Скрининг,Task,Алексей_8,2025-08-29 02:31:29.325256,2025-08-29 02:48:29.325256,1020,rejected,некорректное резюме
31994acb-b7fb-446e-a489-81798b7d9114,VAC-1155,CAND-10155,РУКОВОДИТЕЛЬ,Создать заявку,User Task,Петров_8,2025-09-02 21:18:29.325256,2025-09-02 22:02:29.325256,2640,,
31994acb-b7fb-446e-a489-81798b7d9114,VAC-1155,CAND-10155,HR,Зарегистрировать в HCM,Service Task,Ольга_1,2025-09-02 22:50:29.325256,2025-09-02 23:09:29.325256,1140,,
31994acb-b7fb-446e-a489-81798b7d9114,VAC-1155,CAND-10155,РЕКРУТЕР,Разместить вакансию,Task,Дмитрий_6,2025-09-02 23:15:29.325256,2025-09-03 01:03:29.325256,6480,,
31994acb-b7fb-446e-a489-81798b7d9114,VAC-1155,CAND-10155,РЕКРУТЕР,Собирать резюме,Task,Алексей_7,2025-09-03 04:21:29.325256,2025-09-03 06:28:29.325256,7620,,
31994acb-b7fb-446e-a489-81798b7d9114,VAC-1155,CAND-10155,РЕКРУТЕР,Скрининг,Task,Алексей_5,2025-09-03 08:20:29.325256,2025-09-03 09:35:29.325256,4500,passed,
31994acb-b7fb-446e-a489-81798b7d9114,VAC-1155,CAND-10155,ИНТЕРВЬЮЕРЫ,Назначить интервью,User Task,Сергей_6,2025-09-03 10:36:29.325256,2025-09-03 11:25:29.325256,2940,,
31994acb-b7fb-446e-a489-81798b7d9114,VAC-1155,CAND-10155,ИНТЕРВЬЮЕРЫ,Интервью (раунд 1),User Task,Андрей_1,2025-09-03 13:40:29.325256,2025-09-03 16:24:29.325256,9840,passed,
31994acb-b7fb-446e-a489-81798b7d9114,VAC-1155,CAND-10155,ИНТЕРВЬЮЕРЫ,Интервью (раунд 2),User Task,Анна_9,2025-09-03 17:21:29.325256,2025-09-03 20:17:29.325256,10560,rejected,недостаточно навыков
33fd6441-ad7c-4efa-9fa9-60798cce9cfe,VAC-1183,CAND-10183,РУКОВОДИТЕЛЬ,Создать заявку,User Task,Иванов_1,2025-09-26 13:34:29.325256,2025-09-26 13:58:29.325256,1440,,
33fd6441-ad7c-4efa-9fa9-60798cce9cfe,VAC-1183,CAND-10183,HR,Зарегистрировать в HCM,Service Task,Ольга_3,2025-09-26 14:24:29.325256,2025-09-26 14:54:29.325256,1800,,
33fd6441-ad7c-4efa-9fa9-60798cce9cfe,VAC-1183,CAND-10183,РЕКРУТЕР,Разместить вакансию,Task,Алексей_1,2025-09-26 15:24:29.325256,2025-09-26 16:14:29.325256,3000,,
33fd6441-ad7c-4efa-9fa9-60798cce9cfe,VAC-1183,CAND-10183,РЕКРУТЕР,Собирать резюме,Task,Дмитрий_5,2025-09-26 21:03:29.325256,2025-09-26 23:42:29.325256,9540,,
33fd6441-ad7c-4efa-9fa9-60798cce9cfe,VAC-1183,CAND-10183,РЕКРУТЕР,Скрининг,Task,Дмитрий_3,2025-09-27 00:47:29.325256,2025-09-27 01:20:29.325256,1980,rejected,некорректное резюме
33fd6441-ad7c-4efa-9fa9-60798cce9cfe,VAC-1183,CAND-10183,РЕКРУТЕР,Скрининг,Task,Дмитрий_3,2025-09-27 01:47:29.325256,2025-09-27 02:36:29.325256,2940,rejected,не соотв. опыту
33fd6441-ad7c-4efa-9fa9-60798cce9cfe,VAC-1183,CAND-10183,РЕКРУТЕР,Скрининг,Task,Дмитрий_3,2025-09-27 02:47:29.325256,2025-09-27 03:38:29.325256,3060,rejected,некорректное резюме
353d3d76-0a16-4295-ad95-e3b1e4304534,VAC-1143,CAND-10143,РУКОВОДИТЕЛЬ,Создать заявку,User Task,Сидоров_6,2025-09-21 16:09:29.325256,2025-09-21 16:22:29.325256,780,,
353d3d76-0a16-4295-ad95-e3b1e4304534,VAC-1143,CAND-10143,HR,Зарегистрировать в HCM,Service Task,Наталья_4,2025-09-21 17:19:29.325256,2025-09-21 17:38:29.325256,1140,,
353d3d76-0a16-4295-ad95-e3b1e4304534,VAC-1143,CAND-10143,РЕКРУТЕР,Разместить вакансию,Task,Дмитрий_2,2025-09-21 17:55:29.325256,2025-09-21 19:48:29.325256,6780,,
353d3d76-0a16-4295-ad95-e3b1e4304534,VAC-1143,CAND-10143,РЕКРУТЕР,Собирать резюме,Task,Екатерина_4,2025-09-22 00:50:29.325256,2025-09-22 03:02:29.325256,7920,,
353d3d76-0a16-4295-ad95-e3b1e4304534,VAC-1143,CAND-10143,РЕКРУТЕР,Скрининг,Task,Екатерина_6,2025-09-22 04:40:29.325256,2025-09-22 05:16:29.325256,2160,rejected,не прошёл тест
356a48de-6fbc-4c4a-a07f-48bf8ad95d34,VAC-1071,CAND-10071,РУКОВОДИТЕЛЬ,Создать заявку,User Task,Кузнецов_8,2025-10-10 18:46:29.325256,2025-10-10 19:32:29.325256,2760,,
356a48de-6fbc-4c4a-a07f-48bf8ad95d34,VAC-1071,CAND-10071,HR,Зарегистрировать в HCM,Service Task,Ольга_3,2025-10-10 19:43:29.325256,2025-10-10 20:07:29.325256,1440,,
356a48de-6fbc-4c4a-a07f-48bf8ad95d34,VAC-1071,CAND-10071,РЕКРУТЕР,Разместить вакансию,Task,Екатерина_8,2025-10-10 20:16:29.325256,2025-10-10 21:58:29.325256,6120,,
356a48de-6fbc-4c4a-a07f-48bf8ad95d34,VAC-1071,CAND-10071,РЕКРУТЕР,Собирать резюме,Task,Екатерина_1,2025-10-10 23:42:29.325256,2025-10-11 02:30:29.325256,10080,,
356a48de-6fbc-4c4a-a07f-48bf8ad95d34,VAC-1071,CAND-10071,РЕКРУТЕР,Скрининг,Task,Алексей_1,2025-10-11 03:42:29.325256,2025-10-11 03:55:29.325256,780,rejected,не прошёл тест
356a48de-6fbc-4c4a-a07f-48bf8ad95d34,VAC-1071,CAND-10071,РЕКРУТЕР,Скрининг,Task,Алексей_1,2025-10-11 04:42:29.325256,2025-10-11 05:01:29.325256,1140,rejected,не соотв. опыту
3b191d83-99b5-4032-bef7-afb3dc8c0f0c,VAC-1099,CAND-10099,РУКОВОДИТЕЛЬ,Создать заявку,User Task,Кузнецов_9,2025-08-26 17:52:29.325256,2025-08-26 18:30:29.325256,2280,,
3b191d83-99b5-4032-bef7-afb3dc8c0f0c,VAC-1099,CAND-10099,HR,Зарегистрировать в HCM,Service Task,Ольга_4,2025-08-26 19:14:29.325256,2025-08-26 19:42:29.325256,1680,,
3b191d83-99b5-4032-bef7-afb3dc8c0f0c,VAC-1099,CAND-10099,РЕКРУТЕР,Разместить вакансию,Task,Алексей_7,2025-08-26 20:13:29.325256,2025-08-26 21:01:29.325256,2880,,
3b191d83-99b5-4032-bef7-afb3dc8c0f0c,VAC-1099,CAND-10099,РЕКРУТЕР,Собирать резюме,Task,Екатерина_9,2025-08-26 21:28:29.325256,2025-08-27 00:06:29.325256,9480,,
3b191d83-99b5-4032-bef7-afb3dc8c0f0c,VAC-1099,CAND-10099,РЕКРУТЕР,Скрининг,Task,Екатерина_3,2025-08-27 01:53:29.325256,2025-08-27 03:11:29.325256,4680,passed,
3b191d83-99b5-4032-bef7-afb3dc8c0f0c,VAC-1099,CAND-10099,ИНТЕРВЬЮЕРЫ,Назначить интервью,User Task,Андрей_3,2025-08-27 06:54:29.325256,2025-08-27 07:27:29.325256,1980,,
3b191d83-99b5-4032-bef7-afb3dc8c0f0c,VAC-1099,CAND-10099,ИНТЕРВЬЮЕРЫ,Интервью (раунд 1),User Task,Сергей_2,2025-08-27 11:23:29.325256,2025-08-27 12:42:29.325256,4740,passed,
3b191d83-99b5-4032-bef7-afb3dc8c0f0c,VAC-1099,CAND-10099,ИНТЕРВЬЮЕРЫ,Финальное интервью,User Task,Анна_3,2025-08-27 16:00:29.325256,2025-08-27 18:21:29.325256,8460,passed,
3b191d83-99b5-4032-bef7-afb3dc8c0f0c,VAC-1099,CAND-10099,HR (ОФФЕР),Согласовать условия,User Task,HR_Manager_6,2025-08-27 20:17:29.325256,2025-08-27 23:19:29.325256,10920,,
3b191d83-99b5-4032-bef7-afb3dc8c0f0c,VAC-1099,CAND-10099,HR (ОФФЕР),Сгенерировать оффер,Service Task,HR_Manager_2,2025-08-28 00:10:29.325256,2025-08-28 00:37:29.325256,1620,,
3b191d83-99b5-4032-bef7-afb3dc8c0f0c,VAC-1099,CAND-10099,HR (ОФФЕР),Отправить оффер,Send Task,HR_Manager_9,2025-08-28 00:50:29.325256,2025-08-28 00:59:29.325256,540,sent,
3b191d83-99b5-4032-bef7-afb3dc8c0f0c,VAC-1099,CAND-10099,HR (ОФФЕР),Timer: ожидание ответа (7 дн),Timer,,2025-08-28 00:59:29.325256,2025-09-02 00:59:29.325256,432000,timer_elapsed,
3b191d83-99b5-4032-bef7-afb3dc8c0f0c,VAC-1099,CAND-10099,HR (ОФФЕР),Переговоры / отказ,Task,HR_Manager_9,2025-09-03 12:28:29.325256,2025-09-03 14:30:29.325256,7320,rejected,
3bcb621d-a4d6-4b90-9375-7e52aea3b88b,VAC-1083,CAND-10083,РУКОВОДИТЕЛЬ,Создать заявку,User Task,Кузнецов_2,2025-09-23 17:07:29.325256,2025-09-23 17:27:29.325256,1200,,
3bcb621d-a4d6-4b90-9375-7e52aea3b88b,VAC-1083,CAND-10083,HR,Зарегистрировать в HCM,Service Task,Наталья_6,2025-09-23 18:01:29.325256,2025-09-23 18:30:29.325256,1740,,
3bcb621d-a4d6-4b90-9375-7e52aea3b88b,VAC-1083,CAND-10083,РЕКРУТЕР,Разместить вакансию,Task,Алексей_7,2025-09-23 19:30:29.325256,2025-09-23 20:20:29.325256,3000,,
3bcb621d-a4d6-4b90-9375-7e52aea3b88b,VAC-1083,CAND-10083,РЕКРУТЕР,Собирать резюме,Task,Дмитрий_9,2025-09-24 01:21:29.325256,2025-09-24 03:38:29.325256,8220,,
3bcb621d-a4d6-4b90-9375-7e52aea3b88b,VAC-1083,CAND-10083,РЕКРУТЕР,Скрининг,Task,Дмитрий_2,2025-09-24 05:10:29.325256,2025-09-24 05:37:29.325256,1620,passed,
3bcb621d-a4d6-4b90-9375-7e52aea3b88b,VAC-1083,CAND-10083,ИНТЕРВЬЮЕРЫ,Назначить интервью,User Task,Сергей_4,2025-09-24 06:24:29.325256,2025-09-24 06:29:29.325256,300,,
3bcb621d-a4d6-4b90-9375-7e52aea3b88b,VAC-1083,CAND-10083,ИНТЕРВЬЮЕРЫ,Интервью (раунд 1),User Task,Анна_9,2025-09-24 07:14:29.325256,2025-09-24 09:25:29.325256,7860,passed,
3bcb621d-a4d6-4b90-9375-7e52aea3b88b,VAC-1083,CAND-10083,ИНТЕРВЬЮЕРЫ,Финальное интервью,User Task,Сергей_2,2025-09-24 13:05:29.325256,2025-09-24 15:21:29.325256,8160,passed,
3bcb621d-a4d6-4b90-9375-7e52aea3b88b,VAC-1083,CAND-10083,HR (ОФФЕР),Согласовать условия,User Task,HR_Manager_5,2025-09-24 16:52:29.325256,2025-09-24 19:39:29.325256,10020,,
3bcb621d-a4d6-4b90-9375-7e52aea3b88b,VAC-1083,CAND-10083,HR (ОФФЕР),Сгенерировать оффер,Service Task,HR_Manager_9,2025-09-24 19:49:29.325256,2025-09-24 20:00:29.325256,660,,
3bcb621d-a4d6-4b90-9375-7e52aea3b88b,VAC-1083,CAND-10083,HR (ОФФЕР),Отправить оффер,Send Task,HR_Manager_7,2025-09-24 20:07:29.325256,2025-09-24 20:10:29.325256,180,sent,
3bcb621d-a4d6-4b90-9375-7e52aea3b88b,VAC-1083,CAND-10083,HR (ОФФЕР),Timer: ожидание ответа (7 дн),Timer,,2025-09-24 20:10:29.325256,2025-09-26 20:10:29.325256,172800,timer_elapsed,
3bcb621d-a4d6-4b90-9375-7e52aea3b88b,VAC-1083,CAND-10083,SECURITY,Background Check,Call Activity,Служба_БД_4,2025-09-28 02:02:29.325256,2025-09-28 11:10:29.325256,32880,report_ready,
3bcb621d-a4d6-4b90-9375-7e52aea3b88b,VAC-1083,CAND-10083,IT,Выдача оборудования,Task,IT_Specialist_1,2025-09-28 12:06:29.325256,2025-09-28 13:05:29.325256,3540,,
3bcb621d-a4d6-4b90-9375-7e52aea3b88b,VAC-1083,CAND-10083,IT,Создать доступы,Task,IT_Specialist_2,2025-09-28 13:49:29.325256,2025-09-28 16:49:29.325256,10800,,
3bcb621d-a4d6-4b90-9375-7e52aea3b88b,VAC-1083,CAND-10083,IT,HR/Training: Вводное обучение,Service Task,Наталья_1,2025-09-28 18:33:29.325256,2025-09-29 01:35:29.325256,25320,,
3bcb621d-a4d6-4b90-9375-7e52aea3b88b,VAC-1083,CAND-10083,IT,Назначить ментора,Task,Ольга_9,2025-09-29 02:21:29.325256,2025-09-29 03:34:29.325256,4380,,
3bcb621d-a4d6-4b90-9375-7e52aea3b88b,VAC-1083,CAND-10083,IT,Message: уведомить всех,Message,system,2025-09-29 04:08:29.325256,2025-09-29 04:34:29.325256,1560,notified,
3bcb621d-a4d6-4b90-9375-7e52aea3b88b,VAC-1083,CAND-10083,HR (финал),Обновить статус в HCM,Service Task,Ольга_3,2025-09-29 06:20:29.325256,2025-09-29 07:07:29.325256,2820,,
3bcb621d-a4d6-4b90-9375-7e52aea3b88b,VAC-1083,CAND-10083,HR (финал),Payroll / учет,Service Task,Марина_5,2025-09-29 07:31:29.325256,2025-09-29 07:40:29.325256,540,,
3bcb621d-a4d6-4b90-9375-7e52aea3b88b,VAC-1083,CAND-10083,HR (финал),Закрыть вакансию на порталах,Service Task,Наталья_1,2025-09-29 08:27:29.325256,2025-09-29 09:24:29.325256,3420,,
3bcb621d-a4d6-4b90-9375-7e52aea3b88b,VAC-1083,CAND-10083,HR (финал),Hire Completed,End Event,system,2025-09-29 09:46:29.325256,2025-09-29 09:46:29.325256,0,hired,
3d7d956d-f15b-4383-bb17-a017e8720700,VAC-1088,CAND-10088,РУКОВОДИТЕЛЬ,Создать заявку,User Task,Сидоров_5,2025-09-19 21:08:29.325256,2025-09-19 21:28:29.325256,1200,,
3d7d956d-f15b-4383-bb17-a017e8720700,VAC-1088,CAND-10088,HR,Зарегистрировать в HCM,Service Task,Ольга_6,2025-09-19 22:23:29.325256,2025-09-19 22:34:29.325256,660,,
3d7d956d-f15b-4383-bb17-a017e8720700,VAC-1088,CAND-10088,РЕКРУТЕР,Разместить вакансию,Task,Дмитрий_4,2025-09-19 22:55:29.325256,2025-09-20 00:02:29.325256,4020,,
3d7d956d-f15b-4383-bb17-a017e8720700,VAC-1088,CAND-10088,РЕКРУТЕР,Собирать резюме,Task,Алексей_2,2025-09-20 00:50:29.325256,2025-09-20 02:11:29.325256,4860,,
3d7d956d-f15b-4383-bb17-a017e8720700,VAC-1088,CAND-10088,РЕКРУТЕР,Скрининг,Task,Алексей_8,2025-09-20 02:35:29.325256,2025-09-20 02:53:29.325256,1080,passed,
3d7d956d-f15b-4383-bb17-a017e8720700,VAC-1088,CAND-10088,ИНТЕРВЬЮЕРЫ,Назначить интервью,User Task,Анна_6,2025-09-20 05:07:29.325256,2025-09-20 05:19:29.325256,720,,
3d7d956d-f15b-4383-bb17-a017e8720700,VAC-1088,CAND-10088,ИНТЕРВЬЮЕРЫ,Интервью (раунд 1),User Task,Андрей_2,2025-09-20 07:44:29.325256,2025-09-20 09:32:29.325256,6480,passed,
3d7d956d-f15b-4383-bb17-a017e8720700,VAC-1088,CAND-10088,ИНТЕРВЬЮЕРЫ,Финальное интервью,User Task,Анна_1,2025-09-20 10:36:29.325256,2025-09-20 12:23:29.325256,6420,rejected,финал не пройден
3f105f99-c5c8-4098-9528-74a0d07d8a13,VAC-1020,CAND-10020,РУКОВОДИТЕЛЬ,Создать заявку,User Task,Сидоров_3,2025-08-29 14:18:29.325256,2025-08-29 14:37:29.325256,1140,,
3f105f99-c5c8-4098-9528-74a0d07d8a13,VAC-1020,CAND-10020,HR,Зарегистрировать в HCM,Service Task,Марина_9,2025-08-29 14:57:29.325256,2025-08-29 14:58:29.325256,60,,
3f105f99-c5c8-4098-9528-74a0d07d8a13,VAC-1020,CAND-10020,РЕКРУТЕР,Разместить вакансию,Task,Алексей_1,2025-08-29 15:07:29.325256,2025-08-29 15:52:29.325256,2700,,
3f105f99-c5c8-4098-9528-74a0d07d8a13,VAC-1020,CAND-10020,РЕКРУТЕР,Собирать резюме,Task,Екатерина_3,2025-08-29 20:45:29.325256,2025-08-29 22:29:29.325256,6240,,
3f105f99-c5c8-4098-9528-74a0d07d8a13,VAC-1020,CAND-10020,РЕКРУТЕР,Скрининг,Task,Дмитрий_2,2025-08-29 23:55:29.325256,2025-08-30 00:18:29.325256,1380,rejected,некорректное резюме
3f105f99-c5c8-4098-9528-74a0d07d8a13,VAC-1020,CAND-10020,РЕКРУТЕР,Скрининг,Task,Дмитрий_2,2025-08-30 00:55:29.325256,2025-08-30 01:30:29.325256,2100,rejected,некорректное резюме
3f105f99-c5c8-4098-9528-74a0d07d8a13,VAC-1020,CAND-10020,РЕКРУТЕР,Скрининг,Task,Дмитрий_2,2025-08-30 01:55:29.325256,2025-08-30 02:21:29.325256,1560,rejected,не соотв. опыту
41100134-efdb-4ce1-a6ea-e4731b2eed6e,VAC-1135,CAND-10135,РУКОВОДИТЕЛЬ,Создать заявку,User Task,Кузнецов_3,2025-10-09 20:33:29.325256,2025-10-09 21:06:29.325256,1980,,
41100134-efdb-4ce1-a6ea-e4731b2eed6e,VAC-1135,CAND-10135,HR,Зарегистрировать в HCM,Service Task,Наталья_3,2025-10-09 21:18:29.325256,2025-10-09 21:46:29.325256,1680,,
41100134-efdb-4ce1-a6ea-e4731b2eed6e,VAC-1135,CAND-10135,РЕКРУТЕР,Разместить вакансию,Task,Екатерина_5,2025-10-09 22:33:29.325256,2025-10-09 23:13:29.325256,2400,,
41100134-efdb-4ce1-a6ea-e4731b2eed6e,VAC-1135,CAND-10135,РЕКРУТЕР,Собирать резюме,Task,Алексей_7,2025-10-10 00:03:29.325256,2025-10-10 01:26:29.325256,4980,,
41100134-efdb-4ce1-a6ea-e4731b2eed6e,VAC-1135,CAND-10135,РЕКРУТЕР,Скрининг,Task,Алексей_8,2025-10-10 01:44:29.325256,2025-10-10 02:01:29.325256,1020,passed,
41100134-efdb-4ce1-a6ea-e4731b2eed6e,VAC-1135,CAND-10135,ИНТЕРВЬЮЕРЫ,Назначить интервью,User Task,Сергей_9,2025-10-10 02:37:29.325256,2025-10-10 03:31:29.325256,3240,,
41100134-efdb-4ce1-a6ea-e4731b2eed6e,VAC-1135,CAND-10135,ИНТЕРВЬЮЕРЫ,Интервью (раунд 1),User Task,Андрей_7,2025-10-10 04:27:29.325256,2025-10-10 06:04:29.325256,5820,passed,
41100134-efdb-4ce1-a6ea-e4731b2eed6e,VAC-1135,CAND-10135,ИНТЕРВЬЮЕРЫ,Финальное интервью,User Task,Сергей_8,2025-10-10 07:47:29.325256,2025-10-10 09:15:29.325256,5280,passed,
41100134-efdb-4ce1-a6ea-e4731b2eed6e,VAC-1135,CAND-10135,HR (ОФФЕР),Согласовать условия,User Task,HR_Manager_9,2025-10-10 10:45:29.325256,2025-10-10 11:47:29.325256,3720,,
41100134-efdb-4ce1-a6ea-e4731b2eed6e,VAC-1135,CAND-10135,HR (ОФФЕР),Сгенерировать оффер,Service Task,HR_Manager_1,2025-10-10 12:45:29.325256,2025-10-10 12:52:29.325256,420,,
41100134-efdb-4ce1-a6ea-e4731b2eed6e,VAC-1135,CAND-10135,HR (ОФФЕР),Отправить оффер,Send Task,HR_Manager_8,2025-10-10 13:04:29.325256,2025-10-10 13:10:29.325256,360,sent,
41100134-efdb-4ce1-a6ea-e4731b2eed6e,VAC-1135,CAND-10135,HR (ОФФЕР),Timer: ожидание ответа (7 дн),Timer,,2025-10-10 13:10:29.325256,2025-10-15 13:10:29.325256,432000,timer_elapsed,
41100134-efdb-4ce1-a6ea-e4731b2eed6e,VAC-1135,CAND-10135,SECURITY,Background Check,Call Activity,Служба_БД_8,2025-10-15 22:24:29.325256,2025-10-16 17:48:29.325256,69840,report_ready,
41100134-efdb-4ce1-a6ea-e4731b2eed6e,VAC-1135,CAND-10135,IT,Выдача оборудования,Task,IT_Specialist_9,2025-10-16 19:10:29.325256,2025-10-16 22:04:29.325256,10440,,
41100134-efdb-4ce1-a6ea-e4731b2eed6e,VAC-1135,CAND-10135,IT,Создать доступы,Task,IT_Specialist_6,2025-10-16 23:30:29.325256,2025-10-17 02:23:29.325256,10380,,
41100134-efdb-4ce1-a6ea-e4731b2eed6e,VAC-1135,CAND-10135,IT,HR/Training: Вводное обучение,Service Task,Наталья_2,2025-10-19 20:09:29.325256,2025-10-20 01:45:29.325256,20160,,
41100134-efdb-4ce1-a6ea-e4731b2eed6e,VAC-1135,CAND-10135,IT,Назначить ментора,Task,Ольга_7,2025-10-20 03:43:29.325256,2025-10-20 04:32:29.325256,2940,,
41100134-efdb-4ce1-a6ea-e4731b2eed6e,VAC-1135,CAND-10135,IT,Message: уведомить всех,Message,system,2025-10-20 04:49:29.325256,2025-10-20 04:54:29.325256,300,notified,
41100134-efdb-4ce1-a6ea-e4731b2eed6e,VAC-1135,CAND-10135,HR (финал),Обновить статус в HCM,Service Task,Наталья_9,2025-10-20 05:33:29.325256,2025-10-20 05:34:29.325256,60,,
41100134-efdb-4ce1-a6ea-e4731b2eed6e,VAC-1135,CAND-10135,HR (финал),Payroll / учет,Service Task,Наталья_6,2025-10-20 06:27:29.325256,2025-10-20 07:16:29.325256,2940,,
41100134-efdb-4ce1-a6ea-e4731b2eed6e,VAC-1135,CAND-10135,HR (финал),Закрыть вакансию на порталах,Service Task,Марина_1,2025-10-20 07:35:29.325256,2025-10-20 08:06:29.325256,1860,,
41100134-efdb-4ce1-a6ea-e4731b2eed6e,VAC-1135,CAND-10135,HR (финал),Hire Completed,End Event,system,2025-10-20 08:51:29.325256,2025-10-20 08:51:29.325256,0,hired,
415c3e3e-06cf-47fa-b4fd-835ab92832b6,VAC-1163,CAND-10163,РУКОВОДИТЕЛЬ,Создать заявку,User Task,Кузнецов_9,2025-09-12 17:25:29.325256,2025-09-12 17:54:29.325256,1740,,
415c3e3e-06cf-47fa-b4fd-835ab92832b6,VAC-1163,CAND-10163,HR,Зарегистрировать в HCM,Service Task,Наталья_8,2025-09-12 18:08:29.325256,2025-09-12 18:30:29.325256,1320,,
415c3e3e-06cf-47fa-b4fd-835ab92832b6,VAC-1163,CAND-10163,РЕКРУТЕР,Разместить вакансию,Task,Екатерина_7,2025-09-12 18:39:29.325256,2025-09-12 19:13:29.325256,2040,,
415c3e3e-06cf-47fa-b4fd-835ab92832b6,VAC-1163,CAND-10163,РЕКРУТЕР,Собирать резюме,Task,Алексей_5,2025-09-12 22:27:29.325256,2025-09-13 00:43:29.325256,8160,,
415c3e3e-06cf-47fa-b4fd-835ab92832b6,VAC-1163,CAND-10163,РЕКРУТЕР,Скрининг,Task,Алексей_3,2025-09-13 02:39:29.325256,2025-09-13 04:09:29.325256,5400,passed,
415c3e3e-06cf-47fa-b4fd-835ab92832b6,VAC-1163,CAND-10163,ИНТЕРВЬЮЕРЫ,Назначить интервью,User Task,Андрей_8,2025-09-13 07:24:29.325256,2025-09-13 07:30:29.325256,360,,
415c3e3e-06cf-47fa-b4fd-835ab92832b6,VAC-1163,CAND-10163,ИНТЕРВЬЮЕРЫ,Интервью (раунд 1),User Task,Анна_7,2025-09-13 09:51:29.325256,2025-09-13 10:55:29.325256,3840,passed,
415c3e3e-06cf-47fa-b4fd-835ab92832b6,VAC-1163,CAND-10163,ИНТЕРВЬЮЕРЫ,Интервью (раунд 2),User Task,Сергей_9,2025-09-13 13:21:29.325256,2025-09-13 15:39:29.325256,8280,rejected,поведенческий
4456efef-7d80-4e89-ac28-d027296a8437,VAC-1051,CAND-10051,РУКОВОДИТЕЛЬ,Создать заявку,User Task,Кузнецов_6,2025-10-02 11:04:29.325256,2025-10-02 11:51:29.325256,2820,,
4456efef-7d80-4e89-ac28-d027296a8437,VAC-1051,CAND-10051,HR,Зарегистрировать в HCM,Service Task,Марина_3,2025-10-02 12:24:29.325256,2025-10-02 12:50:29.325256,1560,,
4456efef-7d80-4e89-ac28-d027296a8437,VAC-1051,CAND-10051,РЕКРУТЕР,Разместить вакансию,Task,Екатерина_8,2025-10-02 12:52:29.325256,2025-10-02 13:20:29.325256,1680,,
4456efef-7d80-4e89-ac28-d027296a8437,VAC-1051,CAND-10051,РЕКРУТЕР,Собирать резюме,Task,Алексей_4,2025-10-02 13:47:29.325256,2025-10-02 14:49:29.325256,3720,,
4456efef-7d80-4e89-ac28-d027296a8437,VAC-1051,CAND-10051,РЕКРУТЕР,Скрининг,Task,Дмитрий_6,2025-10-02 16:33:29.325256,2025-10-02 18:00:29.325256,5220,passed,
4456efef-7d80-4e89-ac28-d027296a8437,VAC-1051,CAND-10051,ИНТЕРВЬЮЕРЫ,Назначить интервью,User Task,Анна_3,2025-10-02 20:55:29.325256,2025-10-02 21:02:29.325256,420,,
4456efef-7d80-4e89-ac28-d027296a8437,VAC-1051,CAND-10051,ИНТЕРВЬЮЕРЫ,Интервью (раунд 1),User Task,Андрей_3,2025-10-02 23:27:29.325256,2025-10-03 01:31:29.325256,7440,passed,
4456efef-7d80-4e89-ac28-d027296a8437,VAC-1051,CAND-10051,ИНТЕРВЬЮЕРЫ,Интервью (раунд 2),User Task,Анна_5,2025-10-03 04:16:29.325256,2025-10-03 06:19:29.325256,7380,passed,
4456efef-7d80-4e89-ac28-d027296a8437,VAC-1051,CAND-10051,ИНТЕРВЬЮЕРЫ,Интервью (раунд 3),User Task,Андрей_8,2025-10-03 07:52:29.325256,2025-10-03 08:51:29.325256,3540,passed,
4456efef-7d80-4e89-ac28-d027296a8437,VAC-1051,CAND-10051,ИНТЕРВЬЮЕРЫ,Финальное интервью,User Task,Андрей_5,2025-10-03 11:27:29.325256,2025-10-03 13:36:29.325256,7740,rejected,финал не пройден
467da3c3-851a-4e2b-b819-2e7ed5c050e2,VAC-1121,CAND-10121,РУКОВОДИТЕЛЬ,Создать заявку,User Task,Иванов_5,2025-10-16 12:22:29.325256,2025-10-16 12:59:29.325256,2220,,
467da3c3-851a-4e2b-b819-2e7ed5c050e2,VAC-1121,CAND-10121,HR,Зарегистрировать в HCM,Service Task,Ольга_2,2025-10-16 13:50:29.325256,2025-10-16 14:12:29.325256,1320,,
467da3c3-851a-4e2b-b819-2e7ed5c050e2,VAC-1121,CAND-10121,РЕКРУТЕР,Разместить вакансию,Task,Дмитрий_7,2025-10-16 14:31:29.325256,2025-10-16 16:18:29.325256,6420,,
467da3c3-851a-4e2b-b819-2e7ed5c050e2,VAC-1121,CAND-10121,РЕКРУТЕР,Собирать резюме,Task,Екатерина_1,2025-10-16 19:50:29.325256,2025-10-16 23:50:29.325256,14400,,
467da3c3-851a-4e2b-b819-2e7ed5c050e2,VAC-1121,CAND-10121,РЕКРУТЕР,Скрининг,Task,Екатерина_4,2025-10-17 00:55:29.325256,2025-10-17 01:20:29.325256,1500,passed,
467da3c3-851a-4e2b-b819-2e7ed5c050e2,VAC-1121,CAND-10121,ИНТЕРВЬЮЕРЫ,Назначить интервью,User Task,Анна_5,2025-10-17 03:30:29.325256,2025-10-17 04:25:29.325256,3300,,
467da3c3-851a-4e2b-b819-2e7ed5c050e2,VAC-1121,CAND-10121,ИНТЕРВЬЮЕРЫ,Интервью (раунд 1),User Task,Анна_6,2025-10-17 05:31:29.325256,2025-10-17 07:17:29.325256,6360,passed,
467da3c3-851a-4e2b-b819-2e7ed5c050e2,VAC-1121,CAND-10121,ИНТЕРВЬЮЕРЫ,Интервью (раунд 2),User Task,Андрей_2,2025-10-17 07:49:29.325256,2025-10-17 10:40:29.325256,10260,rejected,недостаточно навыков
46d41682-1eca-475a-8fc3-be9878c981ec,VAC-1022,CAND-10022,РУКОВОДИТЕЛЬ,Создать заявку,User Task,Иванов_2,2025-09-19 15:36:29.325256,2025-09-19 16:20:29.325256,2640,,
46d41682-1eca-475a-8fc3-be9878c981ec,VAC-1022,CAND-10022,HR,Зарегистрировать в HCM,Service Task,Марина_4,2025-09-19 17:09:29.325256,2025-09-19 17:16:29.325256,420,,
46d41682-1eca-475a-8fc3-be9878c981ec,VAC-1022,CAND-10022,РЕКРУТЕР,Разместить вакансию,Task,Алексей_3,2025-09-19 17:33:29.325256,2025-09-19 19:07:29.325256,5640,,
46d41682-1eca-475a-8fc3-be9878c981ec,VAC-1022,CAND-10022,РЕКРУТЕР,Собирать резюме,Task,Екатерина_2,2025-09-19 21:19:29.325256,2025-09-19 22:33:29.325256,4440,,
46d41682-1eca-475a-8fc3-be9878c981ec,VAC-1022,CAND-10022,РЕКРУТЕР,Скрининг,Task,Дмитрий_8,2025-09-19 22:58:29.325256,2025-09-19 23:21:29.325256,1380,rejected,не соотв. опыту
46d41682-1eca-475a-8fc3-be9878c981ec,VAC-1022,CAND-10022,РЕКРУТЕР,Скрининг,Task,Дмитрий_8,2025-09-19 23:58:29.325256,2025-09-20 00:17:29.325256,1140,rejected,некорректное резюме
4830509d-87e7-4a4d-8b44-bdeff97668d3,VAC-1086,CAND-10086,РУКОВОДИТЕЛЬ,Создать заявку,User Task,Сидоров_4,2025-08-28 19:29:29.325256,2025-08-28 19:34:29.325256,300,,
4830509d-87e7-4a4d-8b44-bdeff97668d3,VAC-1086,CAND-10086,HR,Зарегистрировать в HCM,Service Task,Ольга_4,2025-08-28 19:53:29.325256,2025-08-28 20:12:29.325256,1140,,
4830509d-87e7-4a4d-8b44-bdeff97668d3,VAC-1086,CAND-10086,РЕКРУТЕР,Разместить вакансию,Task,Екатерина_8,2025-08-28 20:42:29.325256,2025-08-28 21:39:29.325256,3420,,
4830509d-87e7-4a4d-8b44-bdeff97668d3,VAC-1086,CAND-10086,РЕКРУТЕР,Собирать резюме,Task,Екатерина_4,2025-08-28 23:29:29.325256,2025-08-29 03:06:29.325256,13020,,
4830509d-87e7-4a4d-8b44-bdeff97668d3,VAC-1086,CAND-10086,РЕКРУТЕР,Скрининг,Task,Дмитрий_1,2025-08-29 03:30:29.325256,2025-08-29 03:35:29.325256,300,passed,
4830509d-87e7-4a4d-8b44-bdeff97668d3,VAC-1086,CAND-10086,ИНТЕРВЬЮЕРЫ,Назначить интервью,User Task,Анна_1,2025-08-29 05:33:29.325256,2025-08-29 06:18:29.325256,2700,,
4830509d-87e7-4a4d-8b44-bdeff97668d3,VAC-1086,CAND-10086,ИНТЕРВЬЮЕРЫ,Интервью (раунд 1),User Task,Анна_5,2025-08-29 06:48:29.325256,2025-08-29 08:54:29.325256,7560,rejected,недостаточно навыков
48e4fe72-6aa2-4d15-a774-08b3faf4cf48,VAC-1052,CAND-10052,РУКОВОДИТЕЛЬ,Создать заявку,User Task,Петров_5,2025-10-11 15:45:29.325256,2025-10-11 16:18:29.325256,1980,,
48e4fe72-6aa2-4d15-a774-08b3faf4cf48,VAC-1052,CAND-10052,HR,Зарегистрировать в HCM,Service Task,Ольга_4,2025-10-11 17:03:29.325256,2025-10-11 17:33:29.325256,1800,,
48e4fe72-6aa2-4d15-a774-08b3faf4cf48,VAC-1052,CAND-10052,РЕКРУТЕР,Разместить вакансию,Task,Алексей_8,2025-10-11 17:41:29.325256,2025-10-11 18:08:29.325256,1620,,
48e4fe72-6aa2-4d15-a774-08b3faf4cf48,VAC-1052,CAND-10052,РЕКРУТЕР,Собирать резюме,Task,Дмитрий_2,2025-10-11 19:46:29.325256,2025-10-11 23:18:29.325256,12720,,
48e4fe72-6aa2-4d15-a774-08b3faf4cf48,VAC-1052,CAND-10052,РЕКРУТЕР,Скрининг,Task,Дмитрий_6,2025-10-12 01:06:29.325256,2025-10-12 01:45:29.325256,2340,rejected,некорректное резюме
48e4fe72-6aa2-4d15-a774-08b3faf4cf48,VAC-1052,CAND-10052,РЕКРУТЕР,Скрининг,Task,Дмитрий_6,2025-10-12 02:06:29.325256,2025-10-12 02:30:29.325256,1440,rejected,не соотв. опыту
48e4fe72-6aa2-4d15-a774-08b3faf4cf48,VAC-1052,CAND-10052,РЕКРУТЕР,Скрининг,Task,Дмитрий_6,2025-10-12 03:06:29.325256,2025-10-12 03:56:29.325256,3000,rejected,не прошёл тест
492c2e68-3203-4a69-9e96-7b5ebedd83ae,VAC-1081,CAND-10081,РУКОВОДИТЕЛЬ,Создать заявку,User Task,Сидоров_5,2025-09-02 15:05:29.325256,2025-09-02 15:51:29.325256,2760,,
492c2e68-3203-4a69-9e96-7b5ebedd83ae,VAC-1081,CAND-10081,HR,Зарегистрировать в HCM,Service Task,Марина_3,2025-09-02 15:57:29.325256,2025-09-02 16:09:29.325256,720,,
492c2e68-3203-4a69-9e96-7b5ebedd83ae,VAC-1081,CAND-10081,РЕКРУТЕР,Разместить вакансию,Task,Екатерина_5,2025-09-02 16:13:29.325256,2025-09-02 17:13:29.325256,3600,,
492c2e68-3203-4a69-9e96-7b5ebedd83ae,VAC-1081,CAND-10081,РЕКРУТЕР,Собирать резюме,Task,Екатерина_2,2025-09-02 19:22:29.325256,2025-09-02 21:41:29.325256,8340,,
492c2e68-3203-4a69-9e96-7b5ebedd83ae,VAC-1081,CAND-10081,РЕКРУТЕР,Скрининг,Task,Алексей_4,2025-09-02 23:16:29.325256,2025-09-02 23:33:29.325256,1020,passed,
492c2e68-3203-4a69-9e96-7b5ebedd83ae,VAC-1081,CAND-10081,ИНТЕРВЬЮЕРЫ,Назначить интервью,User Task,Андрей_9,2025-09-03 00:36:29.325256,2025-09-03 01:18:29.325256,2520,,
492c2e68-3203-4a69-9e96-7b5ebedd83ae,VAC-1081,CAND-10081,ИНТЕРВЬЮЕРЫ,Интервью (раунд 1),User Task,Сергей_2,2025-09-03 03:41:29.325256,2025-09-03 04:13:29.325256,1920,passed,
492c2e68-3203-4a69-9e96-7b5ebedd83ae,VAC-1081,CAND-10081,ИНТЕРВЬЮЕРЫ,Интервью (раунд 2),User Task,Андрей_7,2025-09-03 06:31:29.325256,2025-09-03 07:34:29.325256,3780,passed,
492c2e68-3203-4a69-9e96-7b5ebedd83ae,VAC-1081,CAND-10081,ИНТЕРВЬЮЕРЫ,Интервью (раунд 3),User Task,Сергей_5,2025-09-03 08:26:29.325256,2025-09-03 09:22:29.325256,3360,passed,
492c2e68-3203-4a69-9e96-7b5ebedd83ae,VAC-1081,CAND-10081,ИНТЕРВЬЮЕРЫ,Финальное интервью,User Task,Андрей_3,2025-09-03 10:21:29.325256,2025-09-03 12:28:29.325256,7620,passed,
492c2e68-3203-4a69-9e96-7b5ebedd83ae,VAC-1081,CAND-10081,HR (ОФФЕР),Согласовать условия,User Task,HR_Manager_3,2025-09-03 12:46:29.325256,2025-09-03 15:31:29.325256,9900,,
492c2e68-3203-4a69-9e96-7b5ebedd83ae,VAC-1081,CAND-10081,HR (ОФФЕР),Сгенерировать оффер,Service Task,HR_Manager_3,2025-09-03 16:04:29.325256,2025-09-03 16:17:29.325256,780,,
492c2e68-3203-4a69-9e96-7b5ebedd83ae,VAC-1081,CAND-10081,HR (ОФФЕР),Отправить оффер,Send Task,HR_Manager_4,2025-09-03 16:31:29.325256,2025-09-03 16:41:29.325256,600,sent,
492c2e68-3203-4a69-9e96-7b5ebedd83ae,VAC-1081,CAND-10081,HR (ОФФЕР),Timer: ожидание ответа (7 дн),Timer,,2025-09-03 16:41:29.325256,2025-09-05 16:41:29.325256,172800,timer_elapsed,
492c2e68-3203-4a69-9e96-7b5ebedd83ae,VAC-1081,CAND-10081,HR (ОФФЕР),Переговоры / отказ,Task,HR_Manager_7,2025-09-06 02:15:29.325256,2025-09-06 05:32:29.325256,11820,rejected,
4a366a2b-2d3f-4431-811c-fdd98563027c,VAC-1103,CAND-10103,РУКОВОДИТЕЛЬ,Создать заявку,User Task,Иванов_5,2025-10-15 15:47:29.325256,2025-10-15 16:45:29.325256,3480,,
4a366a2b-2d3f-4431-811c-fdd98563027c,VAC-1103,CAND-10103,HR,Зарегистрировать в HCM,Service Task,Наталья_3,2025-10-15 16:47:29.325256,2025-10-15 17:00:29.325256,780,,
4a366a2b-2d3f-4431-811c-fdd98563027c,VAC-1103,CAND-10103,РЕКРУТЕР,Разместить вакансию,Task,Алексей_4,2025-10-15 17:55:29.325256,2025-10-15 19:18:29.325256,4980,,
4a366a2b-2d3f-4431-811c-fdd98563027c,VAC-1103,CAND-10103,РЕКРУТЕР,Собирать резюме,Task,Екатерина_4,2025-10-16 00:59:29.325256,2025-10-16 02:26:29.325256,5220,,
4a366a2b-2d3f-4431-811c-fdd98563027c,VAC-1103,CAND-10103,РЕКРУТЕР,Скрининг,Task,Дмитрий_9,2025-10-16 03:05:29.325256,2025-10-16 04:33:29.325256,5280,passed,
4a366a2b-2d3f-4431-811c-fdd98563027c,VAC-1103,CAND-10103,ИНТЕРВЬЮЕРЫ,Назначить интервью,User Task,Анна_1,2025-10-16 08:22:29.325256,2025-10-16 09:16:29.325256,3240,,
4a366a2b-2d3f-4431-811c-fdd98563027c,VAC-1103,CAND-10103,ИНТЕРВЬЮЕРЫ,Интервью (раунд 1),User Task,Андрей_4,2025-10-16 10:19:29.325256,2025-10-16 11:33:29.325256,4440,passed,
4a366a2b-2d3f-4431-811c-fdd98563027c,VAC-1103,CAND-10103,ИНТЕРВЬЮЕРЫ,Интервью (раунд 2),User Task,Анна_5,2025-10-16 13:07:29.325256,2025-10-16 14:55:29.325256,6480,rejected,поведенческий
4a988eba-9219-4f90-a8dd-8c3be35bc8de,VAC-1019,CAND-10019,РУКОВОДИТЕЛЬ,Создать заявку,User Task,Кузнецов_8,2025-10-06 18:41:29.325256,2025-10-06 19:31:29.325256,3000,,
4a988eba-9219-4f90-a8dd-8c3be35bc8de,VAC-1019,CAND-10019,HR,Зарегистрировать в HCM,Service Task,Наталья_5,2025-10-06 20:22:29.325256,2025-10-06 20:23:29.325256,60,,
4a988eba-9219-4f90-a8dd-8c3be35bc8de,VAC-1019,CAND-10019,РЕКРУТЕР,Разместить вакансию,Task,Екатерина_4,2025-10-06 20:38:29.325256,2025-10-06 21:39:29.325256,3660,,
4a988eba-9219-4f90-a8dd-8c3be35bc8de,VAC-1019,CAND-10019,РЕКРУТЕР,Собирать резюме,Task,Екатерина_6,2025-10-07 00:25:29.325256,2025-10-07 03:44:29.325256,11940,,
4a988eba-9219-4f90-a8dd-8c3be35bc8de,VAC-1019,CAND-10019,РЕКРУТЕР,Скрининг,Task,Екатерина_6,2025-10-07 04:49:29.325256,2025-10-07 06:04:29.325256,4500,passed,
4a988eba-9219-4f90-a8dd-8c3be35bc8de,VAC-1019,CAND-10019,ИНТЕРВЬЮЕРЫ,Назначить интервью,User Task,Сергей_6,2025-10-07 09:44:29.325256,2025-10-07 10:24:29.325256,2400,,
4a988eba-9219-4f90-a8dd-8c3be35bc8de,VAC-1019,CAND-10019,ИНТЕРВЬЮЕРЫ,Интервью (раунд 1),User Task,Андрей_2,2025-10-07 12:50:29.325256,2025-10-07 14:29:29.325256,5940,passed,
4a988eba-9219-4f90-a8dd-8c3be35bc8de,VAC-1019,CAND-10019,ИНТЕРВЬЮЕРЫ,Интервью (раунд 2),User Task,Анна_9,2025-10-07 18:03:29.325256,2025-10-07 19:22:29.325256,4740,passed,
4a988eba-9219-4f90-a8dd-8c3be35bc8de,VAC-1019,CAND-10019,ИНТЕРВЬЮЕРЫ,Интервью (раунд 3),User Task,Анна_8,2025-10-07 23:07:29.325256,2025-10-08 00:24:29.325256,4620,passed,
4a988eba-9219-4f90-a8dd-8c3be35bc8de,VAC-1019,CAND-10019,ИНТЕРВЬЮЕРЫ,Финальное интервью,User Task,Анна_5,2025-10-08 01:58:29.325256,2025-10-08 04:58:29.325256,10800,rejected,финал не пройден
4ae790a9-4ac6-427d-bb43-ef3820b66e87,VAC-1100,CAND-10100,РУКОВОДИТЕЛЬ,Создать заявку,User Task,Петров_3,2025-10-12 17:07:29.325256,2025-10-12 17:38:29.325256,1860,,
4ae790a9-4ac6-427d-bb43-ef3820b66e87,VAC-1100,CAND-10100,HR,Зарегистрировать в HCM,Service Task,Марина_2,2025-10-12 18:15:29.325256,2025-10-12 18:34:29.325256,1140,,
4ae790a9-4ac6-427d-bb43-ef3820b66e87,VAC-1100,CAND-10100,РЕКРУТЕР,Разместить вакансию,Task,Екатерина_2,2025-10-12 19:34:29.325256,2025-10-12 19:57:29.325256,1380,,
4ae790a9-4ac6-427d-bb43-ef3820b66e87,VAC-1100,CAND-10100,РЕКРУТЕР,Собирать резюме,Task,Дмитрий_7,2025-10-12 22:33:29.325256,2025-10-13 01:20:29.325256,10020,,
4ae790a9-4ac6-427d-bb43-ef3820b66e87,VAC-1100,CAND-10100,РЕКРУТЕР,Скрининг,Task,Екатерина_8,2025-10-13 01:58:29.325256,2025-10-13 02:52:29.325256,3240,passed,
4ae790a9-4ac6-427d-bb43-ef3820b66e87,VAC-1100,CAND-10100,ИНТЕРВЬЮЕРЫ,Назначить интервью,User Task,Андрей_5,2025-10-13 05:23:29.325256,2025-10-13 05:30:29.325256,420,,
4ae790a9-4ac6-427d-bb43-ef3820b66e87,VAC-1100,CAND-10100,ИНТЕРВЬЮЕРЫ,Интервью (раунд 1),User Task,Сергей_4,2025-10-13 06:36:29.325256,2025-10-13 08:48:29.325256,7920,passed,
4ae790a9-4ac6-427d-bb43-ef3820b66e87,VAC-1100,CAND-10100,ИНТЕРВЬЮЕРЫ,Интервью (раунд 2),User Task,Сергей_1,2025-10-13 09:30:29.325256,2025-10-13 12:01:29.325256,9060,rejected,поведенческий
4af62eb6-f256-4699-8603-e0feaeef408b,VAC-1130,CAND-10130,РУКОВОДИТЕЛЬ,Создать заявку,User Task,Кузнецов_1,2025-10-10 16:49:29.325256,2025-10-10 17:23:29.325256,2040,,
4af62eb6-f256-4699-8603-e0feaeef408b,VAC-1130,CAND-10130,HR,Зарегистрировать в HCM,Service Task,Ольга_2,2025-10-10 17:54:29.325256,2025-10-10 17:58:29.325256,240,,
4af62eb6-f256-4699-8603-e0feaeef408b,VAC-1130,CAND-10130,РЕКРУТЕР,Разместить вакансию,Task,Алексей_4,2025-10-10 18:23:29.325256,2025-10-10 19:54:29.325256,5460,,
4af62eb6-f256-4699-8603-e0feaeef408b,VAC-1130,CAND-10130,РЕКРУТЕР,Собирать резюме,Task,Дмитрий_9,2025-10-10 22:45:29.325256,2025-10-11 01:00:29.325256,8100,,
4af62eb6-f256-4699-8603-e0feaeef408b,VAC-1130,CAND-10130,РЕКРУТЕР,Скрининг,Task,Екатерина_5,2025-10-11 02:13:29.325256,2025-10-11 02:19:29.325256,360,passed,
4af62eb6-f256-4699-8603-e0feaeef408b,VAC-1130,CAND-10130,ИНТЕРВЬЮЕРЫ,Назначить интервью,User Task,Анна_6,2025-10-11 03:12:29.325256,2025-10-11 03:42:29.325256,1800,,
4af62eb6-f256-4699-8603-e0feaeef408b,VAC-1130,CAND-10130,ИНТЕРВЬЮЕРЫ,Интервью (раунд 1),User Task,Сергей_4,2025-10-11 06:33:29.325256,2025-10-11 07:48:29.325256,4500,passed,
4af62eb6-f256-4699-8603-e0feaeef408b,VAC-1130,CAND-10130,ИНТЕРВЬЮЕРЫ,Финальное интервью,User Task,Анна_4,2025-10-11 10:38:29.325256,2025-10-11 12:16:29.325256,5880,passed,
4af62eb6-f256-4699-8603-e0feaeef408b,VAC-1130,CAND-10130,HR (ОФФЕР),Согласовать условия,User Task,HR_Manager_4,2025-10-11 13:29:29.325256,2025-10-11 17:07:29.325256,13080,,
4af62eb6-f256-4699-8603-e0feaeef408b,VAC-1130,CAND-10130,HR (ОФФЕР),Сгенерировать оффер,Service Task,HR_Manager_4,2025-10-11 17:59:29.325256,2025-10-11 18:08:29.325256,540,,
4af62eb6-f256-4699-8603-e0feaeef408b,VAC-1130,CAND-10130,HR (ОФФЕР),Отправить оффер,Send Task,HR_Manager_6,2025-10-11 18:16:29.325256,2025-10-11 18:20:29.325256,240,sent,
4af62eb6-f256-4699-8603-e0feaeef408b,VAC-1130,CAND-10130,HR (ОФФЕР),Timer: ожидание ответа (7 дн),Timer,,2025-10-11 18:20:29.325256,2025-10-14 18:20:29.325256,259200,timer_elapsed,
4af62eb6-f256-4699-8603-e0feaeef408b,VAC-1130,CAND-10130,HR (ОФФЕР),Переговоры / отказ,Task,HR_Manager_8,2025-10-15 02:32:29.325256,2025-10-15 06:32:29.325256,14400,rejected,
4c1337dc-761a-4204-8015-615aed6d1b87,VAC-1037,CAND-10037,РУКОВОДИТЕЛЬ,Создать заявку,User Task,Иванов_6,2025-10-15 12:05:29.325256,2025-10-15 12:37:29.325256,1920,,
4c1337dc-761a-4204-8015-615aed6d1b87,VAC-1037,CAND-10037,HR,Зарегистрировать в HCM,Service Task,Марина_1,2025-10-15 13:29:29.325256,2025-10-15 13:34:29.325256,300,,
4c1337dc-761a-4204-8015-615aed6d1b87,VAC-1037,CAND-10037,РЕКРУТЕР,Разместить вакансию,Task,Екатерина_6,2025-10-15 14:12:29.325256,2025-10-15 15:33:29.325256,4860,,
4c1337dc-761a-4204-8015-615aed6d1b87,VAC-1037,CAND-10037,РЕКРУТЕР,Собирать резюме,Task,Дмитрий_6,2025-10-15 21:26:29.325256,2025-10-15 22:27:29.325256,3660,,
4c1337dc-761a-4204-8015-615aed6d1b87,VAC-1037,CAND-10037,РЕКРУТЕР,Скрининг,Task,Дмитрий_1,2025-10-16 00:23:29.325256,2025-10-16 00:47:29.325256,1440,rejected,некорректное резюме
4c1337dc-761a-4204-8015-615aed6d1b87,VAC-1037,CAND-10037,РЕКРУТЕР,Скрининг,Task,Дмитрий_1,2025-10-16 01:23:29.325256,2025-10-16 01:34:29.325256,660,rejected,не прошёл тест
4c1337dc-761a-4204-8015-615aed6d1b87,VAC-1037,CAND-10037,РЕКРУТЕР,Скрининг,Task,Дмитрий_1,2025-10-16 02:23:29.325256,2025-10-16 03:00:29.325256,2220,rejected,не соотв. опыту
4c8d6aaa-e301-4992-ace7-2ec9ec1e7701,VAC-1047,CAND-10047,РУКОВОДИТЕЛЬ,Создать заявку,User Task,Петров_7,2025-09-09 18:57:29.325256,2025-09-09 19:34:29.325256,2220,,
4c8d6aaa-e301-4992-ace7-2ec9ec1e7701,VAC-1047,CAND-10047,HR,Зарегистрировать в HCM,Service Task,Наталья_8,2025-09-09 19:40:29.325256,2025-09-09 20:10:29.325256,1800,,
4c8d6aaa-e301-4992-ace7-2ec9ec1e7701,VAC-1047,CAND-10047,РЕКРУТЕР,Разместить вакансию,Task,Алексей_7,2025-09-09 21:07:29.325256,2025-09-09 22:01:29.325256,3240,,
4c8d6aaa-e301-4992-ace7-2ec9ec1e7701,VAC-1047,CAND-10047,РЕКРУТЕР,Собирать резюме,Task,Екатерина_6,2025-09-09 22:38:29.325256,2025-09-10 00:49:29.325256,7860,,
4c8d6aaa-e301-4992-ace7-2ec9ec1e7701,VAC-1047,CAND-10047,РЕКРУТЕР,Скрининг,Task,Алексей_6,2025-09-10 01:24:29.325256,2025-09-10 02:18:29.325256,3240,passed,
4c8d6aaa-e301-4992-ace7-2ec9ec1e7701,VAC-1047,CAND-10047,ИНТЕРВЬЮЕРЫ,Назначить интервью,User Task,Анна_6,2025-09-10 04:09:29.325256,2025-09-10 04:20:29.325256,660,,
4c8d6aaa-e301-4992-ace7-2ec9ec1e7701,VAC-1047,CAND-10047,ИНТЕРВЬЮЕРЫ,Интервью (раунд 1),User Task,Сергей_3,2025-09-10 05:25:29.325256,2025-09-10 06:04:29.325256,2340,passed,
4c8d6aaa-e301-4992-ace7-2ec9ec1e7701,VAC-1047,CAND-10047,ИНТЕРВЬЮЕРЫ,Финальное интервью,User Task,Андрей_2,2025-09-10 09:42:29.325256,2025-09-10 12:12:29.325256,9000,passed,
4c8d6aaa-e301-4992-ace7-2ec9ec1e7701,VAC-1047,CAND-10047,HR (ОФФЕР),Согласовать условия,User Task,HR_Manager_3,2025-09-10 12:24:29.325256,2025-09-10 13:59:29.325256,5700,,
4c8d6aaa-e301-4992-ace7-2ec9ec1e7701,VAC-1047,CAND-10047,HR (ОФФЕР),Сгенерировать оффер,Service Task,HR_Manager_2,2025-09-10 14:39:29.325256,2025-09-10 15:04:29.325256,1500,,
4c8d6aaa-e301-4992-ace7-2ec9ec1e7701,VAC-1047,CAND-10047,HR (ОФФЕР),Отправить оффер,Send Task,HR_Manager_2,2025-09-10 15:14:29.325256,2025-09-10 15:18:29.325256,240,sent,
4c8d6aaa-e301-4992-ace7-2ec9ec1e7701,VAC-1047,CAND-10047,HR (ОФФЕР),Timer: ожидание ответа (7 дн),Timer,,2025-09-10 15:18:29.325256,2025-09-12 15:18:29.325256,172800,timer_elapsed,
4c8d6aaa-e301-4992-ace7-2ec9ec1e7701,VAC-1047,CAND-10047,SECURITY,Background Check,Call Activity,Служба_БД_2,2025-09-14 10:56:29.325256,2025-09-15 09:11:29.325256,80100,report_ready,
4c8d6aaa-e301-4992-ace7-2ec9ec1e7701,VAC-1047,CAND-10047,IT,Выдача оборудования,Task,IT_Specialist_9,2025-09-15 11:07:29.325256,2025-09-15 13:44:29.325256,9420,,
4c8d6aaa-e301-4992-ace7-2ec9ec1e7701,VAC-1047,CAND-10047,IT,Создать доступы,Task,IT_Specialist_5,2025-09-15 15:02:29.325256,2025-09-15 16:13:29.325256,4260,,
4c8d6aaa-e301-4992-ace7-2ec9ec1e7701,VAC-1047,CAND-10047,IT,HR/Training: Вводное обучение,Service Task,Марина_6,2025-09-18 02:50:29.325256,2025-09-18 03:50:29.325256,3600,,
4c8d6aaa-e301-4992-ace7-2ec9ec1e7701,VAC-1047,CAND-10047,IT,Назначить ментора,Task,Ольга_3,2025-09-18 04:56:29.325256,2025-09-18 06:19:29.325256,4980,,
4c8d6aaa-e301-4992-ace7-2ec9ec1e7701,VAC-1047,CAND-10047,IT,Message: уведомить всех,Message,system,2025-09-18 07:02:29.325256,2025-09-18 07:24:29.325256,1320,notified,
4c8d6aaa-e301-4992-ace7-2ec9ec1e7701,VAC-1047,CAND-10047,HR (финал),Обновить статус в HCM,Service Task,Ольга_2,2025-09-18 07:35:29.325256,2025-09-18 08:09:29.325256,2040,,
4c8d6aaa-e301-4992-ace7-2ec9ec1e7701,VAC-1047,CAND-10047,HR (финал),Payroll / учет,Service Task,Марина_9,2025-09-18 08:43:29.325256,2025-09-18 09:18:29.325256,2100,,
4c8d6aaa-e301-4992-ace7-2ec9ec1e7701,VAC-1047,CAND-10047,HR (финал),Закрыть вакансию на порталах,Service Task,Ольга_8,2025-09-18 09:54:29.325256,2025-09-18 09:56:29.325256,120,,
4c8d6aaa-e301-4992-ace7-2ec9ec1e7701,VAC-1047,CAND-10047,HR (финал),Hire Completed,End Event,system,2025-09-18 09:59:29.325256,2025-09-18 09:59:29.325256,0,hired,
4e1a9c59-c146-4de3-83be-931287f8f6b8,VAC-1160,CAND-10160,РУКОВОДИТЕЛЬ,Создать заявку,User Task,Иванов_5,2025-09-25 21:47:29.325256,2025-09-25 22:11:29.325256,1440,,
4e1a9c59-c146-4de3-83be-931287f8f6b8,VAC-1160,CAND-10160,HR,Зарегистрировать в HCM,Service Task,Наталья_6,2025-09-25 22:52:29.325256,2025-09-25 23:21:29.325256,1740,,
4e1a9c59-c146-4de3-83be-931287f8f6b8,VAC-1160,CAND-10160,РЕКРУТЕР,Разместить вакансию,Task,Дмитрий_5,2025-09-25 23:34:29.325256,2025-09-26 00:08:29.325256,2040,,
4e1a9c59-c146-4de3-83be-931287f8f6b8,VAC-1160,CAND-10160,РЕКРУТЕР,Собирать резюме,Task,Дмитрий_2,2025-09-26 04:50:29.325256,2025-09-26 06:41:29.325256,6660,,
4e1a9c59-c146-4de3-83be-931287f8f6b8,VAC-1160,CAND-10160,РЕКРУТЕР,Скрининг,Task,Алексей_5,2025-09-26 07:20:29.325256,2025-09-26 07:44:29.325256,1440,passed,
4e1a9c59-c146-4de3-83be-931287f8f6b8,VAC-1160,CAND-10160,ИНТЕРВЬЮЕРЫ,Назначить интервью,User Task,Анна_2,2025-09-26 10:53:29.325256,2025-09-26 11:33:29.325256,2400,,
4e1a9c59-c146-4de3-83be-931287f8f6b8,VAC-1160,CAND-10160,ИНТЕРВЬЮЕРЫ,Интервью (раунд 1),User Task,Сергей_3,2025-09-26 14:21:29.325256,2025-09-26 16:20:29.325256,7140,passed,
4e1a9c59-c146-4de3-83be-931287f8f6b8,VAC-1160,CAND-10160,ИНТЕРВЬЮЕРЫ,Финальное интервью,User Task,Андрей_2,2025-09-26 19:44:29.325256,2025-09-26 21:26:29.325256,6120,passed,
4e1a9c59-c146-4de3-83be-931287f8f6b8,VAC-1160,CAND-10160,HR (ОФФЕР),Согласовать условия,User Task,HR_Manager_9,2025-09-26 22:15:29.325256,2025-09-27 01:21:29.325256,11160,,
4e1a9c59-c146-4de3-83be-931287f8f6b8,VAC-1160,CAND-10160,HR (ОФФЕР),Сгенерировать оффер,Service Task,HR_Manager_1,2025-09-27 01:54:29.325256,2025-09-27 01:57:29.325256,180,,
4e1a9c59-c146-4de3-83be-931287f8f6b8,VAC-1160,CAND-10160,HR (ОФФЕР),Отправить оффер,Send Task,HR_Manager_7,2025-09-27 02:13:29.325256,2025-09-27 02:14:29.325256,60,sent,
4e1a9c59-c146-4de3-83be-931287f8f6b8,VAC-1160,CAND-10160,HR (ОФФЕР),Timer: ожидание ответа (7 дн),Timer,,2025-09-27 02:14:29.325256,2025-09-29 02:14:29.325256,172800,timer_elapsed,
4e1a9c59-c146-4de3-83be-931287f8f6b8,VAC-1160,CAND-10160,SECURITY,Background Check,Call Activity,Служба_БД_6,2025-09-30 05:00:29.325256,2025-09-30 12:06:29.325256,25560,report_ready,
4e1a9c59-c146-4de3-83be-931287f8f6b8,VAC-1160,CAND-10160,IT,Выдача оборудования,Task,IT_Specialist_8,2025-09-30 13:51:29.325256,2025-09-30 15:11:29.325256,4800,,
4e1a9c59-c146-4de3-83be-931287f8f6b8,VAC-1160,CAND-10160,IT,Создать доступы,Task,IT_Specialist_8,2025-09-30 16:28:29.325256,2025-09-30 17:11:29.325256,2580,,
4e1a9c59-c146-4de3-83be-931287f8f6b8,VAC-1160,CAND-10160,IT,HR/Training: Вводное обучение,Service Task,Ольга_8,2025-10-01 06:28:29.325256,2025-10-01 11:21:29.325256,17580,,
4e1a9c59-c146-4de3-83be-931287f8f6b8,VAC-1160,CAND-10160,IT,Назначить ментора,Task,Наталья_3,2025-10-01 13:26:29.325256,2025-10-01 14:05:29.325256,2340,,
4e1a9c59-c146-4de3-83be-931287f8f6b8,VAC-1160,CAND-10160,IT,Message: уведомить всех,Message,system,2025-10-01 15:01:29.325256,2025-10-01 15:30:29.325256,1740,notified,
4e1a9c59-c146-4de3-83be-931287f8f6b8,VAC-1160,CAND-10160,HR (финал),Обновить статус в HCM,Service Task,Ольга_7,2025-10-01 16:49:29.325256,2025-10-01 17:06:29.325256,1020,,
4e1a9c59-c146-4de3-83be-931287f8f6b8,VAC-1160,CAND-10160,HR (финал),Payroll / учет,Service Task,Марина_6,2025-10-01 17:18:29.325256,2025-10-01 18:03:29.325256,2700,,
4e1a9c59-c146-4de3-83be-931287f8f6b8,VAC-1160,CAND-10160,HR (финал),Закрыть вакансию на порталах,Service Task,Ольга_8,2025-10-01 18:54:29.325256,2025-10-01 19:50:29.325256,3360,,
4e1a9c59-c146-4de3-83be-931287f8f6b8,VAC-1160,CAND-10160,HR (финал),Hire Completed,End Event,system,2025-10-01 20:22:29.325256,2025-10-01 20:22:29.325256,0,hired,
4eae2188-ac1f-4ff6-a53b-b879016106aa,VAC-1044,CAND-10044,РУКОВОДИТЕЛЬ,Создать заявку,User Task,Кузнецов_3,2025-09-14 15:41:29.325256,2025-09-14 16:30:29.325256,2940,,
4eae2188-ac1f-4ff6-a53b-b879016106aa,VAC-1044,CAND-10044,HR,Зарегистрировать в HCM,Service Task,Наталья_5,2025-09-14 17:09:29.325256,2025-09-14 17:32:29.325256,1380,,
4eae2188-ac1f-4ff6-a53b-b879016106aa,VAC-1044,CAND-10044,РЕКРУТЕР,Разместить вакансию,Task,Екатерина_6,2025-09-14 18:08:29.325256,2025-09-14 19:06:29.325256,3480,,
4eae2188-ac1f-4ff6-a53b-b879016106aa,VAC-1044,CAND-10044,РЕКРУТЕР,Собирать резюме,Task,Екатерина_9,2025-09-14 20:21:29.325256,2025-09-14 23:42:29.325256,12060,,
4eae2188-ac1f-4ff6-a53b-b879016106aa,VAC-1044,CAND-10044,РЕКРУТЕР,Скрининг,Task,Екатерина_7,2025-09-14 23:58:29.325256,2025-09-15 01:25:29.325256,5220,passed,
4eae2188-ac1f-4ff6-a53b-b879016106aa,VAC-1044,CAND-10044,ИНТЕРВЬЮЕРЫ,Назначить интервью,User Task,Сергей_3,2025-09-15 01:59:29.325256,2025-09-15 02:27:29.325256,1680,,
4eae2188-ac1f-4ff6-a53b-b879016106aa,VAC-1044,CAND-10044,ИНТЕРВЬЮЕРЫ,Интервью (раунд 1),User Task,Андрей_3,2025-09-15 04:24:29.325256,2025-09-15 06:58:29.325256,9240,passed,
4eae2188-ac1f-4ff6-a53b-b879016106aa,VAC-1044,CAND-10044,ИНТЕРВЬЮЕРЫ,Финальное интервью,User Task,Андрей_9,2025-09-15 07:41:29.325256,2025-09-15 09:26:29.325256,6300,rejected,финал не пройден
4f5d71e6-26ab-4268-ad06-a00156bd9968,VAC-1036,CAND-10036,РУКОВОДИТЕЛЬ,Создать заявку,User Task,Сидоров_7,2025-10-01 21:37:29.325256,2025-10-01 22:17:29.325256,2400,,
4f5d71e6-26ab-4268-ad06-a00156bd9968,VAC-1036,CAND-10036,HR,Зарегистрировать в HCM,Service Task,Ольга_8,2025-10-01 22:56:29.325256,2025-10-01 23:13:29.325256,1020,,
4f5d71e6-26ab-4268-ad06-a00156bd9968,VAC-1036,CAND-10036,РЕКРУТЕР,Разместить вакансию,Task,Дмитрий_2,2025-10-01 23:46:29.325256,2025-10-02 01:13:29.325256,5220,,
4f5d71e6-26ab-4268-ad06-a00156bd9968,VAC-1036,CAND-10036,РЕКРУТЕР,Собирать резюме,Task,Екатерина_9,2025-10-02 02:21:29.325256,2025-10-02 05:38:29.325256,11820,,
4f5d71e6-26ab-4268-ad06-a00156bd9968,VAC-1036,CAND-10036,РЕКРУТЕР,Скрининг,Task,Алексей_7,2025-10-02 07:15:29.325256,2025-10-02 09:10:29.325256,6900,passed,
4f5d71e6-26ab-4268-ad06-a00156bd9968,VAC-1036,CAND-10036,ИНТЕРВЬЮЕРЫ,Назначить интервью,User Task,Сергей_8,2025-10-02 10:38:29.325256,2025-10-02 11:09:29.325256,1860,,
4f5d71e6-26ab-4268-ad06-a00156bd9968,VAC-1036,CAND-10036,ИНТЕРВЬЮЕРЫ,Интервью (раунд 1),User Task,Сергей_5,2025-10-02 13:25:29.325256,2025-10-02 14:19:29.325256,3240,passed,
4f5d71e6-26ab-4268-ad06-a00156bd9968,VAC-1036,CAND-10036,ИНТЕРВЬЮЕРЫ,Интервью (раунд 2),User Task,Сергей_2,2025-10-02 16:24:29.325256,2025-10-02 17:33:29.325256,4140,rejected,недостаточно навыков
4f98e8e7-1a45-44df-aa3f-88b8233dd863,VAC-1184,CAND-10184,РУКОВОДИТЕЛЬ,Создать заявку,User Task,Иванов_5,2025-10-19 11:08:29.325256,2025-10-19 11:56:29.325256,2880,,
4f98e8e7-1a45-44df-aa3f-88b8233dd863,VAC-1184,CAND-10184,HR,Зарегистрировать в HCM,Service Task,Марина_4,2025-10-19 11:58:29.325256,2025-10-19 12:11:29.325256,780,,
4f98e8e7-1a45-44df-aa3f-88b8233dd863,VAC-1184,CAND-10184,РЕКРУТЕР,Разместить вакансию,Task,Алексей_6,2025-10-19 12:40:29.325256,2025-10-19 13:35:29.325256,3300,,
4f98e8e7-1a45-44df-aa3f-88b8233dd863,VAC-1184,CAND-10184,РЕКРУТЕР,Собирать резюме,Task,Екатерина_4,2025-10-19 14:13:29.325256,2025-10-19 17:18:29.325256,11100,,
4f98e8e7-1a45-44df-aa3f-88b8233dd863,VAC-1184,CAND-10184,РЕКРУТЕР,Скрининг,Task,Алексей_5,2025-10-19 18:37:29.325256,2025-10-19 19:49:29.325256,4320,passed,
4f98e8e7-1a45-44df-aa3f-88b8233dd863,VAC-1184,CAND-10184,ИНТЕРВЬЮЕРЫ,Назначить интервью,User Task,Сергей_2,2025-10-19 20:40:29.325256,2025-10-19 21:19:29.325256,2340,,
4f98e8e7-1a45-44df-aa3f-88b8233dd863,VAC-1184,CAND-10184,ИНТЕРВЬЮЕРЫ,Интервью (раунд 1),User Task,Анна_9,2025-10-19 23:29:29.325256,2025-10-20 00:48:29.325256,4740,passed,
4f98e8e7-1a45-44df-aa3f-88b8233dd863,VAC-1184,CAND-10184,ИНТЕРВЬЮЕРЫ,Интервью (раунд 2),User Task,Анна_7,2025-10-20 01:32:29.325256,2025-10-20 03:34:29.325256,7320,passed,
4f98e8e7-1a45-44df-aa3f-88b8233dd863,VAC-1184,CAND-10184,ИНТЕРВЬЮЕРЫ,Интервью (раунд 3),User Task,Сергей_6,2025-10-20 05:38:29.325256,2025-10-20 07:46:29.325256,7680,passed,
4f98e8e7-1a45-44df-aa3f-88b8233dd863,VAC-1184,CAND-10184,ИНТЕРВЬЮЕРЫ,Финальное интервью,User Task,Анна_2,2025-10-20 09:39:29.325256,2025-10-20 11:27:29.325256,6480,rejected,финал не пройден
5100faa7-3933-4f82-b6fb-0e9b68f6021a,VAC-1115,CAND-10115,РУКОВОДИТЕЛЬ,Создать заявку,User Task,Сидоров_1,2025-09-16 14:32:29.325256,2025-09-16 15:27:29.325256,3300,,
5100faa7-3933-4f82-b6fb-0e9b68f6021a,VAC-1115,CAND-10115,HR,Зарегистрировать в HCM,Service Task,Ольга_7,2025-09-16 16:27:29.325256,2025-09-16 16:40:29.325256,780,,
5100faa7-3933-4f82-b6fb-0e9b68f6021a,VAC-1115,CAND-10115,РЕКРУТЕР,Разместить вакансию,Task,Дмитрий_9,2025-09-16 17:31:29.325256,2025-09-16 19:08:29.325256,5820,,
5100faa7-3933-4f82-b6fb-0e9b68f6021a,VAC-1115,CAND-10115,РЕКРУТЕР,Собирать резюме,Task,Екатерина_5,2025-09-16 19:45:29.325256,2025-09-16 20:18:29.325256,1980,,
5100faa7-3933-4f82-b6fb-0e9b68f6021a,VAC-1115,CAND-10115,РЕКРУТЕР,Скрининг,Task,Дмитрий_4,2025-09-16 20:48:29.325256,2025-09-16 21:38:29.325256,3000,rejected,не прошёл тест
5100faa7-3933-4f82-b6fb-0e9b68f6021a,VAC-1115,CAND-10115,РЕКРУТЕР,Скрининг,Task,Дмитрий_4,2025-09-16 21:48:29.325256,2025-09-16 22:16:29.325256,1680,rejected,не прошёл тест
5100faa7-3933-4f82-b6fb-0e9b68f6021a,VAC-1115,CAND-10115,РЕКРУТЕР,Скрининг,Task,Дмитрий_4,2025-09-16 22:48:29.325256,2025-09-16 23:27:29.325256,2340,rejected,не прошёл тест
51b2bedb-f77e-4127-b6f2-732c8ac30b1f,VAC-1129,CAND-10129,РУКОВОДИТЕЛЬ,Создать заявку,User Task,Кузнецов_1,2025-09-06 20:12:29.325256,2025-09-06 20:46:29.325256,2040,,
51b2bedb-f77e-4127-b6f2-732c8ac30b1f,VAC-1129,CAND-10129,HR,Зарегистрировать в HCM,Service Task,Ольга_9,2025-09-06 21:03:29.325256,2025-09-06 21:09:29.325256,360,,
51b2bedb-f77e-4127-b6f2-732c8ac30b1f,VAC-1129,CAND-10129,РЕКРУТЕР,Разместить вакансию,Task,Алексей_9,2025-09-06 21:16:29.325256,2025-09-06 22:37:29.325256,4860,,
51b2bedb-f77e-4127-b6f2-732c8ac30b1f,VAC-1129,CAND-10129,РЕКРУТЕР,Собирать резюме,Task,Алексей_9,2025-09-07 01:17:29.325256,2025-09-07 03:14:29.325256,7020,,
51b2bedb-f77e-4127-b6f2-732c8ac30b1f,VAC-1129,CAND-10129,РЕКРУТЕР,Скрининг,Task,Екатерина_5,2025-09-07 03:51:29.325256,2025-09-07 04:32:29.325256,2460,rejected,некорректное резюме
51b2bedb-f77e-4127-b6f2-732c8ac30b1f,VAC-1129,CAND-10129,РЕКРУТЕР,Скрининг,Task,Екатерина_5,2025-09-07 04:51:29.325256,2025-09-07 05:45:29.325256,3240,rejected,не соотв. опыту
536dfb26-9649-4405-a413-6fb942fbaa5b,VAC-1064,CAND-10064,РУКОВОДИТЕЛЬ,Создать заявку,User Task,Иванов_9,2025-10-05 20:55:29.325256,2025-10-05 21:50:29.325256,3300,,
536dfb26-9649-4405-a413-6fb942fbaa5b,VAC-1064,CAND-10064,HR,Зарегистрировать в HCM,Service Task,Марина_6,2025-10-05 22:19:29.325256,2025-10-05 22:36:29.325256,1020,,
536dfb26-9649-4405-a413-6fb942fbaa5b,VAC-1064,CAND-10064,РЕКРУТЕР,Разместить вакансию,Task,Алексей_1,2025-10-05 22:41:29.325256,2025-10-06 00:03:29.325256,4920,,
536dfb26-9649-4405-a413-6fb942fbaa5b,VAC-1064,CAND-10064,РЕКРУТЕР,Собирать резюме,Task,Алексей_9,2025-10-06 04:53:29.325256,2025-10-06 07:32:29.325256,9540,,
536dfb26-9649-4405-a413-6fb942fbaa5b,VAC-1064,CAND-10064,РЕКРУТЕР,Скрининг,Task,Дмитрий_9,2025-10-06 07:56:29.325256,2025-10-06 08:22:29.325256,1560,passed,
536dfb26-9649-4405-a413-6fb942fbaa5b,VAC-1064,CAND-10064,ИНТЕРВЬЮЕРЫ,Назначить интервью,User Task,Анна_8,2025-10-06 11:46:29.325256,2025-10-06 12:04:29.325256,1080,,
536dfb26-9649-4405-a413-6fb942fbaa5b,VAC-1064,CAND-10064,ИНТЕРВЬЮЕРЫ,Интервью (раунд 1),User Task,Сергей_3,2025-10-06 14:44:29.325256,2025-10-06 17:08:29.325256,8640,rejected,культурный профиль
55e614be-e5df-4952-a5f0-7cd3763ae0e2,VAC-1012,CAND-10012,РУКОВОДИТЕЛЬ,Создать заявку,User Task,Кузнецов_5,2025-09-11 21:26:29.325256,2025-09-11 21:51:29.325256,1500,,
55e614be-e5df-4952-a5f0-7cd3763ae0e2,VAC-1012,CAND-10012,HR,Зарегистрировать в HCM,Service Task,Наталья_7,2025-09-11 22:27:29.325256,2025-09-11 22:32:29.325256,300,,
55e614be-e5df-4952-a5f0-7cd3763ae0e2,VAC-1012,CAND-10012,РЕКРУТЕР,Разместить вакансию,Task,Екатерина_3,2025-09-11 23:15:29.325256,2025-09-12 00:13:29.325256,3480,,
55e614be-e5df-4952-a5f0-7cd3763ae0e2,VAC-1012,CAND-10012,РЕКРУТЕР,Собирать резюме,Task,Дмитрий_7,2025-09-12 05:38:29.325256,2025-09-12 08:33:29.325256,10500,,
55e614be-e5df-4952-a5f0-7cd3763ae0e2,VAC-1012,CAND-10012,РЕКРУТЕР,Скрининг,Task,Алексей_5,2025-09-12 09:48:29.325256,2025-09-12 11:39:29.325256,6660,passed,
55e614be-e5df-4952-a5f0-7cd3763ae0e2,VAC-1012,CAND-10012,ИНТЕРВЬЮЕРЫ,Назначить интервью,User Task,Анна_6,2025-09-12 13:59:29.325256,2025-09-12 14:54:29.325256,3300,,
55e614be-e5df-4952-a5f0-7cd3763ae0e2,VAC-1012,CAND-10012,ИНТЕРВЬЮЕРЫ,Интервью (раунд 1),User Task,Анна_8,2025-09-12 17:17:29.325256,2025-09-12 19:40:29.325256,8580,passed,
55e614be-e5df-4952-a5f0-7cd3763ae0e2,VAC-1012,CAND-10012,ИНТЕРВЬЮЕРЫ,Интервью (раунд 2),User Task,Сергей_9,2025-09-12 23:33:29.325256,2025-09-13 00:46:29.325256,4380,rejected,культурный профиль
56f0fec8-6239-4b3b-ad36-0b94729da9b8,VAC-1153,CAND-10153,РУКОВОДИТЕЛЬ,Создать заявку,User Task,Петров_2,2025-09-12 21:58:29.325256,2025-09-12 22:48:29.325256,3000,,
56f0fec8-6239-4b3b-ad36-0b94729da9b8,VAC-1153,CAND-10153,HR,Зарегистрировать в HCM,Service Task,Марина_8,2025-09-12 22:54:29.325256,2025-09-12 22:58:29.325256,240,,
56f0fec8-6239-4b3b-ad36-0b94729da9b8,VAC-1153,CAND-10153,РЕКРУТЕР,Разместить вакансию,Task,Алексей_9,2025-09-12 23:39:29.325256,2025-09-13 00:35:29.325256,3360,,
56f0fec8-6239-4b3b-ad36-0b94729da9b8,VAC-1153,CAND-10153,РЕКРУТЕР,Собирать резюме,Task,Екатерина_3,2025-09-13 04:01:29.325256,2025-09-13 07:37:29.325256,12960,,
56f0fec8-6239-4b3b-ad36-0b94729da9b8,VAC-1153,CAND-10153,РЕКРУТЕР,Скрининг,Task,Дмитрий_1,2025-09-13 08:30:29.325256,2025-09-13 09:11:29.325256,2460,rejected,не прошёл тест
56f0fec8-6239-4b3b-ad36-0b94729da9b8,VAC-1153,CAND-10153,РЕКРУТЕР,Скрининг,Task,Дмитрий_1,2025-09-13 09:30:29.325256,2025-09-13 10:30:29.325256,3600,rejected,не соотв. опыту
57d40ce4-7292-46fc-b162-f198d80b024b,VAC-1014,CAND-10014,РУКОВОДИТЕЛЬ,Создать заявку,User Task,Иванов_7,2025-10-03 11:57:29.325256,2025-10-03 12:50:29.325256,3180,,
57d40ce4-7292-46fc-b162-f198d80b024b,VAC-1014,CAND-10014,HR,Зарегистрировать в HCM,Service Task,Марина_9,2025-10-03 13:05:29.325256,2025-10-03 13:11:29.325256,360,,
57d40ce4-7292-46fc-b162-f198d80b024b,VAC-1014,CAND-10014,РЕКРУТЕР,Разместить вакансию,Task,Екатерина_4,2025-10-03 13:41:29.325256,2025-10-03 13:57:29.325256,960,,
57d40ce4-7292-46fc-b162-f198d80b024b,VAC-1014,CAND-10014,РЕКРУТЕР,Собирать резюме,Task,Алексей_8,2025-10-03 15:09:29.325256,2025-10-03 17:35:29.325256,8760,,
57d40ce4-7292-46fc-b162-f198d80b024b,VAC-1014,CAND-10014,РЕКРУТЕР,Скрининг,Task,Екатерина_6,2025-10-03 19:05:29.325256,2025-10-03 19:49:29.325256,2640,rejected,не прошёл тест
57d40ce4-7292-46fc-b162-f198d80b024b,VAC-1014,CAND-10014,РЕКРУТЕР,Скрининг,Task,Екатерина_6,2025-10-03 20:05:29.325256,2025-10-03 20:42:29.325256,2220,rejected,некорректное резюме
5978c2f0-528f-4ea5-a227-067ce1a48464,VAC-1126,CAND-10126,РУКОВОДИТЕЛЬ,Создать заявку,User Task,Петров_9,2025-08-30 12:30:29.325256,2025-08-30 13:17:29.325256,2820,,
5978c2f0-528f-4ea5-a227-067ce1a48464,VAC-1126,CAND-10126,HR,Зарегистрировать в HCM,Service Task,Марина_7,2025-08-30 14:10:29.325256,2025-08-30 14:11:29.325256,60,,
5978c2f0-528f-4ea5-a227-067ce1a48464,VAC-1126,CAND-10126,РЕКРУТЕР,Разместить вакансию,Task,Дмитрий_1,2025-08-30 14:45:29.325256,2025-08-30 15:48:29.325256,3780,,
5978c2f0-528f-4ea5-a227-067ce1a48464,VAC-1126,CAND-10126,РЕКРУТЕР,Собирать резюме,Task,Алексей_8,2025-08-30 20:29:29.325256,2025-08-30 22:48:29.325256,8340,,
5978c2f0-528f-4ea5-a227-067ce1a48464,VAC-1126,CAND-10126,РЕКРУТЕР,Скрининг,Task,Дмитрий_6,2025-08-31 00:34:29.325256,2025-08-31 02:17:29.325256,6180,passed,
5978c2f0-528f-4ea5-a227-067ce1a48464,VAC-1126,CAND-10126,ИНТЕРВЬЮЕРЫ,Назначить интервью,User Task,Анна_2,2025-08-31 05:56:29.325256,2025-08-31 06:49:29.325256,3180,,
5978c2f0-528f-4ea5-a227-067ce1a48464,VAC-1126,CAND-10126,ИНТЕРВЬЮЕРЫ,Интервью (раунд 1),User Task,Андрей_2,2025-08-31 07:53:29.325256,2025-08-31 09:28:29.325256,5700,passed,
5978c2f0-528f-4ea5-a227-067ce1a48464,VAC-1126,CAND-10126,ИНТЕРВЬЮЕРЫ,Интервью (раунд 2),User Task,Андрей_1,2025-08-31 11:10:29.325256,2025-08-31 13:59:29.325256,10140,passed,
5978c2f0-528f-4ea5-a227-067ce1a48464,VAC-1126,CAND-10126,ИНТЕРВЬЮЕРЫ,Финальное интервью,User Task,Андрей_9,2025-08-31 17:24:29.325256,2025-08-31 17:55:29.325256,1860,passed,
5978c2f0-528f-4ea5-a227-067ce1a48464,VAC-1126,CAND-10126,HR (ОФФЕР),Согласовать условия,User Task,HR_Manager_6,2025-08-31 18:05:29.325256,2025-08-31 20:11:29.325256,7560,,
5978c2f0-528f-4ea5-a227-067ce1a48464,VAC-1126,CAND-10126,HR (ОФФЕР),Сгенерировать оффер,Service Task,HR_Manager_3,2025-08-31 20:42:29.325256,2025-08-31 20:55:29.325256,780,,
5978c2f0-528f-4ea5-a227-067ce1a48464,VAC-1126,CAND-10126,HR (ОФФЕР),Отправить оффер,Send Task,HR_Manager_5,2025-08-31 21:09:29.325256,2025-08-31 21:19:29.325256,600,sent,
5978c2f0-528f-4ea5-a227-067ce1a48464,VAC-1126,CAND-10126,HR (ОФФЕР),Timer: ожидание ответа (7 дн),Timer,,2025-08-31 21:19:29.325256,2025-09-07 21:19:29.325256,604800,timer_elapsed,
5978c2f0-528f-4ea5-a227-067ce1a48464,VAC-1126,CAND-10126,SECURITY,Background Check,Call Activity,Служба_БД_4,2025-09-09 15:06:29.325256,2025-09-10 01:30:29.325256,37440,report_ready,
5978c2f0-528f-4ea5-a227-067ce1a48464,VAC-1126,CAND-10126,IT,Выдача оборудования,Task,IT_Specialist_3,2025-09-10 03:11:29.325256,2025-09-10 06:03:29.325256,10320,,
5978c2f0-528f-4ea5-a227-067ce1a48464,VAC-1126,CAND-10126,IT,Создать доступы,Task,IT_Specialist_5,2025-09-10 06:55:29.325256,2025-09-10 09:28:29.325256,9180,,
5978c2f0-528f-4ea5-a227-067ce1a48464,VAC-1126,CAND-10126,IT,HR/Training: Вводное обучение,Service Task,Ольга_7,2025-09-12 03:21:29.325256,2025-09-12 09:16:29.325256,21300,,
5978c2f0-528f-4ea5-a227-067ce1a48464,VAC-1126,CAND-10126,IT,Назначить ментора,Task,Марина_2,2025-09-12 12:29:29.325256,2025-09-12 12:56:29.325256,1620,,
5978c2f0-528f-4ea5-a227-067ce1a48464,VAC-1126,CAND-10126,IT,Message: уведомить всех,Message,system,2025-09-12 13:44:29.325256,2025-09-12 13:52:29.325256,480,notified,
5978c2f0-528f-4ea5-a227-067ce1a48464,VAC-1126,CAND-10126,HR (финал),Обновить статус в HCM,Service Task,Марина_3,2025-09-12 14:50:29.325256,2025-09-12 15:41:29.325256,3060,,
5978c2f0-528f-4ea5-a227-067ce1a48464,VAC-1126,CAND-10126,HR (финал),Payroll / учет,Service Task,Марина_7,2025-09-12 15:48:29.325256,2025-09-12 16:02:29.325256,840,,
5978c2f0-528f-4ea5-a227-067ce1a48464,VAC-1126,CAND-10126,HR (финал),Закрыть вакансию на порталах,Service Task,Марина_1,2025-09-12 16:53:29.325256,2025-09-12 17:15:29.325256,1320,,
5978c2f0-528f-4ea5-a227-067ce1a48464,VAC-1126,CAND-10126,HR (финал),Hire Completed,End Event,system,2025-09-12 17:26:29.325256,2025-09-12 17:26:29.325256,0,hired,
5a7ed1cc-dc9d-4259-9971-5db75afd2d8e,VAC-1054,CAND-10054,РУКОВОДИТЕЛЬ,Создать заявку,User Task,Кузнецов_2,2025-09-17 18:33:29.325256,2025-09-17 19:04:29.325256,1860,,
5a7ed1cc-dc9d-4259-9971-5db75afd2d8e,VAC-1054,CAND-10054,HR,Зарегистрировать в HCM,Service Task,Марина_2,2025-09-17 19:13:29.325256,2025-09-17 19:24:29.325256,660,,
5a7ed1cc-dc9d-4259-9971-5db75afd2d8e,VAC-1054,CAND-10054,РЕКРУТЕР,Разместить вакансию,Task,Екатерина_9,2025-09-17 19:53:29.325256,2025-09-17 21:02:29.325256,4140,,
5a7ed1cc-dc9d-4259-9971-5db75afd2d8e,VAC-1054,CAND-10054,РЕКРУТЕР,Собирать резюме,Task,Екатерина_3,2025-09-18 00:08:29.325256,2025-09-18 01:10:29.325256,3720,,
5a7ed1cc-dc9d-4259-9971-5db75afd2d8e,VAC-1054,CAND-10054,РЕКРУТЕР,Скрининг,Task,Дмитрий_9,2025-09-18 02:53:29.325256,2025-09-18 03:51:29.325256,3480,rejected,не соотв. опыту
5ad2a330-1224-42b7-9ddc-6691d758c959,VAC-1035,CAND-10035,РУКОВОДИТЕЛЬ,Создать заявку,User Task,Кузнецов_9,2025-09-03 15:03:29.325256,2025-09-03 15:16:29.325256,780,,
5ad2a330-1224-42b7-9ddc-6691d758c959,VAC-1035,CAND-10035,HR,Зарегистрировать в HCM,Service Task,Наталья_8,2025-09-03 15:24:29.325256,2025-09-03 15:48:29.325256,1440,,
5ad2a330-1224-42b7-9ddc-6691d758c959,VAC-1035,CAND-10035,РЕКРУТЕР,Разместить вакансию,Task,Дмитрий_9,2025-09-03 16:17:29.325256,2025-09-03 18:06:29.325256,6540,,
5ad2a330-1224-42b7-9ddc-6691d758c959,VAC-1035,CAND-10035,РЕКРУТЕР,Собирать резюме,Task,Дмитрий_9,2025-09-03 23:19:29.325256,2025-09-04 00:16:29.325256,3420,,
5ad2a330-1224-42b7-9ddc-6691d758c959,VAC-1035,CAND-10035,РЕКРУТЕР,Скрининг,Task,Алексей_9,2025-09-04 00:49:29.325256,2025-09-04 02:12:29.325256,4980,passed,
5ad2a330-1224-42b7-9ddc-6691d758c959,VAC-1035,CAND-10035,ИНТЕРВЬЮЕРЫ,Назначить интервью,User Task,Андрей_8,2025-09-04 05:26:29.325256,2025-09-04 05:32:29.325256,360,,
5ad2a330-1224-42b7-9ddc-6691d758c959,VAC-1035,CAND-10035,ИНТЕРВЬЮЕРЫ,Интервью (раунд 1),User Task,Сергей_2,2025-09-04 07:51:29.325256,2025-09-04 08:48:29.325256,3420,passed,
5ad2a330-1224-42b7-9ddc-6691d758c959,VAC-1035,CAND-10035,ИНТЕРВЬЮЕРЫ,Интервью (раунд 2),User Task,Андрей_3,2025-09-04 09:38:29.325256,2025-09-04 11:30:29.325256,6720,rejected,поведенческий
5c003535-ce79-4df2-847f-9118ff07b694,VAC-1123,CAND-10123,РУКОВОДИТЕЛЬ,Создать заявку,User Task,Петров_1,2025-08-24 20:37:29.325256,2025-08-24 21:07:29.325256,1800,,
5c003535-ce79-4df2-847f-9118ff07b694,VAC-1123,CAND-10123,HR,Зарегистрировать в HCM,Service Task,Марина_9,2025-08-24 21:43:29.325256,2025-08-24 21:52:29.325256,540,,
5c003535-ce79-4df2-847f-9118ff07b694,VAC-1123,CAND-10123,РЕКРУТЕР,Разместить вакансию,Task,Алексей_6,2025-08-24 22:23:29.325256,2025-08-24 23:56:29.325256,5580,,
5c003535-ce79-4df2-847f-9118ff07b694,VAC-1123,CAND-10123,РЕКРУТЕР,Собирать резюме,Task,Екатерина_5,2025-08-25 03:26:29.325256,2025-08-25 04:53:29.325256,5220,,
5c003535-ce79-4df2-847f-9118ff07b694,VAC-1123,CAND-10123,РЕКРУТЕР,Скрининг,Task,Екатерина_9,2025-08-25 05:15:29.325256,2025-08-25 06:19:29.325256,3840,passed,
5c003535-ce79-4df2-847f-9118ff07b694,VAC-1123,CAND-10123,ИНТЕРВЬЮЕРЫ,Назначить интервью,User Task,Андрей_4,2025-08-25 08:22:29.325256,2025-08-25 08:59:29.325256,2220,,
5c003535-ce79-4df2-847f-9118ff07b694,VAC-1123,CAND-10123,ИНТЕРВЬЮЕРЫ,Интервью (раунд 1),User Task,Андрей_8,2025-08-25 12:24:29.325256,2025-08-25 13:36:29.325256,4320,rejected,недостаточно навыков
5ee5a530-5c85-4803-bd36-bdd42082f1b4,VAC-1028,CAND-10028,РУКОВОДИТЕЛЬ,Создать заявку,User Task,Иванов_5,2025-10-19 11:02:29.325256,2025-10-19 11:27:29.325256,1500,,
5ee5a530-5c85-4803-bd36-bdd42082f1b4,VAC-1028,CAND-10028,HR,Зарегистрировать в HCM,Service Task,Ольга_3,2025-10-19 11:50:29.325256,2025-10-19 12:02:29.325256,720,,
5ee5a530-5c85-4803-bd36-bdd42082f1b4,VAC-1028,CAND-10028,РЕКРУТЕР,Разместить вакансию,Task,Дмитрий_3,2025-10-19 12:18:29.325256,2025-10-19 13:35:29.325256,4620,,
5ee5a530-5c85-4803-bd36-bdd42082f1b4,VAC-1028,CAND-10028,РЕКРУТЕР,Собирать резюме,Task,Алексей_7,2025-10-19 15:12:29.325256,2025-10-19 16:26:29.325256,4440,,
5ee5a530-5c85-4803-bd36-bdd42082f1b4,VAC-1028,CAND-10028,РЕКРУТЕР,Скрининг,Task,Алексей_8,2025-10-19 17:50:29.325256,2025-10-19 18:09:29.325256,1140,rejected,некорректное резюме
60739400-98e5-4f50-85c7-8ed38ce3098c,VAC-1030,CAND-10030,РУКОВОДИТЕЛЬ,Создать заявку,User Task,Петров_2,2025-08-25 20:23:29.325256,2025-08-25 21:14:29.325256,3060,,
60739400-98e5-4f50-85c7-8ed38ce3098c,VAC-1030,CAND-10030,HR,Зарегистрировать в HCM,Service Task,Ольга_7,2025-08-25 22:13:29.325256,2025-08-25 22:23:29.325256,600,,
60739400-98e5-4f50-85c7-8ed38ce3098c,VAC-1030,CAND-10030,РЕКРУТЕР,Разместить вакансию,Task,Алексей_9,2025-08-25 22:35:29.325256,2025-08-25 23:10:29.325256,2100,,
60739400-98e5-4f50-85c7-8ed38ce3098c,VAC-1030,CAND-10030,РЕКРУТЕР,Собирать резюме,Task,Екатерина_5,2025-08-26 02:27:29.325256,2025-08-26 05:12:29.325256,9900,,
60739400-98e5-4f50-85c7-8ed38ce3098c,VAC-1030,CAND-10030,РЕКРУТЕР,Скрининг,Task,Дмитрий_8,2025-08-26 07:03:29.325256,2025-08-26 07:55:29.325256,3120,rejected,некорректное резюме
60739400-98e5-4f50-85c7-8ed38ce3098c,VAC-1030,CAND-10030,РЕКРУТЕР,Скрининг,Task,Дмитрий_8,2025-08-26 08:03:29.325256,2025-08-26 08:59:29.325256,3360,rejected,не соотв. опыту
65f2d8ef-f550-4864-b5fa-6d6f06323b2c,VAC-1063,CAND-10063,РУКОВОДИТЕЛЬ,Создать заявку,User Task,Иванов_5,2025-08-31 18:20:29.325256,2025-08-31 18:40:29.325256,1200,,
65f2d8ef-f550-4864-b5fa-6d6f06323b2c,VAC-1063,CAND-10063,HR,Зарегистрировать в HCM,Service Task,Ольга_5,2025-08-31 19:05:29.325256,2025-08-31 19:13:29.325256,480,,
65f2d8ef-f550-4864-b5fa-6d6f06323b2c,VAC-1063,CAND-10063,РЕКРУТЕР,Разместить вакансию,Task,Екатерина_1,2025-08-31 19:35:29.325256,2025-08-31 20:23:29.325256,2880,,
65f2d8ef-f550-4864-b5fa-6d6f06323b2c,VAC-1063,CAND-10063,РЕКРУТЕР,Собирать резюме,Task,Дмитрий_4,2025-08-31 22:46:29.325256,2025-09-01 02:03:29.325256,11820,,
65f2d8ef-f550-4864-b5fa-6d6f06323b2c,VAC-1063,CAND-10063,РЕКРУТЕР,Скрининг,Task,Алексей_8,2025-09-01 02:15:29.325256,2025-09-01 03:45:29.325256,5400,passed,
65f2d8ef-f550-4864-b5fa-6d6f06323b2c,VAC-1063,CAND-10063,ИНТЕРВЬЮЕРЫ,Назначить интервью,User Task,Анна_5,2025-09-01 05:58:29.325256,2025-09-01 06:46:29.325256,2880,,
65f2d8ef-f550-4864-b5fa-6d6f06323b2c,VAC-1063,CAND-10063,ИНТЕРВЬЮЕРЫ,Интервью (раунд 1),User Task,Андрей_4,2025-09-01 07:46:29.325256,2025-09-01 09:31:29.325256,6300,passed,
65f2d8ef-f550-4864-b5fa-6d6f06323b2c,VAC-1063,CAND-10063,ИНТЕРВЬЮЕРЫ,Интервью (раунд 2),User Task,Анна_6,2025-09-01 10:35:29.325256,2025-09-01 13:07:29.325256,9120,passed,
65f2d8ef-f550-4864-b5fa-6d6f06323b2c,VAC-1063,CAND-10063,ИНТЕРВЬЮЕРЫ,Интервью (раунд 3),User Task,Анна_4,2025-09-01 15:23:29.325256,2025-09-01 18:13:29.325256,10200,rejected,недостаточно навыков
6e3e174d-cb7f-4d0c-a0ca-2dbd915328af,VAC-1095,CAND-10095,РУКОВОДИТЕЛЬ,Создать заявку,User Task,Петров_2,2025-08-27 14:22:29.325256,2025-08-27 14:47:29.325256,1500,,
6e3e174d-cb7f-4d0c-a0ca-2dbd915328af,VAC-1095,CAND-10095,HR,Зарегистрировать в HCM,Service Task,Марина_6,2025-08-27 15:40:29.325256,2025-08-27 16:03:29.325256,1380,,
6e3e174d-cb7f-4d0c-a0ca-2dbd915328af,VAC-1095,CAND-10095,РЕКРУТЕР,Разместить вакансию,Task,Дмитрий_4,2025-08-27 16:32:29.325256,2025-08-27 16:43:29.325256,660,,
6e3e174d-cb7f-4d0c-a0ca-2dbd915328af,VAC-1095,CAND-10095,РЕКРУТЕР,Собирать резюме,Task,Алексей_6,2025-08-27 19:00:29.325256,2025-08-27 22:27:29.325256,12420,,
6e3e174d-cb7f-4d0c-a0ca-2dbd915328af,VAC-1095,CAND-10095,РЕКРУТЕР,Скрининг,Task,Алексей_1,2025-08-27 23:04:29.325256,2025-08-28 00:49:29.325256,6300,passed,
6e3e174d-cb7f-4d0c-a0ca-2dbd915328af,VAC-1095,CAND-10095,ИНТЕРВЬЮЕРЫ,Назначить интервью,User Task,Сергей_3,2025-08-28 03:11:29.325256,2025-08-28 04:02:29.325256,3060,,
6e3e174d-cb7f-4d0c-a0ca-2dbd915328af,VAC-1095,CAND-10095,ИНТЕРВЬЮЕРЫ,Интервью (раунд 1),User Task,Сергей_2,2025-08-28 06:38:29.325256,2025-08-28 08:44:29.325256,7560,passed,
6e3e174d-cb7f-4d0c-a0ca-2dbd915328af,VAC-1095,CAND-10095,ИНТЕРВЬЮЕРЫ,Интервью (раунд 2),User Task,Анна_4,2025-08-28 11:16:29.325256,2025-08-28 14:13:29.325256,10620,rejected,недостаточно навыков
71de8efd-e956-4ab7-8d21-dd1d27c8e9c2,VAC-1000,CAND-10000,РУКОВОДИТЕЛЬ,Создать заявку,User Task,Сидоров_4,2025-10-02 12:01:29.325256,2025-10-02 12:53:29.325256,3120,,
71de8efd-e956-4ab7-8d21-dd1d27c8e9c2,VAC-1000,CAND-10000,HR,Зарегистрировать в HCM,Service Task,Марина_2,2025-10-02 13:08:29.325256,2025-10-02 13:13:29.325256,300,,
71de8efd-e956-4ab7-8d21-dd1d27c8e9c2,VAC-1000,CAND-10000,РЕКРУТЕР,Разместить вакансию,Task,Екатерина_2,2025-10-02 13:57:29.325256,2025-10-02 15:41:29.325256,6240,,
71de8efd-e956-4ab7-8d21-dd1d27c8e9c2,VAC-1000,CAND-10000,РЕКРУТЕР,Собирать резюме,Task,Алексей_1,2025-10-02 20:53:29.325256,2025-10-02 23:11:29.325256,8280,,
71de8efd-e956-4ab7-8d21-dd1d27c8e9c2,VAC-1000,CAND-10000,РЕКРУТЕР,Скрининг,Task,Алексей_9,2025-10-02 23:27:29.325256,2025-10-02 23:44:29.325256,1020,rejected,не прошёл тест
71de8efd-e956-4ab7-8d21-dd1d27c8e9c2,VAC-1000,CAND-10000,РЕКРУТЕР,Скрининг,Task,Алексей_9,2025-10-03 00:27:29.325256,2025-10-03 01:13:29.325256,2760,rejected,не прошёл тест
71de8efd-e956-4ab7-8d21-dd1d27c8e9c2,VAC-1000,CAND-10000,РЕКРУТЕР,Скрининг,Task,Алексей_9,2025-10-03 01:27:29.325256,2025-10-03 02:06:29.325256,2340,rejected,некорректное резюме
721760ef-57f9-4190-b91f-f838fe6296b2,VAC-1106,CAND-10106,РУКОВОДИТЕЛЬ,Создать заявку,User Task,Петров_5,2025-09-11 13:53:29.325256,2025-09-11 14:40:29.325256,2820,,
721760ef-57f9-4190-b91f-f838fe6296b2,VAC-1106,CAND-10106,HR,Зарегистрировать в HCM,Service Task,Наталья_5,2025-09-11 14:47:29.325256,2025-09-11 15:03:29.325256,960,,
721760ef-57f9-4190-b91f-f838fe6296b2,VAC-1106,CAND-10106,РЕКРУТЕР,Разместить вакансию,Task,Екатерина_3,2025-09-11 15:50:29.325256,2025-09-11 17:43:29.325256,6780,,
721760ef-57f9-4190-b91f-f838fe6296b2,VAC-1106,CAND-10106,РЕКРУТЕР,Собирать резюме,Task,Екатерина_2,2025-09-11 23:41:29.325256,2025-09-12 01:36:29.325256,6900,,
721760ef-57f9-4190-b91f-f838fe6296b2,VAC-1106,CAND-10106,РЕКРУТЕР,Скрининг,Task,Алексей_5,2025-09-12 02:09:29.325256,2025-09-12 02:59:29.325256,3000,passed,
721760ef-57f9-4190-b91f-f838fe6296b2,VAC-1106,CAND-10106,ИНТЕРВЬЮЕРЫ,Назначить интервью,User Task,Сергей_5,2025-09-12 04:53:29.325256,2025-09-12 05:21:29.325256,1680,,
721760ef-57f9-4190-b91f-f838fe6296b2,VAC-1106,CAND-10106,ИНТЕРВЬЮЕРЫ,Интервью (раунд 1),User Task,Анна_2,2025-09-12 06:21:29.325256,2025-09-12 08:51:29.325256,9000,passed,
721760ef-57f9-4190-b91f-f838fe6296b2,VAC-1106,CAND-10106,ИНТЕРВЬЮЕРЫ,Интервью (раунд 2),User Task,Анна_7,2025-09-12 11:21:29.325256,2025-09-12 12:40:29.325256,4740,passed,
721760ef-57f9-4190-b91f-f838fe6296b2,VAC-1106,CAND-10106,ИНТЕРВЬЮЕРЫ,Финальное интервью,User Task,Андрей_3,2025-09-12 15:19:29.325256,2025-09-12 17:05:29.325256,6360,passed,
721760ef-57f9-4190-b91f-f838fe6296b2,VAC-1106,CAND-10106,HR (ОФФЕР),Согласовать условия,User Task,HR_Manager_8,2025-09-12 17:40:29.325256,2025-09-12 19:37:29.325256,7020,,
721760ef-57f9-4190-b91f-f838fe6296b2,VAC-1106,CAND-10106,HR (ОФФЕР),Сгенерировать оффер,Service Task,HR_Manager_2,2025-09-12 19:51:29.325256,2025-09-12 20:03:29.325256,720,,
721760ef-57f9-4190-b91f-f838fe6296b2,VAC-1106,CAND-10106,HR (ОФФЕР),Отправить оффер,Send Task,HR_Manager_6,2025-09-12 20:19:29.325256,2025-09-12 20:25:29.325256,360,sent,
721760ef-57f9-4190-b91f-f838fe6296b2,VAC-1106,CAND-10106,HR (ОФФЕР),Timer: ожидание ответа (7 дн),Timer,,2025-09-12 20:25:29.325256,2025-09-14 20:25:29.325256,172800,timer_elapsed,
721760ef-57f9-4190-b91f-f838fe6296b2,VAC-1106,CAND-10106,SECURITY,Background Check,Call Activity,Служба_БД_3,2025-09-15 15:06:29.325256,2025-09-15 23:14:29.325256,29280,report_ready,
721760ef-57f9-4190-b91f-f838fe6296b2,VAC-1106,CAND-10106,IT,Выдача оборудования,Task,IT_Specialist_3,2025-09-16 00:52:29.325256,2025-09-16 04:41:29.325256,13740,,
721760ef-57f9-4190-b91f-f838fe6296b2,VAC-1106,CAND-10106,IT,Создать доступы,Task,IT_Specialist_7,2025-09-16 06:04:29.325256,2025-09-16 08:05:29.325256,7260,,
721760ef-57f9-4190-b91f-f838fe6296b2,VAC-1106,CAND-10106,IT,HR/Training: Вводное обучение,Service Task,Ольга_1,2025-09-18 18:40:29.325256,2025-09-18 23:44:29.325256,18240,,
721760ef-57f9-4190-b91f-f838fe6296b2,VAC-1106,CAND-10106,IT,Назначить ментора,Task,Наталья_6,2025-09-18 23:58:29.325256,2025-09-19 01:16:29.325256,4680,,
721760ef-57f9-4190-b91f-f838fe6296b2,VAC-1106,CAND-10106,IT,Message: уведомить всех,Message,system,2025-09-19 01:17:29.325256,2025-09-19 01:46:29.325256,1740,notified,
721760ef-57f9-4190-b91f-f838fe6296b2,VAC-1106,CAND-10106,HR (финал),Обновить статус в HCM,Service Task,Марина_4,2025-09-19 02:28:29.325256,2025-09-19 03:17:29.325256,2940,,
721760ef-57f9-4190-b91f-f838fe6296b2,VAC-1106,CAND-10106,HR (финал),Payroll / учет,Service Task,Наталья_4,2025-09-19 03:19:29.325256,2025-09-19 04:03:29.325256,2640,,
721760ef-57f9-4190-b91f-f838fe6296b2,VAC-1106,CAND-10106,HR (финал),Закрыть вакансию на порталах,Service Task,Ольга_5,2025-09-19 04:18:29.325256,2025-09-19 05:03:29.325256,2700,,
721760ef-57f9-4190-b91f-f838fe6296b2,VAC-1106,CAND-10106,HR (финал),Hire Completed,End Event,system,2025-09-19 05:12:29.325256,2025-09-19 05:12:29.325256,0,hired,
72618e47-953c-4ca0-a362-f9ffaad19592,VAC-1150,CAND-10150,РУКОВОДИТЕЛЬ,Создать заявку,User Task,Петров_6,2025-09-19 13:41:29.325256,2025-09-19 14:22:29.325256,2460,,
72618e47-953c-4ca0-a362-f9ffaad19592,VAC-1150,CAND-10150,HR,Зарегистрировать в HCM,Service Task,Марина_2,2025-09-19 14:27:29.325256,2025-09-19 14:45:29.325256,1080,,
72618e47-953c-4ca0-a362-f9ffaad19592,VAC-1150,CAND-10150,РЕКРУТЕР,Разместить вакансию,Task,Алексей_1,2025-09-19 14:57:29.325256,2025-09-19 15:47:29.325256,3000,,
72618e47-953c-4ca0-a362-f9ffaad19592,VAC-1150,CAND-10150,РЕКРУТЕР,Собирать резюме,Task,Дмитрий_5,2025-09-19 18:40:29.325256,2025-09-19 20:55:29.325256,8100,,
72618e47-953c-4ca0-a362-f9ffaad19592,VAC-1150,CAND-10150,РЕКРУТЕР,Скрининг,Task,Екатерина_5,2025-09-19 21:56:29.325256,2025-09-19 23:36:29.325256,6000,passed,
72618e47-953c-4ca0-a362-f9ffaad19592,VAC-1150,CAND-10150,ИНТЕРВЬЮЕРЫ,Назначить интервью,User Task,Андрей_3,2025-09-20 00:54:29.325256,2025-09-20 01:05:29.325256,660,,
72618e47-953c-4ca0-a362-f9ffaad19592,VAC-1150,CAND-10150,ИНТЕРВЬЮЕРЫ,Интервью (раунд 1),User Task,Анна_4,2025-09-20 04:50:29.325256,2025-09-20 06:28:29.325256,5880,passed,
72618e47-953c-4ca0-a362-f9ffaad19592,VAC-1150,CAND-10150,ИНТЕРВЬЮЕРЫ,Финальное интервью,User Task,Андрей_6,2025-09-20 09:24:29.325256,2025-09-20 10:53:29.325256,5340,passed,
72618e47-953c-4ca0-a362-f9ffaad19592,VAC-1150,CAND-10150,HR (ОФФЕР),Согласовать условия,User Task,HR_Manager_3,2025-09-20 11:13:29.325256,2025-09-20 14:39:29.325256,12360,,
72618e47-953c-4ca0-a362-f9ffaad19592,VAC-1150,CAND-10150,HR (ОФФЕР),Сгенерировать оффер,Service Task,HR_Manager_6,2025-09-20 15:16:29.325256,2025-09-20 15:45:29.325256,1740,,
72618e47-953c-4ca0-a362-f9ffaad19592,VAC-1150,CAND-10150,HR (ОФФЕР),Отправить оффер,Send Task,HR_Manager_8,2025-09-20 15:51:29.325256,2025-09-20 15:58:29.325256,420,sent,
72618e47-953c-4ca0-a362-f9ffaad19592,VAC-1150,CAND-10150,HR (ОФФЕР),Timer: ожидание ответа (7 дн),Timer,,2025-09-20 15:58:29.325256,2025-09-23 15:58:29.325256,259200,timer_elapsed,
72618e47-953c-4ca0-a362-f9ffaad19592,VAC-1150,CAND-10150,SECURITY,Background Check,Call Activity,Служба_БД_1,2025-09-24 07:25:29.325256,2025-09-24 09:31:29.325256,7560,report_ready,
72618e47-953c-4ca0-a362-f9ffaad19592,VAC-1150,CAND-10150,SECURITY,Решение руководителя по BG,User Task,Петров_2,2025-09-24 23:37:29.325256,2025-09-25 00:01:29.325256,1440,reject_by_manager,
728d48cd-41e4-4710-a784-23f638008cb1,VAC-1084,CAND-10084,РУКОВОДИТЕЛЬ,Создать заявку,User Task,Иванов_5,2025-10-13 17:17:29.325256,2025-10-13 17:55:29.325256,2280,,
728d48cd-41e4-4710-a784-23f638008cb1,VAC-1084,CAND-10084,HR,Зарегистрировать в HCM,Service Task,Марина_2,2025-10-13 18:41:29.325256,2025-10-13 19:00:29.325256,1140,,
728d48cd-41e4-4710-a784-23f638008cb1,VAC-1084,CAND-10084,РЕКРУТЕР,Разместить вакансию,Task,Екатерина_6,2025-10-13 19:32:29.325256,2025-10-13 20:40:29.325256,4080,,
728d48cd-41e4-4710-a784-23f638008cb1,VAC-1084,CAND-10084,РЕКРУТЕР,Собирать резюме,Task,Екатерина_3,2025-10-13 21:18:29.325256,2025-10-13 23:55:29.325256,9420,,
728d48cd-41e4-4710-a784-23f638008cb1,VAC-1084,CAND-10084,РЕКРУТЕР,Скрининг,Task,Дмитрий_2,2025-10-14 00:47:29.325256,2025-10-14 01:38:29.325256,3060,rejected,не соотв. опыту
728d48cd-41e4-4710-a784-23f638008cb1,VAC-1084,CAND-10084,РЕКРУТЕР,Скрининг,Task,Дмитрий_2,2025-10-14 01:47:29.325256,2025-10-14 02:06:29.325256,1140,rejected,не прошёл тест
728d48cd-41e4-4710-a784-23f638008cb1,VAC-1084,CAND-10084,РЕКРУТЕР,Скрининг,Task,Дмитрий_2,2025-10-14 02:47:29.325256,2025-10-14 03:24:29.325256,2220,rejected,не соотв. опыту
729fcfef-eaa5-4cb3-900e-5d6b5d5da754,VAC-1009,CAND-10009,РУКОВОДИТЕЛЬ,Создать заявку,User Task,Иванов_9,2025-10-07 15:39:29.325256,2025-10-07 16:35:29.325256,3360,,
729fcfef-eaa5-4cb3-900e-5d6b5d5da754,VAC-1009,CAND-10009,HR,Зарегистрировать в HCM,Service Task,Марина_2,2025-10-07 16:55:29.325256,2025-10-07 17:25:29.325256,1800,,
729fcfef-eaa5-4cb3-900e-5d6b5d5da754,VAC-1009,CAND-10009,РЕКРУТЕР,Разместить вакансию,Task,Дмитрий_2,2025-10-07 18:22:29.325256,2025-10-07 18:49:29.325256,1620,,
729fcfef-eaa5-4cb3-900e-5d6b5d5da754,VAC-1009,CAND-10009,РЕКРУТЕР,Собирать резюме,Task,Екатерина_3,2025-10-07 19:53:29.325256,2025-10-07 23:33:29.325256,13200,,
729fcfef-eaa5-4cb3-900e-5d6b5d5da754,VAC-1009,CAND-10009,РЕКРУТЕР,Скрининг,Task,Екатерина_4,2025-10-08 00:12:29.325256,2025-10-08 01:00:29.325256,2880,rejected,не прошёл тест
7421049c-3b59-4225-9c17-ebb8147bed5c,VAC-1131,CAND-10131,РУКОВОДИТЕЛЬ,Создать заявку,User Task,Иванов_8,2025-10-01 11:48:29.325256,2025-10-01 12:47:29.325256,3540,,
7421049c-3b59-4225-9c17-ebb8147bed5c,VAC-1131,CAND-10131,HR,Зарегистрировать в HCM,Service Task,Ольга_8,2025-10-01 13:11:29.325256,2025-10-01 13:31:29.325256,1200,,
7421049c-3b59-4225-9c17-ebb8147bed5c,VAC-1131,CAND-10131,РЕКРУТЕР,Разместить вакансию,Task,Дмитрий_8,2025-10-01 14:29:29.325256,2025-10-01 15:52:29.325256,4980,,
7421049c-3b59-4225-9c17-ebb8147bed5c,VAC-1131,CAND-10131,РЕКРУТЕР,Собирать резюме,Task,Екатерина_5,2025-10-01 17:35:29.325256,2025-10-01 21:20:29.325256,13500,,
7421049c-3b59-4225-9c17-ebb8147bed5c,VAC-1131,CAND-10131,РЕКРУТЕР,Скрининг,Task,Екатерина_3,2025-10-01 22:15:29.325256,2025-10-01 22:48:29.325256,1980,passed,
7421049c-3b59-4225-9c17-ebb8147bed5c,VAC-1131,CAND-10131,ИНТЕРВЬЮЕРЫ,Назначить интервью,User Task,Сергей_9,2025-10-02 02:42:29.325256,2025-10-02 03:14:29.325256,1920,,
7421049c-3b59-4225-9c17-ebb8147bed5c,VAC-1131,CAND-10131,ИНТЕРВЬЮЕРЫ,Интервью (раунд 1),User Task,Анна_3,2025-10-02 05:52:29.325256,2025-10-02 07:50:29.325256,7080,passed,
7421049c-3b59-4225-9c17-ebb8147bed5c,VAC-1131,CAND-10131,ИНТЕРВЬЮЕРЫ,Финальное интервью,User Task,Сергей_6,2025-10-02 10:11:29.325256,2025-10-02 11:11:29.325256,3600,passed,
7421049c-3b59-4225-9c17-ebb8147bed5c,VAC-1131,CAND-10131,HR (ОФФЕР),Согласовать условия,User Task,HR_Manager_4,2025-10-02 12:49:29.325256,2025-10-02 13:21:29.325256,1920,,
7421049c-3b59-4225-9c17-ebb8147bed5c,VAC-1131,CAND-10131,HR (ОФФЕР),Сгенерировать оффер,Service Task,HR_Manager_6,2025-10-02 13:50:29.325256,2025-10-02 14:10:29.325256,1200,,
7421049c-3b59-4225-9c17-ebb8147bed5c,VAC-1131,CAND-10131,HR (ОФФЕР),Отправить оффер,Send Task,HR_Manager_3,2025-10-02 14:22:29.325256,2025-10-02 14:32:29.325256,600,sent,
7421049c-3b59-4225-9c17-ebb8147bed5c,VAC-1131,CAND-10131,HR (ОФФЕР),Timer: ожидание ответа (7 дн),Timer,,2025-10-02 14:32:29.325256,2025-10-07 14:32:29.325256,432000,timer_elapsed,
7421049c-3b59-4225-9c17-ebb8147bed5c,VAC-1131,CAND-10131,SECURITY,Background Check,Call Activity,Служба_БД_6,2025-10-08 22:43:29.325256,2025-10-09 20:38:29.325256,78900,report_ready,
7421049c-3b59-4225-9c17-ebb8147bed5c,VAC-1131,CAND-10131,IT,Выдача оборудования,Task,IT_Specialist_6,2025-10-09 21:33:29.325256,2025-10-09 22:56:29.325256,4980,,
7421049c-3b59-4225-9c17-ebb8147bed5c,VAC-1131,CAND-10131,IT,Создать доступы,Task,IT_Specialist_8,2025-10-09 23:47:29.325256,2025-10-10 01:39:29.325256,6720,,
7421049c-3b59-4225-9c17-ebb8147bed5c,VAC-1131,CAND-10131,IT,HR/Training: Вводное обучение,Service Task,Наталья_4,2025-10-11 02:13:29.325256,2025-10-11 08:05:29.325256,21120,,
7421049c-3b59-4225-9c17-ebb8147bed5c,VAC-1131,CAND-10131,IT,Назначить ментора,Task,Марина_5,2025-10-11 11:38:29.325256,2025-10-11 12:00:29.325256,1320,,
7421049c-3b59-4225-9c17-ebb8147bed5c,VAC-1131,CAND-10131,IT,Message: уведомить всех,Message,system,2025-10-11 12:52:29.325256,2025-10-11 13:00:29.325256,480,notified,
7421049c-3b59-4225-9c17-ebb8147bed5c,VAC-1131,CAND-10131,HR (финал),Обновить статус в HCM,Service Task,Ольга_4,2025-10-11 14:12:29.325256,2025-10-11 14:40:29.325256,1680,,
7421049c-3b59-4225-9c17-ebb8147bed5c,VAC-1131,CAND-10131,HR (финал),Payroll / учет,Service Task,Марина_3,2025-10-11 14:50:29.325256,2025-10-11 15:42:29.325256,3120,,
7421049c-3b59-4225-9c17-ebb8147bed5c,VAC-1131,CAND-10131,HR (финал),Закрыть вакансию на порталах,Service Task,Наталья_3,2025-10-11 16:13:29.325256,2025-10-11 17:05:29.325256,3120,,
7421049c-3b59-4225-9c17-ebb8147bed5c,VAC-1131,CAND-10131,HR (финал),Hire Completed,End Event,system,2025-10-11 17:32:29.325256,2025-10-11 17:32:29.325256,0,hired,
74391b5b-3b12-4fe6-8852-dda44773bbb7,VAC-1079,CAND-10079,РУКОВОДИТЕЛЬ,Создать заявку,User Task,Сидоров_9,2025-08-30 15:49:29.325256,2025-08-30 16:28:29.325256,2340,,
74391b5b-3b12-4fe6-8852-dda44773bbb7,VAC-1079,CAND-10079,HR,Зарегистрировать в HCM,Service Task,Наталья_8,2025-08-30 17:21:29.325256,2025-08-30 17:46:29.325256,1500,,
74391b5b-3b12-4fe6-8852-dda44773bbb7,VAC-1079,CAND-10079,РЕКРУТЕР,Разместить вакансию,Task,Дмитрий_2,2025-08-30 18:21:29.325256,2025-08-30 18:58:29.325256,2220,,
74391b5b-3b12-4fe6-8852-dda44773bbb7,VAC-1079,CAND-10079,РЕКРУТЕР,Собирать резюме,Task,Алексей_5,2025-08-31 00:42:29.325256,2025-08-31 04:24:29.325256,13320,,
74391b5b-3b12-4fe6-8852-dda44773bbb7,VAC-1079,CAND-10079,РЕКРУТЕР,Скрининг,Task,Дмитрий_5,2025-08-31 06:20:29.325256,2025-08-31 06:29:29.325256,540,passed,
74391b5b-3b12-4fe6-8852-dda44773bbb7,VAC-1079,CAND-10079,ИНТЕРВЬЮЕРЫ,Назначить интервью,User Task,Сергей_2,2025-08-31 10:28:29.325256,2025-08-31 10:38:29.325256,600,,
74391b5b-3b12-4fe6-8852-dda44773bbb7,VAC-1079,CAND-10079,ИНТЕРВЬЮЕРЫ,Интервью (раунд 1),User Task,Анна_7,2025-08-31 12:01:29.325256,2025-08-31 15:01:29.325256,10800,passed,
74391b5b-3b12-4fe6-8852-dda44773bbb7,VAC-1079,CAND-10079,ИНТЕРВЬЮЕРЫ,Финальное интервью,User Task,Андрей_1,2025-08-31 16:07:29.325256,2025-08-31 17:12:29.325256,3900,passed,
74391b5b-3b12-4fe6-8852-dda44773bbb7,VAC-1079,CAND-10079,HR (ОФФЕР),Согласовать условия,User Task,HR_Manager_9,2025-08-31 18:34:29.325256,2025-08-31 20:33:29.325256,7140,,
74391b5b-3b12-4fe6-8852-dda44773bbb7,VAC-1079,CAND-10079,HR (ОФФЕР),Сгенерировать оффер,Service Task,HR_Manager_5,2025-08-31 20:48:29.325256,2025-08-31 21:00:29.325256,720,,
74391b5b-3b12-4fe6-8852-dda44773bbb7,VAC-1079,CAND-10079,HR (ОФФЕР),Отправить оффер,Send Task,HR_Manager_3,2025-08-31 21:19:29.325256,2025-08-31 21:24:29.325256,300,sent,
74391b5b-3b12-4fe6-8852-dda44773bbb7,VAC-1079,CAND-10079,HR (ОФФЕР),Timer: ожидание ответа (7 дн),Timer,,2025-08-31 21:24:29.325256,2025-09-07 21:24:29.325256,604800,timer_elapsed,
74391b5b-3b12-4fe6-8852-dda44773bbb7,VAC-1079,CAND-10079,HR (ОФФЕР),Переговоры / отказ,Task,HR_Manager_3,2025-09-08 16:20:29.325256,2025-09-08 20:06:29.325256,13560,rejected,
77b4522e-4af2-4b43-bf7e-644df0c488ab,VAC-1169,CAND-10169,РУКОВОДИТЕЛЬ,Создать заявку,User Task,Иванов_2,2025-09-16 21:20:29.325256,2025-09-16 21:58:29.325256,2280,,
77b4522e-4af2-4b43-bf7e-644df0c488ab,VAC-1169,CAND-10169,HR,Зарегистрировать в HCM,Service Task,Марина_6,2025-09-16 22:57:29.325256,2025-09-16 23:15:29.325256,1080,,
77b4522e-4af2-4b43-bf7e-644df0c488ab,VAC-1169,CAND-10169,РЕКРУТЕР,Разместить вакансию,Task,Екатерина_5,2025-09-17 00:10:29.325256,2025-09-17 01:15:29.325256,3900,,
77b4522e-4af2-4b43-bf7e-644df0c488ab,VAC-1169,CAND-10169,РЕКРУТЕР,Собирать резюме,Task,Дмитрий_2,2025-09-17 04:16:29.325256,2025-09-17 05:55:29.325256,5940,,
77b4522e-4af2-4b43-bf7e-644df0c488ab,VAC-1169,CAND-10169,РЕКРУТЕР,Скрининг,Task,Екатерина_7,2025-09-17 06:32:29.325256,2025-09-17 08:00:29.325256,5280,passed,
77b4522e-4af2-4b43-bf7e-644df0c488ab,VAC-1169,CAND-10169,ИНТЕРВЬЮЕРЫ,Назначить интервью,User Task,Андрей_4,2025-09-17 11:22:29.325256,2025-09-17 12:14:29.325256,3120,,
77b4522e-4af2-4b43-bf7e-644df0c488ab,VAC-1169,CAND-10169,ИНТЕРВЬЮЕРЫ,Интервью (раунд 1),User Task,Андрей_1,2025-09-17 14:10:29.325256,2025-09-17 15:26:29.325256,4560,passed,
77b4522e-4af2-4b43-bf7e-644df0c488ab,VAC-1169,CAND-10169,ИНТЕРВЬЮЕРЫ,Интервью (раунд 2),User Task,Анна_2,2025-09-17 16:13:29.325256,2025-09-17 16:46:29.325256,1980,passed,
77b4522e-4af2-4b43-bf7e-644df0c488ab,VAC-1169,CAND-10169,ИНТЕРВЬЮЕРЫ,Интервью (раунд 3),User Task,Анна_5,2025-09-17 20:11:29.325256,2025-09-17 22:35:29.325256,8640,passed,
77b4522e-4af2-4b43-bf7e-644df0c488ab,VAC-1169,CAND-10169,ИНТЕРВЬЮЕРЫ,Финальное интервью,User Task,Анна_2,2025-09-18 00:03:29.325256,2025-09-18 01:22:29.325256,4740,passed,
77b4522e-4af2-4b43-bf7e-644df0c488ab,VAC-1169,CAND-10169,HR (ОФФЕР),Согласовать условия,User Task,HR_Manager_2,2025-09-18 01:39:29.325256,2025-09-18 04:41:29.325256,10920,,
77b4522e-4af2-4b43-bf7e-644df0c488ab,VAC-1169,CAND-10169,HR (ОФФЕР),Сгенерировать оффер,Service Task,HR_Manager_3,2025-09-18 05:31:29.325256,2025-09-18 05:36:29.325256,300,,
77b4522e-4af2-4b43-bf7e-644df0c488ab,VAC-1169,CAND-10169,HR (ОФФЕР),Отправить оффер,Send Task,HR_Manager_2,2025-09-18 05:49:29.325256,2025-09-18 05:59:29.325256,600,sent,
77b4522e-4af2-4b43-bf7e-644df0c488ab,VAC-1169,CAND-10169,HR (ОФФЕР),Timer: ожидание ответа (7 дн),Timer,,2025-09-18 05:59:29.325256,2025-09-21 05:59:29.325256,259200,timer_elapsed,
77b4522e-4af2-4b43-bf7e-644df0c488ab,VAC-1169,CAND-10169,SECURITY,Background Check,Call Activity,Служба_БД_8,2025-09-22 13:52:29.325256,2025-09-23 13:24:29.325256,84720,report_ready,
77b4522e-4af2-4b43-bf7e-644df0c488ab,VAC-1169,CAND-10169,SECURITY,Решение руководителя по BG,User Task,Сидоров_5,2025-09-23 22:51:29.325256,2025-09-23 23:50:29.325256,3540,proceed_with_conditions,
77b4522e-4af2-4b43-bf7e-644df0c488ab,VAC-1169,CAND-10169,IT,Выдача оборудования,Task,IT_Specialist_5,2025-09-24 00:11:29.325256,2025-09-24 04:00:29.325256,13740,,
77b4522e-4af2-4b43-bf7e-644df0c488ab,VAC-1169,CAND-10169,IT,Создать доступы,Task,IT_Specialist_7,2025-09-24 05:44:29.325256,2025-09-24 06:09:29.325256,1500,,
77b4522e-4af2-4b43-bf7e-644df0c488ab,VAC-1169,CAND-10169,IT,HR/Training: Вводное обучение,Service Task,Ольга_5,2025-09-26 03:35:29.325256,2025-09-26 05:05:29.325256,5400,,
77b4522e-4af2-4b43-bf7e-644df0c488ab,VAC-1169,CAND-10169,IT,Назначить ментора,Task,Наталья_8,2025-09-26 05:55:29.325256,2025-09-26 07:01:29.325256,3960,,
77b4522e-4af2-4b43-bf7e-644df0c488ab,VAC-1169,CAND-10169,IT,Message: уведомить всех,Message,system,2025-09-26 08:01:29.325256,2025-09-26 08:08:29.325256,420,notified,
77b4522e-4af2-4b43-bf7e-644df0c488ab,VAC-1169,CAND-10169,HR (финал),Обновить статус в HCM,Service Task,Наталья_8,2025-09-26 09:27:29.325256,2025-09-26 09:53:29.325256,1560,,
77b4522e-4af2-4b43-bf7e-644df0c488ab,VAC-1169,CAND-10169,HR (финал),Payroll / учет,Service Task,Марина_7,2025-09-26 10:00:29.325256,2025-09-26 10:10:29.325256,600,,
77b4522e-4af2-4b43-bf7e-644df0c488ab,VAC-1169,CAND-10169,HR (финал),Закрыть вакансию на порталах,Service Task,Марина_2,2025-09-26 10:24:29.325256,2025-09-26 11:04:29.325256,2400,,
77b4522e-4af2-4b43-bf7e-644df0c488ab,VAC-1169,CAND-10169,HR (финал),Hire Completed,End Event,system,2025-09-26 12:03:29.325256,2025-09-26 12:03:29.325256,0,hired,
78c7e110-bc2a-4753-b321-786dcedf5ad7,VAC-1024,CAND-10024,РУКОВОДИТЕЛЬ,Создать заявку,User Task,Иванов_4,2025-10-01 18:40:29.325256,2025-10-01 19:13:29.325256,1980,,
78c7e110-bc2a-4753-b321-786dcedf5ad7,VAC-1024,CAND-10024,HR,Зарегистрировать в HCM,Service Task,Наталья_5,2025-10-01 19:31:29.325256,2025-10-01 19:49:29.325256,1080,,
78c7e110-bc2a-4753-b321-786dcedf5ad7,VAC-1024,CAND-10024,РЕКРУТЕР,Разместить вакансию,Task,Дмитрий_2,2025-10-01 20:18:29.325256,2025-10-01 21:57:29.325256,5940,,
78c7e110-bc2a-4753-b321-786dcedf5ad7,VAC-1024,CAND-10024,РЕКРУТЕР,Собирать резюме,Task,Екатерина_4,2025-10-01 22:21:29.325256,2025-10-02 01:32:29.325256,11460,,
78c7e110-bc2a-4753-b321-786dcedf5ad7,VAC-1024,CAND-10024,РЕКРУТЕР,Скрининг,Task,Дмитрий_9,2025-10-02 03:07:29.325256,2025-10-02 03:32:29.325256,1500,passed,
78c7e110-bc2a-4753-b321-786dcedf5ad7,VAC-1024,CAND-10024,ИНТЕРВЬЮЕРЫ,Назначить интервью,User Task,Андрей_2,2025-10-02 05:46:29.325256,2025-10-02 05:56:29.325256,600,,
78c7e110-bc2a-4753-b321-786dcedf5ad7,VAC-1024,CAND-10024,ИНТЕРВЬЮЕРЫ,Интервью (раунд 1),User Task,Анна_5,2025-10-02 06:56:29.325256,2025-10-02 08:05:29.325256,4140,passed,
78c7e110-bc2a-4753-b321-786dcedf5ad7,VAC-1024,CAND-10024,ИНТЕРВЬЮЕРЫ,Интервью (раунд 2),User Task,Сергей_8,2025-10-02 10:45:29.325256,2025-10-02 12:24:29.325256,5940,passed,
78c7e110-bc2a-4753-b321-786dcedf5ad7,VAC-1024,CAND-10024,ИНТЕРВЬЮЕРЫ,Финальное интервью,User Task,Сергей_4,2025-10-02 13:50:29.325256,2025-10-02 16:16:29.325256,8760,passed,
78c7e110-bc2a-4753-b321-786dcedf5ad7,VAC-1024,CAND-10024,HR (ОФФЕР),Согласовать условия,User Task,HR_Manager_2,2025-10-02 17:42:29.325256,2025-10-02 20:22:29.325256,9600,,
78c7e110-bc2a-4753-b321-786dcedf5ad7,VAC-1024,CAND-10024,HR (ОФФЕР),Сгенерировать оффер,Service Task,HR_Manager_6,2025-10-02 20:44:29.325256,2025-10-02 21:10:29.325256,1560,,
78c7e110-bc2a-4753-b321-786dcedf5ad7,VAC-1024,CAND-10024,HR (ОФФЕР),Отправить оффер,Send Task,HR_Manager_5,2025-10-02 21:27:29.325256,2025-10-02 21:32:29.325256,300,sent,
78c7e110-bc2a-4753-b321-786dcedf5ad7,VAC-1024,CAND-10024,HR (ОФФЕР),Timer: ожидание ответа (7 дн),Timer,,2025-10-02 21:32:29.325256,2025-10-07 21:32:29.325256,432000,timer_elapsed,
78c7e110-bc2a-4753-b321-786dcedf5ad7,VAC-1024,CAND-10024,HR (ОФФЕР),Переговоры / отказ,Task,HR_Manager_3,2025-10-09 13:08:29.325256,2025-10-09 16:01:29.325256,10380,rejected,
796e4954-2657-4299-a127-0846e0a54f68,VAC-1074,CAND-10074,РУКОВОДИТЕЛЬ,Создать заявку,User Task,Сидоров_8,2025-10-11 16:01:29.325256,2025-10-11 16:46:29.325256,2700,,
796e4954-2657-4299-a127-0846e0a54f68,VAC-1074,CAND-10074,HR,Зарегистрировать в HCM,Service Task,Ольга_9,2025-10-11 17:18:29.325256,2025-10-11 17:26:29.325256,480,,
796e4954-2657-4299-a127-0846e0a54f68,VAC-1074,CAND-10074,РЕКРУТЕР,Разместить вакансию,Task,Алексей_7,2025-10-11 17:51:29.325256,2025-10-11 18:56:29.325256,3900,,
796e4954-2657-4299-a127-0846e0a54f68,VAC-1074,CAND-10074,РЕКРУТЕР,Собирать резюме,Task,Екатерина_5,2025-10-11 19:49:29.325256,2025-10-11 23:36:29.325256,13620,,
796e4954-2657-4299-a127-0846e0a54f68,VAC-1074,CAND-10074,РЕКРУТЕР,Скрининг,Task,Екатерина_2,2025-10-12 01:23:29.325256,2025-10-12 01:59:29.325256,2160,passed,
796e4954-2657-4299-a127-0846e0a54f68,VAC-1074,CAND-10074,ИНТЕРВЬЮЕРЫ,Назначить интервью,User Task,Анна_3,2025-10-12 03:08:29.325256,2025-10-12 03:37:29.325256,1740,,
796e4954-2657-4299-a127-0846e0a54f68,VAC-1074,CAND-10074,ИНТЕРВЬЮЕРЫ,Интервью (раунд 1),User Task,Андрей_1,2025-10-12 05:46:29.325256,2025-10-12 07:37:29.325256,6660,passed,
796e4954-2657-4299-a127-0846e0a54f68,VAC-1074,CAND-10074,ИНТЕРВЬЮЕРЫ,Интервью (раунд 2),User Task,Сергей_2,2025-10-12 09:25:29.325256,2025-10-12 11:48:29.325256,8580,passed,
796e4954-2657-4299-a127-0846e0a54f68,VAC-1074,CAND-10074,ИНТЕРВЬЮЕРЫ,Интервью (раунд 3),User Task,Сергей_9,2025-10-12 12:51:29.325256,2025-10-12 13:43:29.325256,3120,passed,
796e4954-2657-4299-a127-0846e0a54f68,VAC-1074,CAND-10074,ИНТЕРВЬЮЕРЫ,Финальное интервью,User Task,Андрей_2,2025-10-12 16:29:29.325256,2025-10-12 19:10:29.325256,9660,passed,
796e4954-2657-4299-a127-0846e0a54f68,VAC-1074,CAND-10074,HR (ОФФЕР),Согласовать условия,User Task,HR_Manager_6,2025-10-12 20:05:29.325256,2025-10-12 22:56:29.325256,10260,,
796e4954-2657-4299-a127-0846e0a54f68,VAC-1074,CAND-10074,HR (ОФФЕР),Сгенерировать оффер,Service Task,HR_Manager_5,2025-10-12 23:56:29.325256,2025-10-13 00:10:29.325256,840,,
796e4954-2657-4299-a127-0846e0a54f68,VAC-1074,CAND-10074,HR (ОФФЕР),Отправить оффер,Send Task,HR_Manager_9,2025-10-13 00:24:29.325256,2025-10-13 00:31:29.325256,420,sent,
796e4954-2657-4299-a127-0846e0a54f68,VAC-1074,CAND-10074,HR (ОФФЕР),Timer: ожидание ответа (7 дн),Timer,,2025-10-13 00:31:29.325256,2025-10-16 00:31:29.325256,259200,timer_elapsed,
796e4954-2657-4299-a127-0846e0a54f68,VAC-1074,CAND-10074,SECURITY,Background Check,Call Activity,Служба_БД_3,2025-10-16 12:06:29.325256,2025-10-17 02:05:29.325256,50340,report_ready,
796e4954-2657-4299-a127-0846e0a54f68,VAC-1074,CAND-10074,IT,Выдача оборудования,Task,IT_Specialist_2,2025-10-17 02:40:29.325256,2025-10-17 05:16:29.325256,9360,,
796e4954-2657-4299-a127-0846e0a54f68,VAC-1074,CAND-10074,IT,Создать доступы,Task,IT_Specialist_7,2025-10-17 05:42:29.325256,2025-10-17 07:43:29.325256,7260,,
796e4954-2657-4299-a127-0846e0a54f68,VAC-1074,CAND-10074,IT,HR/Training: Вводное обучение,Service Task,Наталья_6,2025-10-19 00:39:29.325256,2025-10-19 05:46:29.325256,18420,,
796e4954-2657-4299-a127-0846e0a54f68,VAC-1074,CAND-10074,IT,Назначить ментора,Task,Марина_8,2025-10-19 06:55:29.325256,2025-10-19 07:36:29.325256,2460,,
796e4954-2657-4299-a127-0846e0a54f68,VAC-1074,CAND-10074,IT,Message: уведомить всех,Message,system,2025-10-19 08:15:29.325256,2025-10-19 08:35:29.325256,1200,notified,
796e4954-2657-4299-a127-0846e0a54f68,VAC-1074,CAND-10074,HR (финал),Обновить статус в HCM,Service Task,Наталья_3,2025-10-19 09:01:29.325256,2025-10-19 09:31:29.325256,1800,,
796e4954-2657-4299-a127-0846e0a54f68,VAC-1074,CAND-10074,HR (финал),Payroll / учет,Service Task,Ольга_6,2025-10-19 09:51:29.325256,2025-10-19 09:52:29.325256,60,,
796e4954-2657-4299-a127-0846e0a54f68,VAC-1074,CAND-10074,HR (финал),Закрыть вакансию на порталах,Service Task,Ольга_6,2025-10-19 10:46:29.325256,2025-10-19 11:26:29.325256,2400,,
796e4954-2657-4299-a127-0846e0a54f68,VAC-1074,CAND-10074,HR (финал),Hire Completed,End Event,system,2025-10-19 11:55:29.325256,2025-10-19 11:55:29.325256,0,hired,
7c38f5c4-0e9a-470d-b74a-72866fe1c926,VAC-1097,CAND-10097,РУКОВОДИТЕЛЬ,Создать заявку,User Task,Петров_4,2025-09-02 11:06:29.325256,2025-09-02 11:32:29.325256,1560,,
7c38f5c4-0e9a-470d-b74a-72866fe1c926,VAC-1097,CAND-10097,HR,Зарегистрировать в HCM,Service Task,Марина_9,2025-09-02 11:59:29.325256,2025-09-02 12:22:29.325256,1380,,
7c38f5c4-0e9a-470d-b74a-72866fe1c926,VAC-1097,CAND-10097,РЕКРУТЕР,Разместить вакансию,Task,Дмитрий_5,2025-09-02 12:39:29.325256,2025-09-02 14:13:29.325256,5640,,
7c38f5c4-0e9a-470d-b74a-72866fe1c926,VAC-1097,CAND-10097,РЕКРУТЕР,Собирать резюме,Task,Алексей_7,2025-09-02 16:24:29.325256,2025-09-02 17:18:29.325256,3240,,
7c38f5c4-0e9a-470d-b74a-72866fe1c926,VAC-1097,CAND-10097,РЕКРУТЕР,Скрининг,Task,Дмитрий_3,2025-09-02 18:36:29.325256,2025-09-02 19:51:29.325256,4500,passed,
7c38f5c4-0e9a-470d-b74a-72866fe1c926,VAC-1097,CAND-10097,ИНТЕРВЬЮЕРЫ,Назначить интервью,User Task,Андрей_5,2025-09-02 20:21:29.325256,2025-09-02 20:53:29.325256,1920,,
7c38f5c4-0e9a-470d-b74a-72866fe1c926,VAC-1097,CAND-10097,ИНТЕРВЬЮЕРЫ,Интервью (раунд 1),User Task,Андрей_4,2025-09-03 00:03:29.325256,2025-09-03 02:35:29.325256,9120,passed,
7c38f5c4-0e9a-470d-b74a-72866fe1c926,VAC-1097,CAND-10097,ИНТЕРВЬЮЕРЫ,Интервью (раунд 2),User Task,Сергей_2,2025-09-03 03:48:29.325256,2025-09-03 05:32:29.325256,6240,rejected,поведенческий
7c768c54-6de7-4ab6-b3a5-3d13ddf3c566,VAC-1107,CAND-10107,РУКОВОДИТЕЛЬ,Создать заявку,User Task,Сидоров_3,2025-08-29 17:32:29.325256,2025-08-29 18:14:29.325256,2520,,
7c768c54-6de7-4ab6-b3a5-3d13ddf3c566,VAC-1107,CAND-10107,HR,Зарегистрировать в HCM,Service Task,Наталья_5,2025-08-29 18:19:29.325256,2025-08-29 18:46:29.325256,1620,,
7c768c54-6de7-4ab6-b3a5-3d13ddf3c566,VAC-1107,CAND-10107,РЕКРУТЕР,Разместить вакансию,Task,Екатерина_9,2025-08-29 19:05:29.325256,2025-08-29 20:13:29.325256,4080,,
7c768c54-6de7-4ab6-b3a5-3d13ddf3c566,VAC-1107,CAND-10107,РЕКРУТЕР,Собирать резюме,Task,Дмитрий_7,2025-08-30 01:28:29.325256,2025-08-30 04:12:29.325256,9840,,
7c768c54-6de7-4ab6-b3a5-3d13ddf3c566,VAC-1107,CAND-10107,РЕКРУТЕР,Скрининг,Task,Алексей_6,2025-08-30 06:10:29.325256,2025-08-30 06:37:29.325256,1620,rejected,не соотв. опыту
7c768c54-6de7-4ab6-b3a5-3d13ddf3c566,VAC-1107,CAND-10107,РЕКРУТЕР,Скрининг,Task,Алексей_6,2025-08-30 07:10:29.325256,2025-08-30 07:25:29.325256,900,rejected,некорректное резюме
7c86acee-b81b-4682-af1c-5744aa5e8b6b,VAC-1061,CAND-10061,РУКОВОДИТЕЛЬ,Создать заявку,User Task,Кузнецов_6,2025-10-11 15:45:29.325256,2025-10-11 16:03:29.325256,1080,,
7c86acee-b81b-4682-af1c-5744aa5e8b6b,VAC-1061,CAND-10061,HR,Зарегистрировать в HCM,Service Task,Марина_5,2025-10-11 16:34:29.325256,2025-10-11 16:46:29.325256,720,,
7c86acee-b81b-4682-af1c-5744aa5e8b6b,VAC-1061,CAND-10061,РЕКРУТЕР,Разместить вакансию,Task,Екатерина_9,2025-10-11 17:05:29.325256,2025-10-11 17:30:29.325256,1500,,
7c86acee-b81b-4682-af1c-5744aa5e8b6b,VAC-1061,CAND-10061,РЕКРУТЕР,Собирать резюме,Task,Дмитрий_3,2025-10-11 20:54:29.325256,2025-10-11 23:05:29.325256,7860,,
7c86acee-b81b-4682-af1c-5744aa5e8b6b,VAC-1061,CAND-10061,РЕКРУТЕР,Скрининг,Task,Дмитрий_2,2025-10-11 23:47:29.325256,2025-10-11 23:57:29.325256,600,passed,
7c86acee-b81b-4682-af1c-5744aa5e8b6b,VAC-1061,CAND-10061,ИНТЕРВЬЮЕРЫ,Назначить интервью,User Task,Сергей_8,2025-10-12 02:20:29.325256,2025-10-12 03:06:29.325256,2760,,
7c86acee-b81b-4682-af1c-5744aa5e8b6b,VAC-1061,CAND-10061,ИНТЕРВЬЮЕРЫ,Интервью (раунд 1),User Task,Анна_5,2025-10-12 04:27:29.325256,2025-10-12 07:14:29.325256,10020,passed,
7c86acee-b81b-4682-af1c-5744aa5e8b6b,VAC-1061,CAND-10061,ИНТЕРВЬЮЕРЫ,Финальное интервью,User Task,Анна_4,2025-10-12 08:13:29.325256,2025-10-12 09:10:29.325256,3420,passed,
7c86acee-b81b-4682-af1c-5744aa5e8b6b,VAC-1061,CAND-10061,HR (ОФФЕР),Согласовать условия,User Task,HR_Manager_4,2025-10-12 09:51:29.325256,2025-10-12 10:33:29.325256,2520,,
7c86acee-b81b-4682-af1c-5744aa5e8b6b,VAC-1061,CAND-10061,HR (ОФФЕР),Сгенерировать оффер,Service Task,HR_Manager_6,2025-10-12 10:41:29.325256,2025-10-12 10:46:29.325256,300,,
7c86acee-b81b-4682-af1c-5744aa5e8b6b,VAC-1061,CAND-10061,HR (ОФФЕР),Отправить оффер,Send Task,HR_Manager_1,2025-10-12 11:02:29.325256,2025-10-12 11:04:29.325256,120,sent,
7c86acee-b81b-4682-af1c-5744aa5e8b6b,VAC-1061,CAND-10061,HR (ОФФЕР),Timer: ожидание ответа (7 дн),Timer,,2025-10-12 11:04:29.325256,2025-10-15 11:04:29.325256,259200,timer_elapsed,
7c86acee-b81b-4682-af1c-5744aa5e8b6b,VAC-1061,CAND-10061,SECURITY,Background Check,Call Activity,Служба_БД_5,2025-10-16 19:33:29.325256,2025-10-17 12:50:29.325256,62220,report_ready,
7c86acee-b81b-4682-af1c-5744aa5e8b6b,VAC-1061,CAND-10061,IT,Выдача оборудования,Task,IT_Specialist_4,2025-10-17 14:13:29.325256,2025-10-17 14:58:29.325256,2700,,
7c86acee-b81b-4682-af1c-5744aa5e8b6b,VAC-1061,CAND-10061,IT,Создать доступы,Task,IT_Specialist_7,2025-10-17 16:11:29.325256,2025-10-17 16:30:29.325256,1140,,
7c86acee-b81b-4682-af1c-5744aa5e8b6b,VAC-1061,CAND-10061,IT,HR/Training: Вводное обучение,Service Task,Ольга_8,2025-10-18 16:31:29.325256,2025-10-18 17:49:29.325256,4680,,
7c86acee-b81b-4682-af1c-5744aa5e8b6b,VAC-1061,CAND-10061,IT,Назначить ментора,Task,Ольга_1,2025-10-18 18:41:29.325256,2025-10-18 20:26:29.325256,6300,,
7c86acee-b81b-4682-af1c-5744aa5e8b6b,VAC-1061,CAND-10061,IT,Message: уведомить всех,Message,system,2025-10-18 20:27:29.325256,2025-10-18 20:37:29.325256,600,notified,
7c86acee-b81b-4682-af1c-5744aa5e8b6b,VAC-1061,CAND-10061,HR (финал),Обновить статус в HCM,Service Task,Наталья_6,2025-10-18 21:50:29.325256,2025-10-18 22:29:29.325256,2340,,
7c86acee-b81b-4682-af1c-5744aa5e8b6b,VAC-1061,CAND-10061,HR (финал),Payroll / учет,Service Task,Марина_9,2025-10-18 22:48:29.325256,2025-10-18 23:18:29.325256,1800,,
7c86acee-b81b-4682-af1c-5744aa5e8b6b,VAC-1061,CAND-10061,HR (финал),Закрыть вакансию на порталах,Service Task,Наталья_9,2025-10-18 23:52:29.325256,2025-10-19 00:24:29.325256,1920,,
7c86acee-b81b-4682-af1c-5744aa5e8b6b,VAC-1061,CAND-10061,HR (финал),Hire Completed,End Event,system,2025-10-19 00:54:29.325256,2025-10-19 00:54:29.325256,0,hired,
7dc05e82-bf0d-475d-83e8-44822d382bcb,VAC-1082,CAND-10082,РУКОВОДИТЕЛЬ,Создать заявку,User Task,Петров_4,2025-09-14 17:20:29.325256,2025-09-14 18:15:29.325256,3300,,
7dc05e82-bf0d-475d-83e8-44822d382bcb,VAC-1082,CAND-10082,HR,Зарегистрировать в HCM,Service Task,Наталья_4,2025-09-14 18:33:29.325256,2025-09-14 18:54:29.325256,1260,,
7dc05e82-bf0d-475d-83e8-44822d382bcb,VAC-1082,CAND-10082,РЕКРУТЕР,Разместить вакансию,Task,Екатерина_5,2025-09-14 19:30:29.325256,2025-09-14 20:56:29.325256,5160,,
7dc05e82-bf0d-475d-83e8-44822d382bcb,VAC-1082,CAND-10082,РЕКРУТЕР,Собирать резюме,Task,Дмитрий_4,2025-09-14 21:19:29.325256,2025-09-15 00:37:29.325256,11880,,
7dc05e82-bf0d-475d-83e8-44822d382bcb,VAC-1082,CAND-10082,РЕКРУТЕР,Скрининг,Task,Екатерина_4,2025-09-15 01:48:29.325256,2025-09-15 02:34:29.325256,2760,rejected,не соотв. опыту
7dc05e82-bf0d-475d-83e8-44822d382bcb,VAC-1082,CAND-10082,РЕКРУТЕР,Скрининг,Task,Екатерина_4,2025-09-15 02:48:29.325256,2025-09-15 03:43:29.325256,3300,rejected,не соотв. опыту
7e8b5f20-3f23-48bd-a737-6793ebf412fe,VAC-1034,CAND-10034,РУКОВОДИТЕЛЬ,Создать заявку,User Task,Петров_2,2025-09-07 13:50:29.325256,2025-09-07 14:31:29.325256,2460,,
7e8b5f20-3f23-48bd-a737-6793ebf412fe,VAC-1034,CAND-10034,HR,Зарегистрировать в HCM,Service Task,Марина_4,2025-09-07 15:25:29.325256,2025-09-07 15:50:29.325256,1500,,
7e8b5f20-3f23-48bd-a737-6793ebf412fe,VAC-1034,CAND-10034,РЕКРУТЕР,Разместить вакансию,Task,Алексей_6,2025-09-07 16:28:29.325256,2025-09-07 17:05:29.325256,2220,,
7e8b5f20-3f23-48bd-a737-6793ebf412fe,VAC-1034,CAND-10034,РЕКРУТЕР,Собирать резюме,Task,Екатерина_1,2025-09-07 18:30:29.325256,2025-09-07 22:21:29.325256,13860,,
7e8b5f20-3f23-48bd-a737-6793ebf412fe,VAC-1034,CAND-10034,РЕКРУТЕР,Скрининг,Task,Алексей_3,2025-09-07 23:01:29.325256,2025-09-08 00:55:29.325256,6840,passed,
7e8b5f20-3f23-48bd-a737-6793ebf412fe,VAC-1034,CAND-10034,ИНТЕРВЬЮЕРЫ,Назначить интервью,User Task,Андрей_1,2025-09-08 04:49:29.325256,2025-09-08 05:05:29.325256,960,,
7e8b5f20-3f23-48bd-a737-6793ebf412fe,VAC-1034,CAND-10034,ИНТЕРВЬЮЕРЫ,Интервью (раунд 1),User Task,Андрей_6,2025-09-08 05:38:29.325256,2025-09-08 07:39:29.325256,7260,rejected,недостаточно навыков
7f085cf7-62e2-4a11-8813-6dd616ac00f4,VAC-1154,CAND-10154,РУКОВОДИТЕЛЬ,Создать заявку,User Task,Иванов_7,2025-09-02 13:11:29.325256,2025-09-02 14:05:29.325256,3240,,
7f085cf7-62e2-4a11-8813-6dd616ac00f4,VAC-1154,CAND-10154,HR,Зарегистрировать в HCM,Service Task,Марина_8,2025-09-02 14:25:29.325256,2025-09-02 14:35:29.325256,600,,
7f085cf7-62e2-4a11-8813-6dd616ac00f4,VAC-1154,CAND-10154,РЕКРУТЕР,Разместить вакансию,Task,Алексей_2,2025-09-02 14:54:29.325256,2025-09-02 16:24:29.325256,5400,,
7f085cf7-62e2-4a11-8813-6dd616ac00f4,VAC-1154,CAND-10154,РЕКРУТЕР,Собирать резюме,Task,Алексей_5,2025-09-02 17:41:29.325256,2025-09-02 19:02:29.325256,4860,,
7f085cf7-62e2-4a11-8813-6dd616ac00f4,VAC-1154,CAND-10154,РЕКРУТЕР,Скрининг,Task,Дмитрий_8,2025-09-02 19:08:29.325256,2025-09-02 20:11:29.325256,3780,passed,
7f085cf7-62e2-4a11-8813-6dd616ac00f4,VAC-1154,CAND-10154,ИНТЕРВЬЮЕРЫ,Назначить интервью,User Task,Сергей_4,2025-09-02 20:42:29.325256,2025-09-02 21:25:29.325256,2580,,
7f085cf7-62e2-4a11-8813-6dd616ac00f4,VAC-1154,CAND-10154,ИНТЕРВЬЮЕРЫ,Интервью (раунд 1),User Task,Сергей_2,2025-09-03 00:25:29.325256,2025-09-03 02:56:29.325256,9060,passed,
7f085cf7-62e2-4a11-8813-6dd616ac00f4,VAC-1154,CAND-10154,ИНТЕРВЬЮЕРЫ,Финальное интервью,User Task,Анна_5,2025-09-03 05:53:29.325256,2025-09-03 06:24:29.325256,1860,passed,
7f085cf7-62e2-4a11-8813-6dd616ac00f4,VAC-1154,CAND-10154,HR (ОФФЕР),Согласовать условия,User Task,HR_Manager_1,2025-09-03 07:53:29.325256,2025-09-03 11:03:29.325256,11400,,
7f085cf7-62e2-4a11-8813-6dd616ac00f4,VAC-1154,CAND-10154,HR (ОФФЕР),Сгенерировать оффер,Service Task,HR_Manager_6,2025-09-03 11:19:29.325256,2025-09-03 11:25:29.325256,360,,
7f085cf7-62e2-4a11-8813-6dd616ac00f4,VAC-1154,CAND-10154,HR (ОФФЕР),Отправить оффер,Send Task,HR_Manager_5,2025-09-03 11:27:29.325256,2025-09-03 11:30:29.325256,180,sent,
7f085cf7-62e2-4a11-8813-6dd616ac00f4,VAC-1154,CAND-10154,HR (ОФФЕР),Timer: ожидание ответа (7 дн),Timer,,2025-09-03 11:30:29.325256,2025-09-08 11:30:29.325256,432000,timer_elapsed,
7f085cf7-62e2-4a11-8813-6dd616ac00f4,VAC-1154,CAND-10154,HR (ОФФЕР),Переговоры / отказ,Task,HR_Manager_3,2025-09-08 14:51:29.325256,2025-09-08 15:23:29.325256,1920,rejected,
813b1008-bef6-4130-a56a-ba96a041517b,VAC-1048,CAND-10048,РУКОВОДИТЕЛЬ,Создать заявку,User Task,Иванов_6,2025-10-02 17:23:29.325256,2025-10-02 17:44:29.325256,1260,,
813b1008-bef6-4130-a56a-ba96a041517b,VAC-1048,CAND-10048,HR,Зарегистрировать в HCM,Service Task,Ольга_4,2025-10-02 18:35:29.325256,2025-10-02 18:38:29.325256,180,,
813b1008-bef6-4130-a56a-ba96a041517b,VAC-1048,CAND-10048,РЕКРУТЕР,Разместить вакансию,Task,Екатерина_2,2025-10-02 19:25:29.325256,2025-10-02 20:59:29.325256,5640,,
813b1008-bef6-4130-a56a-ba96a041517b,VAC-1048,CAND-10048,РЕКРУТЕР,Собирать резюме,Task,Дмитрий_3,2025-10-03 02:06:29.325256,2025-10-03 05:44:29.325256,13080,,
813b1008-bef6-4130-a56a-ba96a041517b,VAC-1048,CAND-10048,РЕКРУТЕР,Скрининг,Task,Екатерина_6,2025-10-03 05:54:29.325256,2025-10-03 06:52:29.325256,3480,rejected,не прошёл тест
829d65d5-0615-41c9-8fce-4c0fe4f170fe,VAC-1174,CAND-10174,РУКОВОДИТЕЛЬ,Создать заявку,User Task,Петров_2,2025-09-18 11:35:29.325256,2025-09-18 11:55:29.325256,1200,,
829d65d5-0615-41c9-8fce-4c0fe4f170fe,VAC-1174,CAND-10174,HR,Зарегистрировать в HCM,Service Task,Марина_6,2025-09-18 12:29:29.325256,2025-09-18 12:33:29.325256,240,,
829d65d5-0615-41c9-8fce-4c0fe4f170fe,VAC-1174,CAND-10174,РЕКРУТЕР,Разместить вакансию,Task,Екатерина_9,2025-09-18 13:29:29.325256,2025-09-18 15:16:29.325256,6420,,
829d65d5-0615-41c9-8fce-4c0fe4f170fe,VAC-1174,CAND-10174,РЕКРУТЕР,Собирать резюме,Task,Екатерина_4,2025-09-18 17:18:29.325256,2025-09-18 19:46:29.325256,8880,,
829d65d5-0615-41c9-8fce-4c0fe4f170fe,VAC-1174,CAND-10174,РЕКРУТЕР,Скрининг,Task,Алексей_2,2025-09-18 20:26:29.325256,2025-09-18 21:25:29.325256,3540,rejected,некорректное резюме
829d65d5-0615-41c9-8fce-4c0fe4f170fe,VAC-1174,CAND-10174,РЕКРУТЕР,Скрининг,Task,Алексей_2,2025-09-18 21:26:29.325256,2025-09-18 22:02:29.325256,2160,rejected,не соотв. опыту
829d65d5-0615-41c9-8fce-4c0fe4f170fe,VAC-1174,CAND-10174,РЕКРУТЕР,Скрининг,Task,Алексей_2,2025-09-18 22:26:29.325256,2025-09-18 22:41:29.325256,900,rejected,не прошёл тест
82e78ec1-4191-48ee-9c4b-819de86e5ded,VAC-1031,CAND-10031,РУКОВОДИТЕЛЬ,Создать заявку,User Task,Петров_7,2025-09-21 12:09:29.325256,2025-09-21 13:02:29.325256,3180,,
82e78ec1-4191-48ee-9c4b-819de86e5ded,VAC-1031,CAND-10031,HR,Зарегистрировать в HCM,Service Task,Марина_6,2025-09-21 13:57:29.325256,2025-09-21 14:23:29.325256,1560,,
82e78ec1-4191-48ee-9c4b-819de86e5ded,VAC-1031,CAND-10031,РЕКРУТЕР,Разместить вакансию,Task,Дмитрий_1,2025-09-21 14:29:29.325256,2025-09-21 16:20:29.325256,6660,,
82e78ec1-4191-48ee-9c4b-819de86e5ded,VAC-1031,CAND-10031,РЕКРУТЕР,Собирать резюме,Task,Алексей_8,2025-09-21 18:45:29.325256,2025-09-21 21:32:29.325256,10020,,
82e78ec1-4191-48ee-9c4b-819de86e5ded,VAC-1031,CAND-10031,РЕКРУТЕР,Скрининг,Task,Екатерина_5,2025-09-21 22:24:29.325256,2025-09-21 23:55:29.325256,5460,passed,
82e78ec1-4191-48ee-9c4b-819de86e5ded,VAC-1031,CAND-10031,ИНТЕРВЬЮЕРЫ,Назначить интервью,User Task,Сергей_2,2025-09-22 03:55:29.325256,2025-09-22 04:40:29.325256,2700,,
82e78ec1-4191-48ee-9c4b-819de86e5ded,VAC-1031,CAND-10031,ИНТЕРВЬЮЕРЫ,Интервью (раунд 1),User Task,Анна_6,2025-09-22 06:09:29.325256,2025-09-22 08:39:29.325256,9000,passed,
82e78ec1-4191-48ee-9c4b-819de86e5ded,VAC-1031,CAND-10031,ИНТЕРВЬЮЕРЫ,Интервью (раунд 2),User Task,Анна_8,2025-09-22 11:45:29.325256,2025-09-22 13:11:29.325256,5160,rejected,культурный профиль
849bee71-e512-455e-98e1-6e0d7fe4f551,VAC-1159,CAND-10159,РУКОВОДИТЕЛЬ,Создать заявку,User Task,Сидоров_6,2025-10-21 18:46:29.325256,2025-10-21 19:46:29.325256,3600,,
849bee71-e512-455e-98e1-6e0d7fe4f551,VAC-1159,CAND-10159,HR,Зарегистрировать в HCM,Service Task,Наталья_9,2025-10-21 19:56:29.325256,2025-10-21 20:21:29.325256,1500,,
849bee71-e512-455e-98e1-6e0d7fe4f551,VAC-1159,CAND-10159,РЕКРУТЕР,Разместить вакансию,Task,Алексей_1,2025-10-21 21:05:29.325256,2025-10-21 21:31:29.325256,1560,,
849bee71-e512-455e-98e1-6e0d7fe4f551,VAC-1159,CAND-10159,РЕКРУТЕР,Собирать резюме,Task,Екатерина_9,2025-10-22 01:36:29.325256,2025-10-22 03:45:29.325256,7740,,
849bee71-e512-455e-98e1-6e0d7fe4f551,VAC-1159,CAND-10159,РЕКРУТЕР,Скрининг,Task,Дмитрий_1,2025-10-22 04:04:29.325256,2025-10-22 05:04:29.325256,3600,rejected,не соотв. опыту
849bee71-e512-455e-98e1-6e0d7fe4f551,VAC-1159,CAND-10159,РЕКРУТЕР,Скрининг,Task,Дмитрий_1,2025-10-22 05:04:29.325256,2025-10-22 05:30:29.325256,1560,rejected,некорректное резюме
849bee71-e512-455e-98e1-6e0d7fe4f551,VAC-1159,CAND-10159,РЕКРУТЕР,Скрининг,Task,Дмитрий_1,2025-10-22 06:04:29.325256,2025-10-22 06:11:29.325256,420,rejected,не соотв. опыту
84c097a7-bc8e-41a8-82d1-34c7bfac42f1,VAC-1013,CAND-10013,РУКОВОДИТЕЛЬ,Создать заявку,User Task,Петров_5,2025-10-02 20:21:29.325256,2025-10-02 20:31:29.325256,600,,
84c097a7-bc8e-41a8-82d1-34c7bfac42f1,VAC-1013,CAND-10013,HR,Зарегистрировать в HCM,Service Task,Наталья_3,2025-10-02 20:46:29.325256,2025-10-02 21:12:29.325256,1560,,
84c097a7-bc8e-41a8-82d1-34c7bfac42f1,VAC-1013,CAND-10013,РЕКРУТЕР,Разместить вакансию,Task,Алексей_8,2025-10-02 21:14:29.325256,2025-10-02 21:29:29.325256,900,,
84c097a7-bc8e-41a8-82d1-34c7bfac42f1,VAC-1013,CAND-10013,РЕКРУТЕР,Собирать резюме,Task,Алексей_8,2025-10-03 02:51:29.325256,2025-10-03 06:37:29.325256,13560,,
84c097a7-bc8e-41a8-82d1-34c7bfac42f1,VAC-1013,CAND-10013,РЕКРУТЕР,Скрининг,Task,Екатерина_4,2025-10-03 07:35:29.325256,2025-10-03 08:11:29.325256,2160,rejected,некорректное резюме
84c097a7-bc8e-41a8-82d1-34c7bfac42f1,VAC-1013,CAND-10013,РЕКРУТЕР,Скрининг,Task,Екатерина_4,2025-10-03 08:35:29.325256,2025-10-03 08:55:29.325256,1200,rejected,не соотв. опыту
87837bef-b308-4dad-ad1c-608ff85b633c,VAC-1096,CAND-10096,РУКОВОДИТЕЛЬ,Создать заявку,User Task,Иванов_5,2025-09-20 12:51:29.325256,2025-09-20 13:50:29.325256,3540,,
87837bef-b308-4dad-ad1c-608ff85b633c,VAC-1096,CAND-10096,HR,Зарегистрировать в HCM,Service Task,Ольга_2,2025-09-20 13:52:29.325256,2025-09-20 14:03:29.325256,660,,
87837bef-b308-4dad-ad1c-608ff85b633c,VAC-1096,CAND-10096,РЕКРУТЕР,Разместить вакансию,Task,Алексей_7,2025-09-20 14:08:29.325256,2025-09-20 15:01:29.325256,3180,,
87837bef-b308-4dad-ad1c-608ff85b633c,VAC-1096,CAND-10096,РЕКРУТЕР,Собирать резюме,Task,Алексей_9,2025-09-20 16:33:29.325256,2025-09-20 20:10:29.325256,13020,,
87837bef-b308-4dad-ad1c-608ff85b633c,VAC-1096,CAND-10096,РЕКРУТЕР,Скрининг,Task,Дмитрий_8,2025-09-20 22:09:29.325256,2025-09-20 22:55:29.325256,2760,rejected,не соотв. опыту
87837bef-b308-4dad-ad1c-608ff85b633c,VAC-1096,CAND-10096,РЕКРУТЕР,Скрининг,Task,Дмитрий_8,2025-09-20 23:09:29.325256,2025-09-20 23:52:29.325256,2580,rejected,некорректное резюме
87deb9c8-37ab-42ad-9a7d-ecaee5d2f18f,VAC-1179,CAND-10179,РУКОВОДИТЕЛЬ,Создать заявку,User Task,Петров_4,2025-10-03 18:47:29.325256,2025-10-03 19:40:29.325256,3180,,
87deb9c8-37ab-42ad-9a7d-ecaee5d2f18f,VAC-1179,CAND-10179,HR,Зарегистрировать в HCM,Service Task,Ольга_9,2025-10-03 20:01:29.325256,2025-10-03 20:13:29.325256,720,,
87deb9c8-37ab-42ad-9a7d-ecaee5d2f18f,VAC-1179,CAND-10179,РЕКРУТЕР,Разместить вакансию,Task,Дмитрий_1,2025-10-03 20:57:29.325256,2025-10-03 22:01:29.325256,3840,,
87deb9c8-37ab-42ad-9a7d-ecaee5d2f18f,VAC-1179,CAND-10179,РЕКРУТЕР,Собирать резюме,Task,Дмитрий_8,2025-10-03 22:43:29.325256,2025-10-04 00:48:29.325256,7500,,
87deb9c8-37ab-42ad-9a7d-ecaee5d2f18f,VAC-1179,CAND-10179,РЕКРУТЕР,Скрининг,Task,Екатерина_2,2025-10-04 01:55:29.325256,2025-10-04 03:04:29.325256,4140,passed,
87deb9c8-37ab-42ad-9a7d-ecaee5d2f18f,VAC-1179,CAND-10179,ИНТЕРВЬЮЕРЫ,Назначить интервью,User Task,Анна_5,2025-10-04 05:50:29.325256,2025-10-04 06:38:29.325256,2880,,
87deb9c8-37ab-42ad-9a7d-ecaee5d2f18f,VAC-1179,CAND-10179,ИНТЕРВЬЮЕРЫ,Интервью (раунд 1),User Task,Анна_2,2025-10-04 09:46:29.325256,2025-10-04 11:50:29.325256,7440,rejected,недостаточно навыков
8989fbe6-0235-4ee6-b654-6ecc85c2bc91,VAC-1011,CAND-10011,РУКОВОДИТЕЛЬ,Создать заявку,User Task,Сидоров_1,2025-08-30 15:11:29.325256,2025-08-30 15:53:29.325256,2520,,
8989fbe6-0235-4ee6-b654-6ecc85c2bc91,VAC-1011,CAND-10011,HR,Зарегистрировать в HCM,Service Task,Ольга_6,2025-08-30 16:00:29.325256,2025-08-30 16:20:29.325256,1200,,
8989fbe6-0235-4ee6-b654-6ecc85c2bc91,VAC-1011,CAND-10011,РЕКРУТЕР,Разместить вакансию,Task,Дмитрий_7,2025-08-30 17:07:29.325256,2025-08-30 18:57:29.325256,6600,,
8989fbe6-0235-4ee6-b654-6ecc85c2bc91,VAC-1011,CAND-10011,РЕКРУТЕР,Собирать резюме,Task,Алексей_7,2025-08-31 00:17:29.325256,2025-08-31 02:57:29.325256,9600,,
8989fbe6-0235-4ee6-b654-6ecc85c2bc91,VAC-1011,CAND-10011,РЕКРУТЕР,Скрининг,Task,Алексей_5,2025-08-31 04:57:29.325256,2025-08-31 06:15:29.325256,4680,passed,
8989fbe6-0235-4ee6-b654-6ecc85c2bc91,VAC-1011,CAND-10011,ИНТЕРВЬЮЕРЫ,Назначить интервью,User Task,Анна_9,2025-08-31 08:36:29.325256,2025-08-31 08:41:29.325256,300,,
8989fbe6-0235-4ee6-b654-6ecc85c2bc91,VAC-1011,CAND-10011,ИНТЕРВЬЮЕРЫ,Интервью (раунд 1),User Task,Андрей_6,2025-08-31 12:15:29.325256,2025-08-31 13:35:29.325256,4800,passed,
8989fbe6-0235-4ee6-b654-6ecc85c2bc91,VAC-1011,CAND-10011,ИНТЕРВЬЮЕРЫ,Интервью (раунд 2),User Task,Андрей_5,2025-08-31 16:44:29.325256,2025-08-31 18:34:29.325256,6600,rejected,культурный профиль
89c81dfc-455c-46b3-a5e4-f93cdf531e7d,VAC-1186,CAND-10186,РУКОВОДИТЕЛЬ,Создать заявку,User Task,Кузнецов_3,2025-10-20 15:26:29.325256,2025-10-20 15:42:29.325256,960,,
89c81dfc-455c-46b3-a5e4-f93cdf531e7d,VAC-1186,CAND-10186,HR,Зарегистрировать в HCM,Service Task,Ольга_5,2025-10-20 15:55:29.325256,2025-10-20 16:01:29.325256,360,,
89c81dfc-455c-46b3-a5e4-f93cdf531e7d,VAC-1186,CAND-10186,РЕКРУТЕР,Разместить вакансию,Task,Алексей_5,2025-10-20 16:37:29.325256,2025-10-20 17:49:29.325256,4320,,
89c81dfc-455c-46b3-a5e4-f93cdf531e7d,VAC-1186,CAND-10186,РЕКРУТЕР,Собирать резюме,Task,Дмитрий_9,2025-10-20 22:58:29.325256,2025-10-21 00:45:29.325256,6420,,
89c81dfc-455c-46b3-a5e4-f93cdf531e7d,VAC-1186,CAND-10186,РЕКРУТЕР,Скрининг,Task,Алексей_1,2025-10-21 02:24:29.325256,2025-10-21 02:45:29.325256,1260,rejected,некорректное резюме
8c2a8a3e-67ac-4f50-a910-e650d364b10c,VAC-1066,CAND-10066,РУКОВОДИТЕЛЬ,Создать заявку,User Task,Петров_7,2025-09-10 17:11:29.325256,2025-09-10 18:05:29.325256,3240,,
8c2a8a3e-67ac-4f50-a910-e650d364b10c,VAC-1066,CAND-10066,HR,Зарегистрировать в HCM,Service Task,Ольга_8,2025-09-10 18:29:29.325256,2025-09-10 18:58:29.325256,1740,,
8c2a8a3e-67ac-4f50-a910-e650d364b10c,VAC-1066,CAND-10066,РЕКРУТЕР,Разместить вакансию,Task,Дмитрий_2,2025-09-10 19:54:29.325256,2025-09-10 20:52:29.325256,3480,,
8c2a8a3e-67ac-4f50-a910-e650d364b10c,VAC-1066,CAND-10066,РЕКРУТЕР,Собирать резюме,Task,Екатерина_3,2025-09-11 02:51:29.325256,2025-09-11 06:10:29.325256,11940,,
8c2a8a3e-67ac-4f50-a910-e650d364b10c,VAC-1066,CAND-10066,РЕКРУТЕР,Скрининг,Task,Дмитрий_2,2025-09-11 07:38:29.325256,2025-09-11 09:33:29.325256,6900,passed,
8c2a8a3e-67ac-4f50-a910-e650d364b10c,VAC-1066,CAND-10066,ИНТЕРВЬЮЕРЫ,Назначить интервью,User Task,Анна_3,2025-09-11 12:20:29.325256,2025-09-11 12:50:29.325256,1800,,
8c2a8a3e-67ac-4f50-a910-e650d364b10c,VAC-1066,CAND-10066,ИНТЕРВЬЮЕРЫ,Интервью (раунд 1),User Task,Сергей_8,2025-09-11 14:17:29.325256,2025-09-11 14:47:29.325256,1800,rejected,культурный профиль
8d66136f-1ebb-42ef-8fe3-904afe17d5e1,VAC-1193,CAND-10193,РУКОВОДИТЕЛЬ,Создать заявку,User Task,Петров_4,2025-10-14 20:48:29.325256,2025-10-14 20:53:29.325256,300,,
8d66136f-1ebb-42ef-8fe3-904afe17d5e1,VAC-1193,CAND-10193,HR,Зарегистрировать в HCM,Service Task,Марина_1,2025-10-14 21:12:29.325256,2025-10-14 21:18:29.325256,360,,
8d66136f-1ebb-42ef-8fe3-904afe17d5e1,VAC-1193,CAND-10193,РЕКРУТЕР,Разместить вакансию,Task,Алексей_9,2025-10-14 22:05:29.325256,2025-10-14 22:27:29.325256,1320,,
8d66136f-1ebb-42ef-8fe3-904afe17d5e1,VAC-1193,CAND-10193,РЕКРУТЕР,Собирать резюме,Task,Екатерина_3,2025-10-15 02:40:29.325256,2025-10-15 04:43:29.325256,7380,,
8d66136f-1ebb-42ef-8fe3-904afe17d5e1,VAC-1193,CAND-10193,РЕКРУТЕР,Скрининг,Task,Алексей_3,2025-10-15 05:44:29.325256,2025-10-15 06:16:29.325256,1920,rejected,не соотв. опыту
8d66136f-1ebb-42ef-8fe3-904afe17d5e1,VAC-1193,CAND-10193,РЕКРУТЕР,Скрининг,Task,Алексей_3,2025-10-15 06:44:29.325256,2025-10-15 07:21:29.325256,2220,rejected,не соотв. опыту
912bfccf-5184-4190-acd7-772901679fa2,VAC-1049,CAND-10049,РУКОВОДИТЕЛЬ,Создать заявку,User Task,Петров_2,2025-09-21 18:40:29.325256,2025-09-21 18:56:29.325256,960,,
912bfccf-5184-4190-acd7-772901679fa2,VAC-1049,CAND-10049,HR,Зарегистрировать в HCM,Service Task,Ольга_1,2025-09-21 19:42:29.325256,2025-09-21 20:07:29.325256,1500,,
912bfccf-5184-4190-acd7-772901679fa2,VAC-1049,CAND-10049,РЕКРУТЕР,Разместить вакансию,Task,Алексей_4,2025-09-21 20:26:29.325256,2025-09-21 21:01:29.325256,2100,,
912bfccf-5184-4190-acd7-772901679fa2,VAC-1049,CAND-10049,РЕКРУТЕР,Собирать резюме,Task,Дмитрий_9,2025-09-21 21:32:29.325256,2025-09-21 23:22:29.325256,6600,,
912bfccf-5184-4190-acd7-772901679fa2,VAC-1049,CAND-10049,РЕКРУТЕР,Скрининг,Task,Екатерина_8,2025-09-22 00:17:29.325256,2025-09-22 02:06:29.325256,6540,passed,
912bfccf-5184-4190-acd7-772901679fa2,VAC-1049,CAND-10049,ИНТЕРВЬЮЕРЫ,Назначить интервью,User Task,Андрей_5,2025-09-22 05:48:29.325256,2025-09-22 06:34:29.325256,2760,,
912bfccf-5184-4190-acd7-772901679fa2,VAC-1049,CAND-10049,ИНТЕРВЬЮЕРЫ,Интервью (раунд 1),User Task,Сергей_5,2025-09-22 10:23:29.325256,2025-09-22 11:05:29.325256,2520,rejected,недостаточно навыков
91a8223d-3125-4780-a01c-68c831ec27fa,VAC-1171,CAND-10171,РУКОВОДИТЕЛЬ,Создать заявку,User Task,Петров_4,2025-10-22 21:55:29.325256,2025-10-22 22:55:29.325256,3600,,
91a8223d-3125-4780-a01c-68c831ec27fa,VAC-1171,CAND-10171,HR,Зарегистрировать в HCM,Service Task,Наталья_3,2025-10-22 23:55:29.325256,2025-10-22 23:58:29.325256,180,,
91a8223d-3125-4780-a01c-68c831ec27fa,VAC-1171,CAND-10171,РЕКРУТЕР,Разместить вакансию,Task,Алексей_8,2025-10-23 00:30:29.325256,2025-10-23 02:03:29.325256,5580,,
91a8223d-3125-4780-a01c-68c831ec27fa,VAC-1171,CAND-10171,РЕКРУТЕР,Собирать резюме,Task,Алексей_3,2025-10-23 07:29:29.325256,2025-10-23 08:10:29.325256,2460,,
91a8223d-3125-4780-a01c-68c831ec27fa,VAC-1171,CAND-10171,РЕКРУТЕР,Скрининг,Task,Екатерина_1,2025-10-23 08:16:29.325256,2025-10-23 08:50:29.325256,2040,rejected,не прошёл тест
94098083-ea68-426e-a2d6-f3ecafdc7715,VAC-1167,CAND-10167,РУКОВОДИТЕЛЬ,Создать заявку,User Task,Сидоров_5,2025-08-27 15:16:29.325256,2025-08-27 15:29:29.325256,780,,
94098083-ea68-426e-a2d6-f3ecafdc7715,VAC-1167,CAND-10167,HR,Зарегистрировать в HCM,Service Task,Наталья_2,2025-08-27 16:24:29.325256,2025-08-27 16:33:29.325256,540,,
94098083-ea68-426e-a2d6-f3ecafdc7715,VAC-1167,CAND-10167,РЕКРУТЕР,Разместить вакансию,Task,Екатерина_3,2025-08-27 17:12:29.325256,2025-08-27 17:44:29.325256,1920,,
94098083-ea68-426e-a2d6-f3ecafdc7715,VAC-1167,CAND-10167,РЕКРУТЕР,Собирать резюме,Task,Дмитрий_3,2025-08-27 23:31:29.325256,2025-08-28 01:55:29.325256,8640,,
94098083-ea68-426e-a2d6-f3ecafdc7715,VAC-1167,CAND-10167,РЕКРУТЕР,Скрининг,Task,Екатерина_4,2025-08-28 02:33:29.325256,2025-08-28 04:18:29.325256,6300,passed,
94098083-ea68-426e-a2d6-f3ecafdc7715,VAC-1167,CAND-10167,ИНТЕРВЬЮЕРЫ,Назначить интервью,User Task,Андрей_6,2025-08-28 08:12:29.325256,2025-08-28 08:50:29.325256,2280,,
94098083-ea68-426e-a2d6-f3ecafdc7715,VAC-1167,CAND-10167,ИНТЕРВЬЮЕРЫ,Интервью (раунд 1),User Task,Сергей_7,2025-08-28 09:57:29.325256,2025-08-28 11:06:29.325256,4140,rejected,недостаточно навыков
94124c83-9196-4677-a67f-eaa7e702e420,VAC-1146,CAND-10146,РУКОВОДИТЕЛЬ,Создать заявку,User Task,Петров_9,2025-09-23 17:41:29.325256,2025-09-23 18:22:29.325256,2460,,
94124c83-9196-4677-a67f-eaa7e702e420,VAC-1146,CAND-10146,HR,Зарегистрировать в HCM,Service Task,Марина_4,2025-09-23 19:02:29.325256,2025-09-23 19:26:29.325256,1440,,
94124c83-9196-4677-a67f-eaa7e702e420,VAC-1146,CAND-10146,РЕКРУТЕР,Разместить вакансию,Task,Дмитрий_7,2025-09-23 19:42:29.325256,2025-09-23 20:01:29.325256,1140,,
94124c83-9196-4677-a67f-eaa7e702e420,VAC-1146,CAND-10146,РЕКРУТЕР,Собирать резюме,Task,Екатерина_2,2025-09-23 22:56:29.325256,2025-09-24 02:21:29.325256,12300,,
94124c83-9196-4677-a67f-eaa7e702e420,VAC-1146,CAND-10146,РЕКРУТЕР,Скрининг,Task,Дмитрий_7,2025-09-24 02:40:29.325256,2025-09-24 04:10:29.325256,5400,passed,
94124c83-9196-4677-a67f-eaa7e702e420,VAC-1146,CAND-10146,ИНТЕРВЬЮЕРЫ,Назначить интервью,User Task,Сергей_1,2025-09-24 05:28:29.325256,2025-09-24 05:53:29.325256,1500,,
94124c83-9196-4677-a67f-eaa7e702e420,VAC-1146,CAND-10146,ИНТЕРВЬЮЕРЫ,Интервью (раунд 1),User Task,Сергей_3,2025-09-24 07:06:29.325256,2025-09-24 09:05:29.325256,7140,passed,
94124c83-9196-4677-a67f-eaa7e702e420,VAC-1146,CAND-10146,ИНТЕРВЬЮЕРЫ,Интервью (раунд 2),User Task,Андрей_4,2025-09-24 11:27:29.325256,2025-09-24 12:08:29.325256,2460,rejected,культурный профиль
965fb16b-7418-47a4-bf88-f64cf2a564cf,VAC-1110,CAND-10110,РУКОВОДИТЕЛЬ,Создать заявку,User Task,Петров_5,2025-10-12 12:31:29.325256,2025-10-12 12:48:29.325256,1020,,
965fb16b-7418-47a4-bf88-f64cf2a564cf,VAC-1110,CAND-10110,HR,Зарегистрировать в HCM,Service Task,Наталья_6,2025-10-12 13:42:29.325256,2025-10-12 13:59:29.325256,1020,,
965fb16b-7418-47a4-bf88-f64cf2a564cf,VAC-1110,CAND-10110,РЕКРУТЕР,Разместить вакансию,Task,Дмитрий_3,2025-10-12 14:45:29.325256,2025-10-12 15:47:29.325256,3720,,
965fb16b-7418-47a4-bf88-f64cf2a564cf,VAC-1110,CAND-10110,РЕКРУТЕР,Собирать резюме,Task,Дмитрий_4,2025-10-12 16:17:29.325256,2025-10-12 19:07:29.325256,10200,,
965fb16b-7418-47a4-bf88-f64cf2a564cf,VAC-1110,CAND-10110,РЕКРУТЕР,Скрининг,Task,Дмитрий_4,2025-10-12 20:40:29.325256,2025-10-12 21:46:29.325256,3960,passed,
965fb16b-7418-47a4-bf88-f64cf2a564cf,VAC-1110,CAND-10110,ИНТЕРВЬЮЕРЫ,Назначить интервью,User Task,Андрей_8,2025-10-13 01:07:29.325256,2025-10-13 01:17:29.325256,600,,
965fb16b-7418-47a4-bf88-f64cf2a564cf,VAC-1110,CAND-10110,ИНТЕРВЬЮЕРЫ,Интервью (раунд 1),User Task,Анна_2,2025-10-13 02:10:29.325256,2025-10-13 04:50:29.325256,9600,passed,
965fb16b-7418-47a4-bf88-f64cf2a564cf,VAC-1110,CAND-10110,ИНТЕРВЬЮЕРЫ,Финальное интервью,User Task,Сергей_5,2025-10-13 06:19:29.325256,2025-10-13 07:48:29.325256,5340,passed,
965fb16b-7418-47a4-bf88-f64cf2a564cf,VAC-1110,CAND-10110,HR (ОФФЕР),Согласовать условия,User Task,HR_Manager_3,2025-10-13 08:57:29.325256,2025-10-13 09:39:29.325256,2520,,
965fb16b-7418-47a4-bf88-f64cf2a564cf,VAC-1110,CAND-10110,HR (ОФФЕР),Сгенерировать оффер,Service Task,HR_Manager_6,2025-10-13 10:39:29.325256,2025-10-13 10:42:29.325256,180,,
965fb16b-7418-47a4-bf88-f64cf2a564cf,VAC-1110,CAND-10110,HR (ОФФЕР),Отправить оффер,Send Task,HR_Manager_2,2025-10-13 10:53:29.325256,2025-10-13 11:00:29.325256,420,sent,
965fb16b-7418-47a4-bf88-f64cf2a564cf,VAC-1110,CAND-10110,HR (ОФФЕР),Timer: ожидание ответа (7 дн),Timer,,2025-10-13 11:00:29.325256,2025-10-15 11:00:29.325256,172800,timer_elapsed,
965fb16b-7418-47a4-bf88-f64cf2a564cf,VAC-1110,CAND-10110,SECURITY,Background Check,Call Activity,Служба_БД_6,2025-10-15 20:27:29.325256,2025-10-16 20:05:29.325256,85080,report_ready,
965fb16b-7418-47a4-bf88-f64cf2a564cf,VAC-1110,CAND-10110,IT,Выдача оборудования,Task,IT_Specialist_2,2025-10-16 21:02:29.325256,2025-10-17 00:11:29.325256,11340,,
965fb16b-7418-47a4-bf88-f64cf2a564cf,VAC-1110,CAND-10110,IT,Создать доступы,Task,IT_Specialist_2,2025-10-17 01:03:29.325256,2025-10-17 02:40:29.325256,5820,,
965fb16b-7418-47a4-bf88-f64cf2a564cf,VAC-1110,CAND-10110,IT,HR/Training: Вводное обучение,Service Task,Ольга_5,2025-10-19 09:24:29.325256,2025-10-19 13:48:29.325256,15840,,
965fb16b-7418-47a4-bf88-f64cf2a564cf,VAC-1110,CAND-10110,IT,Назначить ментора,Task,Марина_8,2025-10-19 17:26:29.325256,2025-10-19 18:25:29.325256,3540,,
965fb16b-7418-47a4-bf88-f64cf2a564cf,VAC-1110,CAND-10110,IT,Message: уведомить всех,Message,system,2025-10-19 19:17:29.325256,2025-10-19 19:31:29.325256,840,notified,
965fb16b-7418-47a4-bf88-f64cf2a564cf,VAC-1110,CAND-10110,HR (финал),Обновить статус в HCM,Service Task,Наталья_2,2025-10-19 20:55:29.325256,2025-10-19 21:52:29.325256,3420,,
965fb16b-7418-47a4-bf88-f64cf2a564cf,VAC-1110,CAND-10110,HR (финал),Payroll / учет,Service Task,Марина_1,2025-10-19 22:01:29.325256,2025-10-19 22:46:29.325256,2700,,
965fb16b-7418-47a4-bf88-f64cf2a564cf,VAC-1110,CAND-10110,HR (финал),Закрыть вакансию на порталах,Service Task,Наталья_7,2025-10-19 23:41:29.325256,2025-10-19 23:52:29.325256,660,,
965fb16b-7418-47a4-bf88-f64cf2a564cf,VAC-1110,CAND-10110,HR (финал),Hire Completed,End Event,system,2025-10-20 00:51:29.325256,2025-10-20 00:51:29.325256,0,hired,
96a6e139-5013-4609-b164-4ff9134a9f76,VAC-1109,CAND-10109,РУКОВОДИТЕЛЬ,Создать заявку,User Task,Сидоров_8,2025-09-20 17:07:29.325256,2025-09-20 17:47:29.325256,2400,,
96a6e139-5013-4609-b164-4ff9134a9f76,VAC-1109,CAND-10109,HR,Зарегистрировать в HCM,Service Task,Наталья_1,2025-09-20 18:32:29.325256,2025-09-20 18:37:29.325256,300,,
96a6e139-5013-4609-b164-4ff9134a9f76,VAC-1109,CAND-10109,РЕКРУТЕР,Разместить вакансию,Task,Екатерина_2,2025-09-20 18:57:29.325256,2025-09-20 20:00:29.325256,3780,,
96a6e139-5013-4609-b164-4ff9134a9f76,VAC-1109,CAND-10109,РЕКРУТЕР,Собирать резюме,Task,Дмитрий_3,2025-09-21 01:49:29.325256,2025-09-21 04:32:29.325256,9780,,
96a6e139-5013-4609-b164-4ff9134a9f76,VAC-1109,CAND-10109,РЕКРУТЕР,Скрининг,Task,Алексей_9,2025-09-21 05:30:29.325256,2025-09-21 05:53:29.325256,1380,rejected,не соотв. опыту
982633d5-4358-44a7-abd7-a9ae5dc0ef0b,VAC-1073,CAND-10073,РУКОВОДИТЕЛЬ,Создать заявку,User Task,Петров_7,2025-08-27 15:10:29.325256,2025-08-27 15:51:29.325256,2460,,
982633d5-4358-44a7-abd7-a9ae5dc0ef0b,VAC-1073,CAND-10073,HR,Зарегистрировать в HCM,Service Task,Марина_6,2025-08-27 16:35:29.325256,2025-08-27 17:04:29.325256,1740,,
982633d5-4358-44a7-abd7-a9ae5dc0ef0b,VAC-1073,CAND-10073,РЕКРУТЕР,Разместить вакансию,Task,Екатерина_3,2025-08-27 17:29:29.325256,2025-08-27 19:15:29.325256,6360,,
982633d5-4358-44a7-abd7-a9ae5dc0ef0b,VAC-1073,CAND-10073,РЕКРУТЕР,Собирать резюме,Task,Екатерина_6,2025-08-27 20:05:29.325256,2025-08-27 22:43:29.325256,9480,,
982633d5-4358-44a7-abd7-a9ae5dc0ef0b,VAC-1073,CAND-10073,РЕКРУТЕР,Скрининг,Task,Дмитрий_4,2025-08-27 22:54:29.325256,2025-08-27 23:37:29.325256,2580,rejected,не прошёл тест
982633d5-4358-44a7-abd7-a9ae5dc0ef0b,VAC-1073,CAND-10073,РЕКРУТЕР,Скрининг,Task,Дмитрий_4,2025-08-27 23:54:29.325256,2025-08-28 00:37:29.325256,2580,rejected,некорректное резюме
985ae255-3477-4a95-b876-b0c881e6f3b5,VAC-1038,CAND-10038,РУКОВОДИТЕЛЬ,Создать заявку,User Task,Иванов_6,2025-09-01 21:30:29.325256,2025-09-01 21:49:29.325256,1140,,
985ae255-3477-4a95-b876-b0c881e6f3b5,VAC-1038,CAND-10038,HR,Зарегистрировать в HCM,Service Task,Ольга_2,2025-09-01 22:44:29.325256,2025-09-01 23:02:29.325256,1080,,
985ae255-3477-4a95-b876-b0c881e6f3b5,VAC-1038,CAND-10038,РЕКРУТЕР,Разместить вакансию,Task,Екатерина_4,2025-09-01 23:51:29.325256,2025-09-02 00:36:29.325256,2700,,
985ae255-3477-4a95-b876-b0c881e6f3b5,VAC-1038,CAND-10038,РЕКРУТЕР,Собирать резюме,Task,Екатерина_9,2025-09-02 04:25:29.325256,2025-09-02 07:18:29.325256,10380,,
985ae255-3477-4a95-b876-b0c881e6f3b5,VAC-1038,CAND-10038,РЕКРУТЕР,Скрининг,Task,Екатерина_5,2025-09-02 07:26:29.325256,2025-09-02 08:48:29.325256,4920,passed,
985ae255-3477-4a95-b876-b0c881e6f3b5,VAC-1038,CAND-10038,ИНТЕРВЬЮЕРЫ,Назначить интервью,User Task,Сергей_6,2025-09-02 10:27:29.325256,2025-09-02 11:16:29.325256,2940,,
985ae255-3477-4a95-b876-b0c881e6f3b5,VAC-1038,CAND-10038,ИНТЕРВЬЮЕРЫ,Интервью (раунд 1),User Task,Анна_7,2025-09-02 11:47:29.325256,2025-09-02 13:03:29.325256,4560,rejected,недостаточно навыков
992b2f40-7c14-4e0e-a9fd-b9761834fda6,VAC-1085,CAND-10085,РУКОВОДИТЕЛЬ,Создать заявку,User Task,Кузнецов_6,2025-08-25 11:15:29.325256,2025-08-25 11:22:29.325256,420,,
992b2f40-7c14-4e0e-a9fd-b9761834fda6,VAC-1085,CAND-10085,HR,Зарегистрировать в HCM,Service Task,Наталья_3,2025-08-25 11:47:29.325256,2025-08-25 12:17:29.325256,1800,,
992b2f40-7c14-4e0e-a9fd-b9761834fda6,VAC-1085,CAND-10085,РЕКРУТЕР,Разместить вакансию,Task,Алексей_9,2025-08-25 13:17:29.325256,2025-08-25 15:16:29.325256,7140,,
992b2f40-7c14-4e0e-a9fd-b9761834fda6,VAC-1085,CAND-10085,РЕКРУТЕР,Собирать резюме,Task,Алексей_6,2025-08-25 21:01:29.325256,2025-08-25 23:18:29.325256,8220,,
992b2f40-7c14-4e0e-a9fd-b9761834fda6,VAC-1085,CAND-10085,РЕКРУТЕР,Скрининг,Task,Екатерина_6,2025-08-25 23:54:29.325256,2025-08-26 00:52:29.325256,3480,passed,
992b2f40-7c14-4e0e-a9fd-b9761834fda6,VAC-1085,CAND-10085,ИНТЕРВЬЮЕРЫ,Назначить интервью,User Task,Сергей_2,2025-08-26 01:41:29.325256,2025-08-26 02:22:29.325256,2460,,
992b2f40-7c14-4e0e-a9fd-b9761834fda6,VAC-1085,CAND-10085,ИНТЕРВЬЮЕРЫ,Интервью (раунд 1),User Task,Анна_1,2025-08-26 05:44:29.325256,2025-08-26 06:27:29.325256,2580,passed,
992b2f40-7c14-4e0e-a9fd-b9761834fda6,VAC-1085,CAND-10085,ИНТЕРВЬЮЕРЫ,Интервью (раунд 2),User Task,Сергей_5,2025-08-26 08:39:29.325256,2025-08-26 09:26:29.325256,2820,rejected,поведенческий
99da140b-4211-4997-9d01-9d928dc7f87f,VAC-1189,CAND-10189,РУКОВОДИТЕЛЬ,Создать заявку,User Task,Сидоров_5,2025-09-12 16:52:29.325256,2025-09-12 17:51:29.325256,3540,,
99da140b-4211-4997-9d01-9d928dc7f87f,VAC-1189,CAND-10189,HR,Зарегистрировать в HCM,Service Task,Марина_6,2025-09-12 18:35:29.325256,2025-09-12 18:58:29.325256,1380,,
99da140b-4211-4997-9d01-9d928dc7f87f,VAC-1189,CAND-10189,РЕКРУТЕР,Разместить вакансию,Task,Екатерина_6,2025-09-12 19:05:29.325256,2025-09-12 20:23:29.325256,4680,,
99da140b-4211-4997-9d01-9d928dc7f87f,VAC-1189,CAND-10189,РЕКРУТЕР,Собирать резюме,Task,Алексей_9,2025-09-12 21:46:29.325256,2025-09-12 22:19:29.325256,1980,,
99da140b-4211-4997-9d01-9d928dc7f87f,VAC-1189,CAND-10189,РЕКРУТЕР,Скрининг,Task,Дмитрий_7,2025-09-12 23:00:29.325256,2025-09-12 23:52:29.325256,3120,passed,
99da140b-4211-4997-9d01-9d928dc7f87f,VAC-1189,CAND-10189,ИНТЕРВЬЮЕРЫ,Назначить интервью,User Task,Андрей_3,2025-09-13 01:03:29.325256,2025-09-13 01:14:29.325256,660,,
99da140b-4211-4997-9d01-9d928dc7f87f,VAC-1189,CAND-10189,ИНТЕРВЬЮЕРЫ,Интервью (раунд 1),User Task,Анна_9,2025-09-13 02:40:29.325256,2025-09-13 03:58:29.325256,4680,rejected,культурный профиль
9a358eec-2579-4a9d-a9e5-ca5a7ca55b09,VAC-1059,CAND-10059,РУКОВОДИТЕЛЬ,Создать заявку,User Task,Сидоров_9,2025-08-26 20:35:29.325256,2025-08-26 20:52:29.325256,1020,,
9a358eec-2579-4a9d-a9e5-ca5a7ca55b09,VAC-1059,CAND-10059,HR,Зарегистрировать в HCM,Service Task,Ольга_9,2025-08-26 21:11:29.325256,2025-08-26 21:14:29.325256,180,,
9a358eec-2579-4a9d-a9e5-ca5a7ca55b09,VAC-1059,CAND-10059,РЕКРУТЕР,Разместить вакансию,Task,Екатерина_5,2025-08-26 21:43:29.325256,2025-08-26 23:30:29.325256,6420,,
9a358eec-2579-4a9d-a9e5-ca5a7ca55b09,VAC-1059,CAND-10059,РЕКРУТЕР,Собирать резюме,Task,Екатерина_2,2025-08-27 04:59:29.325256,2025-08-27 08:23:29.325256,12240,,
9a358eec-2579-4a9d-a9e5-ca5a7ca55b09,VAC-1059,CAND-10059,РЕКРУТЕР,Скрининг,Task,Дмитрий_6,2025-08-27 08:44:29.325256,2025-08-27 09:24:29.325256,2400,rejected,некорректное резюме
9a358eec-2579-4a9d-a9e5-ca5a7ca55b09,VAC-1059,CAND-10059,РЕКРУТЕР,Скрининг,Task,Дмитрий_6,2025-08-27 09:44:29.325256,2025-08-27 10:37:29.325256,3180,rejected,не соотв. опыту
9a64b1ff-d91b-40ad-8c80-55a60c6ae00e,VAC-1089,CAND-10089,РУКОВОДИТЕЛЬ,Создать заявку,User Task,Петров_6,2025-09-05 16:09:29.325256,2025-09-05 16:19:29.325256,600,,
9a64b1ff-d91b-40ad-8c80-55a60c6ae00e,VAC-1089,CAND-10089,HR,Зарегистрировать в HCM,Service Task,Наталья_5,2025-09-05 16:45:29.325256,2025-09-05 17:02:29.325256,1020,,
9a64b1ff-d91b-40ad-8c80-55a60c6ae00e,VAC-1089,CAND-10089,РЕКРУТЕР,Разместить вакансию,Task,Алексей_1,2025-09-05 17:19:29.325256,2025-09-05 19:13:29.325256,6840,,
9a64b1ff-d91b-40ad-8c80-55a60c6ae00e,VAC-1089,CAND-10089,РЕКРУТЕР,Собирать резюме,Task,Екатерина_9,2025-09-05 22:50:29.325256,2025-09-06 01:15:29.325256,8700,,
9a64b1ff-d91b-40ad-8c80-55a60c6ae00e,VAC-1089,CAND-10089,РЕКРУТЕР,Скрининг,Task,Дмитрий_2,2025-09-06 01:51:29.325256,2025-09-06 02:03:29.325256,720,rejected,не соотв. опыту
9b4ca94f-0e11-4fe8-8c77-44ee468c71e4,VAC-1023,CAND-10023,РУКОВОДИТЕЛЬ,Создать заявку,User Task,Кузнецов_2,2025-10-07 15:44:29.325256,2025-10-07 16:44:29.325256,3600,,
9b4ca94f-0e11-4fe8-8c77-44ee468c71e4,VAC-1023,CAND-10023,HR,Зарегистрировать в HCM,Service Task,Ольга_4,2025-10-07 17:28:29.325256,2025-10-07 17:36:29.325256,480,,
9b4ca94f-0e11-4fe8-8c77-44ee468c71e4,VAC-1023,CAND-10023,РЕКРУТЕР,Разместить вакансию,Task,Екатерина_4,2025-10-07 18:04:29.325256,2025-10-07 18:28:29.325256,1440,,
9b4ca94f-0e11-4fe8-8c77-44ee468c71e4,VAC-1023,CAND-10023,РЕКРУТЕР,Собирать резюме,Task,Дмитрий_3,2025-10-08 00:09:29.325256,2025-10-08 01:17:29.325256,4080,,
9b4ca94f-0e11-4fe8-8c77-44ee468c71e4,VAC-1023,CAND-10023,РЕКРУТЕР,Скрининг,Task,Алексей_5,2025-10-08 01:31:29.325256,2025-10-08 01:43:29.325256,720,passed,
9b4ca94f-0e11-4fe8-8c77-44ee468c71e4,VAC-1023,CAND-10023,ИНТЕРВЬЮЕРЫ,Назначить интервью,User Task,Сергей_2,2025-10-08 04:38:29.325256,2025-10-08 05:01:29.325256,1380,,
9b4ca94f-0e11-4fe8-8c77-44ee468c71e4,VAC-1023,CAND-10023,ИНТЕРВЬЮЕРЫ,Интервью (раунд 1),User Task,Сергей_9,2025-10-08 08:27:29.325256,2025-10-08 10:14:29.325256,6420,passed,
9b4ca94f-0e11-4fe8-8c77-44ee468c71e4,VAC-1023,CAND-10023,ИНТЕРВЬЮЕРЫ,Интервью (раунд 2),User Task,Анна_1,2025-10-08 13:02:29.325256,2025-10-08 15:38:29.325256,9360,passed,
9b4ca94f-0e11-4fe8-8c77-44ee468c71e4,VAC-1023,CAND-10023,ИНТЕРВЬЮЕРЫ,Финальное интервью,User Task,Андрей_2,2025-10-08 17:52:29.325256,2025-10-08 19:44:29.325256,6720,passed,
9b4ca94f-0e11-4fe8-8c77-44ee468c71e4,VAC-1023,CAND-10023,HR (ОФФЕР),Согласовать условия,User Task,HR_Manager_5,2025-10-08 20:23:29.325256,2025-10-08 23:45:29.325256,12120,,
9b4ca94f-0e11-4fe8-8c77-44ee468c71e4,VAC-1023,CAND-10023,HR (ОФФЕР),Сгенерировать оффер,Service Task,HR_Manager_8,2025-10-09 00:26:29.325256,2025-10-09 00:29:29.325256,180,,
9b4ca94f-0e11-4fe8-8c77-44ee468c71e4,VAC-1023,CAND-10023,HR (ОФФЕР),Отправить оффер,Send Task,HR_Manager_3,2025-10-09 00:46:29.325256,2025-10-09 00:54:29.325256,480,sent,
9b4ca94f-0e11-4fe8-8c77-44ee468c71e4,VAC-1023,CAND-10023,HR (ОФФЕР),Timer: ожидание ответа (7 дн),Timer,,2025-10-09 00:54:29.325256,2025-10-16 00:54:29.325256,604800,timer_elapsed,
9b4ca94f-0e11-4fe8-8c77-44ee468c71e4,VAC-1023,CAND-10023,SECURITY,Background Check,Call Activity,Служба_БД_6,2025-10-17 10:29:29.325256,2025-10-17 14:35:29.325256,14760,report_ready,
9b4ca94f-0e11-4fe8-8c77-44ee468c71e4,VAC-1023,CAND-10023,IT,Выдача оборудования,Task,IT_Specialist_3,2025-10-17 15:17:29.325256,2025-10-17 18:38:29.325256,12060,,
9b4ca94f-0e11-4fe8-8c77-44ee468c71e4,VAC-1023,CAND-10023,IT,Создать доступы,Task,IT_Specialist_5,2025-10-17 19:25:29.325256,2025-10-17 21:20:29.325256,6900,,
9b4ca94f-0e11-4fe8-8c77-44ee468c71e4,VAC-1023,CAND-10023,IT,HR/Training: Вводное обучение,Service Task,Марина_1,2025-10-20 04:01:29.325256,2025-10-20 11:57:29.325256,28560,,
9b4ca94f-0e11-4fe8-8c77-44ee468c71e4,VAC-1023,CAND-10023,IT,Назначить ментора,Task,Ольга_5,2025-10-20 13:58:29.325256,2025-10-20 14:19:29.325256,1260,,
9b4ca94f-0e11-4fe8-8c77-44ee468c71e4,VAC-1023,CAND-10023,IT,Message: уведомить всех,Message,system,2025-10-20 14:40:29.325256,2025-10-20 14:44:29.325256,240,notified,
9b4ca94f-0e11-4fe8-8c77-44ee468c71e4,VAC-1023,CAND-10023,HR (финал),Обновить статус в HCM,Service Task,Марина_1,2025-10-20 16:23:29.325256,2025-10-20 16:49:29.325256,1560,,
9b4ca94f-0e11-4fe8-8c77-44ee468c71e4,VAC-1023,CAND-10023,HR (финал),Payroll / учет,Service Task,Марина_8,2025-10-20 17:32:29.325256,2025-10-20 18:28:29.325256,3360,,
9b4ca94f-0e11-4fe8-8c77-44ee468c71e4,VAC-1023,CAND-10023,HR (финал),Закрыть вакансию на порталах,Service Task,Наталья_9,2025-10-20 18:55:29.325256,2025-10-20 18:59:29.325256,240,,
9b4ca94f-0e11-4fe8-8c77-44ee468c71e4,VAC-1023,CAND-10023,HR (финал),Hire Completed,End Event,system,2025-10-20 19:23:29.325256,2025-10-20 19:23:29.325256,0,hired,
9b7c1192-b8ee-4bb8-b18c-b2bb4e147b6c,VAC-1182,CAND-10182,РУКОВОДИТЕЛЬ,Создать заявку,User Task,Сидоров_4,2025-10-19 15:10:29.325256,2025-10-19 16:05:29.325256,3300,,
9b7c1192-b8ee-4bb8-b18c-b2bb4e147b6c,VAC-1182,CAND-10182,HR,Зарегистрировать в HCM,Service Task,Ольга_1,2025-10-19 16:36:29.325256,2025-10-19 16:48:29.325256,720,,
9b7c1192-b8ee-4bb8-b18c-b2bb4e147b6c,VAC-1182,CAND-10182,РЕКРУТЕР,Разместить вакансию,Task,Дмитрий_8,2025-10-19 16:58:29.325256,2025-10-19 17:53:29.325256,3300,,
9b7c1192-b8ee-4bb8-b18c-b2bb4e147b6c,VAC-1182,CAND-10182,РЕКРУТЕР,Собирать резюме,Task,Алексей_9,2025-10-19 19:28:29.325256,2025-10-19 22:36:29.325256,11280,,
9b7c1192-b8ee-4bb8-b18c-b2bb4e147b6c,VAC-1182,CAND-10182,РЕКРУТЕР,Скрининг,Task,Алексей_3,2025-10-19 23:17:29.325256,2025-10-19 23:45:29.325256,1680,passed,
9b7c1192-b8ee-4bb8-b18c-b2bb4e147b6c,VAC-1182,CAND-10182,ИНТЕРВЬЮЕРЫ,Назначить интервью,User Task,Сергей_3,2025-10-20 00:44:29.325256,2025-10-20 00:51:29.325256,420,,
9b7c1192-b8ee-4bb8-b18c-b2bb4e147b6c,VAC-1182,CAND-10182,ИНТЕРВЬЮЕРЫ,Интервью (раунд 1),User Task,Анна_1,2025-10-20 02:27:29.325256,2025-10-20 04:31:29.325256,7440,passed,
9b7c1192-b8ee-4bb8-b18c-b2bb4e147b6c,VAC-1182,CAND-10182,ИНТЕРВЬЮЕРЫ,Интервью (раунд 2),User Task,Андрей_6,2025-10-20 07:51:29.325256,2025-10-20 09:42:29.325256,6660,rejected,поведенческий
9d13eb7a-7dec-4d06-94c7-cd8105fa6987,VAC-1128,CAND-10128,РУКОВОДИТЕЛЬ,Создать заявку,User Task,Петров_3,2025-08-25 20:32:29.325256,2025-08-25 21:10:29.325256,2280,,
9d13eb7a-7dec-4d06-94c7-cd8105fa6987,VAC-1128,CAND-10128,HR,Зарегистрировать в HCM,Service Task,Ольга_4,2025-08-25 21:54:29.325256,2025-08-25 21:56:29.325256,120,,
9d13eb7a-7dec-4d06-94c7-cd8105fa6987,VAC-1128,CAND-10128,РЕКРУТЕР,Разместить вакансию,Task,Алексей_2,2025-08-25 22:38:29.325256,2025-08-25 22:48:29.325256,600,,
9d13eb7a-7dec-4d06-94c7-cd8105fa6987,VAC-1128,CAND-10128,РЕКРУТЕР,Собирать резюме,Task,Дмитрий_6,2025-08-26 01:19:29.325256,2025-08-26 05:08:29.325256,13740,,
9d13eb7a-7dec-4d06-94c7-cd8105fa6987,VAC-1128,CAND-10128,РЕКРУТЕР,Скрининг,Task,Дмитрий_4,2025-08-26 06:38:29.325256,2025-08-26 07:33:29.325256,3300,passed,
9d13eb7a-7dec-4d06-94c7-cd8105fa6987,VAC-1128,CAND-10128,ИНТЕРВЬЮЕРЫ,Назначить интервью,User Task,Андрей_2,2025-08-26 11:11:29.325256,2025-08-26 12:01:29.325256,3000,,
9d13eb7a-7dec-4d06-94c7-cd8105fa6987,VAC-1128,CAND-10128,ИНТЕРВЬЮЕРЫ,Интервью (раунд 1),User Task,Сергей_6,2025-08-26 13:43:29.325256,2025-08-26 16:36:29.325256,10380,rejected,поведенческий
9d752673-8cf1-488c-870c-a81d82d1e08f,VAC-1144,CAND-10144,РУКОВОДИТЕЛЬ,Создать заявку,User Task,Сидоров_1,2025-10-06 20:52:29.325256,2025-10-06 21:03:29.325256,660,,
9d752673-8cf1-488c-870c-a81d82d1e08f,VAC-1144,CAND-10144,HR,Зарегистрировать в HCM,Service Task,Марина_7,2025-10-06 21:50:29.325256,2025-10-06 22:16:29.325256,1560,,
9d752673-8cf1-488c-870c-a81d82d1e08f,VAC-1144,CAND-10144,РЕКРУТЕР,Разместить вакансию,Task,Алексей_6,2025-10-06 22:22:29.325256,2025-10-07 00:11:29.325256,6540,,
9d752673-8cf1-488c-870c-a81d82d1e08f,VAC-1144,CAND-10144,РЕКРУТЕР,Собирать резюме,Task,Дмитрий_7,2025-10-07 03:19:29.325256,2025-10-07 07:18:29.325256,14340,,
9d752673-8cf1-488c-870c-a81d82d1e08f,VAC-1144,CAND-10144,РЕКРУТЕР,Скрининг,Task,Алексей_1,2025-10-07 09:14:29.325256,2025-10-07 09:43:29.325256,1740,rejected,не соотв. опыту
9d752673-8cf1-488c-870c-a81d82d1e08f,VAC-1144,CAND-10144,РЕКРУТЕР,Скрининг,Task,Алексей_1,2025-10-07 10:14:29.325256,2025-10-07 10:38:29.325256,1440,rejected,не прошёл тест
9d752673-8cf1-488c-870c-a81d82d1e08f,VAC-1144,CAND-10144,РЕКРУТЕР,Скрининг,Task,Алексей_1,2025-10-07 11:14:29.325256,2025-10-07 11:21:29.325256,420,rejected,некорректное резюме
9dd8d079-fdd1-45ad-9742-e7f40719687a,VAC-1198,CAND-10198,РУКОВОДИТЕЛЬ,Создать заявку,User Task,Кузнецов_8,2025-09-16 18:20:29.325256,2025-09-16 19:19:29.325256,3540,,
9dd8d079-fdd1-45ad-9742-e7f40719687a,VAC-1198,CAND-10198,HR,Зарегистрировать в HCM,Service Task,Наталья_3,2025-09-16 19:49:29.325256,2025-09-16 19:51:29.325256,120,,
9dd8d079-fdd1-45ad-9742-e7f40719687a,VAC-1198,CAND-10198,РЕКРУТЕР,Разместить вакансию,Task,Дмитрий_3,2025-09-16 20:27:29.325256,2025-09-16 22:01:29.325256,5640,,
9dd8d079-fdd1-45ad-9742-e7f40719687a,VAC-1198,CAND-10198,РЕКРУТЕР,Собирать резюме,Task,Алексей_5,2025-09-17 02:22:29.325256,2025-09-17 04:42:29.325256,8400,,
9dd8d079-fdd1-45ad-9742-e7f40719687a,VAC-1198,CAND-10198,РЕКРУТЕР,Скрининг,Task,Дмитрий_2,2025-09-17 06:18:29.325256,2025-09-17 07:12:29.325256,3240,passed,
9dd8d079-fdd1-45ad-9742-e7f40719687a,VAC-1198,CAND-10198,ИНТЕРВЬЮЕРЫ,Назначить интервью,User Task,Анна_9,2025-09-17 09:47:29.325256,2025-09-17 10:34:29.325256,2820,,
9dd8d079-fdd1-45ad-9742-e7f40719687a,VAC-1198,CAND-10198,ИНТЕРВЬЮЕРЫ,Интервью (раунд 1),User Task,Андрей_9,2025-09-17 13:04:29.325256,2025-09-17 15:35:29.325256,9060,passed,
9dd8d079-fdd1-45ad-9742-e7f40719687a,VAC-1198,CAND-10198,ИНТЕРВЬЮЕРЫ,Интервью (раунд 2),User Task,Анна_7,2025-09-17 16:19:29.325256,2025-09-17 18:29:29.325256,7800,passed,
9dd8d079-fdd1-45ad-9742-e7f40719687a,VAC-1198,CAND-10198,ИНТЕРВЬЮЕРЫ,Интервью (раунд 3),User Task,Сергей_6,2025-09-17 21:36:29.325256,2025-09-17 23:36:29.325256,7200,rejected,недостаточно навыков
9e4dc303-a9cc-4bc4-9a82-e899dc0f9774,VAC-1116,CAND-10116,РУКОВОДИТЕЛЬ,Создать заявку,User Task,Петров_5,2025-09-30 14:49:29.325256,2025-09-30 15:40:29.325256,3060,,
9e4dc303-a9cc-4bc4-9a82-e899dc0f9774,VAC-1116,CAND-10116,HR,Зарегистрировать в HCM,Service Task,Марина_2,2025-09-30 16:09:29.325256,2025-09-30 16:15:29.325256,360,,
9e4dc303-a9cc-4bc4-9a82-e899dc0f9774,VAC-1116,CAND-10116,РЕКРУТЕР,Разместить вакансию,Task,Екатерина_9,2025-09-30 16:27:29.325256,2025-09-30 16:59:29.325256,1920,,
9e4dc303-a9cc-4bc4-9a82-e899dc0f9774,VAC-1116,CAND-10116,РЕКРУТЕР,Собирать резюме,Task,Алексей_7,2025-09-30 18:10:29.325256,2025-09-30 20:16:29.325256,7560,,
9e4dc303-a9cc-4bc4-9a82-e899dc0f9774,VAC-1116,CAND-10116,РЕКРУТЕР,Скрининг,Task,Дмитрий_3,2025-09-30 20:56:29.325256,2025-09-30 22:12:29.325256,4560,passed,
9e4dc303-a9cc-4bc4-9a82-e899dc0f9774,VAC-1116,CAND-10116,ИНТЕРВЬЮЕРЫ,Назначить интервью,User Task,Сергей_8,2025-09-30 23:47:29.325256,2025-09-30 23:52:29.325256,300,,
9e4dc303-a9cc-4bc4-9a82-e899dc0f9774,VAC-1116,CAND-10116,ИНТЕРВЬЮЕРЫ,Интервью (раунд 1),User Task,Сергей_1,2025-10-01 01:01:29.325256,2025-10-01 01:41:29.325256,2400,passed,
9e4dc303-a9cc-4bc4-9a82-e899dc0f9774,VAC-1116,CAND-10116,ИНТЕРВЬЮЕРЫ,Интервью (раунд 2),User Task,Анна_9,2025-10-01 05:29:29.325256,2025-10-01 07:16:29.325256,6420,passed,
9e4dc303-a9cc-4bc4-9a82-e899dc0f9774,VAC-1116,CAND-10116,ИНТЕРВЬЮЕРЫ,Интервью (раунд 3),User Task,Сергей_9,2025-10-01 09:17:29.325256,2025-10-01 10:05:29.325256,2880,rejected,недостаточно навыков
a1067d7a-4a29-48e7-9ed0-e7fce81cc80d,VAC-1134,CAND-10134,РУКОВОДИТЕЛЬ,Создать заявку,User Task,Петров_6,2025-09-21 21:09:29.325256,2025-09-21 22:09:29.325256,3600,,
a1067d7a-4a29-48e7-9ed0-e7fce81cc80d,VAC-1134,CAND-10134,HR,Зарегистрировать в HCM,Service Task,Марина_7,2025-09-21 22:36:29.325256,2025-09-21 22:57:29.325256,1260,,
a1067d7a-4a29-48e7-9ed0-e7fce81cc80d,VAC-1134,CAND-10134,РЕКРУТЕР,Разместить вакансию,Task,Алексей_3,2025-09-21 23:52:29.325256,2025-09-22 00:11:29.325256,1140,,
a1067d7a-4a29-48e7-9ed0-e7fce81cc80d,VAC-1134,CAND-10134,РЕКРУТЕР,Собирать резюме,Task,Дмитрий_6,2025-09-22 03:16:29.325256,2025-09-22 04:44:29.325256,5280,,
a1067d7a-4a29-48e7-9ed0-e7fce81cc80d,VAC-1134,CAND-10134,РЕКРУТЕР,Скрининг,Task,Екатерина_5,2025-09-22 06:12:29.325256,2025-09-22 06:34:29.325256,1320,rejected,некорректное резюме
a1067d7a-4a29-48e7-9ed0-e7fce81cc80d,VAC-1134,CAND-10134,РЕКРУТЕР,Скрининг,Task,Екатерина_5,2025-09-22 07:12:29.325256,2025-09-22 08:06:29.325256,3240,rejected,некорректное резюме
a188f815-de93-4472-8564-f165986eb85f,VAC-1090,CAND-10090,РУКОВОДИТЕЛЬ,Создать заявку,User Task,Кузнецов_6,2025-08-26 14:08:29.325256,2025-08-26 14:25:29.325256,1020,,
a188f815-de93-4472-8564-f165986eb85f,VAC-1090,CAND-10090,HR,Зарегистрировать в HCM,Service Task,Марина_2,2025-08-26 15:09:29.325256,2025-08-26 15:30:29.325256,1260,,
a188f815-de93-4472-8564-f165986eb85f,VAC-1090,CAND-10090,РЕКРУТЕР,Разместить вакансию,Task,Дмитрий_2,2025-08-26 16:08:29.325256,2025-08-26 17:33:29.325256,5100,,
a188f815-de93-4472-8564-f165986eb85f,VAC-1090,CAND-10090,РЕКРУТЕР,Собирать резюме,Task,Алексей_8,2025-08-26 17:54:29.325256,2025-08-26 18:40:29.325256,2760,,
a188f815-de93-4472-8564-f165986eb85f,VAC-1090,CAND-10090,РЕКРУТЕР,Скрининг,Task,Алексей_6,2025-08-26 20:28:29.325256,2025-08-26 20:49:29.325256,1260,passed,
a188f815-de93-4472-8564-f165986eb85f,VAC-1090,CAND-10090,ИНТЕРВЬЮЕРЫ,Назначить интервью,User Task,Андрей_7,2025-08-26 23:17:29.325256,2025-08-26 23:25:29.325256,480,,
a188f815-de93-4472-8564-f165986eb85f,VAC-1090,CAND-10090,ИНТЕРВЬЮЕРЫ,Интервью (раунд 1),User Task,Анна_7,2025-08-27 01:36:29.325256,2025-08-27 04:13:29.325256,9420,passed,
a188f815-de93-4472-8564-f165986eb85f,VAC-1090,CAND-10090,ИНТЕРВЬЮЕРЫ,Интервью (раунд 2),User Task,Андрей_5,2025-08-27 05:27:29.325256,2025-08-27 07:27:29.325256,7200,passed,
a188f815-de93-4472-8564-f165986eb85f,VAC-1090,CAND-10090,ИНТЕРВЬЮЕРЫ,Интервью (раунд 3),User Task,Андрей_4,2025-08-27 09:08:29.325256,2025-08-27 11:32:29.325256,8640,rejected,культурный профиль
a485cf92-10a6-46a0-9a66-b6421b75a8d0,VAC-1015,CAND-10015,РУКОВОДИТЕЛЬ,Создать заявку,User Task,Кузнецов_8,2025-10-15 19:28:29.325256,2025-10-15 19:43:29.325256,900,,
a485cf92-10a6-46a0-9a66-b6421b75a8d0,VAC-1015,CAND-10015,HR,Зарегистрировать в HCM,Service Task,Наталья_5,2025-10-15 20:00:29.325256,2025-10-15 20:25:29.325256,1500,,
a485cf92-10a6-46a0-9a66-b6421b75a8d0,VAC-1015,CAND-10015,РЕКРУТЕР,Разместить вакансию,Task,Екатерина_8,2025-10-15 21:15:29.325256,2025-10-15 23:04:29.325256,6540,,
a485cf92-10a6-46a0-9a66-b6421b75a8d0,VAC-1015,CAND-10015,РЕКРУТЕР,Собирать резюме,Task,Дмитрий_8,2025-10-16 04:34:29.325256,2025-10-16 06:05:29.325256,5460,,
a485cf92-10a6-46a0-9a66-b6421b75a8d0,VAC-1015,CAND-10015,РЕКРУТЕР,Скрининг,Task,Дмитрий_4,2025-10-16 06:19:29.325256,2025-10-16 07:55:29.325256,5760,passed,
a485cf92-10a6-46a0-9a66-b6421b75a8d0,VAC-1015,CAND-10015,ИНТЕРВЬЮЕРЫ,Назначить интервью,User Task,Андрей_3,2025-10-16 09:46:29.325256,2025-10-16 10:25:29.325256,2340,,
a485cf92-10a6-46a0-9a66-b6421b75a8d0,VAC-1015,CAND-10015,ИНТЕРВЬЮЕРЫ,Интервью (раунд 1),User Task,Анна_4,2025-10-16 11:54:29.325256,2025-10-16 14:02:29.325256,7680,passed,
a485cf92-10a6-46a0-9a66-b6421b75a8d0,VAC-1015,CAND-10015,ИНТЕРВЬЮЕРЫ,Финальное интервью,User Task,Анна_8,2025-10-16 14:42:29.325256,2025-10-16 16:58:29.325256,8160,passed,
a485cf92-10a6-46a0-9a66-b6421b75a8d0,VAC-1015,CAND-10015,HR (ОФФЕР),Согласовать условия,User Task,HR_Manager_7,2025-10-16 18:01:29.325256,2025-10-16 18:46:29.325256,2700,,
a485cf92-10a6-46a0-9a66-b6421b75a8d0,VAC-1015,CAND-10015,HR (ОФФЕР),Сгенерировать оффер,Service Task,HR_Manager_7,2025-10-16 19:15:29.325256,2025-10-16 19:45:29.325256,1800,,
a485cf92-10a6-46a0-9a66-b6421b75a8d0,VAC-1015,CAND-10015,HR (ОФФЕР),Отправить оффер,Send Task,HR_Manager_5,2025-10-16 20:01:29.325256,2025-10-16 20:02:29.325256,60,sent,
a485cf92-10a6-46a0-9a66-b6421b75a8d0,VAC-1015,CAND-10015,HR (ОФФЕР),Timer: ожидание ответа (7 дн),Timer,,2025-10-16 20:02:29.325256,2025-10-23 20:02:29.325256,604800,timer_elapsed,
a485cf92-10a6-46a0-9a66-b6421b75a8d0,VAC-1015,CAND-10015,HR (ОФФЕР),Переговоры / отказ,Task,HR_Manager_8,2025-10-25 00:39:29.325256,2025-10-25 03:01:29.325256,8520,rejected,
a4b62508-801a-4cea-8700-920688d58c34,VAC-1077,CAND-10077,РУКОВОДИТЕЛЬ,Создать заявку,User Task,Иванов_3,2025-10-05 15:58:29.325256,2025-10-05 16:42:29.325256,2640,,
a4b62508-801a-4cea-8700-920688d58c34,VAC-1077,CAND-10077,HR,Зарегистрировать в HCM,Service Task,Наталья_5,2025-10-05 17:03:29.325256,2025-10-05 17:07:29.325256,240,,
a4b62508-801a-4cea-8700-920688d58c34,VAC-1077,CAND-10077,РЕКРУТЕР,Разместить вакансию,Task,Дмитрий_3,2025-10-05 17:15:29.325256,2025-10-05 17:48:29.325256,1980,,
a4b62508-801a-4cea-8700-920688d58c34,VAC-1077,CAND-10077,РЕКРУТЕР,Собирать резюме,Task,Дмитрий_3,2025-10-05 22:19:29.325256,2025-10-06 00:28:29.325256,7740,,
a4b62508-801a-4cea-8700-920688d58c34,VAC-1077,CAND-10077,РЕКРУТЕР,Скрининг,Task,Дмитрий_3,2025-10-06 01:46:29.325256,2025-10-06 02:40:29.325256,3240,passed,
a4b62508-801a-4cea-8700-920688d58c34,VAC-1077,CAND-10077,ИНТЕРВЬЮЕРЫ,Назначить интервью,User Task,Анна_3,2025-10-06 05:27:29.325256,2025-10-06 06:16:29.325256,2940,,
a4b62508-801a-4cea-8700-920688d58c34,VAC-1077,CAND-10077,ИНТЕРВЬЮЕРЫ,Интервью (раунд 1),User Task,Андрей_6,2025-10-06 07:28:29.325256,2025-10-06 10:03:29.325256,9300,passed,
a4b62508-801a-4cea-8700-920688d58c34,VAC-1077,CAND-10077,ИНТЕРВЬЮЕРЫ,Интервью (раунд 2),User Task,Андрей_8,2025-10-06 12:28:29.325256,2025-10-06 13:11:29.325256,2580,rejected,недостаточно навыков
a5522610-c69a-45f3-893c-e5f19c21023a,VAC-1104,CAND-10104,РУКОВОДИТЕЛЬ,Создать заявку,User Task,Кузнецов_5,2025-10-19 17:54:29.325256,2025-10-19 18:21:29.325256,1620,,
a5522610-c69a-45f3-893c-e5f19c21023a,VAC-1104,CAND-10104,HR,Зарегистрировать в HCM,Service Task,Ольга_9,2025-10-19 18:35:29.325256,2025-10-19 18:50:29.325256,900,,
a5522610-c69a-45f3-893c-e5f19c21023a,VAC-1104,CAND-10104,РЕКРУТЕР,Разместить вакансию,Task,Дмитрий_2,2025-10-19 19:43:29.325256,2025-10-19 21:12:29.325256,5340,,
a5522610-c69a-45f3-893c-e5f19c21023a,VAC-1104,CAND-10104,РЕКРУТЕР,Собирать резюме,Task,Екатерина_6,2025-10-19 21:25:29.325256,2025-10-20 00:05:29.325256,9600,,
a5522610-c69a-45f3-893c-e5f19c21023a,VAC-1104,CAND-10104,РЕКРУТЕР,Скрининг,Task,Екатерина_5,2025-10-20 01:21:29.325256,2025-10-20 02:48:29.325256,5220,passed,
a5522610-c69a-45f3-893c-e5f19c21023a,VAC-1104,CAND-10104,ИНТЕРВЬЮЕРЫ,Назначить интервью,User Task,Андрей_6,2025-10-20 03:45:29.325256,2025-10-20 04:20:29.325256,2100,,
a5522610-c69a-45f3-893c-e5f19c21023a,VAC-1104,CAND-10104,ИНТЕРВЬЮЕРЫ,Интервью (раунд 1),User Task,Сергей_5,2025-10-20 07:33:29.325256,2025-10-20 09:26:29.325256,6780,rejected,недостаточно навыков
a694a061-ba38-4ff5-ab67-7aefb1feb650,VAC-1065,CAND-10065,РУКОВОДИТЕЛЬ,Создать заявку,User Task,Кузнецов_5,2025-09-18 18:36:29.325256,2025-09-18 18:44:29.325256,480,,
a694a061-ba38-4ff5-ab67-7aefb1feb650,VAC-1065,CAND-10065,HR,Зарегистрировать в HCM,Service Task,Ольга_5,2025-09-18 19:31:29.325256,2025-09-18 19:32:29.325256,60,,
a694a061-ba38-4ff5-ab67-7aefb1feb650,VAC-1065,CAND-10065,РЕКРУТЕР,Разместить вакансию,Task,Екатерина_4,2025-09-18 20:25:29.325256,2025-09-18 20:35:29.325256,600,,
a694a061-ba38-4ff5-ab67-7aefb1feb650,VAC-1065,CAND-10065,РЕКРУТЕР,Собирать резюме,Task,Алексей_7,2025-09-19 01:41:29.325256,2025-09-19 02:29:29.325256,2880,,
a694a061-ba38-4ff5-ab67-7aefb1feb650,VAC-1065,CAND-10065,РЕКРУТЕР,Скрининг,Task,Алексей_9,2025-09-19 03:18:29.325256,2025-09-19 03:53:29.325256,2100,rejected,не соотв. опыту
a8dd9232-046a-4441-98db-8929203a4bd6,VAC-1042,CAND-10042,РУКОВОДИТЕЛЬ,Создать заявку,User Task,Иванов_7,2025-09-07 17:37:29.325256,2025-09-07 18:07:29.325256,1800,,
a8dd9232-046a-4441-98db-8929203a4bd6,VAC-1042,CAND-10042,HR,Зарегистрировать в HCM,Service Task,Марина_6,2025-09-07 19:03:29.325256,2025-09-07 19:13:29.325256,600,,
a8dd9232-046a-4441-98db-8929203a4bd6,VAC-1042,CAND-10042,РЕКРУТЕР,Разместить вакансию,Task,Алексей_2,2025-09-07 19:28:29.325256,2025-09-07 20:20:29.325256,3120,,
a8dd9232-046a-4441-98db-8929203a4bd6,VAC-1042,CAND-10042,РЕКРУТЕР,Собирать резюме,Task,Алексей_9,2025-09-08 00:51:29.325256,2025-09-08 04:03:29.325256,11520,,
a8dd9232-046a-4441-98db-8929203a4bd6,VAC-1042,CAND-10042,РЕКРУТЕР,Скрининг,Task,Дмитрий_6,2025-09-08 05:13:29.325256,2025-09-08 06:10:29.325256,3420,rejected,не соотв. опыту
a8dd9232-046a-4441-98db-8929203a4bd6,VAC-1042,CAND-10042,РЕКРУТЕР,Скрининг,Task,Дмитрий_6,2025-09-08 06:13:29.325256,2025-09-08 06:33:29.325256,1200,rejected,не соотв. опыту
a8dd9232-046a-4441-98db-8929203a4bd6,VAC-1042,CAND-10042,РЕКРУТЕР,Скрининг,Task,Дмитрий_6,2025-09-08 07:13:29.325256,2025-09-08 07:27:29.325256,840,rejected,некорректное резюме
a95076fe-4338-4875-9096-f93296c2a05c,VAC-1114,CAND-10114,РУКОВОДИТЕЛЬ,Создать заявку,User Task,Сидоров_2,2025-10-03 13:32:29.325256,2025-10-03 14:11:29.325256,2340,,
a95076fe-4338-4875-9096-f93296c2a05c,VAC-1114,CAND-10114,HR,Зарегистрировать в HCM,Service Task,Марина_8,2025-10-03 15:00:29.325256,2025-10-03 15:12:29.325256,720,,
a95076fe-4338-4875-9096-f93296c2a05c,VAC-1114,CAND-10114,РЕКРУТЕР,Разместить вакансию,Task,Екатерина_7,2025-10-03 15:50:29.325256,2025-10-03 17:13:29.325256,4980,,
a95076fe-4338-4875-9096-f93296c2a05c,VAC-1114,CAND-10114,РЕКРУТЕР,Собирать резюме,Task,Екатерина_5,2025-10-03 23:08:29.325256,2025-10-04 02:49:29.325256,13260,,
a95076fe-4338-4875-9096-f93296c2a05c,VAC-1114,CAND-10114,РЕКРУТЕР,Скрининг,Task,Дмитрий_1,2025-10-04 04:46:29.325256,2025-10-04 06:39:29.325256,6780,passed,
a95076fe-4338-4875-9096-f93296c2a05c,VAC-1114,CAND-10114,ИНТЕРВЬЮЕРЫ,Назначить интервью,User Task,Андрей_1,2025-10-04 07:15:29.325256,2025-10-04 07:44:29.325256,1740,,
a95076fe-4338-4875-9096-f93296c2a05c,VAC-1114,CAND-10114,ИНТЕРВЬЮЕРЫ,Интервью (раунд 1),User Task,Андрей_5,2025-10-04 08:28:29.325256,2025-10-04 09:49:29.325256,4860,passed,
a95076fe-4338-4875-9096-f93296c2a05c,VAC-1114,CAND-10114,ИНТЕРВЬЮЕРЫ,Интервью (раунд 2),User Task,Андрей_5,2025-10-04 13:13:29.325256,2025-10-04 14:47:29.325256,5640,passed,
a95076fe-4338-4875-9096-f93296c2a05c,VAC-1114,CAND-10114,ИНТЕРВЬЮЕРЫ,Интервью (раунд 3),User Task,Сергей_2,2025-10-04 16:09:29.325256,2025-10-04 18:57:29.325256,10080,passed,
a95076fe-4338-4875-9096-f93296c2a05c,VAC-1114,CAND-10114,ИНТЕРВЬЮЕРЫ,Финальное интервью,User Task,Анна_9,2025-10-04 21:58:29.325256,2025-10-05 00:51:29.325256,10380,rejected,финал не пройден
a999c6d7-9c1c-49f5-97ac-1aaa258e439e,VAC-1040,CAND-10040,РУКОВОДИТЕЛЬ,Создать заявку,User Task,Петров_9,2025-09-30 18:26:29.325256,2025-09-30 18:48:29.325256,1320,,
a999c6d7-9c1c-49f5-97ac-1aaa258e439e,VAC-1040,CAND-10040,HR,Зарегистрировать в HCM,Service Task,Ольга_2,2025-09-30 18:56:29.325256,2025-09-30 19:08:29.325256,720,,
a999c6d7-9c1c-49f5-97ac-1aaa258e439e,VAC-1040,CAND-10040,РЕКРУТЕР,Разместить вакансию,Task,Екатерина_8,2025-09-30 19:27:29.325256,2025-09-30 21:03:29.325256,5760,,
a999c6d7-9c1c-49f5-97ac-1aaa258e439e,VAC-1040,CAND-10040,РЕКРУТЕР,Собирать резюме,Task,Дмитрий_1,2025-10-01 01:42:29.325256,2025-10-01 05:02:29.325256,12000,,
a999c6d7-9c1c-49f5-97ac-1aaa258e439e,VAC-1040,CAND-10040,РЕКРУТЕР,Скрининг,Task,Екатерина_1,2025-10-01 05:35:29.325256,2025-10-01 06:30:29.325256,3300,passed,
a999c6d7-9c1c-49f5-97ac-1aaa258e439e,VAC-1040,CAND-10040,ИНТЕРВЬЮЕРЫ,Назначить интервью,User Task,Андрей_5,2025-10-01 08:17:29.325256,2025-10-01 08:35:29.325256,1080,,
a999c6d7-9c1c-49f5-97ac-1aaa258e439e,VAC-1040,CAND-10040,ИНТЕРВЬЮЕРЫ,Интервью (раунд 1),User Task,Анна_7,2025-10-01 10:28:29.325256,2025-10-01 11:28:29.325256,3600,passed,
a999c6d7-9c1c-49f5-97ac-1aaa258e439e,VAC-1040,CAND-10040,ИНТЕРВЬЮЕРЫ,Интервью (раунд 2),User Task,Анна_4,2025-10-01 12:42:29.325256,2025-10-01 13:45:29.325256,3780,passed,
a999c6d7-9c1c-49f5-97ac-1aaa258e439e,VAC-1040,CAND-10040,ИНТЕРВЬЮЕРЫ,Финальное интервью,User Task,Сергей_2,2025-10-01 16:17:29.325256,2025-10-01 19:10:29.325256,10380,rejected,финал не пройден
aa77b9fa-211f-4af7-a5db-65b2d539af5c,VAC-1152,CAND-10152,РУКОВОДИТЕЛЬ,Создать заявку,User Task,Сидоров_8,2025-09-25 21:03:29.325256,2025-09-25 21:20:29.325256,1020,,
aa77b9fa-211f-4af7-a5db-65b2d539af5c,VAC-1152,CAND-10152,HR,Зарегистрировать в HCM,Service Task,Ольга_5,2025-09-25 21:46:29.325256,2025-09-25 22:15:29.325256,1740,,
aa77b9fa-211f-4af7-a5db-65b2d539af5c,VAC-1152,CAND-10152,РЕКРУТЕР,Разместить вакансию,Task,Дмитрий_5,2025-09-25 22:45:29.325256,2025-09-25 23:16:29.325256,1860,,
aa77b9fa-211f-4af7-a5db-65b2d539af5c,VAC-1152,CAND-10152,РЕКРУТЕР,Собирать резюме,Task,Екатерина_9,2025-09-26 04:39:29.325256,2025-09-26 05:22:29.325256,2580,,
aa77b9fa-211f-4af7-a5db-65b2d539af5c,VAC-1152,CAND-10152,РЕКРУТЕР,Скрининг,Task,Дмитрий_8,2025-09-26 07:22:29.325256,2025-09-26 07:45:29.325256,1380,passed,
aa77b9fa-211f-4af7-a5db-65b2d539af5c,VAC-1152,CAND-10152,ИНТЕРВЬЮЕРЫ,Назначить интервью,User Task,Андрей_9,2025-09-26 10:23:29.325256,2025-09-26 10:35:29.325256,720,,
aa77b9fa-211f-4af7-a5db-65b2d539af5c,VAC-1152,CAND-10152,ИНТЕРВЬЮЕРЫ,Интервью (раунд 1),User Task,Андрей_3,2025-09-26 12:45:29.325256,2025-09-26 15:00:29.325256,8100,passed,
aa77b9fa-211f-4af7-a5db-65b2d539af5c,VAC-1152,CAND-10152,ИНТЕРВЬЮЕРЫ,Финальное интервью,User Task,Андрей_5,2025-09-26 17:20:29.325256,2025-09-26 18:41:29.325256,4860,rejected,финал не пройден
aae013d2-c1c7-437e-8f5f-4a3b80eed9a0,VAC-1102,CAND-10102,РУКОВОДИТЕЛЬ,Создать заявку,User Task,Кузнецов_3,2025-08-27 15:45:29.325256,2025-08-27 16:22:29.325256,2220,,
aae013d2-c1c7-437e-8f5f-4a3b80eed9a0,VAC-1102,CAND-10102,HR,Зарегистрировать в HCM,Service Task,Марина_1,2025-08-27 17:12:29.325256,2025-08-27 17:40:29.325256,1680,,
aae013d2-c1c7-437e-8f5f-4a3b80eed9a0,VAC-1102,CAND-10102,РЕКРУТЕР,Разместить вакансию,Task,Алексей_1,2025-08-27 17:52:29.325256,2025-08-27 18:26:29.325256,2040,,
aae013d2-c1c7-437e-8f5f-4a3b80eed9a0,VAC-1102,CAND-10102,РЕКРУТЕР,Собирать резюме,Task,Дмитрий_1,2025-08-27 20:43:29.325256,2025-08-27 21:21:29.325256,2280,,
aae013d2-c1c7-437e-8f5f-4a3b80eed9a0,VAC-1102,CAND-10102,РЕКРУТЕР,Скрининг,Task,Алексей_5,2025-08-27 22:12:29.325256,2025-08-27 23:47:29.325256,5700,passed,
aae013d2-c1c7-437e-8f5f-4a3b80eed9a0,VAC-1102,CAND-10102,ИНТЕРВЬЮЕРЫ,Назначить интервью,User Task,Сергей_2,2025-08-28 02:15:29.325256,2025-08-28 02:52:29.325256,2220,,
aae013d2-c1c7-437e-8f5f-4a3b80eed9a0,VAC-1102,CAND-10102,ИНТЕРВЬЮЕРЫ,Интервью (раунд 1),User Task,Анна_8,2025-08-28 03:29:29.325256,2025-08-28 05:00:29.325256,5460,passed,
aae013d2-c1c7-437e-8f5f-4a3b80eed9a0,VAC-1102,CAND-10102,ИНТЕРВЬЮЕРЫ,Интервью (раунд 2),User Task,Сергей_6,2025-08-28 06:15:29.325256,2025-08-28 08:46:29.325256,9060,rejected,недостаточно навыков
ac4165b5-b051-45e6-ba26-d844f1ee1d75,VAC-1125,CAND-10125,РУКОВОДИТЕЛЬ,Создать заявку,User Task,Сидоров_4,2025-09-02 14:04:29.325256,2025-09-02 14:41:29.325256,2220,,
ac4165b5-b051-45e6-ba26-d844f1ee1d75,VAC-1125,CAND-10125,HR,Зарегистрировать в HCM,Service Task,Наталья_6,2025-09-02 14:51:29.325256,2025-09-02 14:57:29.325256,360,,
ac4165b5-b051-45e6-ba26-d844f1ee1d75,VAC-1125,CAND-10125,РЕКРУТЕР,Разместить вакансию,Task,Алексей_4,2025-09-02 15:36:29.325256,2025-09-02 17:17:29.325256,6060,,
ac4165b5-b051-45e6-ba26-d844f1ee1d75,VAC-1125,CAND-10125,РЕКРУТЕР,Собирать резюме,Task,Дмитрий_2,2025-09-02 20:59:29.325256,2025-09-03 00:56:29.325256,14220,,
ac4165b5-b051-45e6-ba26-d844f1ee1d75,VAC-1125,CAND-10125,РЕКРУТЕР,Скрининг,Task,Дмитрий_8,2025-09-03 02:02:29.325256,2025-09-03 03:33:29.325256,5460,passed,
ac4165b5-b051-45e6-ba26-d844f1ee1d75,VAC-1125,CAND-10125,ИНТЕРВЬЮЕРЫ,Назначить интервью,User Task,Сергей_1,2025-09-03 04:44:29.325256,2025-09-03 05:30:29.325256,2760,,
ac4165b5-b051-45e6-ba26-d844f1ee1d75,VAC-1125,CAND-10125,ИНТЕРВЬЮЕРЫ,Интервью (раунд 1),User Task,Андрей_3,2025-09-03 06:11:29.325256,2025-09-03 07:13:29.325256,3720,passed,
ac4165b5-b051-45e6-ba26-d844f1ee1d75,VAC-1125,CAND-10125,ИНТЕРВЬЮЕРЫ,Финальное интервью,User Task,Анна_3,2025-09-03 10:18:29.325256,2025-09-03 12:59:29.325256,9660,passed,
ac4165b5-b051-45e6-ba26-d844f1ee1d75,VAC-1125,CAND-10125,HR (ОФФЕР),Согласовать условия,User Task,HR_Manager_3,2025-09-03 13:16:29.325256,2025-09-03 14:28:29.325256,4320,,
ac4165b5-b051-45e6-ba26-d844f1ee1d75,VAC-1125,CAND-10125,HR (ОФФЕР),Сгенерировать оффер,Service Task,HR_Manager_5,2025-09-03 15:06:29.325256,2025-09-03 15:20:29.325256,840,,
ac4165b5-b051-45e6-ba26-d844f1ee1d75,VAC-1125,CAND-10125,HR (ОФФЕР),Отправить оффер,Send Task,HR_Manager_8,2025-09-03 15:23:29.325256,2025-09-03 15:27:29.325256,240,sent,
ac4165b5-b051-45e6-ba26-d844f1ee1d75,VAC-1125,CAND-10125,HR (ОФФЕР),Timer: ожидание ответа (7 дн),Timer,,2025-09-03 15:27:29.325256,2025-09-10 15:27:29.325256,604800,timer_elapsed,
ac4165b5-b051-45e6-ba26-d844f1ee1d75,VAC-1125,CAND-10125,SECURITY,Background Check,Call Activity,Служба_БД_3,2025-09-11 19:30:29.325256,2025-09-12 17:00:29.325256,77400,report_ready,
ac4165b5-b051-45e6-ba26-d844f1ee1d75,VAC-1125,CAND-10125,IT,Выдача оборудования,Task,IT_Specialist_6,2025-09-12 18:06:29.325256,2025-09-12 19:43:29.325256,5820,,
ac4165b5-b051-45e6-ba26-d844f1ee1d75,VAC-1125,CAND-10125,IT,Создать доступы,Task,IT_Specialist_4,2025-09-12 20:46:29.325256,2025-09-12 23:28:29.325256,9720,,
ac4165b5-b051-45e6-ba26-d844f1ee1d75,VAC-1125,CAND-10125,IT,HR/Training: Вводное обучение,Service Task,Наталья_2,2025-09-15 03:07:29.325256,2025-09-15 07:24:29.325256,15420,,
ac4165b5-b051-45e6-ba26-d844f1ee1d75,VAC-1125,CAND-10125,IT,Назначить ментора,Task,Марина_9,2025-09-15 07:33:29.325256,2025-09-15 08:08:29.325256,2100,,
ac4165b5-b051-45e6-ba26-d844f1ee1d75,VAC-1125,CAND-10125,IT,Message: уведомить всех,Message,system,2025-09-15 08:52:29.325256,2025-09-15 09:06:29.325256,840,notified,
ac4165b5-b051-45e6-ba26-d844f1ee1d75,VAC-1125,CAND-10125,HR (финал),Обновить статус в HCM,Service Task,Марина_2,2025-09-15 10:52:29.325256,2025-09-15 11:02:29.325256,600,,
ac4165b5-b051-45e6-ba26-d844f1ee1d75,VAC-1125,CAND-10125,HR (финал),Payroll / учет,Service Task,Марина_1,2025-09-15 11:14:29.325256,2025-09-15 11:45:29.325256,1860,,
ac4165b5-b051-45e6-ba26-d844f1ee1d75,VAC-1125,CAND-10125,HR (финал),Закрыть вакансию на порталах,Service Task,Марина_9,2025-09-15 12:42:29.325256,2025-09-15 13:33:29.325256,3060,,
ac4165b5-b051-45e6-ba26-d844f1ee1d75,VAC-1125,CAND-10125,HR (финал),Hire Completed,End Event,system,2025-09-15 14:22:29.325256,2025-09-15 14:22:29.325256,0,hired,
ad6d9c1d-3df7-4f70-8540-2dcaa63e4ce5,VAC-1119,CAND-10119,РУКОВОДИТЕЛЬ,Создать заявку,User Task,Иванов_3,2025-09-04 16:32:29.325256,2025-09-04 16:42:29.325256,600,,
ad6d9c1d-3df7-4f70-8540-2dcaa63e4ce5,VAC-1119,CAND-10119,HR,Зарегистрировать в HCM,Service Task,Марина_1,2025-09-04 17:32:29.325256,2025-09-04 17:50:29.325256,1080,,
ad6d9c1d-3df7-4f70-8540-2dcaa63e4ce5,VAC-1119,CAND-10119,РЕКРУТЕР,Разместить вакансию,Task,Алексей_4,2025-09-04 18:31:29.325256,2025-09-04 18:49:29.325256,1080,,
ad6d9c1d-3df7-4f70-8540-2dcaa63e4ce5,VAC-1119,CAND-10119,РЕКРУТЕР,Собирать резюме,Task,Алексей_4,2025-09-05 00:49:29.325256,2025-09-05 03:07:29.325256,8280,,
ad6d9c1d-3df7-4f70-8540-2dcaa63e4ce5,VAC-1119,CAND-10119,РЕКРУТЕР,Скрининг,Task,Екатерина_7,2025-09-05 04:20:29.325256,2025-09-05 05:12:29.325256,3120,rejected,не прошёл тест
b360d934-3d9a-4f26-aa92-094b6350be6c,VAC-1148,CAND-10148,РУКОВОДИТЕЛЬ,Создать заявку,User Task,Иванов_1,2025-09-04 19:29:29.325256,2025-09-04 20:09:29.325256,2400,,
b360d934-3d9a-4f26-aa92-094b6350be6c,VAC-1148,CAND-10148,HR,Зарегистрировать в HCM,Service Task,Марина_5,2025-09-04 20:25:29.325256,2025-09-04 20:55:29.325256,1800,,
b360d934-3d9a-4f26-aa92-094b6350be6c,VAC-1148,CAND-10148,РЕКРУТЕР,Разместить вакансию,Task,Дмитрий_3,2025-09-04 21:17:29.325256,2025-09-04 22:29:29.325256,4320,,
b360d934-3d9a-4f26-aa92-094b6350be6c,VAC-1148,CAND-10148,РЕКРУТЕР,Собирать резюме,Task,Екатерина_6,2025-09-04 22:48:29.325256,2025-09-05 00:46:29.325256,7080,,
b360d934-3d9a-4f26-aa92-094b6350be6c,VAC-1148,CAND-10148,РЕКРУТЕР,Скрининг,Task,Дмитрий_4,2025-09-05 01:36:29.325256,2025-09-05 01:58:29.325256,1320,rejected,не соотв. опыту
b360d934-3d9a-4f26-aa92-094b6350be6c,VAC-1148,CAND-10148,РЕКРУТЕР,Скрининг,Task,Дмитрий_4,2025-09-05 02:36:29.325256,2025-09-05 03:21:29.325256,2700,rejected,некорректное резюме
b360d934-3d9a-4f26-aa92-094b6350be6c,VAC-1148,CAND-10148,РЕКРУТЕР,Скрининг,Task,Дмитрий_4,2025-09-05 03:36:29.325256,2025-09-05 04:05:29.325256,1740,rejected,не соотв. опыту
b4589bfc-5d8e-4b8b-9cb7-46d3f3b3d47e,VAC-1141,CAND-10141,РУКОВОДИТЕЛЬ,Создать заявку,User Task,Петров_9,2025-09-19 12:10:29.325256,2025-09-19 13:05:29.325256,3300,,
b4589bfc-5d8e-4b8b-9cb7-46d3f3b3d47e,VAC-1141,CAND-10141,HR,Зарегистрировать в HCM,Service Task,Ольга_3,2025-09-19 13:31:29.325256,2025-09-19 13:48:29.325256,1020,,
b4589bfc-5d8e-4b8b-9cb7-46d3f3b3d47e,VAC-1141,CAND-10141,РЕКРУТЕР,Разместить вакансию,Task,Дмитрий_6,2025-09-19 14:23:29.325256,2025-09-19 15:49:29.325256,5160,,
b4589bfc-5d8e-4b8b-9cb7-46d3f3b3d47e,VAC-1141,CAND-10141,РЕКРУТЕР,Собирать резюме,Task,Дмитрий_6,2025-09-19 18:40:29.325256,2025-09-19 21:30:29.325256,10200,,
b4589bfc-5d8e-4b8b-9cb7-46d3f3b3d47e,VAC-1141,CAND-10141,РЕКРУТЕР,Скрининг,Task,Екатерина_7,2025-09-19 22:27:29.325256,2025-09-19 23:10:29.325256,2580,rejected,не соотв. опыту
b4589bfc-5d8e-4b8b-9cb7-46d3f3b3d47e,VAC-1141,CAND-10141,РЕКРУТЕР,Скрининг,Task,Екатерина_7,2025-09-19 23:27:29.325256,2025-09-20 00:08:29.325256,2460,rejected,не прошёл тест
b8a99df6-db87-4a55-80d2-659b977ec441,VAC-1161,CAND-10161,РУКОВОДИТЕЛЬ,Создать заявку,User Task,Сидоров_8,2025-08-24 12:30:29.325256,2025-08-24 12:42:29.325256,720,,
b8a99df6-db87-4a55-80d2-659b977ec441,VAC-1161,CAND-10161,HR,Зарегистрировать в HCM,Service Task,Наталья_5,2025-08-24 13:12:29.325256,2025-08-24 13:40:29.325256,1680,,
b8a99df6-db87-4a55-80d2-659b977ec441,VAC-1161,CAND-10161,РЕКРУТЕР,Разместить вакансию,Task,Екатерина_3,2025-08-24 14:30:29.325256,2025-08-24 15:24:29.325256,3240,,
b8a99df6-db87-4a55-80d2-659b977ec441,VAC-1161,CAND-10161,РЕКРУТЕР,Собирать резюме,Task,Дмитрий_2,2025-08-24 19:54:29.325256,2025-08-24 20:50:29.325256,3360,,
b8a99df6-db87-4a55-80d2-659b977ec441,VAC-1161,CAND-10161,РЕКРУТЕР,Скрининг,Task,Екатерина_2,2025-08-24 21:36:29.325256,2025-08-24 22:10:29.325256,2040,rejected,некорректное резюме
b8a99df6-db87-4a55-80d2-659b977ec441,VAC-1161,CAND-10161,РЕКРУТЕР,Скрининг,Task,Екатерина_2,2025-08-24 22:36:29.325256,2025-08-24 23:18:29.325256,2520,rejected,некорректное резюме
b8a99df6-db87-4a55-80d2-659b977ec441,VAC-1161,CAND-10161,РЕКРУТЕР,Скрининг,Task,Екатерина_2,2025-08-24 23:36:29.325256,2025-08-24 23:56:29.325256,1200,rejected,не прошёл тест
bb4249d8-295a-43ca-a64b-49cd7db179d0,VAC-1196,CAND-10196,РУКОВОДИТЕЛЬ,Создать заявку,User Task,Кузнецов_8,2025-10-22 17:22:29.325256,2025-10-22 17:57:29.325256,2100,,
bb4249d8-295a-43ca-a64b-49cd7db179d0,VAC-1196,CAND-10196,HR,Зарегистрировать в HCM,Service Task,Наталья_8,2025-10-22 18:30:29.325256,2025-10-22 18:39:29.325256,540,,
bb4249d8-295a-43ca-a64b-49cd7db179d0,VAC-1196,CAND-10196,РЕКРУТЕР,Разместить вакансию,Task,Дмитрий_8,2025-10-22 18:46:29.325256,2025-10-22 19:11:29.325256,1500,,
bb4249d8-295a-43ca-a64b-49cd7db179d0,VAC-1196,CAND-10196,РЕКРУТЕР,Собирать резюме,Task,Екатерина_3,2025-10-22 23:35:29.325256,2025-10-23 01:04:29.325256,5340,,
bb4249d8-295a-43ca-a64b-49cd7db179d0,VAC-1196,CAND-10196,РЕКРУТЕР,Скрининг,Task,Екатерина_1,2025-10-23 01:12:29.325256,2025-10-23 02:00:29.325256,2880,rejected,не соотв. опыту
bb4249d8-295a-43ca-a64b-49cd7db179d0,VAC-1196,CAND-10196,РЕКРУТЕР,Скрининг,Task,Екатерина_1,2025-10-23 02:12:29.325256,2025-10-23 02:28:29.325256,960,rejected,некорректное резюме
bbac3085-b96f-4e4c-a2d1-749908b01942,VAC-1046,CAND-10046,РУКОВОДИТЕЛЬ,Создать заявку,User Task,Сидоров_7,2025-10-22 20:28:29.325256,2025-10-22 21:02:29.325256,2040,,
bbac3085-b96f-4e4c-a2d1-749908b01942,VAC-1046,CAND-10046,HR,Зарегистрировать в HCM,Service Task,Ольга_3,2025-10-22 21:35:29.325256,2025-10-22 21:52:29.325256,1020,,
bbac3085-b96f-4e4c-a2d1-749908b01942,VAC-1046,CAND-10046,РЕКРУТЕР,Разместить вакансию,Task,Екатерина_3,2025-10-22 22:45:29.325256,2025-10-22 23:20:29.325256,2100,,
bbac3085-b96f-4e4c-a2d1-749908b01942,VAC-1046,CAND-10046,РЕКРУТЕР,Собирать резюме,Task,Екатерина_8,2025-10-23 01:38:29.325256,2025-10-23 02:21:29.325256,2580,,
bbac3085-b96f-4e4c-a2d1-749908b01942,VAC-1046,CAND-10046,РЕКРУТЕР,Скрининг,Task,Екатерина_2,2025-10-23 04:17:29.325256,2025-10-23 05:16:29.325256,3540,rejected,не соотв. опыту
bbac3085-b96f-4e4c-a2d1-749908b01942,VAC-1046,CAND-10046,РЕКРУТЕР,Скрининг,Task,Екатерина_2,2025-10-23 05:17:29.325256,2025-10-23 05:40:29.325256,1380,rejected,не соотв. опыту
bbac3085-b96f-4e4c-a2d1-749908b01942,VAC-1046,CAND-10046,РЕКРУТЕР,Скрининг,Task,Екатерина_2,2025-10-23 06:17:29.325256,2025-10-23 07:10:29.325256,3180,rejected,не соотв. опыту
bccdd008-ac64-472c-b279-cd3d81ebd503,VAC-1068,CAND-10068,РУКОВОДИТЕЛЬ,Создать заявку,User Task,Кузнецов_4,2025-09-01 15:24:29.325256,2025-09-01 15:40:29.325256,960,,
bccdd008-ac64-472c-b279-cd3d81ebd503,VAC-1068,CAND-10068,HR,Зарегистрировать в HCM,Service Task,Ольга_3,2025-09-01 16:35:29.325256,2025-09-01 16:43:29.325256,480,,
bccdd008-ac64-472c-b279-cd3d81ebd503,VAC-1068,CAND-10068,РЕКРУТЕР,Разместить вакансию,Task,Алексей_9,2025-09-01 17:35:29.325256,2025-09-01 18:44:29.325256,4140,,
bccdd008-ac64-472c-b279-cd3d81ebd503,VAC-1068,CAND-10068,РЕКРУТЕР,Собирать резюме,Task,Екатерина_9,2025-09-01 22:25:29.325256,2025-09-02 00:41:29.325256,8160,,
bccdd008-ac64-472c-b279-cd3d81ebd503,VAC-1068,CAND-10068,РЕКРУТЕР,Скрининг,Task,Алексей_5,2025-09-02 01:03:29.325256,2025-09-02 01:57:29.325256,3240,passed,
bccdd008-ac64-472c-b279-cd3d81ebd503,VAC-1068,CAND-10068,ИНТЕРВЬЮЕРЫ,Назначить интервью,User Task,Сергей_6,2025-09-02 05:12:29.325256,2025-09-02 05:22:29.325256,600,,
bccdd008-ac64-472c-b279-cd3d81ebd503,VAC-1068,CAND-10068,ИНТЕРВЬЮЕРЫ,Интервью (раунд 1),User Task,Сергей_1,2025-09-02 08:09:29.325256,2025-09-02 09:27:29.325256,4680,passed,
bccdd008-ac64-472c-b279-cd3d81ebd503,VAC-1068,CAND-10068,ИНТЕРВЬЮЕРЫ,Финальное интервью,User Task,Анна_9,2025-09-02 10:09:29.325256,2025-09-02 11:27:29.325256,4680,rejected,финал не пройден
be634593-858d-47fb-bcce-31e68ff3bdb1,VAC-1181,CAND-10181,РУКОВОДИТЕЛЬ,Создать заявку,User Task,Иванов_1,2025-10-03 11:18:29.325256,2025-10-03 11:35:29.325256,1020,,
be634593-858d-47fb-bcce-31e68ff3bdb1,VAC-1181,CAND-10181,HR,Зарегистрировать в HCM,Service Task,Наталья_9,2025-10-03 12:31:29.325256,2025-10-03 12:57:29.325256,1560,,
be634593-858d-47fb-bcce-31e68ff3bdb1,VAC-1181,CAND-10181,РЕКРУТЕР,Разместить вакансию,Task,Дмитрий_6,2025-10-03 13:39:29.325256,2025-10-03 14:31:29.325256,3120,,
be634593-858d-47fb-bcce-31e68ff3bdb1,VAC-1181,CAND-10181,РЕКРУТЕР,Собирать резюме,Task,Дмитрий_8,2025-10-03 20:16:29.325256,2025-10-03 23:31:29.325256,11700,,
be634593-858d-47fb-bcce-31e68ff3bdb1,VAC-1181,CAND-10181,РЕКРУТЕР,Скрининг,Task,Екатерина_9,2025-10-04 00:51:29.325256,2025-10-04 01:25:29.325256,2040,rejected,некорректное резюме
be634593-858d-47fb-bcce-31e68ff3bdb1,VAC-1181,CAND-10181,РЕКРУТЕР,Скрининг,Task,Екатерина_9,2025-10-04 01:51:29.325256,2025-10-04 02:32:29.325256,2460,rejected,не соотв. опыту
bef53827-8686-44b4-818d-b062ca3c6dbd,VAC-1026,CAND-10026,РУКОВОДИТЕЛЬ,Создать заявку,User Task,Сидоров_2,2025-09-01 18:02:29.325256,2025-09-01 18:15:29.325256,780,,
bef53827-8686-44b4-818d-b062ca3c6dbd,VAC-1026,CAND-10026,HR,Зарегистрировать в HCM,Service Task,Ольга_2,2025-09-01 19:11:29.325256,2025-09-01 19:39:29.325256,1680,,
bef53827-8686-44b4-818d-b062ca3c6dbd,VAC-1026,CAND-10026,РЕКРУТЕР,Разместить вакансию,Task,Алексей_3,2025-09-01 20:13:29.325256,2025-09-01 21:21:29.325256,4080,,
bef53827-8686-44b4-818d-b062ca3c6dbd,VAC-1026,CAND-10026,РЕКРУТЕР,Собирать резюме,Task,Алексей_2,2025-09-02 01:00:29.325256,2025-09-02 04:17:29.325256,11820,,
bef53827-8686-44b4-818d-b062ca3c6dbd,VAC-1026,CAND-10026,РЕКРУТЕР,Скрининг,Task,Дмитрий_6,2025-09-02 05:22:29.325256,2025-09-02 06:08:29.325256,2760,rejected,не соотв. опыту
bef53827-8686-44b4-818d-b062ca3c6dbd,VAC-1026,CAND-10026,РЕКРУТЕР,Скрининг,Task,Дмитрий_6,2025-09-02 06:22:29.325256,2025-09-02 07:21:29.325256,3540,rejected,некорректное резюме
bf052a0d-702e-4558-98e3-44d3d31d8f3e,VAC-1094,CAND-10094,РУКОВОДИТЕЛЬ,Создать заявку,User Task,Сидоров_4,2025-10-07 19:44:29.325256,2025-10-07 20:28:29.325256,2640,,
bf052a0d-702e-4558-98e3-44d3d31d8f3e,VAC-1094,CAND-10094,HR,Зарегистрировать в HCM,Service Task,Наталья_7,2025-10-07 21:11:29.325256,2025-10-07 21:30:29.325256,1140,,
bf052a0d-702e-4558-98e3-44d3d31d8f3e,VAC-1094,CAND-10094,РЕКРУТЕР,Разместить вакансию,Task,Екатерина_5,2025-10-07 21:50:29.325256,2025-10-07 23:33:29.325256,6180,,
bf052a0d-702e-4558-98e3-44d3d31d8f3e,VAC-1094,CAND-10094,РЕКРУТЕР,Собирать резюме,Task,Екатерина_1,2025-10-08 00:48:29.325256,2025-10-08 02:03:29.325256,4500,,
bf052a0d-702e-4558-98e3-44d3d31d8f3e,VAC-1094,CAND-10094,РЕКРУТЕР,Скрининг,Task,Дмитрий_1,2025-10-08 03:37:29.325256,2025-10-08 04:55:29.325256,4680,passed,
bf052a0d-702e-4558-98e3-44d3d31d8f3e,VAC-1094,CAND-10094,ИНТЕРВЬЮЕРЫ,Назначить интервью,User Task,Анна_4,2025-10-08 06:46:29.325256,2025-10-08 07:42:29.325256,3360,,
bf052a0d-702e-4558-98e3-44d3d31d8f3e,VAC-1094,CAND-10094,ИНТЕРВЬЮЕРЫ,Интервью (раунд 1),User Task,Андрей_6,2025-10-08 10:36:29.325256,2025-10-08 11:32:29.325256,3360,rejected,культурный профиль
c18735a8-8298-40ad-b228-abac8c0f3cd3,VAC-1002,CAND-10002,РУКОВОДИТЕЛЬ,Создать заявку,User Task,Сидоров_4,2025-09-10 21:39:29.325256,2025-09-10 22:39:29.325256,3600,,
c18735a8-8298-40ad-b228-abac8c0f3cd3,VAC-1002,CAND-10002,HR,Зарегистрировать в HCM,Service Task,Наталья_4,2025-09-10 23:25:29.325256,2025-09-10 23:28:29.325256,180,,
c18735a8-8298-40ad-b228-abac8c0f3cd3,VAC-1002,CAND-10002,РЕКРУТЕР,Разместить вакансию,Task,Алексей_4,2025-09-11 00:18:29.325256,2025-09-11 01:05:29.325256,2820,,
c18735a8-8298-40ad-b228-abac8c0f3cd3,VAC-1002,CAND-10002,РЕКРУТЕР,Собирать резюме,Task,Дмитрий_8,2025-09-11 02:06:29.325256,2025-09-11 04:13:29.325256,7620,,
c18735a8-8298-40ad-b228-abac8c0f3cd3,VAC-1002,CAND-10002,РЕКРУТЕР,Скрининг,Task,Дмитрий_3,2025-09-11 05:39:29.325256,2025-09-11 07:30:29.325256,6660,passed,
c18735a8-8298-40ad-b228-abac8c0f3cd3,VAC-1002,CAND-10002,ИНТЕРВЬЮЕРЫ,Назначить интервью,User Task,Сергей_2,2025-09-11 08:53:29.325256,2025-09-11 09:40:29.325256,2820,,
c18735a8-8298-40ad-b228-abac8c0f3cd3,VAC-1002,CAND-10002,ИНТЕРВЬЮЕРЫ,Интервью (раунд 1),User Task,Андрей_3,2025-09-11 12:52:29.325256,2025-09-11 14:05:29.325256,4380,passed,
c18735a8-8298-40ad-b228-abac8c0f3cd3,VAC-1002,CAND-10002,ИНТЕРВЬЮЕРЫ,Интервью (раунд 2),User Task,Анна_9,2025-09-11 16:33:29.325256,2025-09-11 18:40:29.325256,7620,passed,
c18735a8-8298-40ad-b228-abac8c0f3cd3,VAC-1002,CAND-10002,ИНТЕРВЬЮЕРЫ,Интервью (раунд 3),User Task,Андрей_4,2025-09-11 20:06:29.325256,2025-09-11 21:59:29.325256,6780,rejected,недостаточно навыков
c3810472-b2e4-4967-84ce-77924e39911f,VAC-1075,CAND-10075,РУКОВОДИТЕЛЬ,Создать заявку,User Task,Петров_5,2025-09-13 17:52:29.325256,2025-09-13 18:49:29.325256,3420,,
c3810472-b2e4-4967-84ce-77924e39911f,VAC-1075,CAND-10075,HR,Зарегистрировать в HCM,Service Task,Марина_4,2025-09-13 19:10:29.325256,2025-09-13 19:30:29.325256,1200,,
c3810472-b2e4-4967-84ce-77924e39911f,VAC-1075,CAND-10075,РЕКРУТЕР,Разместить вакансию,Task,Алексей_7,2025-09-13 20:01:29.325256,2025-09-13 20:51:29.325256,3000,,
c3810472-b2e4-4967-84ce-77924e39911f,VAC-1075,CAND-10075,РЕКРУТЕР,Собирать резюме,Task,Екатерина_8,2025-09-13 23:44:29.325256,2025-09-14 01:28:29.325256,6240,,
c3810472-b2e4-4967-84ce-77924e39911f,VAC-1075,CAND-10075,РЕКРУТЕР,Скрининг,Task,Алексей_6,2025-09-14 02:46:29.325256,2025-09-14 04:31:29.325256,6300,passed,
c3810472-b2e4-4967-84ce-77924e39911f,VAC-1075,CAND-10075,ИНТЕРВЬЮЕРЫ,Назначить интервью,User Task,Сергей_6,2025-09-14 08:30:29.325256,2025-09-14 09:25:29.325256,3300,,
c3810472-b2e4-4967-84ce-77924e39911f,VAC-1075,CAND-10075,ИНТЕРВЬЮЕРЫ,Интервью (раунд 1),User Task,Анна_3,2025-09-14 12:19:29.325256,2025-09-14 13:40:29.325256,4860,passed,
c3810472-b2e4-4967-84ce-77924e39911f,VAC-1075,CAND-10075,ИНТЕРВЬЮЕРЫ,Финальное интервью,User Task,Анна_8,2025-09-14 16:58:29.325256,2025-09-14 19:48:29.325256,10200,passed,
c3810472-b2e4-4967-84ce-77924e39911f,VAC-1075,CAND-10075,HR (ОФФЕР),Согласовать условия,User Task,HR_Manager_5,2025-09-14 21:28:29.325256,2025-09-14 22:51:29.325256,4980,,
c3810472-b2e4-4967-84ce-77924e39911f,VAC-1075,CAND-10075,HR (ОФФЕР),Сгенерировать оффер,Service Task,HR_Manager_7,2025-09-14 23:49:29.325256,2025-09-15 00:13:29.325256,1440,,
c3810472-b2e4-4967-84ce-77924e39911f,VAC-1075,CAND-10075,HR (ОФФЕР),Отправить оффер,Send Task,HR_Manager_4,2025-09-15 00:29:29.325256,2025-09-15 00:32:29.325256,180,sent,
c3810472-b2e4-4967-84ce-77924e39911f,VAC-1075,CAND-10075,HR (ОФФЕР),Timer: ожидание ответа (7 дн),Timer,,2025-09-15 00:32:29.325256,2025-09-20 00:32:29.325256,432000,timer_elapsed,
c3810472-b2e4-4967-84ce-77924e39911f,VAC-1075,CAND-10075,SECURITY,Background Check,Call Activity,Служба_БД_8,2025-09-21 05:26:29.325256,2025-09-21 19:18:29.325256,49920,report_ready,
c3810472-b2e4-4967-84ce-77924e39911f,VAC-1075,CAND-10075,SECURITY,Решение руководителя по BG,User Task,Кузнецов_9,2025-09-22 11:40:29.325256,2025-09-22 12:27:29.325256,2820,proceed_with_conditions,
c3810472-b2e4-4967-84ce-77924e39911f,VAC-1075,CAND-10075,IT,Выдача оборудования,Task,IT_Specialist_9,2025-09-22 12:32:29.325256,2025-09-22 16:24:29.325256,13920,,
c3810472-b2e4-4967-84ce-77924e39911f,VAC-1075,CAND-10075,IT,Создать доступы,Task,IT_Specialist_2,2025-09-22 17:45:29.325256,2025-09-22 20:38:29.325256,10380,,
c3810472-b2e4-4967-84ce-77924e39911f,VAC-1075,CAND-10075,IT,HR/Training: Вводное обучение,Service Task,Марина_6,2025-09-24 06:32:29.325256,2025-09-24 13:08:29.325256,23760,,
c3810472-b2e4-4967-84ce-77924e39911f,VAC-1075,CAND-10075,IT,Назначить ментора,Task,Марина_1,2025-09-24 13:55:29.325256,2025-09-24 15:27:29.325256,5520,,
c3810472-b2e4-4967-84ce-77924e39911f,VAC-1075,CAND-10075,IT,Message: уведомить всех,Message,system,2025-09-24 16:04:29.325256,2025-09-24 16:25:29.325256,1260,notified,
c3810472-b2e4-4967-84ce-77924e39911f,VAC-1075,CAND-10075,HR (финал),Обновить статус в HCM,Service Task,Ольга_6,2025-09-24 17:52:29.325256,2025-09-24 18:34:29.325256,2520,,
c3810472-b2e4-4967-84ce-77924e39911f,VAC-1075,CAND-10075,HR (финал),Payroll / учет,Service Task,Наталья_1,2025-09-24 19:25:29.325256,2025-09-24 19:53:29.325256,1680,,
c3810472-b2e4-4967-84ce-77924e39911f,VAC-1075,CAND-10075,HR (финал),Закрыть вакансию на порталах,Service Task,Наталья_9,2025-09-24 20:00:29.325256,2025-09-24 20:17:29.325256,1020,,
c3810472-b2e4-4967-84ce-77924e39911f,VAC-1075,CAND-10075,HR (финал),Hire Completed,End Event,system,2025-09-24 21:05:29.325256,2025-09-24 21:05:29.325256,0,hired,
c3df8139-4663-4872-802a-d90df71aef0a,VAC-1120,CAND-10120,РУКОВОДИТЕЛЬ,Создать заявку,User Task,Сидоров_1,2025-09-01 11:29:29.325256,2025-09-01 12:19:29.325256,3000,,
c3df8139-4663-4872-802a-d90df71aef0a,VAC-1120,CAND-10120,HR,Зарегистрировать в HCM,Service Task,Наталья_3,2025-09-01 12:25:29.325256,2025-09-01 12:28:29.325256,180,,
c3df8139-4663-4872-802a-d90df71aef0a,VAC-1120,CAND-10120,РЕКРУТЕР,Разместить вакансию,Task,Екатерина_2,2025-09-01 13:19:29.325256,2025-09-01 14:01:29.325256,2520,,
c3df8139-4663-4872-802a-d90df71aef0a,VAC-1120,CAND-10120,РЕКРУТЕР,Собирать резюме,Task,Алексей_5,2025-09-01 19:05:29.325256,2025-09-01 23:05:29.325256,14400,,
c3df8139-4663-4872-802a-d90df71aef0a,VAC-1120,CAND-10120,РЕКРУТЕР,Скрининг,Task,Дмитрий_7,2025-09-02 00:02:29.325256,2025-09-02 00:56:29.325256,3240,passed,
c3df8139-4663-4872-802a-d90df71aef0a,VAC-1120,CAND-10120,ИНТЕРВЬЮЕРЫ,Назначить интервью,User Task,Анна_2,2025-09-02 01:30:29.325256,2025-09-02 01:59:29.325256,1740,,
c3df8139-4663-4872-802a-d90df71aef0a,VAC-1120,CAND-10120,ИНТЕРВЬЮЕРЫ,Интервью (раунд 1),User Task,Анна_1,2025-09-02 02:30:29.325256,2025-09-02 03:16:29.325256,2760,rejected,культурный профиль
c3eef5ba-b67a-47a2-aa9d-483cefc3692c,VAC-1173,CAND-10173,РУКОВОДИТЕЛЬ,Создать заявку,User Task,Кузнецов_3,2025-08-25 13:06:29.325256,2025-08-25 14:01:29.325256,3300,,
c3eef5ba-b67a-47a2-aa9d-483cefc3692c,VAC-1173,CAND-10173,HR,Зарегистрировать в HCM,Service Task,Ольга_2,2025-08-25 14:03:29.325256,2025-08-25 14:32:29.325256,1740,,
c3eef5ba-b67a-47a2-aa9d-483cefc3692c,VAC-1173,CAND-10173,РЕКРУТЕР,Разместить вакансию,Task,Алексей_2,2025-08-25 14:33:29.325256,2025-08-25 14:43:29.325256,600,,
c3eef5ba-b67a-47a2-aa9d-483cefc3692c,VAC-1173,CAND-10173,РЕКРУТЕР,Собирать резюме,Task,Дмитрий_7,2025-08-25 20:26:29.325256,2025-08-25 23:27:29.325256,10860,,
c3eef5ba-b67a-47a2-aa9d-483cefc3692c,VAC-1173,CAND-10173,РЕКРУТЕР,Скрининг,Task,Дмитрий_3,2025-08-26 01:00:29.325256,2025-08-26 02:48:29.325256,6480,passed,
c3eef5ba-b67a-47a2-aa9d-483cefc3692c,VAC-1173,CAND-10173,ИНТЕРВЬЮЕРЫ,Назначить интервью,User Task,Анна_8,2025-08-26 06:01:29.325256,2025-08-26 06:23:29.325256,1320,,
c3eef5ba-b67a-47a2-aa9d-483cefc3692c,VAC-1173,CAND-10173,ИНТЕРВЬЮЕРЫ,Интервью (раунд 1),User Task,Андрей_3,2025-08-26 07:54:29.325256,2025-08-26 09:08:29.325256,4440,passed,
c3eef5ba-b67a-47a2-aa9d-483cefc3692c,VAC-1173,CAND-10173,ИНТЕРВЬЮЕРЫ,Интервью (раунд 2),User Task,Андрей_5,2025-08-26 12:41:29.325256,2025-08-26 15:18:29.325256,9420,rejected,поведенческий
c5dab0be-4a35-44bb-be19-4d73f344503d,VAC-1185,CAND-10185,РУКОВОДИТЕЛЬ,Создать заявку,User Task,Кузнецов_5,2025-09-05 18:47:29.325256,2025-09-05 19:18:29.325256,1860,,
c5dab0be-4a35-44bb-be19-4d73f344503d,VAC-1185,CAND-10185,HR,Зарегистрировать в HCM,Service Task,Марина_7,2025-09-05 19:29:29.325256,2025-09-05 19:55:29.325256,1560,,
c5dab0be-4a35-44bb-be19-4d73f344503d,VAC-1185,CAND-10185,РЕКРУТЕР,Разместить вакансию,Task,Алексей_2,2025-09-05 20:42:29.325256,2025-09-05 21:45:29.325256,3780,,
c5dab0be-4a35-44bb-be19-4d73f344503d,VAC-1185,CAND-10185,РЕКРУТЕР,Собирать резюме,Task,Дмитрий_8,2025-09-05 23:08:29.325256,2025-09-06 00:31:29.325256,4980,,
c5dab0be-4a35-44bb-be19-4d73f344503d,VAC-1185,CAND-10185,РЕКРУТЕР,Скрининг,Task,Дмитрий_2,2025-09-06 02:27:29.325256,2025-09-06 03:20:29.325256,3180,rejected,некорректное резюме
c5dab0be-4a35-44bb-be19-4d73f344503d,VAC-1185,CAND-10185,РЕКРУТЕР,Скрининг,Task,Дмитрий_2,2025-09-06 03:27:29.325256,2025-09-06 03:37:29.325256,600,rejected,не соотв. опыту
c5dab0be-4a35-44bb-be19-4d73f344503d,VAC-1185,CAND-10185,РЕКРУТЕР,Скрининг,Task,Дмитрий_2,2025-09-06 04:27:29.325256,2025-09-06 04:58:29.325256,1860,rejected,не прошёл тест
c654f749-a77a-42ad-9282-f8b6f092e1dd,VAC-1127,CAND-10127,РУКОВОДИТЕЛЬ,Создать заявку,User Task,Иванов_3,2025-09-16 21:00:29.325256,2025-09-16 21:56:29.325256,3360,,
c654f749-a77a-42ad-9282-f8b6f092e1dd,VAC-1127,CAND-10127,HR,Зарегистрировать в HCM,Service Task,Марина_7,2025-09-16 22:27:29.325256,2025-09-16 22:57:29.325256,1800,,
c654f749-a77a-42ad-9282-f8b6f092e1dd,VAC-1127,CAND-10127,РЕКРУТЕР,Разместить вакансию,Task,Дмитрий_4,2025-09-16 23:03:29.325256,2025-09-16 23:21:29.325256,1080,,
c654f749-a77a-42ad-9282-f8b6f092e1dd,VAC-1127,CAND-10127,РЕКРУТЕР,Собирать резюме,Task,Екатерина_1,2025-09-17 02:40:29.325256,2025-09-17 03:30:29.325256,3000,,
c654f749-a77a-42ad-9282-f8b6f092e1dd,VAC-1127,CAND-10127,РЕКРУТЕР,Скрининг,Task,Дмитрий_9,2025-09-17 05:07:29.325256,2025-09-17 06:01:29.325256,3240,passed,
c654f749-a77a-42ad-9282-f8b6f092e1dd,VAC-1127,CAND-10127,ИНТЕРВЬЮЕРЫ,Назначить интервью,User Task,Андрей_8,2025-09-17 09:03:29.325256,2025-09-17 09:11:29.325256,480,,
c654f749-a77a-42ad-9282-f8b6f092e1dd,VAC-1127,CAND-10127,ИНТЕРВЬЮЕРЫ,Интервью (раунд 1),User Task,Анна_5,2025-09-17 09:43:29.325256,2025-09-17 11:04:29.325256,4860,rejected,недостаточно навыков
c7e14530-3108-4153-a9e3-b825b6119abe,VAC-1147,CAND-10147,РУКОВОДИТЕЛЬ,Создать заявку,User Task,Иванов_2,2025-09-15 13:48:29.325256,2025-09-15 14:39:29.325256,3060,,
c7e14530-3108-4153-a9e3-b825b6119abe,VAC-1147,CAND-10147,HR,Зарегистрировать в HCM,Service Task,Наталья_3,2025-09-15 15:27:29.325256,2025-09-15 15:29:29.325256,120,,
c7e14530-3108-4153-a9e3-b825b6119abe,VAC-1147,CAND-10147,РЕКРУТЕР,Разместить вакансию,Task,Дмитрий_1,2025-09-15 16:25:29.325256,2025-09-15 18:21:29.325256,6960,,
c7e14530-3108-4153-a9e3-b825b6119abe,VAC-1147,CAND-10147,РЕКРУТЕР,Собирать резюме,Task,Алексей_5,2025-09-15 21:26:29.325256,2025-09-16 00:53:29.325256,12420,,
c7e14530-3108-4153-a9e3-b825b6119abe,VAC-1147,CAND-10147,РЕКРУТЕР,Скрининг,Task,Алексей_6,2025-09-16 01:55:29.325256,2025-09-16 03:00:29.325256,3900,passed,
c7e14530-3108-4153-a9e3-b825b6119abe,VAC-1147,CAND-10147,ИНТЕРВЬЮЕРЫ,Назначить интервью,User Task,Андрей_9,2025-09-16 05:47:29.325256,2025-09-16 06:05:29.325256,1080,,
c7e14530-3108-4153-a9e3-b825b6119abe,VAC-1147,CAND-10147,ИНТЕРВЬЮЕРЫ,Интервью (раунд 1),User Task,Анна_3,2025-09-16 09:47:29.325256,2025-09-16 11:23:29.325256,5760,passed,
c7e14530-3108-4153-a9e3-b825b6119abe,VAC-1147,CAND-10147,ИНТЕРВЬЮЕРЫ,Интервью (раунд 2),User Task,Анна_9,2025-09-16 14:50:29.325256,2025-09-16 15:24:29.325256,2040,passed,
c7e14530-3108-4153-a9e3-b825b6119abe,VAC-1147,CAND-10147,ИНТЕРВЬЮЕРЫ,Интервью (раунд 3),User Task,Сергей_4,2025-09-16 16:05:29.325256,2025-09-16 17:40:29.325256,5700,passed,
c7e14530-3108-4153-a9e3-b825b6119abe,VAC-1147,CAND-10147,ИНТЕРВЬЮЕРЫ,Финальное интервью,User Task,Анна_1,2025-09-16 21:26:29.325256,2025-09-16 23:05:29.325256,5940,passed,
c7e14530-3108-4153-a9e3-b825b6119abe,VAC-1147,CAND-10147,HR (ОФФЕР),Согласовать условия,User Task,HR_Manager_6,2025-09-16 23:23:29.325256,2025-09-17 01:32:29.325256,7740,,
c7e14530-3108-4153-a9e3-b825b6119abe,VAC-1147,CAND-10147,HR (ОФФЕР),Сгенерировать оффер,Service Task,HR_Manager_5,2025-09-17 02:32:29.325256,2025-09-17 02:37:29.325256,300,,
c7e14530-3108-4153-a9e3-b825b6119abe,VAC-1147,CAND-10147,HR (ОФФЕР),Отправить оффер,Send Task,HR_Manager_9,2025-09-17 02:50:29.325256,2025-09-17 02:54:29.325256,240,sent,
c7e14530-3108-4153-a9e3-b825b6119abe,VAC-1147,CAND-10147,HR (ОФФЕР),Timer: ожидание ответа (7 дн),Timer,,2025-09-17 02:54:29.325256,2025-09-19 02:54:29.325256,172800,timer_elapsed,
c7e14530-3108-4153-a9e3-b825b6119abe,VAC-1147,CAND-10147,HR (ОФФЕР),Переговоры / отказ,Task,HR_Manager_3,2025-09-20 12:00:29.325256,2025-09-20 15:46:29.325256,13560,rejected,
c826e907-5570-48f5-bd09-284ff38b1865,VAC-1197,CAND-10197,РУКОВОДИТЕЛЬ,Создать заявку,User Task,Сидоров_2,2025-09-30 21:20:29.325256,2025-09-30 21:34:29.325256,840,,
c826e907-5570-48f5-bd09-284ff38b1865,VAC-1197,CAND-10197,HR,Зарегистрировать в HCM,Service Task,Марина_9,2025-09-30 22:23:29.325256,2025-09-30 22:26:29.325256,180,,
c826e907-5570-48f5-bd09-284ff38b1865,VAC-1197,CAND-10197,РЕКРУТЕР,Разместить вакансию,Task,Дмитрий_4,2025-09-30 23:16:29.325256,2025-10-01 00:29:29.325256,4380,,
c826e907-5570-48f5-bd09-284ff38b1865,VAC-1197,CAND-10197,РЕКРУТЕР,Собирать резюме,Task,Дмитрий_8,2025-10-01 03:09:29.325256,2025-10-01 06:28:29.325256,11940,,
c826e907-5570-48f5-bd09-284ff38b1865,VAC-1197,CAND-10197,РЕКРУТЕР,Скрининг,Task,Екатерина_6,2025-10-01 07:37:29.325256,2025-10-01 08:16:29.325256,2340,rejected,не соотв. опыту
c826e907-5570-48f5-bd09-284ff38b1865,VAC-1197,CAND-10197,РЕКРУТЕР,Скрининг,Task,Екатерина_6,2025-10-01 08:37:29.325256,2025-10-01 09:30:29.325256,3180,rejected,не соотв. опыту
c826e907-5570-48f5-bd09-284ff38b1865,VAC-1197,CAND-10197,РЕКРУТЕР,Скрининг,Task,Екатерина_6,2025-10-01 09:37:29.325256,2025-10-01 10:09:29.325256,1920,rejected,не соотв. опыту
c82855db-28ef-403d-8a96-8aeb8ed2fe37,VAC-1113,CAND-10113,РУКОВОДИТЕЛЬ,Создать заявку,User Task,Сидоров_2,2025-09-14 21:51:29.325256,2025-09-14 22:14:29.325256,1380,,
c82855db-28ef-403d-8a96-8aeb8ed2fe37,VAC-1113,CAND-10113,HR,Зарегистрировать в HCM,Service Task,Наталья_8,2025-09-14 22:17:29.325256,2025-09-14 22:46:29.325256,1740,,
c82855db-28ef-403d-8a96-8aeb8ed2fe37,VAC-1113,CAND-10113,РЕКРУТЕР,Разместить вакансию,Task,Екатерина_7,2025-09-14 22:55:29.325256,2025-09-15 00:50:29.325256,6900,,
c82855db-28ef-403d-8a96-8aeb8ed2fe37,VAC-1113,CAND-10113,РЕКРУТЕР,Собирать резюме,Task,Екатерина_4,2025-09-15 01:54:29.325256,2025-09-15 03:29:29.325256,5700,,
c82855db-28ef-403d-8a96-8aeb8ed2fe37,VAC-1113,CAND-10113,РЕКРУТЕР,Скрининг,Task,Дмитрий_4,2025-09-15 03:58:29.325256,2025-09-15 04:18:29.325256,1200,passed,
c82855db-28ef-403d-8a96-8aeb8ed2fe37,VAC-1113,CAND-10113,ИНТЕРВЬЮЕРЫ,Назначить интервью,User Task,Анна_6,2025-09-15 08:08:29.325256,2025-09-15 08:25:29.325256,1020,,
c82855db-28ef-403d-8a96-8aeb8ed2fe37,VAC-1113,CAND-10113,ИНТЕРВЬЮЕРЫ,Интервью (раунд 1),User Task,Анна_2,2025-09-15 12:08:29.325256,2025-09-15 14:24:29.325256,8160,passed,
c82855db-28ef-403d-8a96-8aeb8ed2fe37,VAC-1113,CAND-10113,ИНТЕРВЬЮЕРЫ,Финальное интервью,User Task,Анна_9,2025-09-15 18:05:29.325256,2025-09-15 20:30:29.325256,8700,passed,
c82855db-28ef-403d-8a96-8aeb8ed2fe37,VAC-1113,CAND-10113,HR (ОФФЕР),Согласовать условия,User Task,HR_Manager_9,2025-09-15 20:57:29.325256,2025-09-15 23:34:29.325256,9420,,
c82855db-28ef-403d-8a96-8aeb8ed2fe37,VAC-1113,CAND-10113,HR (ОФФЕР),Сгенерировать оффер,Service Task,HR_Manager_8,2025-09-16 00:26:29.325256,2025-09-16 00:29:29.325256,180,,
c82855db-28ef-403d-8a96-8aeb8ed2fe37,VAC-1113,CAND-10113,HR (ОФФЕР),Отправить оффер,Send Task,HR_Manager_3,2025-09-16 00:46:29.325256,2025-09-16 00:49:29.325256,180,sent,
c82855db-28ef-403d-8a96-8aeb8ed2fe37,VAC-1113,CAND-10113,HR (ОФФЕР),Timer: ожидание ответа (7 дн),Timer,,2025-09-16 00:49:29.325256,2025-09-18 00:49:29.325256,172800,timer_elapsed,
c82855db-28ef-403d-8a96-8aeb8ed2fe37,VAC-1113,CAND-10113,SECURITY,Background Check,Call Activity,Служба_БД_9,2025-09-19 17:49:29.325256,2025-09-20 15:30:29.325256,78060,report_ready,
c82855db-28ef-403d-8a96-8aeb8ed2fe37,VAC-1113,CAND-10113,IT,Выдача оборудования,Task,IT_Specialist_5,2025-09-20 16:24:29.325256,2025-09-20 19:29:29.325256,11100,,
c82855db-28ef-403d-8a96-8aeb8ed2fe37,VAC-1113,CAND-10113,IT,Создать доступы,Task,IT_Specialist_8,2025-09-20 20:24:29.325256,2025-09-20 22:01:29.325256,5820,,
c82855db-28ef-403d-8a96-8aeb8ed2fe37,VAC-1113,CAND-10113,IT,HR/Training: Вводное обучение,Service Task,Ольга_9,2025-09-21 16:14:29.325256,2025-09-21 18:24:29.325256,7800,,
c82855db-28ef-403d-8a96-8aeb8ed2fe37,VAC-1113,CAND-10113,IT,Назначить ментора,Task,Марина_9,2025-09-21 19:45:29.325256,2025-09-21 21:42:29.325256,7020,,
c82855db-28ef-403d-8a96-8aeb8ed2fe37,VAC-1113,CAND-10113,IT,Message: уведомить всех,Message,system,2025-09-21 22:38:29.325256,2025-09-21 22:49:29.325256,660,notified,
c82855db-28ef-403d-8a96-8aeb8ed2fe37,VAC-1113,CAND-10113,HR (финал),Обновить статус в HCM,Service Task,Марина_4,2025-09-22 00:21:29.325256,2025-09-22 01:09:29.325256,2880,,
c82855db-28ef-403d-8a96-8aeb8ed2fe37,VAC-1113,CAND-10113,HR (финал),Payroll / учет,Service Task,Марина_5,2025-09-22 01:22:29.325256,2025-09-22 01:36:29.325256,840,,
c82855db-28ef-403d-8a96-8aeb8ed2fe37,VAC-1113,CAND-10113,HR (финал),Закрыть вакансию на порталах,Service Task,Марина_3,2025-09-22 02:20:29.325256,2025-09-22 02:43:29.325256,1380,,
c82855db-28ef-403d-8a96-8aeb8ed2fe37,VAC-1113,CAND-10113,HR (финал),Hire Completed,End Event,system,2025-09-22 03:29:29.325256,2025-09-22 03:29:29.325256,0,hired,
c8b5c091-8c3f-40a0-93bf-388620f527cf,VAC-1199,CAND-10199,РУКОВОДИТЕЛЬ,Создать заявку,User Task,Сидоров_6,2025-08-24 20:02:29.325256,2025-08-24 20:15:29.325256,780,,
c8b5c091-8c3f-40a0-93bf-388620f527cf,VAC-1199,CAND-10199,HR,Зарегистрировать в HCM,Service Task,Марина_1,2025-08-24 21:07:29.325256,2025-08-24 21:31:29.325256,1440,,
c8b5c091-8c3f-40a0-93bf-388620f527cf,VAC-1199,CAND-10199,РЕКРУТЕР,Разместить вакансию,Task,Дмитрий_7,2025-08-24 22:20:29.325256,2025-08-24 23:50:29.325256,5400,,
c8b5c091-8c3f-40a0-93bf-388620f527cf,VAC-1199,CAND-10199,РЕКРУТЕР,Собирать резюме,Task,Дмитрий_6,2025-08-25 00:49:29.325256,2025-08-25 03:08:29.325256,8340,,
c8b5c091-8c3f-40a0-93bf-388620f527cf,VAC-1199,CAND-10199,РЕКРУТЕР,Скрининг,Task,Алексей_4,2025-08-25 04:05:29.325256,2025-08-25 04:54:29.325256,2940,passed,
c8b5c091-8c3f-40a0-93bf-388620f527cf,VAC-1199,CAND-10199,ИНТЕРВЬЮЕРЫ,Назначить интервью,User Task,Анна_2,2025-08-25 08:09:29.325256,2025-08-25 08:33:29.325256,1440,,
c8b5c091-8c3f-40a0-93bf-388620f527cf,VAC-1199,CAND-10199,ИНТЕРВЬЮЕРЫ,Интервью (раунд 1),User Task,Андрей_1,2025-08-25 09:19:29.325256,2025-08-25 11:07:29.325256,6480,passed,
c8b5c091-8c3f-40a0-93bf-388620f527cf,VAC-1199,CAND-10199,ИНТЕРВЬЮЕРЫ,Интервью (раунд 2),User Task,Анна_7,2025-08-25 13:54:29.325256,2025-08-25 15:47:29.325256,6780,passed,
c8b5c091-8c3f-40a0-93bf-388620f527cf,VAC-1199,CAND-10199,ИНТЕРВЬЮЕРЫ,Интервью (раунд 3),User Task,Сергей_1,2025-08-25 18:42:29.325256,2025-08-25 21:23:29.325256,9660,rejected,культурный профиль
c9b104ec-53f9-4fd8-b1f4-a6c2ed525b9d,VAC-1025,CAND-10025,РУКОВОДИТЕЛЬ,Создать заявку,User Task,Сидоров_9,2025-09-20 19:30:29.325256,2025-09-20 19:57:29.325256,1620,,
c9b104ec-53f9-4fd8-b1f4-a6c2ed525b9d,VAC-1025,CAND-10025,HR,Зарегистрировать в HCM,Service Task,Ольга_8,2025-09-20 20:46:29.325256,2025-09-20 21:04:29.325256,1080,,
c9b104ec-53f9-4fd8-b1f4-a6c2ed525b9d,VAC-1025,CAND-10025,РЕКРУТЕР,Разместить вакансию,Task,Алексей_4,2025-09-20 22:04:29.325256,2025-09-20 22:55:29.325256,3060,,
c9b104ec-53f9-4fd8-b1f4-a6c2ed525b9d,VAC-1025,CAND-10025,РЕКРУТЕР,Собирать резюме,Task,Алексей_7,2025-09-21 03:57:29.325256,2025-09-21 06:05:29.325256,7680,,
c9b104ec-53f9-4fd8-b1f4-a6c2ed525b9d,VAC-1025,CAND-10025,РЕКРУТЕР,Скрининг,Task,Екатерина_8,2025-09-21 06:15:29.325256,2025-09-21 06:44:29.325256,1740,rejected,не прошёл тест
c9b104ec-53f9-4fd8-b1f4-a6c2ed525b9d,VAC-1025,CAND-10025,РЕКРУТЕР,Скрининг,Task,Екатерина_8,2025-09-21 07:15:29.325256,2025-09-21 08:10:29.325256,3300,rejected,не прошёл тест
ca2267ad-9a96-4d5a-a778-40c46d52a3d0,VAC-1101,CAND-10101,РУКОВОДИТЕЛЬ,Создать заявку,User Task,Кузнецов_2,2025-10-14 15:19:29.325256,2025-10-14 15:41:29.325256,1320,,
ca2267ad-9a96-4d5a-a778-40c46d52a3d0,VAC-1101,CAND-10101,HR,Зарегистрировать в HCM,Service Task,Наталья_5,2025-10-14 16:37:29.325256,2025-10-14 16:45:29.325256,480,,
ca2267ad-9a96-4d5a-a778-40c46d52a3d0,VAC-1101,CAND-10101,РЕКРУТЕР,Разместить вакансию,Task,Дмитрий_5,2025-10-14 17:33:29.325256,2025-10-14 18:39:29.325256,3960,,
ca2267ad-9a96-4d5a-a778-40c46d52a3d0,VAC-1101,CAND-10101,РЕКРУТЕР,Собирать резюме,Task,Екатерина_2,2025-10-14 22:22:29.325256,2025-10-15 01:26:29.325256,11040,,
ca2267ad-9a96-4d5a-a778-40c46d52a3d0,VAC-1101,CAND-10101,РЕКРУТЕР,Скрининг,Task,Алексей_7,2025-10-15 01:55:29.325256,2025-10-15 02:55:29.325256,3600,rejected,некорректное резюме
ca2267ad-9a96-4d5a-a778-40c46d52a3d0,VAC-1101,CAND-10101,РЕКРУТЕР,Скрининг,Task,Алексей_7,2025-10-15 02:55:29.325256,2025-10-15 03:52:29.325256,3420,rejected,не соотв. опыту
ca2267ad-9a96-4d5a-a778-40c46d52a3d0,VAC-1101,CAND-10101,РЕКРУТЕР,Скрининг,Task,Алексей_7,2025-10-15 03:55:29.325256,2025-10-15 04:32:29.325256,2220,rejected,не соотв. опыту
ca4c197b-05de-409e-a8d1-b9d315443b64,VAC-1122,CAND-10122,РУКОВОДИТЕЛЬ,Создать заявку,User Task,Иванов_5,2025-08-23 20:38:29.325256,2025-08-23 21:08:29.325256,1800,,
ca4c197b-05de-409e-a8d1-b9d315443b64,VAC-1122,CAND-10122,HR,Зарегистрировать в HCM,Service Task,Марина_6,2025-08-23 21:22:29.325256,2025-08-23 21:46:29.325256,1440,,
ca4c197b-05de-409e-a8d1-b9d315443b64,VAC-1122,CAND-10122,РЕКРУТЕР,Разместить вакансию,Task,Екатерина_9,2025-08-23 22:00:29.325256,2025-08-23 23:02:29.325256,3720,,
ca4c197b-05de-409e-a8d1-b9d315443b64,VAC-1122,CAND-10122,РЕКРУТЕР,Собирать резюме,Task,Алексей_4,2025-08-24 00:24:29.325256,2025-08-24 01:35:29.325256,4260,,
ca4c197b-05de-409e-a8d1-b9d315443b64,VAC-1122,CAND-10122,РЕКРУТЕР,Скрининг,Task,Дмитрий_4,2025-08-24 02:58:29.325256,2025-08-24 04:49:29.325256,6660,passed,
ca4c197b-05de-409e-a8d1-b9d315443b64,VAC-1122,CAND-10122,ИНТЕРВЬЮЕРЫ,Назначить интервью,User Task,Анна_1,2025-08-24 08:10:29.325256,2025-08-24 09:06:29.325256,3360,,
ca4c197b-05de-409e-a8d1-b9d315443b64,VAC-1122,CAND-10122,ИНТЕРВЬЮЕРЫ,Интервью (раунд 1),User Task,Анна_2,2025-08-24 11:34:29.325256,2025-08-24 14:24:29.325256,10200,passed,
ca4c197b-05de-409e-a8d1-b9d315443b64,VAC-1122,CAND-10122,ИНТЕРВЬЮЕРЫ,Интервью (раунд 2),User Task,Анна_8,2025-08-24 15:58:29.325256,2025-08-24 16:53:29.325256,3300,passed,
ca4c197b-05de-409e-a8d1-b9d315443b64,VAC-1122,CAND-10122,ИНТЕРВЬЮЕРЫ,Интервью (раунд 3),User Task,Анна_4,2025-08-24 18:47:29.325256,2025-08-24 20:48:29.325256,7260,passed,
ca4c197b-05de-409e-a8d1-b9d315443b64,VAC-1122,CAND-10122,ИНТЕРВЬЮЕРЫ,Финальное интервью,User Task,Андрей_6,2025-08-24 21:37:29.325256,2025-08-24 23:19:29.325256,6120,passed,
ca4c197b-05de-409e-a8d1-b9d315443b64,VAC-1122,CAND-10122,HR (ОФФЕР),Согласовать условия,User Task,HR_Manager_5,2025-08-25 00:31:29.325256,2025-08-25 02:56:29.325256,8700,,
ca4c197b-05de-409e-a8d1-b9d315443b64,VAC-1122,CAND-10122,HR (ОФФЕР),Сгенерировать оффер,Service Task,HR_Manager_6,2025-08-25 03:45:29.325256,2025-08-25 04:05:29.325256,1200,,
ca4c197b-05de-409e-a8d1-b9d315443b64,VAC-1122,CAND-10122,HR (ОФФЕР),Отправить оффер,Send Task,HR_Manager_1,2025-08-25 04:16:29.325256,2025-08-25 04:23:29.325256,420,sent,
ca4c197b-05de-409e-a8d1-b9d315443b64,VAC-1122,CAND-10122,HR (ОФФЕР),Timer: ожидание ответа (7 дн),Timer,,2025-08-25 04:23:29.325256,2025-08-30 04:23:29.325256,432000,timer_elapsed,
ca4c197b-05de-409e-a8d1-b9d315443b64,VAC-1122,CAND-10122,SECURITY,Background Check,Call Activity,Служба_БД_5,2025-08-30 19:31:29.325256,2025-08-31 18:23:29.325256,82320,report_ready,
ca4c197b-05de-409e-a8d1-b9d315443b64,VAC-1122,CAND-10122,IT,Выдача оборудования,Task,IT_Specialist_8,2025-08-31 18:41:29.325256,2025-08-31 22:04:29.325256,12180,,
ca4c197b-05de-409e-a8d1-b9d315443b64,VAC-1122,CAND-10122,IT,Создать доступы,Task,IT_Specialist_5,2025-08-31 23:08:29.325256,2025-09-01 01:12:29.325256,7440,,
ca4c197b-05de-409e-a8d1-b9d315443b64,VAC-1122,CAND-10122,IT,HR/Training: Вводное обучение,Service Task,Наталья_3,2025-09-03 19:42:29.325256,2025-09-04 01:24:29.325256,20520,,
ca4c197b-05de-409e-a8d1-b9d315443b64,VAC-1122,CAND-10122,IT,Назначить ментора,Task,Наталья_5,2025-09-04 04:14:29.325256,2025-09-04 05:41:29.325256,5220,,
ca4c197b-05de-409e-a8d1-b9d315443b64,VAC-1122,CAND-10122,IT,Message: уведомить всех,Message,system,2025-09-04 06:36:29.325256,2025-09-04 07:03:29.325256,1620,notified,
ca4c197b-05de-409e-a8d1-b9d315443b64,VAC-1122,CAND-10122,HR (финал),Обновить статус в HCM,Service Task,Марина_4,2025-09-04 07:21:29.325256,2025-09-04 08:19:29.325256,3480,,
ca4c197b-05de-409e-a8d1-b9d315443b64,VAC-1122,CAND-10122,HR (финал),Payroll / учет,Service Task,Марина_2,2025-09-04 08:36:29.325256,2025-09-04 09:23:29.325256,2820,,
ca4c197b-05de-409e-a8d1-b9d315443b64,VAC-1122,CAND-10122,HR (финал),Закрыть вакансию на порталах,Service Task,Наталья_9,2025-09-04 10:10:29.325256,2025-09-04 10:15:29.325256,300,,
ca4c197b-05de-409e-a8d1-b9d315443b64,VAC-1122,CAND-10122,HR (финал),Hire Completed,End Event,system,2025-09-04 10:56:29.325256,2025-09-04 10:56:29.325256,0,hired,
d1837c57-6704-477d-b081-3d5622d91711,VAC-1136,CAND-10136,РУКОВОДИТЕЛЬ,Создать заявку,User Task,Сидоров_1,2025-10-21 18:48:29.325256,2025-10-21 19:23:29.325256,2100,,
d1837c57-6704-477d-b081-3d5622d91711,VAC-1136,CAND-10136,HR,Зарегистрировать в HCM,Service Task,Ольга_4,2025-10-21 20:13:29.325256,2025-10-21 20:27:29.325256,840,,
d1837c57-6704-477d-b081-3d5622d91711,VAC-1136,CAND-10136,РЕКРУТЕР,Разместить вакансию,Task,Екатерина_6,2025-10-21 21:18:29.325256,2025-10-21 21:28:29.325256,600,,
d1837c57-6704-477d-b081-3d5622d91711,VAC-1136,CAND-10136,РЕКРУТЕР,Собирать резюме,Task,Екатерина_7,2025-10-21 23:14:29.325256,2025-10-22 01:29:29.325256,8100,,
d1837c57-6704-477d-b081-3d5622d91711,VAC-1136,CAND-10136,РЕКРУТЕР,Скрининг,Task,Алексей_7,2025-10-22 02:24:29.325256,2025-10-22 02:45:29.325256,1260,rejected,не соотв. опыту
d4fefa2a-775b-4c7a-b506-38768af1c1fe,VAC-1043,CAND-10043,РУКОВОДИТЕЛЬ,Создать заявку,User Task,Иванов_3,2025-09-04 13:38:29.325256,2025-09-04 13:52:29.325256,840,,
d4fefa2a-775b-4c7a-b506-38768af1c1fe,VAC-1043,CAND-10043,HR,Зарегистрировать в HCM,Service Task,Ольга_8,2025-09-04 14:42:29.325256,2025-09-04 15:03:29.325256,1260,,
d4fefa2a-775b-4c7a-b506-38768af1c1fe,VAC-1043,CAND-10043,РЕКРУТЕР,Разместить вакансию,Task,Екатерина_8,2025-09-04 15:52:29.325256,2025-09-04 17:14:29.325256,4920,,
d4fefa2a-775b-4c7a-b506-38768af1c1fe,VAC-1043,CAND-10043,РЕКРУТЕР,Собирать резюме,Task,Екатерина_6,2025-09-04 23:12:29.325256,2025-09-05 02:06:29.325256,10440,,
d4fefa2a-775b-4c7a-b506-38768af1c1fe,VAC-1043,CAND-10043,РЕКРУТЕР,Скрининг,Task,Дмитрий_3,2025-09-05 04:01:29.325256,2025-09-05 05:26:29.325256,5100,passed,
d4fefa2a-775b-4c7a-b506-38768af1c1fe,VAC-1043,CAND-10043,ИНТЕРВЬЮЕРЫ,Назначить интервью,User Task,Анна_5,2025-09-05 07:56:29.325256,2025-09-05 08:29:29.325256,1980,,
d4fefa2a-775b-4c7a-b506-38768af1c1fe,VAC-1043,CAND-10043,ИНТЕРВЬЮЕРЫ,Интервью (раунд 1),User Task,Андрей_5,2025-09-05 11:30:29.325256,2025-09-05 12:14:29.325256,2640,passed,
d4fefa2a-775b-4c7a-b506-38768af1c1fe,VAC-1043,CAND-10043,ИНТЕРВЬЮЕРЫ,Интервью (раунд 2),User Task,Сергей_5,2025-09-05 14:42:29.325256,2025-09-05 17:07:29.325256,8700,passed,
d4fefa2a-775b-4c7a-b506-38768af1c1fe,VAC-1043,CAND-10043,ИНТЕРВЬЮЕРЫ,Финальное интервью,User Task,Анна_7,2025-09-05 17:50:29.325256,2025-09-05 18:43:29.325256,3180,passed,
d4fefa2a-775b-4c7a-b506-38768af1c1fe,VAC-1043,CAND-10043,HR (ОФФЕР),Согласовать условия,User Task,HR_Manager_8,2025-09-05 19:52:29.325256,2025-09-05 22:50:29.325256,10680,,
d4fefa2a-775b-4c7a-b506-38768af1c1fe,VAC-1043,CAND-10043,HR (ОФФЕР),Сгенерировать оффер,Service Task,HR_Manager_6,2025-09-05 23:46:29.325256,2025-09-06 00:06:29.325256,1200,,
d4fefa2a-775b-4c7a-b506-38768af1c1fe,VAC-1043,CAND-10043,HR (ОФФЕР),Отправить оффер,Send Task,HR_Manager_1,2025-09-06 00:26:29.325256,2025-09-06 00:34:29.325256,480,sent,
d4fefa2a-775b-4c7a-b506-38768af1c1fe,VAC-1043,CAND-10043,HR (ОФФЕР),Timer: ожидание ответа (7 дн),Timer,,2025-09-06 00:34:29.325256,2025-09-13 00:34:29.325256,604800,timer_elapsed,
d4fefa2a-775b-4c7a-b506-38768af1c1fe,VAC-1043,CAND-10043,SECURITY,Background Check,Call Activity,Служба_БД_1,2025-09-14 00:01:29.325256,2025-09-14 03:53:29.325256,13920,report_ready,
d4fefa2a-775b-4c7a-b506-38768af1c1fe,VAC-1043,CAND-10043,IT,Выдача оборудования,Task,IT_Specialist_6,2025-09-14 04:50:29.325256,2025-09-14 07:12:29.325256,8520,,
d4fefa2a-775b-4c7a-b506-38768af1c1fe,VAC-1043,CAND-10043,IT,Создать доступы,Task,IT_Specialist_7,2025-09-14 08:04:29.325256,2025-09-14 09:26:29.325256,4920,,
d4fefa2a-775b-4c7a-b506-38768af1c1fe,VAC-1043,CAND-10043,IT,HR/Training: Вводное обучение,Service Task,Марина_1,2025-09-16 07:38:29.325256,2025-09-16 14:25:29.325256,24420,,
d4fefa2a-775b-4c7a-b506-38768af1c1fe,VAC-1043,CAND-10043,IT,Назначить ментора,Task,Марина_6,2025-09-16 17:52:29.325256,2025-09-16 19:22:29.325256,5400,,
d4fefa2a-775b-4c7a-b506-38768af1c1fe,VAC-1043,CAND-10043,IT,Message: уведомить всех,Message,system,2025-09-16 19:27:29.325256,2025-09-16 19:38:29.325256,660,notified,
d4fefa2a-775b-4c7a-b506-38768af1c1fe,VAC-1043,CAND-10043,HR (финал),Обновить статус в HCM,Service Task,Марина_7,2025-09-16 19:51:29.325256,2025-09-16 20:27:29.325256,2160,,
d4fefa2a-775b-4c7a-b506-38768af1c1fe,VAC-1043,CAND-10043,HR (финал),Payroll / учет,Service Task,Марина_3,2025-09-16 20:46:29.325256,2025-09-16 21:03:29.325256,1020,,
d4fefa2a-775b-4c7a-b506-38768af1c1fe,VAC-1043,CAND-10043,HR (финал),Закрыть вакансию на порталах,Service Task,Марина_3,2025-09-16 21:25:29.325256,2025-09-16 21:31:29.325256,360,,
d4fefa2a-775b-4c7a-b506-38768af1c1fe,VAC-1043,CAND-10043,HR (финал),Hire Completed,End Event,system,2025-09-16 22:30:29.325256,2025-09-16 22:30:29.325256,0,hired,
d52bf051-b8ff-45dd-a70f-72528c7635f8,VAC-1145,CAND-10145,РУКОВОДИТЕЛЬ,Создать заявку,User Task,Петров_3,2025-09-26 20:09:29.325256,2025-09-26 20:34:29.325256,1500,,
d52bf051-b8ff-45dd-a70f-72528c7635f8,VAC-1145,CAND-10145,HR,Зарегистрировать в HCM,Service Task,Марина_7,2025-09-26 20:38:29.325256,2025-09-26 21:00:29.325256,1320,,
d52bf051-b8ff-45dd-a70f-72528c7635f8,VAC-1145,CAND-10145,РЕКРУТЕР,Разместить вакансию,Task,Екатерина_9,2025-09-26 21:29:29.325256,2025-09-26 23:15:29.325256,6360,,
d52bf051-b8ff-45dd-a70f-72528c7635f8,VAC-1145,CAND-10145,РЕКРУТЕР,Собирать резюме,Task,Дмитрий_5,2025-09-27 00:11:29.325256,2025-09-27 01:37:29.325256,5160,,
d52bf051-b8ff-45dd-a70f-72528c7635f8,VAC-1145,CAND-10145,РЕКРУТЕР,Скрининг,Task,Алексей_3,2025-09-27 03:22:29.325256,2025-09-27 04:17:29.325256,3300,passed,
d52bf051-b8ff-45dd-a70f-72528c7635f8,VAC-1145,CAND-10145,ИНТЕРВЬЮЕРЫ,Назначить интервью,User Task,Анна_1,2025-09-27 06:48:29.325256,2025-09-27 07:29:29.325256,2460,,
d52bf051-b8ff-45dd-a70f-72528c7635f8,VAC-1145,CAND-10145,ИНТЕРВЬЮЕРЫ,Интервью (раунд 1),User Task,Анна_7,2025-09-27 09:41:29.325256,2025-09-27 11:18:29.325256,5820,passed,
d52bf051-b8ff-45dd-a70f-72528c7635f8,VAC-1145,CAND-10145,ИНТЕРВЬЮЕРЫ,Интервью (раунд 2),User Task,Сергей_9,2025-09-27 15:06:29.325256,2025-09-27 16:09:29.325256,3780,rejected,недостаточно навыков
d5edc114-9fc4-49d2-80fa-1cd6a53e033f,VAC-1157,CAND-10157,РУКОВОДИТЕЛЬ,Создать заявку,User Task,Сидоров_6,2025-09-26 11:13:29.325256,2025-09-26 11:54:29.325256,2460,,
d5edc114-9fc4-49d2-80fa-1cd6a53e033f,VAC-1157,CAND-10157,HR,Зарегистрировать в HCM,Service Task,Ольга_1,2025-09-26 11:59:29.325256,2025-09-26 12:04:29.325256,300,,
d5edc114-9fc4-49d2-80fa-1cd6a53e033f,VAC-1157,CAND-10157,РЕКРУТЕР,Разместить вакансию,Task,Екатерина_9,2025-09-26 12:26:29.325256,2025-09-26 13:24:29.325256,3480,,
d5edc114-9fc4-49d2-80fa-1cd6a53e033f,VAC-1157,CAND-10157,РЕКРУТЕР,Собирать резюме,Task,Екатерина_7,2025-09-26 14:58:29.325256,2025-09-26 17:54:29.325256,10560,,
d5edc114-9fc4-49d2-80fa-1cd6a53e033f,VAC-1157,CAND-10157,РЕКРУТЕР,Скрининг,Task,Алексей_5,2025-09-26 18:22:29.325256,2025-09-26 19:12:29.325256,3000,rejected,не соотв. опыту
d5edc114-9fc4-49d2-80fa-1cd6a53e033f,VAC-1157,CAND-10157,РЕКРУТЕР,Скрининг,Task,Алексей_5,2025-09-26 19:22:29.325256,2025-09-26 19:44:29.325256,1320,rejected,некорректное резюме
d656cc12-66b1-4a6a-8e8d-064aaae95e04,VAC-1176,CAND-10176,РУКОВОДИТЕЛЬ,Создать заявку,User Task,Кузнецов_3,2025-09-22 20:31:29.325256,2025-09-22 20:39:29.325256,480,,
d656cc12-66b1-4a6a-8e8d-064aaae95e04,VAC-1176,CAND-10176,HR,Зарегистрировать в HCM,Service Task,Марина_8,2025-09-22 20:53:29.325256,2025-09-22 21:23:29.325256,1800,,
d656cc12-66b1-4a6a-8e8d-064aaae95e04,VAC-1176,CAND-10176,РЕКРУТЕР,Разместить вакансию,Task,Дмитрий_3,2025-09-22 21:35:29.325256,2025-09-22 22:34:29.325256,3540,,
d656cc12-66b1-4a6a-8e8d-064aaae95e04,VAC-1176,CAND-10176,РЕКРУТЕР,Собирать резюме,Task,Алексей_6,2025-09-23 02:38:29.325256,2025-09-23 06:12:29.325256,12840,,
d656cc12-66b1-4a6a-8e8d-064aaae95e04,VAC-1176,CAND-10176,РЕКРУТЕР,Скрининг,Task,Дмитрий_3,2025-09-23 06:51:29.325256,2025-09-23 07:21:29.325256,1800,passed,
d656cc12-66b1-4a6a-8e8d-064aaae95e04,VAC-1176,CAND-10176,ИНТЕРВЬЮЕРЫ,Назначить интервью,User Task,Сергей_3,2025-09-23 10:16:29.325256,2025-09-23 10:24:29.325256,480,,
d656cc12-66b1-4a6a-8e8d-064aaae95e04,VAC-1176,CAND-10176,ИНТЕРВЬЮЕРЫ,Интервью (раунд 1),User Task,Сергей_4,2025-09-23 12:53:29.325256,2025-09-23 15:20:29.325256,8820,passed,
d656cc12-66b1-4a6a-8e8d-064aaae95e04,VAC-1176,CAND-10176,ИНТЕРВЬЮЕРЫ,Финальное интервью,User Task,Анна_3,2025-09-23 16:59:29.325256,2025-09-23 18:09:29.325256,4200,passed,
d656cc12-66b1-4a6a-8e8d-064aaae95e04,VAC-1176,CAND-10176,HR (ОФФЕР),Согласовать условия,User Task,HR_Manager_2,2025-09-23 19:32:29.325256,2025-09-23 22:23:29.325256,10260,,
d656cc12-66b1-4a6a-8e8d-064aaae95e04,VAC-1176,CAND-10176,HR (ОФФЕР),Сгенерировать оффер,Service Task,HR_Manager_4,2025-09-23 22:54:29.325256,2025-09-23 23:23:29.325256,1740,,
d656cc12-66b1-4a6a-8e8d-064aaae95e04,VAC-1176,CAND-10176,HR (ОФФЕР),Отправить оффер,Send Task,HR_Manager_5,2025-09-23 23:42:29.325256,2025-09-23 23:50:29.325256,480,sent,
d656cc12-66b1-4a6a-8e8d-064aaae95e04,VAC-1176,CAND-10176,HR (ОФФЕР),Timer: ожидание ответа (7 дн),Timer,,2025-09-23 23:50:29.325256,2025-09-25 23:50:29.325256,172800,timer_elapsed,
d656cc12-66b1-4a6a-8e8d-064aaae95e04,VAC-1176,CAND-10176,SECURITY,Background Check,Call Activity,Служба_БД_7,2025-09-26 16:41:29.325256,2025-09-27 02:08:29.325256,34020,report_ready,
d656cc12-66b1-4a6a-8e8d-064aaae95e04,VAC-1176,CAND-10176,IT,Выдача оборудования,Task,IT_Specialist_1,2025-09-27 04:03:29.325256,2025-09-27 07:04:29.325256,10860,,
d656cc12-66b1-4a6a-8e8d-064aaae95e04,VAC-1176,CAND-10176,IT,Создать доступы,Task,IT_Specialist_8,2025-09-27 08:02:29.325256,2025-09-27 08:23:29.325256,1260,,
d656cc12-66b1-4a6a-8e8d-064aaae95e04,VAC-1176,CAND-10176,IT,HR/Training: Вводное обучение,Service Task,Ольга_9,2025-09-30 05:14:29.325256,2025-09-30 06:31:29.325256,4620,,
d656cc12-66b1-4a6a-8e8d-064aaae95e04,VAC-1176,CAND-10176,IT,Назначить ментора,Task,Марина_2,2025-09-30 08:16:29.325256,2025-09-30 09:27:29.325256,4260,,
d656cc12-66b1-4a6a-8e8d-064aaae95e04,VAC-1176,CAND-10176,IT,Message: уведомить всех,Message,system,2025-09-30 09:56:29.325256,2025-09-30 10:12:29.325256,960,notified,
d656cc12-66b1-4a6a-8e8d-064aaae95e04,VAC-1176,CAND-10176,HR (финал),Обновить статус в HCM,Service Task,Марина_1,2025-09-30 10:43:29.325256,2025-09-30 10:49:29.325256,360,,
d656cc12-66b1-4a6a-8e8d-064aaae95e04,VAC-1176,CAND-10176,HR (финал),Payroll / учет,Service Task,Ольга_4,2025-09-30 11:34:29.325256,2025-09-30 12:21:29.325256,2820,,
d656cc12-66b1-4a6a-8e8d-064aaae95e04,VAC-1176,CAND-10176,HR (финал),Закрыть вакансию на порталах,Service Task,Ольга_4,2025-09-30 12:30:29.325256,2025-09-30 12:53:29.325256,1380,,
d656cc12-66b1-4a6a-8e8d-064aaae95e04,VAC-1176,CAND-10176,HR (финал),Hire Completed,End Event,system,2025-09-30 13:35:29.325256,2025-09-30 13:35:29.325256,0,hired,
d7441032-93ee-4a29-9277-a94393721182,VAC-1001,CAND-10001,РУКОВОДИТЕЛЬ,Создать заявку,User Task,Иванов_3,2025-09-06 18:37:29.325256,2025-09-06 18:59:29.325256,1320,,
d7441032-93ee-4a29-9277-a94393721182,VAC-1001,CAND-10001,HR,Зарегистрировать в HCM,Service Task,Ольга_5,2025-09-06 19:44:29.325256,2025-09-06 19:58:29.325256,840,,
d7441032-93ee-4a29-9277-a94393721182,VAC-1001,CAND-10001,РЕКРУТЕР,Разместить вакансию,Task,Дмитрий_2,2025-09-06 20:08:29.325256,2025-09-06 20:45:29.325256,2220,,
d7441032-93ee-4a29-9277-a94393721182,VAC-1001,CAND-10001,РЕКРУТЕР,Собирать резюме,Task,Алексей_6,2025-09-06 21:42:29.325256,2025-09-06 23:49:29.325256,7620,,
d7441032-93ee-4a29-9277-a94393721182,VAC-1001,CAND-10001,РЕКРУТЕР,Скрининг,Task,Екатерина_5,2025-09-07 01:42:29.325256,2025-09-07 02:16:29.325256,2040,rejected,не прошёл тест
d7441032-93ee-4a29-9277-a94393721182,VAC-1001,CAND-10001,РЕКРУТЕР,Скрининг,Task,Екатерина_5,2025-09-07 02:42:29.325256,2025-09-07 02:54:29.325256,720,rejected,некорректное резюме
d7441032-93ee-4a29-9277-a94393721182,VAC-1001,CAND-10001,РЕКРУТЕР,Скрининг,Task,Екатерина_5,2025-09-07 03:42:29.325256,2025-09-07 03:52:29.325256,600,rejected,не прошёл тест
d74e187d-217d-4795-9cfa-b94c4177a5df,VAC-1033,CAND-10033,РУКОВОДИТЕЛЬ,Создать заявку,User Task,Кузнецов_4,2025-10-06 16:13:29.325256,2025-10-06 16:46:29.325256,1980,,
d74e187d-217d-4795-9cfa-b94c4177a5df,VAC-1033,CAND-10033,HR,Зарегистрировать в HCM,Service Task,Наталья_6,2025-10-06 17:41:29.325256,2025-10-06 17:53:29.325256,720,,
d74e187d-217d-4795-9cfa-b94c4177a5df,VAC-1033,CAND-10033,РЕКРУТЕР,Разместить вакансию,Task,Дмитрий_1,2025-10-06 18:28:29.325256,2025-10-06 20:00:29.325256,5520,,
d74e187d-217d-4795-9cfa-b94c4177a5df,VAC-1033,CAND-10033,РЕКРУТЕР,Собирать резюме,Task,Алексей_2,2025-10-06 23:33:29.325256,2025-10-07 01:13:29.325256,6000,,
d74e187d-217d-4795-9cfa-b94c4177a5df,VAC-1033,CAND-10033,РЕКРУТЕР,Скрининг,Task,Дмитрий_2,2025-10-07 03:06:29.325256,2025-10-07 03:51:29.325256,2700,rejected,не прошёл тест
d74e187d-217d-4795-9cfa-b94c4177a5df,VAC-1033,CAND-10033,РЕКРУТЕР,Скрининг,Task,Дмитрий_2,2025-10-07 04:06:29.325256,2025-10-07 04:12:29.325256,360,rejected,не соотв. опыту
d74e187d-217d-4795-9cfa-b94c4177a5df,VAC-1033,CAND-10033,РЕКРУТЕР,Скрининг,Task,Дмитрий_2,2025-10-07 05:06:29.325256,2025-10-07 06:01:29.325256,3300,rejected,некорректное резюме
d885b24d-b78f-4f5a-a6b7-8d65c440894f,VAC-1050,CAND-10050,РУКОВОДИТЕЛЬ,Создать заявку,User Task,Кузнецов_7,2025-10-13 16:27:29.325256,2025-10-13 16:57:29.325256,1800,,
d885b24d-b78f-4f5a-a6b7-8d65c440894f,VAC-1050,CAND-10050,HR,Зарегистрировать в HCM,Service Task,Ольга_8,2025-10-13 17:19:29.325256,2025-10-13 17:25:29.325256,360,,
d885b24d-b78f-4f5a-a6b7-8d65c440894f,VAC-1050,CAND-10050,РЕКРУТЕР,Разместить вакансию,Task,Екатерина_5,2025-10-13 17:49:29.325256,2025-10-13 19:41:29.325256,6720,,
d885b24d-b78f-4f5a-a6b7-8d65c440894f,VAC-1050,CAND-10050,РЕКРУТЕР,Собирать резюме,Task,Дмитрий_2,2025-10-13 20:33:29.325256,2025-10-14 00:09:29.325256,12960,,
d885b24d-b78f-4f5a-a6b7-8d65c440894f,VAC-1050,CAND-10050,РЕКРУТЕР,Скрининг,Task,Алексей_9,2025-10-14 01:09:29.325256,2025-10-14 02:31:29.325256,4920,passed,
d885b24d-b78f-4f5a-a6b7-8d65c440894f,VAC-1050,CAND-10050,ИНТЕРВЬЮЕРЫ,Назначить интервью,User Task,Сергей_5,2025-10-14 03:27:29.325256,2025-10-14 03:37:29.325256,600,,
d885b24d-b78f-4f5a-a6b7-8d65c440894f,VAC-1050,CAND-10050,ИНТЕРВЬЮЕРЫ,Интервью (раунд 1),User Task,Сергей_6,2025-10-14 06:01:29.325256,2025-10-14 08:20:29.325256,8340,passed,
d885b24d-b78f-4f5a-a6b7-8d65c440894f,VAC-1050,CAND-10050,ИНТЕРВЬЮЕРЫ,Интервью (раунд 2),User Task,Сергей_7,2025-10-14 10:44:29.325256,2025-10-14 11:24:29.325256,2400,rejected,поведенческий
d8a4f35c-2c9b-4c1f-a2d2-b4290705a02a,VAC-1070,CAND-10070,РУКОВОДИТЕЛЬ,Создать заявку,User Task,Кузнецов_8,2025-09-11 15:23:29.325256,2025-09-11 16:00:29.325256,2220,,
d8a4f35c-2c9b-4c1f-a2d2-b4290705a02a,VAC-1070,CAND-10070,HR,Зарегистрировать в HCM,Service Task,Марина_8,2025-09-11 16:07:29.325256,2025-09-11 16:33:29.325256,1560,,
d8a4f35c-2c9b-4c1f-a2d2-b4290705a02a,VAC-1070,CAND-10070,РЕКРУТЕР,Разместить вакансию,Task,Дмитрий_4,2025-09-11 17:22:29.325256,2025-09-11 19:19:29.325256,7020,,
d8a4f35c-2c9b-4c1f-a2d2-b4290705a02a,VAC-1070,CAND-10070,РЕКРУТЕР,Собирать резюме,Task,Дмитрий_1,2025-09-11 22:38:29.325256,2025-09-12 00:28:29.325256,6600,,
d8a4f35c-2c9b-4c1f-a2d2-b4290705a02a,VAC-1070,CAND-10070,РЕКРУТЕР,Скрининг,Task,Алексей_3,2025-09-12 01:45:29.325256,2025-09-12 03:40:29.325256,6900,passed,
d8a4f35c-2c9b-4c1f-a2d2-b4290705a02a,VAC-1070,CAND-10070,ИНТЕРВЬЮЕРЫ,Назначить интервью,User Task,Анна_7,2025-09-12 06:31:29.325256,2025-09-12 07:13:29.325256,2520,,
d8a4f35c-2c9b-4c1f-a2d2-b4290705a02a,VAC-1070,CAND-10070,ИНТЕРВЬЮЕРЫ,Интервью (раунд 1),User Task,Сергей_4,2025-09-12 08:22:29.325256,2025-09-12 09:42:29.325256,4800,passed,
d8a4f35c-2c9b-4c1f-a2d2-b4290705a02a,VAC-1070,CAND-10070,ИНТЕРВЬЮЕРЫ,Интервью (раунд 2),User Task,Анна_6,2025-09-12 12:19:29.325256,2025-09-12 15:09:29.325256,10200,rejected,поведенческий
dcb74fec-9d56-42b9-9ac0-9f9e85d71f2c,VAC-1188,CAND-10188,РУКОВОДИТЕЛЬ,Создать заявку,User Task,Сидоров_3,2025-10-08 20:01:29.325256,2025-10-08 21:00:29.325256,3540,,
dcb74fec-9d56-42b9-9ac0-9f9e85d71f2c,VAC-1188,CAND-10188,HR,Зарегистрировать в HCM,Service Task,Наталья_6,2025-10-08 21:38:29.325256,2025-10-08 21:40:29.325256,120,,
dcb74fec-9d56-42b9-9ac0-9f9e85d71f2c,VAC-1188,CAND-10188,РЕКРУТЕР,Разместить вакансию,Task,Алексей_6,2025-10-08 22:10:29.325256,2025-10-08 23:48:29.325256,5880,,
dcb74fec-9d56-42b9-9ac0-9f9e85d71f2c,VAC-1188,CAND-10188,РЕКРУТЕР,Собирать резюме,Task,Дмитрий_6,2025-10-09 01:21:29.325256,2025-10-09 02:04:29.325256,2580,,
dcb74fec-9d56-42b9-9ac0-9f9e85d71f2c,VAC-1188,CAND-10188,РЕКРУТЕР,Скрининг,Task,Дмитрий_1,2025-10-09 03:02:29.325256,2025-10-09 04:28:29.325256,5160,passed,
dcb74fec-9d56-42b9-9ac0-9f9e85d71f2c,VAC-1188,CAND-10188,ИНТЕРВЬЮЕРЫ,Назначить интервью,User Task,Андрей_9,2025-10-09 07:13:29.325256,2025-10-09 07:58:29.325256,2700,,
dcb74fec-9d56-42b9-9ac0-9f9e85d71f2c,VAC-1188,CAND-10188,ИНТЕРВЬЮЕРЫ,Интервью (раунд 1),User Task,Анна_3,2025-10-09 11:44:29.325256,2025-10-09 13:00:29.325256,4560,rejected,культурный профиль
ddb94270-7c31-4f92-b1dd-a4cbe6cad009,VAC-1187,CAND-10187,РУКОВОДИТЕЛЬ,Создать заявку,User Task,Сидоров_7,2025-10-02 21:30:29.325256,2025-10-02 21:42:29.325256,720,,
ddb94270-7c31-4f92-b1dd-a4cbe6cad009,VAC-1187,CAND-10187,HR,Зарегистрировать в HCM,Service Task,Марина_4,2025-10-02 21:54:29.325256,2025-10-02 22:10:29.325256,960,,
ddb94270-7c31-4f92-b1dd-a4cbe6cad009,VAC-1187,CAND-10187,РЕКРУТЕР,Разместить вакансию,Task,Дмитрий_8,2025-10-02 22:12:29.325256,2025-10-02 22:37:29.325256,1500,,
ddb94270-7c31-4f92-b1dd-a4cbe6cad009,VAC-1187,CAND-10187,РЕКРУТЕР,Собирать резюме,Task,Екатерина_6,2025-10-02 23:21:29.325256,2025-10-03 02:24:29.325256,10980,,
ddb94270-7c31-4f92-b1dd-a4cbe6cad009,VAC-1187,CAND-10187,РЕКРУТЕР,Скрининг,Task,Екатерина_7,2025-10-03 03:43:29.325256,2025-10-03 04:31:29.325256,2880,rejected,некорректное резюме
ddb94270-7c31-4f92-b1dd-a4cbe6cad009,VAC-1187,CAND-10187,РЕКРУТЕР,Скрининг,Task,Екатерина_7,2025-10-03 04:43:29.325256,2025-10-03 05:32:29.325256,2940,rejected,не соотв. опыту
ddb94270-7c31-4f92-b1dd-a4cbe6cad009,VAC-1187,CAND-10187,РЕКРУТЕР,Скрининг,Task,Екатерина_7,2025-10-03 05:43:29.325256,2025-10-03 06:11:29.325256,1680,rejected,не прошёл тест
deca4693-7ba4-4375-9d69-86be4b20bcad,VAC-1139,CAND-10139,РУКОВОДИТЕЛЬ,Создать заявку,User Task,Кузнецов_4,2025-08-27 21:34:29.325256,2025-08-27 22:31:29.325256,3420,,
deca4693-7ba4-4375-9d69-86be4b20bcad,VAC-1139,CAND-10139,HR,Зарегистрировать в HCM,Service Task,Ольга_9,2025-08-27 23:05:29.325256,2025-08-27 23:27:29.325256,1320,,
deca4693-7ba4-4375-9d69-86be4b20bcad,VAC-1139,CAND-10139,РЕКРУТЕР,Разместить вакансию,Task,Дмитрий_6,2025-08-27 23:37:29.325256,2025-08-28 01:05:29.325256,5280,,
deca4693-7ba4-4375-9d69-86be4b20bcad,VAC-1139,CAND-10139,РЕКРУТЕР,Собирать резюме,Task,Дмитрий_2,2025-08-28 04:44:29.325256,2025-08-28 07:58:29.325256,11640,,
deca4693-7ba4-4375-9d69-86be4b20bcad,VAC-1139,CAND-10139,РЕКРУТЕР,Скрининг,Task,Екатерина_2,2025-08-28 08:15:29.325256,2025-08-28 09:26:29.325256,4260,passed,
deca4693-7ba4-4375-9d69-86be4b20bcad,VAC-1139,CAND-10139,ИНТЕРВЬЮЕРЫ,Назначить интервью,User Task,Андрей_4,2025-08-28 10:29:29.325256,2025-08-28 10:45:29.325256,960,,
deca4693-7ba4-4375-9d69-86be4b20bcad,VAC-1139,CAND-10139,ИНТЕРВЬЮЕРЫ,Интервью (раунд 1),User Task,Анна_7,2025-08-28 13:19:29.325256,2025-08-28 14:38:29.325256,4740,passed,
deca4693-7ba4-4375-9d69-86be4b20bcad,VAC-1139,CAND-10139,ИНТЕРВЬЮЕРЫ,Финальное интервью,User Task,Анна_5,2025-08-28 17:50:29.325256,2025-08-28 20:25:29.325256,9300,passed,
deca4693-7ba4-4375-9d69-86be4b20bcad,VAC-1139,CAND-10139,HR (ОФФЕР),Согласовать условия,User Task,HR_Manager_2,2025-08-28 20:41:29.325256,2025-08-28 22:44:29.325256,7380,,
deca4693-7ba4-4375-9d69-86be4b20bcad,VAC-1139,CAND-10139,HR (ОФФЕР),Сгенерировать оффер,Service Task,HR_Manager_2,2025-08-28 22:49:29.325256,2025-08-28 22:57:29.325256,480,,
deca4693-7ba4-4375-9d69-86be4b20bcad,VAC-1139,CAND-10139,HR (ОФФЕР),Отправить оффер,Send Task,HR_Manager_9,2025-08-28 23:12:29.325256,2025-08-28 23:13:29.325256,60,sent,
deca4693-7ba4-4375-9d69-86be4b20bcad,VAC-1139,CAND-10139,HR (ОФФЕР),Timer: ожидание ответа (7 дн),Timer,,2025-08-28 23:13:29.325256,2025-09-04 23:13:29.325256,604800,timer_elapsed,
deca4693-7ba4-4375-9d69-86be4b20bcad,VAC-1139,CAND-10139,HR (ОФФЕР),Переговоры / отказ,Task,HR_Manager_9,2025-09-05 03:12:29.325256,2025-09-05 06:47:29.325256,12900,rejected,
df094385-5847-4e7b-8376-cc73c13ec5dc,VAC-1098,CAND-10098,РУКОВОДИТЕЛЬ,Создать заявку,User Task,Сидоров_2,2025-10-12 17:30:29.325256,2025-10-12 18:06:29.325256,2160,,
df094385-5847-4e7b-8376-cc73c13ec5dc,VAC-1098,CAND-10098,HR,Зарегистрировать в HCM,Service Task,Ольга_3,2025-10-12 18:48:29.325256,2025-10-12 19:06:29.325256,1080,,
df094385-5847-4e7b-8376-cc73c13ec5dc,VAC-1098,CAND-10098,РЕКРУТЕР,Разместить вакансию,Task,Дмитрий_3,2025-10-12 19:30:29.325256,2025-10-12 20:28:29.325256,3480,,
df094385-5847-4e7b-8376-cc73c13ec5dc,VAC-1098,CAND-10098,РЕКРУТЕР,Собирать резюме,Task,Дмитрий_8,2025-10-13 00:26:29.325256,2025-10-13 01:07:29.325256,2460,,
df094385-5847-4e7b-8376-cc73c13ec5dc,VAC-1098,CAND-10098,РЕКРУТЕР,Скрининг,Task,Алексей_5,2025-10-13 02:11:29.325256,2025-10-13 02:49:29.325256,2280,passed,
df094385-5847-4e7b-8376-cc73c13ec5dc,VAC-1098,CAND-10098,ИНТЕРВЬЮЕРЫ,Назначить интервью,User Task,Анна_2,2025-10-13 03:57:29.325256,2025-10-13 04:50:29.325256,3180,,
df094385-5847-4e7b-8376-cc73c13ec5dc,VAC-1098,CAND-10098,ИНТЕРВЬЮЕРЫ,Интервью (раунд 1),User Task,Сергей_4,2025-10-13 08:11:29.325256,2025-10-13 10:09:29.325256,7080,rejected,культурный профиль
df0f1a40-bfb2-4704-a8ae-1567adf18385,VAC-1055,CAND-10055,РУКОВОДИТЕЛЬ,Создать заявку,User Task,Петров_6,2025-09-25 13:19:29.325256,2025-09-25 13:34:29.325256,900,,
df0f1a40-bfb2-4704-a8ae-1567adf18385,VAC-1055,CAND-10055,HR,Зарегистрировать в HCM,Service Task,Наталья_6,2025-09-25 14:34:29.325256,2025-09-25 14:57:29.325256,1380,,
df0f1a40-bfb2-4704-a8ae-1567adf18385,VAC-1055,CAND-10055,РЕКРУТЕР,Разместить вакансию,Task,Алексей_5,2025-09-25 15:31:29.325256,2025-09-25 16:17:29.325256,2760,,
df0f1a40-bfb2-4704-a8ae-1567adf18385,VAC-1055,CAND-10055,РЕКРУТЕР,Собирать резюме,Task,Екатерина_5,2025-09-25 18:07:29.325256,2025-09-25 21:19:29.325256,11520,,
df0f1a40-bfb2-4704-a8ae-1567adf18385,VAC-1055,CAND-10055,РЕКРУТЕР,Скрининг,Task,Дмитрий_9,2025-09-25 21:40:29.325256,2025-09-25 23:05:29.325256,5100,passed,
df0f1a40-bfb2-4704-a8ae-1567adf18385,VAC-1055,CAND-10055,ИНТЕРВЬЮЕРЫ,Назначить интервью,User Task,Анна_3,2025-09-26 02:19:29.325256,2025-09-26 02:34:29.325256,900,,
df0f1a40-bfb2-4704-a8ae-1567adf18385,VAC-1055,CAND-10055,ИНТЕРВЬЮЕРЫ,Интервью (раунд 1),User Task,Анна_1,2025-09-26 05:52:29.325256,2025-09-26 07:48:29.325256,6960,rejected,недостаточно навыков
e17ace04-68be-4584-9438-42377dba733a,VAC-1041,CAND-10041,РУКОВОДИТЕЛЬ,Создать заявку,User Task,Кузнецов_2,2025-09-17 11:27:29.325256,2025-09-17 11:33:29.325256,360,,
e17ace04-68be-4584-9438-42377dba733a,VAC-1041,CAND-10041,HR,Зарегистрировать в HCM,Service Task,Марина_7,2025-09-17 12:29:29.325256,2025-09-17 12:40:29.325256,660,,
e17ace04-68be-4584-9438-42377dba733a,VAC-1041,CAND-10041,РЕКРУТЕР,Разместить вакансию,Task,Екатерина_7,2025-09-17 13:17:29.325256,2025-09-17 14:18:29.325256,3660,,
e17ace04-68be-4584-9438-42377dba733a,VAC-1041,CAND-10041,РЕКРУТЕР,Собирать резюме,Task,Дмитрий_1,2025-09-17 16:56:29.325256,2025-09-17 17:55:29.325256,3540,,
e17ace04-68be-4584-9438-42377dba733a,VAC-1041,CAND-10041,РЕКРУТЕР,Скрининг,Task,Екатерина_8,2025-09-17 18:41:29.325256,2025-09-17 18:51:29.325256,600,rejected,некорректное резюме
e17ace04-68be-4584-9438-42377dba733a,VAC-1041,CAND-10041,РЕКРУТЕР,Скрининг,Task,Екатерина_8,2025-09-17 19:41:29.325256,2025-09-17 20:40:29.325256,3540,rejected,не соотв. опыту
e195aa25-892f-463a-82fe-6c791fccb1cf,VAC-1091,CAND-10091,РУКОВОДИТЕЛЬ,Создать заявку,User Task,Кузнецов_1,2025-09-10 18:26:29.325256,2025-09-10 19:06:29.325256,2400,,
e195aa25-892f-463a-82fe-6c791fccb1cf,VAC-1091,CAND-10091,HR,Зарегистрировать в HCM,Service Task,Ольга_3,2025-09-10 19:12:29.325256,2025-09-10 19:21:29.325256,540,,
e195aa25-892f-463a-82fe-6c791fccb1cf,VAC-1091,CAND-10091,РЕКРУТЕР,Разместить вакансию,Task,Екатерина_9,2025-09-10 19:48:29.325256,2025-09-10 20:23:29.325256,2100,,
e195aa25-892f-463a-82fe-6c791fccb1cf,VAC-1091,CAND-10091,РЕКРУТЕР,Собирать резюме,Task,Екатерина_1,2025-09-10 22:40:29.325256,2025-09-11 01:51:29.325256,11460,,
e195aa25-892f-463a-82fe-6c791fccb1cf,VAC-1091,CAND-10091,РЕКРУТЕР,Скрининг,Task,Екатерина_6,2025-09-11 02:44:29.325256,2025-09-11 04:29:29.325256,6300,passed,
e195aa25-892f-463a-82fe-6c791fccb1cf,VAC-1091,CAND-10091,ИНТЕРВЬЮЕРЫ,Назначить интервью,User Task,Сергей_9,2025-09-11 08:19:29.325256,2025-09-11 08:55:29.325256,2160,,
e195aa25-892f-463a-82fe-6c791fccb1cf,VAC-1091,CAND-10091,ИНТЕРВЬЮЕРЫ,Интервью (раунд 1),User Task,Сергей_4,2025-09-11 11:04:29.325256,2025-09-11 12:43:29.325256,5940,passed,
e195aa25-892f-463a-82fe-6c791fccb1cf,VAC-1091,CAND-10091,ИНТЕРВЬЮЕРЫ,Интервью (раунд 2),User Task,Сергей_9,2025-09-11 13:20:29.325256,2025-09-11 15:01:29.325256,6060,passed,
e195aa25-892f-463a-82fe-6c791fccb1cf,VAC-1091,CAND-10091,ИНТЕРВЬЮЕРЫ,Финальное интервью,User Task,Андрей_2,2025-09-11 16:56:29.325256,2025-09-11 19:55:29.325256,10740,rejected,финал не пройден
e2d22885-4468-47fd-b021-8e3db9f3096d,VAC-1005,CAND-10005,РУКОВОДИТЕЛЬ,Создать заявку,User Task,Петров_3,2025-10-17 21:19:29.325256,2025-10-17 22:17:29.325256,3480,,
e2d22885-4468-47fd-b021-8e3db9f3096d,VAC-1005,CAND-10005,HR,Зарегистрировать в HCM,Service Task,Наталья_9,2025-10-17 22:41:29.325256,2025-10-17 23:06:29.325256,1500,,
e2d22885-4468-47fd-b021-8e3db9f3096d,VAC-1005,CAND-10005,РЕКРУТЕР,Разместить вакансию,Task,Алексей_6,2025-10-17 23:56:29.325256,2025-10-18 01:13:29.325256,4620,,
e2d22885-4468-47fd-b021-8e3db9f3096d,VAC-1005,CAND-10005,РЕКРУТЕР,Собирать резюме,Task,Алексей_6,2025-10-18 05:33:29.325256,2025-10-18 06:07:29.325256,2040,,
e2d22885-4468-47fd-b021-8e3db9f3096d,VAC-1005,CAND-10005,РЕКРУТЕР,Скрининг,Task,Дмитрий_4,2025-10-18 08:04:29.325256,2025-10-18 09:55:29.325256,6660,passed,
e2d22885-4468-47fd-b021-8e3db9f3096d,VAC-1005,CAND-10005,ИНТЕРВЬЮЕРЫ,Назначить интервью,User Task,Андрей_8,2025-10-18 12:50:29.325256,2025-10-18 13:00:29.325256,600,,
e2d22885-4468-47fd-b021-8e3db9f3096d,VAC-1005,CAND-10005,ИНТЕРВЬЮЕРЫ,Интервью (раунд 1),User Task,Андрей_8,2025-10-18 16:44:29.325256,2025-10-18 19:30:29.325256,9960,rejected,культурный профиль
e3e62746-119f-4a81-9d50-c7127f7e0582,VAC-1039,CAND-10039,РУКОВОДИТЕЛЬ,Создать заявку,User Task,Петров_7,2025-09-01 21:01:29.325256,2025-09-01 21:11:29.325256,600,,
e3e62746-119f-4a81-9d50-c7127f7e0582,VAC-1039,CAND-10039,HR,Зарегистрировать в HCM,Service Task,Ольга_3,2025-09-01 21:38:29.325256,2025-09-01 21:53:29.325256,900,,
e3e62746-119f-4a81-9d50-c7127f7e0582,VAC-1039,CAND-10039,РЕКРУТЕР,Разместить вакансию,Task,Екатерина_6,2025-09-01 22:17:29.325256,2025-09-01 23:06:29.325256,2940,,
e3e62746-119f-4a81-9d50-c7127f7e0582,VAC-1039,CAND-10039,РЕКРУТЕР,Собирать резюме,Task,Алексей_1,2025-09-02 04:06:29.325256,2025-09-02 07:08:29.325256,10920,,
e3e62746-119f-4a81-9d50-c7127f7e0582,VAC-1039,CAND-10039,РЕКРУТЕР,Скрининг,Task,Екатерина_1,2025-09-02 07:32:29.325256,2025-09-02 08:05:29.325256,1980,rejected,не прошёл тест
e3e62746-119f-4a81-9d50-c7127f7e0582,VAC-1039,CAND-10039,РЕКРУТЕР,Скрининг,Task,Екатерина_1,2025-09-02 08:32:29.325256,2025-09-02 09:04:29.325256,1920,rejected,некорректное резюме
e4753f4b-97ab-43c9-83e1-a5d32894dba9,VAC-1072,CAND-10072,РУКОВОДИТЕЛЬ,Создать заявку,User Task,Кузнецов_6,2025-10-07 13:00:29.325256,2025-10-07 13:18:29.325256,1080,,
e4753f4b-97ab-43c9-83e1-a5d32894dba9,VAC-1072,CAND-10072,HR,Зарегистрировать в HCM,Service Task,Марина_8,2025-10-07 13:22:29.325256,2025-10-07 13:42:29.325256,1200,,
e4753f4b-97ab-43c9-83e1-a5d32894dba9,VAC-1072,CAND-10072,РЕКРУТЕР,Разместить вакансию,Task,Алексей_1,2025-10-07 14:25:29.325256,2025-10-07 15:37:29.325256,4320,,
e4753f4b-97ab-43c9-83e1-a5d32894dba9,VAC-1072,CAND-10072,РЕКРУТЕР,Собирать резюме,Task,Дмитрий_1,2025-10-07 20:19:29.325256,2025-10-07 23:10:29.325256,10260,,
e4753f4b-97ab-43c9-83e1-a5d32894dba9,VAC-1072,CAND-10072,РЕКРУТЕР,Скрининг,Task,Екатерина_5,2025-10-07 23:17:29.325256,2025-10-08 00:29:29.325256,4320,passed,
e4753f4b-97ab-43c9-83e1-a5d32894dba9,VAC-1072,CAND-10072,ИНТЕРВЬЮЕРЫ,Назначить интервью,User Task,Анна_7,2025-10-08 02:12:29.325256,2025-10-08 02:18:29.325256,360,,
e4753f4b-97ab-43c9-83e1-a5d32894dba9,VAC-1072,CAND-10072,ИНТЕРВЬЮЕРЫ,Интервью (раунд 1),User Task,Андрей_4,2025-10-08 03:15:29.325256,2025-10-08 04:09:29.325256,3240,passed,
e4753f4b-97ab-43c9-83e1-a5d32894dba9,VAC-1072,CAND-10072,ИНТЕРВЬЮЕРЫ,Финальное интервью,User Task,Сергей_5,2025-10-08 07:11:29.325256,2025-10-08 09:55:29.325256,9840,passed,
e4753f4b-97ab-43c9-83e1-a5d32894dba9,VAC-1072,CAND-10072,HR (ОФФЕР),Согласовать условия,User Task,HR_Manager_6,2025-10-08 11:46:29.325256,2025-10-08 13:57:29.325256,7860,,
e4753f4b-97ab-43c9-83e1-a5d32894dba9,VAC-1072,CAND-10072,HR (ОФФЕР),Сгенерировать оффер,Service Task,HR_Manager_4,2025-10-08 14:27:29.325256,2025-10-08 14:43:29.325256,960,,
e4753f4b-97ab-43c9-83e1-a5d32894dba9,VAC-1072,CAND-10072,HR (ОФФЕР),Отправить оффер,Send Task,HR_Manager_2,2025-10-08 14:53:29.325256,2025-10-08 14:55:29.325256,120,sent,
e4753f4b-97ab-43c9-83e1-a5d32894dba9,VAC-1072,CAND-10072,HR (ОФФЕР),Timer: ожидание ответа (7 дн),Timer,,2025-10-08 14:55:29.325256,2025-10-15 14:55:29.325256,604800,timer_elapsed,
e4753f4b-97ab-43c9-83e1-a5d32894dba9,VAC-1072,CAND-10072,SECURITY,Background Check,Call Activity,Служба_БД_1,2025-10-17 04:39:29.325256,2025-10-17 21:53:29.325256,62040,report_ready,
e4753f4b-97ab-43c9-83e1-a5d32894dba9,VAC-1072,CAND-10072,IT,Выдача оборудования,Task,IT_Specialist_6,2025-10-17 22:04:29.325256,2025-10-18 00:41:29.325256,9420,,
e4753f4b-97ab-43c9-83e1-a5d32894dba9,VAC-1072,CAND-10072,IT,Создать доступы,Task,IT_Specialist_4,2025-10-18 01:58:29.325256,2025-10-18 02:32:29.325256,2040,,
e4753f4b-97ab-43c9-83e1-a5d32894dba9,VAC-1072,CAND-10072,IT,HR/Training: Вводное обучение,Service Task,Марина_8,2025-10-19 07:24:29.325256,2025-10-19 14:18:29.325256,24840,,
e4753f4b-97ab-43c9-83e1-a5d32894dba9,VAC-1072,CAND-10072,IT,Назначить ментора,Task,Наталья_5,2025-10-19 15:32:29.325256,2025-10-19 15:47:29.325256,900,,
e4753f4b-97ab-43c9-83e1-a5d32894dba9,VAC-1072,CAND-10072,IT,Message: уведомить всех,Message,system,2025-10-19 16:45:29.325256,2025-10-19 17:03:29.325256,1080,notified,
e4753f4b-97ab-43c9-83e1-a5d32894dba9,VAC-1072,CAND-10072,HR (финал),Обновить статус в HCM,Service Task,Наталья_3,2025-10-19 18:16:29.325256,2025-10-19 18:59:29.325256,2580,,
e4753f4b-97ab-43c9-83e1-a5d32894dba9,VAC-1072,CAND-10072,HR (финал),Payroll / учет,Service Task,Ольга_1,2025-10-19 19:59:29.325256,2025-10-19 20:54:29.325256,3300,,
e4753f4b-97ab-43c9-83e1-a5d32894dba9,VAC-1072,CAND-10072,HR (финал),Закрыть вакансию на порталах,Service Task,Наталья_7,2025-10-19 21:08:29.325256,2025-10-19 21:46:29.325256,2280,,
e4753f4b-97ab-43c9-83e1-a5d32894dba9,VAC-1072,CAND-10072,HR (финал),Hire Completed,End Event,system,2025-10-19 22:46:29.325256,2025-10-19 22:46:29.325256,0,hired,
e56117d4-ff34-4925-870d-ef9abf9be77e,VAC-1108,CAND-10108,РУКОВОДИТЕЛЬ,Создать заявку,User Task,Петров_4,2025-08-24 14:14:29.325256,2025-08-24 15:05:29.325256,3060,,
e56117d4-ff34-4925-870d-ef9abf9be77e,VAC-1108,CAND-10108,HR,Зарегистрировать в HCM,Service Task,Марина_9,2025-08-24 15:52:29.325256,2025-08-24 15:53:29.325256,60,,
e56117d4-ff34-4925-870d-ef9abf9be77e,VAC-1108,CAND-10108,РЕКРУТЕР,Разместить вакансию,Task,Дмитрий_1,2025-08-24 16:04:29.325256,2025-08-24 16:29:29.325256,1500,,
e56117d4-ff34-4925-870d-ef9abf9be77e,VAC-1108,CAND-10108,РЕКРУТЕР,Собирать резюме,Task,Дмитрий_9,2025-08-24 19:51:29.325256,2025-08-24 23:04:29.325256,11580,,
e56117d4-ff34-4925-870d-ef9abf9be77e,VAC-1108,CAND-10108,РЕКРУТЕР,Скрининг,Task,Екатерина_1,2025-08-25 00:28:29.325256,2025-08-25 01:26:29.325256,3480,rejected,не соотв. опыту
e56117d4-ff34-4925-870d-ef9abf9be77e,VAC-1108,CAND-10108,РЕКРУТЕР,Скрининг,Task,Екатерина_1,2025-08-25 01:28:29.325256,2025-08-25 01:36:29.325256,480,rejected,не прошёл тест
e56117d4-ff34-4925-870d-ef9abf9be77e,VAC-1108,CAND-10108,РЕКРУТЕР,Скрининг,Task,Екатерина_1,2025-08-25 02:28:29.325256,2025-08-25 02:40:29.325256,720,rejected,некорректное резюме
e5e638af-32da-4bd7-ae90-75cff97cc407,VAC-1017,CAND-10017,РУКОВОДИТЕЛЬ,Создать заявку,User Task,Кузнецов_6,2025-09-28 11:22:29.325256,2025-09-28 12:01:29.325256,2340,,
e5e638af-32da-4bd7-ae90-75cff97cc407,VAC-1017,CAND-10017,HR,Зарегистрировать в HCM,Service Task,Марина_6,2025-09-28 12:06:29.325256,2025-09-28 12:23:29.325256,1020,,
e5e638af-32da-4bd7-ae90-75cff97cc407,VAC-1017,CAND-10017,РЕКРУТЕР,Разместить вакансию,Task,Дмитрий_8,2025-09-28 12:24:29.325256,2025-09-28 14:22:29.325256,7080,,
e5e638af-32da-4bd7-ae90-75cff97cc407,VAC-1017,CAND-10017,РЕКРУТЕР,Собирать резюме,Task,Дмитрий_8,2025-09-28 15:26:29.325256,2025-09-28 17:46:29.325256,8400,,
e5e638af-32da-4bd7-ae90-75cff97cc407,VAC-1017,CAND-10017,РЕКРУТЕР,Скрининг,Task,Дмитрий_3,2025-09-28 19:21:29.325256,2025-09-28 19:43:29.325256,1320,rejected,не прошёл тест
e5e638af-32da-4bd7-ae90-75cff97cc407,VAC-1017,CAND-10017,РЕКРУТЕР,Скрининг,Task,Дмитрий_3,2025-09-28 20:21:29.325256,2025-09-28 21:17:29.325256,3360,rejected,не прошёл тест
e5e638af-32da-4bd7-ae90-75cff97cc407,VAC-1017,CAND-10017,РЕКРУТЕР,Скрининг,Task,Дмитрий_3,2025-09-28 21:21:29.325256,2025-09-28 22:15:29.325256,3240,rejected,некорректное резюме
e73d600e-a850-4920-aabf-2c3ddfc85245,VAC-1151,CAND-10151,РУКОВОДИТЕЛЬ,Создать заявку,User Task,Кузнецов_6,2025-09-03 18:55:29.325256,2025-09-03 19:39:29.325256,2640,,
e73d600e-a850-4920-aabf-2c3ddfc85245,VAC-1151,CAND-10151,HR,Зарегистрировать в HCM,Service Task,Наталья_7,2025-09-03 20:35:29.325256,2025-09-03 20:50:29.325256,900,,
e73d600e-a850-4920-aabf-2c3ddfc85245,VAC-1151,CAND-10151,РЕКРУТЕР,Разместить вакансию,Task,Алексей_7,2025-09-03 21:16:29.325256,2025-09-03 23:05:29.325256,6540,,
e73d600e-a850-4920-aabf-2c3ddfc85245,VAC-1151,CAND-10151,РЕКРУТЕР,Собирать резюме,Task,Екатерина_9,2025-09-04 01:55:29.325256,2025-09-04 04:05:29.325256,7800,,
e73d600e-a850-4920-aabf-2c3ddfc85245,VAC-1151,CAND-10151,РЕКРУТЕР,Скрининг,Task,Екатерина_1,2025-09-04 05:17:29.325256,2025-09-04 06:44:29.325256,5220,passed,
e73d600e-a850-4920-aabf-2c3ddfc85245,VAC-1151,CAND-10151,ИНТЕРВЬЮЕРЫ,Назначить интервью,User Task,Андрей_4,2025-09-04 09:09:29.325256,2025-09-04 09:43:29.325256,2040,,
e73d600e-a850-4920-aabf-2c3ddfc85245,VAC-1151,CAND-10151,ИНТЕРВЬЮЕРЫ,Интервью (раунд 1),User Task,Андрей_9,2025-09-04 12:30:29.325256,2025-09-04 14:41:29.325256,7860,rejected,поведенческий
e8a7300f-1b84-4685-bd75-53d2b0fd8993,VAC-1137,CAND-10137,РУКОВОДИТЕЛЬ,Создать заявку,User Task,Сидоров_5,2025-09-19 21:15:29.325256,2025-09-19 21:53:29.325256,2280,,
e8a7300f-1b84-4685-bd75-53d2b0fd8993,VAC-1137,CAND-10137,HR,Зарегистрировать в HCM,Service Task,Марина_5,2025-09-19 22:35:29.325256,2025-09-19 22:59:29.325256,1440,,
e8a7300f-1b84-4685-bd75-53d2b0fd8993,VAC-1137,CAND-10137,РЕКРУТЕР,Разместить вакансию,Task,Алексей_3,2025-09-19 23:26:29.325256,2025-09-20 00:00:29.325256,2040,,
e8a7300f-1b84-4685-bd75-53d2b0fd8993,VAC-1137,CAND-10137,РЕКРУТЕР,Собирать резюме,Task,Алексей_8,2025-09-20 01:19:29.325256,2025-09-20 03:03:29.325256,6240,,
e8a7300f-1b84-4685-bd75-53d2b0fd8993,VAC-1137,CAND-10137,РЕКРУТЕР,Скрининг,Task,Дмитрий_8,2025-09-20 04:27:29.325256,2025-09-20 05:29:29.325256,3720,passed,
e8a7300f-1b84-4685-bd75-53d2b0fd8993,VAC-1137,CAND-10137,ИНТЕРВЬЮЕРЫ,Назначить интервью,User Task,Андрей_9,2025-09-20 06:03:29.325256,2025-09-20 06:17:29.325256,840,,
e8a7300f-1b84-4685-bd75-53d2b0fd8993,VAC-1137,CAND-10137,ИНТЕРВЬЮЕРЫ,Интервью (раунд 1),User Task,Андрей_8,2025-09-20 07:34:29.325256,2025-09-20 08:30:29.325256,3360,passed,
e8a7300f-1b84-4685-bd75-53d2b0fd8993,VAC-1137,CAND-10137,ИНТЕРВЬЮЕРЫ,Финальное интервью,User Task,Андрей_1,2025-09-20 12:00:29.325256,2025-09-20 12:32:29.325256,1920,passed,
e8a7300f-1b84-4685-bd75-53d2b0fd8993,VAC-1137,CAND-10137,HR (ОФФЕР),Согласовать условия,User Task,HR_Manager_7,2025-09-20 13:45:29.325256,2025-09-20 15:10:29.325256,5100,,
e8a7300f-1b84-4685-bd75-53d2b0fd8993,VAC-1137,CAND-10137,HR (ОФФЕР),Сгенерировать оффер,Service Task,HR_Manager_6,2025-09-20 15:34:29.325256,2025-09-20 16:01:29.325256,1620,,
e8a7300f-1b84-4685-bd75-53d2b0fd8993,VAC-1137,CAND-10137,HR (ОФФЕР),Отправить оффер,Send Task,HR_Manager_2,2025-09-20 16:16:29.325256,2025-09-20 16:17:29.325256,60,sent,
e8a7300f-1b84-4685-bd75-53d2b0fd8993,VAC-1137,CAND-10137,HR (ОФФЕР),Timer: ожидание ответа (7 дн),Timer,,2025-09-20 16:17:29.325256,2025-09-23 16:17:29.325256,259200,timer_elapsed,
e8a7300f-1b84-4685-bd75-53d2b0fd8993,VAC-1137,CAND-10137,SECURITY,Background Check,Call Activity,Служба_БД_3,2025-09-24 19:05:29.325256,2025-09-24 22:31:29.325256,12360,report_ready,
e8a7300f-1b84-4685-bd75-53d2b0fd8993,VAC-1137,CAND-10137,IT,Выдача оборудования,Task,IT_Specialist_1,2025-09-25 00:19:29.325256,2025-09-25 01:53:29.325256,5640,,
e8a7300f-1b84-4685-bd75-53d2b0fd8993,VAC-1137,CAND-10137,IT,Создать доступы,Task,IT_Specialist_8,2025-09-25 02:13:29.325256,2025-09-25 03:26:29.325256,4380,,
e8a7300f-1b84-4685-bd75-53d2b0fd8993,VAC-1137,CAND-10137,IT,HR/Training: Вводное обучение,Service Task,Наталья_4,2025-09-26 13:11:29.325256,2025-09-26 20:28:29.325256,26220,,
e8a7300f-1b84-4685-bd75-53d2b0fd8993,VAC-1137,CAND-10137,IT,Назначить ментора,Task,Наталья_9,2025-09-26 22:30:29.325256,2025-09-27 00:14:29.325256,6240,,
e8a7300f-1b84-4685-bd75-53d2b0fd8993,VAC-1137,CAND-10137,IT,Message: уведомить всех,Message,system,2025-09-27 00:57:29.325256,2025-09-27 01:04:29.325256,420,notified,
e8a7300f-1b84-4685-bd75-53d2b0fd8993,VAC-1137,CAND-10137,HR (финал),Обновить статус в HCM,Service Task,Марина_5,2025-09-27 02:05:29.325256,2025-09-27 02:30:29.325256,1500,,
e8a7300f-1b84-4685-bd75-53d2b0fd8993,VAC-1137,CAND-10137,HR (финал),Payroll / учет,Service Task,Наталья_1,2025-09-27 03:30:29.325256,2025-09-27 03:51:29.325256,1260,,
e8a7300f-1b84-4685-bd75-53d2b0fd8993,VAC-1137,CAND-10137,HR (финал),Закрыть вакансию на порталах,Service Task,Марина_9,2025-09-27 04:39:29.325256,2025-09-27 05:39:29.325256,3600,,
e8a7300f-1b84-4685-bd75-53d2b0fd8993,VAC-1137,CAND-10137,HR (финал),Hire Completed,End Event,system,2025-09-27 05:47:29.325256,2025-09-27 05:47:29.325256,0,hired,
e8cf50d0-856b-4b72-b3a5-1341c7644b81,VAC-1168,CAND-10168,РУКОВОДИТЕЛЬ,Создать заявку,User Task,Петров_4,2025-10-04 18:46:29.325256,2025-10-04 19:31:29.325256,2700,,
e8cf50d0-856b-4b72-b3a5-1341c7644b81,VAC-1168,CAND-10168,HR,Зарегистрировать в HCM,Service Task,Ольга_1,2025-10-04 20:08:29.325256,2025-10-04 20:32:29.325256,1440,,
e8cf50d0-856b-4b72-b3a5-1341c7644b81,VAC-1168,CAND-10168,РЕКРУТЕР,Разместить вакансию,Task,Алексей_1,2025-10-04 21:14:29.325256,2025-10-04 21:57:29.325256,2580,,
e8cf50d0-856b-4b72-b3a5-1341c7644b81,VAC-1168,CAND-10168,РЕКРУТЕР,Собирать резюме,Task,Дмитрий_8,2025-10-04 23:32:29.325256,2025-10-05 02:00:29.325256,8880,,
e8cf50d0-856b-4b72-b3a5-1341c7644b81,VAC-1168,CAND-10168,РЕКРУТЕР,Скрининг,Task,Екатерина_9,2025-10-05 02:43:29.325256,2025-10-05 03:48:29.325256,3900,passed,
e8cf50d0-856b-4b72-b3a5-1341c7644b81,VAC-1168,CAND-10168,ИНТЕРВЬЮЕРЫ,Назначить интервью,User Task,Сергей_8,2025-10-05 07:12:29.325256,2025-10-05 08:02:29.325256,3000,,
e8cf50d0-856b-4b72-b3a5-1341c7644b81,VAC-1168,CAND-10168,ИНТЕРВЬЮЕРЫ,Интервью (раунд 1),User Task,Андрей_5,2025-10-05 09:09:29.325256,2025-10-05 11:54:29.325256,9900,rejected,поведенческий
e8fb9cf8-582d-40e8-8f19-e92d57255692,VAC-1191,CAND-10191,РУКОВОДИТЕЛЬ,Создать заявку,User Task,Петров_4,2025-10-09 12:14:29.325256,2025-10-09 12:27:29.325256,780,,
e8fb9cf8-582d-40e8-8f19-e92d57255692,VAC-1191,CAND-10191,HR,Зарегистрировать в HCM,Service Task,Наталья_3,2025-10-09 12:47:29.325256,2025-10-09 12:52:29.325256,300,,
e8fb9cf8-582d-40e8-8f19-e92d57255692,VAC-1191,CAND-10191,РЕКРУТЕР,Разместить вакансию,Task,Екатерина_2,2025-10-09 12:58:29.325256,2025-10-09 14:02:29.325256,3840,,
e8fb9cf8-582d-40e8-8f19-e92d57255692,VAC-1191,CAND-10191,РЕКРУТЕР,Собирать резюме,Task,Дмитрий_7,2025-10-09 14:51:29.325256,2025-10-09 15:25:29.325256,2040,,
e8fb9cf8-582d-40e8-8f19-e92d57255692,VAC-1191,CAND-10191,РЕКРУТЕР,Скрининг,Task,Алексей_1,2025-10-09 15:35:29.325256,2025-10-09 16:17:29.325256,2520,rejected,не соотв. опыту
e8fb9cf8-582d-40e8-8f19-e92d57255692,VAC-1191,CAND-10191,РЕКРУТЕР,Скрининг,Task,Алексей_1,2025-10-09 16:35:29.325256,2025-10-09 17:10:29.325256,2100,rejected,не соотв. опыту
e8fb9cf8-582d-40e8-8f19-e92d57255692,VAC-1191,CAND-10191,РЕКРУТЕР,Скрининг,Task,Алексей_1,2025-10-09 17:35:29.325256,2025-10-09 17:56:29.325256,1260,rejected,не соотв. опыту
e9478e7a-27c3-4402-aae9-11a88924e93e,VAC-1118,CAND-10118,РУКОВОДИТЕЛЬ,Создать заявку,User Task,Петров_1,2025-10-19 21:39:29.325256,2025-10-19 22:23:29.325256,2640,,
e9478e7a-27c3-4402-aae9-11a88924e93e,VAC-1118,CAND-10118,HR,Зарегистрировать в HCM,Service Task,Ольга_7,2025-10-19 23:07:29.325256,2025-10-19 23:36:29.325256,1740,,
e9478e7a-27c3-4402-aae9-11a88924e93e,VAC-1118,CAND-10118,РЕКРУТЕР,Разместить вакансию,Task,Алексей_7,2025-10-20 00:35:29.325256,2025-10-20 02:26:29.325256,6660,,
e9478e7a-27c3-4402-aae9-11a88924e93e,VAC-1118,CAND-10118,РЕКРУТЕР,Собирать резюме,Task,Екатерина_5,2025-10-20 04:47:29.325256,2025-10-20 07:35:29.325256,10080,,
e9478e7a-27c3-4402-aae9-11a88924e93e,VAC-1118,CAND-10118,РЕКРУТЕР,Скрининг,Task,Дмитрий_9,2025-10-20 07:43:29.325256,2025-10-20 08:19:29.325256,2160,rejected,не соотв. опыту
e9478e7a-27c3-4402-aae9-11a88924e93e,VAC-1118,CAND-10118,РЕКРУТЕР,Скрининг,Task,Дмитрий_9,2025-10-20 08:43:29.325256,2025-10-20 09:06:29.325256,1380,rejected,не прошёл тест
eaa233f4-6de7-4a10-844f-f1206c2aacf9,VAC-1177,CAND-10177,РУКОВОДИТЕЛЬ,Создать заявку,User Task,Сидоров_3,2025-08-28 11:30:29.325256,2025-08-28 12:17:29.325256,2820,,
eaa233f4-6de7-4a10-844f-f1206c2aacf9,VAC-1177,CAND-10177,HR,Зарегистрировать в HCM,Service Task,Марина_1,2025-08-28 13:03:29.325256,2025-08-28 13:18:29.325256,900,,
eaa233f4-6de7-4a10-844f-f1206c2aacf9,VAC-1177,CAND-10177,РЕКРУТЕР,Разместить вакансию,Task,Алексей_7,2025-08-28 13:48:29.325256,2025-08-28 14:57:29.325256,4140,,
eaa233f4-6de7-4a10-844f-f1206c2aacf9,VAC-1177,CAND-10177,РЕКРУТЕР,Собирать резюме,Task,Дмитрий_8,2025-08-28 16:41:29.325256,2025-08-28 20:33:29.325256,13920,,
eaa233f4-6de7-4a10-844f-f1206c2aacf9,VAC-1177,CAND-10177,РЕКРУТЕР,Скрининг,Task,Алексей_2,2025-08-28 22:08:29.325256,2025-08-28 23:34:29.325256,5160,passed,
eaa233f4-6de7-4a10-844f-f1206c2aacf9,VAC-1177,CAND-10177,ИНТЕРВЬЮЕРЫ,Назначить интервью,User Task,Анна_1,2025-08-29 03:00:29.325256,2025-08-29 03:26:29.325256,1560,,
eaa233f4-6de7-4a10-844f-f1206c2aacf9,VAC-1177,CAND-10177,ИНТЕРВЬЮЕРЫ,Интервью (раунд 1),User Task,Анна_9,2025-08-29 05:45:29.325256,2025-08-29 07:24:29.325256,5940,passed,
eaa233f4-6de7-4a10-844f-f1206c2aacf9,VAC-1177,CAND-10177,ИНТЕРВЬЮЕРЫ,Интервью (раунд 2),User Task,Андрей_6,2025-08-29 10:21:29.325256,2025-08-29 11:44:29.325256,4980,rejected,культурный профиль
eac70e7d-ecf2-4f98-a1a7-5d560d35fc2f,VAC-1056,CAND-10056,РУКОВОДИТЕЛЬ,Создать заявку,User Task,Сидоров_4,2025-08-28 11:41:29.325256,2025-08-28 12:35:29.325256,3240,,
eac70e7d-ecf2-4f98-a1a7-5d560d35fc2f,VAC-1056,CAND-10056,HR,Зарегистрировать в HCM,Service Task,Ольга_1,2025-08-28 13:25:29.325256,2025-08-28 13:44:29.325256,1140,,
eac70e7d-ecf2-4f98-a1a7-5d560d35fc2f,VAC-1056,CAND-10056,РЕКРУТЕР,Разместить вакансию,Task,Екатерина_5,2025-08-28 14:16:29.325256,2025-08-28 15:46:29.325256,5400,,
eac70e7d-ecf2-4f98-a1a7-5d560d35fc2f,VAC-1056,CAND-10056,РЕКРУТЕР,Собирать резюме,Task,Дмитрий_4,2025-08-28 21:24:29.325256,2025-08-28 23:11:29.325256,6420,,
eac70e7d-ecf2-4f98-a1a7-5d560d35fc2f,VAC-1056,CAND-10056,РЕКРУТЕР,Скрининг,Task,Екатерина_7,2025-08-29 00:59:29.325256,2025-08-29 02:47:29.325256,6480,passed,
eac70e7d-ecf2-4f98-a1a7-5d560d35fc2f,VAC-1056,CAND-10056,ИНТЕРВЬЮЕРЫ,Назначить интервью,User Task,Андрей_3,2025-08-29 03:35:29.325256,2025-08-29 04:24:29.325256,2940,,
eac70e7d-ecf2-4f98-a1a7-5d560d35fc2f,VAC-1056,CAND-10056,ИНТЕРВЬЮЕРЫ,Интервью (раунд 1),User Task,Сергей_3,2025-08-29 06:40:29.325256,2025-08-29 09:13:29.325256,9180,passed,
eac70e7d-ecf2-4f98-a1a7-5d560d35fc2f,VAC-1056,CAND-10056,ИНТЕРВЬЮЕРЫ,Интервью (раунд 2),User Task,Сергей_7,2025-08-29 11:03:29.325256,2025-08-29 12:54:29.325256,6660,rejected,недостаточно навыков
ed94928a-5af0-4d50-bad1-8dab68b67bbe,VAC-1092,CAND-10092,РУКОВОДИТЕЛЬ,Создать заявку,User Task,Иванов_4,2025-09-07 21:15:29.325256,2025-09-07 21:37:29.325256,1320,,
ed94928a-5af0-4d50-bad1-8dab68b67bbe,VAC-1092,CAND-10092,HR,Зарегистрировать в HCM,Service Task,Ольга_6,2025-09-07 22:14:29.325256,2025-09-07 22:42:29.325256,1680,,
ed94928a-5af0-4d50-bad1-8dab68b67bbe,VAC-1092,CAND-10092,РЕКРУТЕР,Разместить вакансию,Task,Алексей_3,2025-09-07 23:42:29.325256,2025-09-08 01:39:29.325256,7020,,
ed94928a-5af0-4d50-bad1-8dab68b67bbe,VAC-1092,CAND-10092,РЕКРУТЕР,Собирать резюме,Task,Дмитрий_6,2025-09-08 03:50:29.325256,2025-09-08 06:51:29.325256,10860,,
ed94928a-5af0-4d50-bad1-8dab68b67bbe,VAC-1092,CAND-10092,РЕКРУТЕР,Скрининг,Task,Екатерина_6,2025-09-08 08:11:29.325256,2025-09-08 08:25:29.325256,840,rejected,не прошёл тест
ed94928a-5af0-4d50-bad1-8dab68b67bbe,VAC-1092,CAND-10092,РЕКРУТЕР,Скрининг,Task,Екатерина_6,2025-09-08 09:11:29.325256,2025-09-08 09:28:29.325256,1020,rejected,некорректное резюме
ed94928a-5af0-4d50-bad1-8dab68b67bbe,VAC-1092,CAND-10092,РЕКРУТЕР,Скрининг,Task,Екатерина_6,2025-09-08 10:11:29.325256,2025-09-08 10:50:29.325256,2340,rejected,некорректное резюме
ef0e1394-afa8-413a-9630-a95d56c50cd0,VAC-1008,CAND-10008,РУКОВОДИТЕЛЬ,Создать заявку,User Task,Сидоров_8,2025-09-08 17:08:29.325256,2025-09-08 17:55:29.325256,2820,,
ef0e1394-afa8-413a-9630-a95d56c50cd0,VAC-1008,CAND-10008,HR,Зарегистрировать в HCM,Service Task,Наталья_1,2025-09-08 18:16:29.325256,2025-09-08 18:46:29.325256,1800,,
ef0e1394-afa8-413a-9630-a95d56c50cd0,VAC-1008,CAND-10008,РЕКРУТЕР,Разместить вакансию,Task,Екатерина_2,2025-09-08 19:16:29.325256,2025-09-08 20:45:29.325256,5340,,
ef0e1394-afa8-413a-9630-a95d56c50cd0,VAC-1008,CAND-10008,РЕКРУТЕР,Собирать резюме,Task,Алексей_9,2025-09-08 21:32:29.325256,2025-09-09 00:19:29.325256,10020,,
ef0e1394-afa8-413a-9630-a95d56c50cd0,VAC-1008,CAND-10008,РЕКРУТЕР,Скрининг,Task,Дмитрий_2,2025-09-09 00:57:29.325256,2025-09-09 01:20:29.325256,1380,rejected,не соотв. опыту
ef0e1394-afa8-413a-9630-a95d56c50cd0,VAC-1008,CAND-10008,РЕКРУТЕР,Скрининг,Task,Дмитрий_2,2025-09-09 01:57:29.325256,2025-09-09 02:30:29.325256,1980,rejected,не прошёл тест
f0a792a6-aa51-417e-b9f0-a24a808f3488,VAC-1076,CAND-10076,РУКОВОДИТЕЛЬ,Создать заявку,User Task,Петров_8,2025-09-25 19:37:29.325256,2025-09-25 20:26:29.325256,2940,,
f0a792a6-aa51-417e-b9f0-a24a808f3488,VAC-1076,CAND-10076,HR,Зарегистрировать в HCM,Service Task,Ольга_9,2025-09-25 20:50:29.325256,2025-09-25 21:03:29.325256,780,,
f0a792a6-aa51-417e-b9f0-a24a808f3488,VAC-1076,CAND-10076,РЕКРУТЕР,Разместить вакансию,Task,Алексей_8,2025-09-25 21:13:29.325256,2025-09-25 22:07:29.325256,3240,,
f0a792a6-aa51-417e-b9f0-a24a808f3488,VAC-1076,CAND-10076,РЕКРУТЕР,Собирать резюме,Task,Дмитрий_2,2025-09-25 23:10:29.325256,2025-09-26 00:55:29.325256,6300,,
f0a792a6-aa51-417e-b9f0-a24a808f3488,VAC-1076,CAND-10076,РЕКРУТЕР,Скрининг,Task,Екатерина_3,2025-09-26 01:14:29.325256,2025-09-26 03:05:29.325256,6660,passed,
f0a792a6-aa51-417e-b9f0-a24a808f3488,VAC-1076,CAND-10076,ИНТЕРВЬЮЕРЫ,Назначить интервью,User Task,Андрей_9,2025-09-26 05:02:29.325256,2025-09-26 05:36:29.325256,2040,,
f0a792a6-aa51-417e-b9f0-a24a808f3488,VAC-1076,CAND-10076,ИНТЕРВЬЮЕРЫ,Интервью (раунд 1),User Task,Анна_8,2025-09-26 07:35:29.325256,2025-09-26 10:06:29.325256,9060,passed,
f0a792a6-aa51-417e-b9f0-a24a808f3488,VAC-1076,CAND-10076,ИНТЕРВЬЮЕРЫ,Интервью (раунд 2),User Task,Анна_2,2025-09-26 11:57:29.325256,2025-09-26 12:44:29.325256,2820,passed,
f0a792a6-aa51-417e-b9f0-a24a808f3488,VAC-1076,CAND-10076,ИНТЕРВЬЮЕРЫ,Финальное интервью,User Task,Анна_3,2025-09-26 13:13:29.325256,2025-09-26 15:10:29.325256,7020,passed,
f0a792a6-aa51-417e-b9f0-a24a808f3488,VAC-1076,CAND-10076,HR (ОФФЕР),Согласовать условия,User Task,HR_Manager_9,2025-09-26 16:54:29.325256,2025-09-26 18:26:29.325256,5520,,
f0a792a6-aa51-417e-b9f0-a24a808f3488,VAC-1076,CAND-10076,HR (ОФФЕР),Сгенерировать оффер,Service Task,HR_Manager_8,2025-09-26 18:41:29.325256,2025-09-26 18:53:29.325256,720,,
f0a792a6-aa51-417e-b9f0-a24a808f3488,VAC-1076,CAND-10076,HR (ОФФЕР),Отправить оффер,Send Task,HR_Manager_3,2025-09-26 19:01:29.325256,2025-09-26 19:08:29.325256,420,sent,
f0a792a6-aa51-417e-b9f0-a24a808f3488,VAC-1076,CAND-10076,HR (ОФФЕР),Timer: ожидание ответа (7 дн),Timer,,2025-09-26 19:08:29.325256,2025-10-03 19:08:29.325256,604800,timer_elapsed,
f0a792a6-aa51-417e-b9f0-a24a808f3488,VAC-1076,CAND-10076,SECURITY,Background Check,Call Activity,Служба_БД_7,2025-10-05 13:04:29.325256,2025-10-05 20:48:29.325256,27840,report_ready,
f0a792a6-aa51-417e-b9f0-a24a808f3488,VAC-1076,CAND-10076,IT,Выдача оборудования,Task,IT_Specialist_5,2025-10-05 22:19:29.325256,2025-10-05 23:43:29.325256,5040,,
f0a792a6-aa51-417e-b9f0-a24a808f3488,VAC-1076,CAND-10076,IT,Создать доступы,Task,IT_Specialist_9,2025-10-06 01:24:29.325256,2025-10-06 01:50:29.325256,1560,,
f0a792a6-aa51-417e-b9f0-a24a808f3488,VAC-1076,CAND-10076,IT,HR/Training: Вводное обучение,Service Task,Ольга_4,2025-10-07 03:22:29.325256,2025-10-07 07:29:29.325256,14820,,
f0a792a6-aa51-417e-b9f0-a24a808f3488,VAC-1076,CAND-10076,IT,Назначить ментора,Task,Ольга_8,2025-10-07 09:31:29.325256,2025-10-07 09:55:29.325256,1440,,
f0a792a6-aa51-417e-b9f0-a24a808f3488,VAC-1076,CAND-10076,IT,Message: уведомить всех,Message,system,2025-10-07 10:29:29.325256,2025-10-07 10:50:29.325256,1260,notified,
f0a792a6-aa51-417e-b9f0-a24a808f3488,VAC-1076,CAND-10076,HR (финал),Обновить статус в HCM,Service Task,Ольга_7,2025-10-07 11:31:29.325256,2025-10-07 12:10:29.325256,2340,,
f0a792a6-aa51-417e-b9f0-a24a808f3488,VAC-1076,CAND-10076,HR (финал),Payroll / учет,Service Task,Ольга_6,2025-10-07 12:48:29.325256,2025-10-07 12:56:29.325256,480,,
f0a792a6-aa51-417e-b9f0-a24a808f3488,VAC-1076,CAND-10076,HR (финал),Закрыть вакансию на порталах,Service Task,Марина_3,2025-10-07 13:51:29.325256,2025-10-07 14:21:29.325256,1800,,
f0a792a6-aa51-417e-b9f0-a24a808f3488,VAC-1076,CAND-10076,HR (финал),Hire Completed,End Event,system,2025-10-07 15:14:29.325256,2025-10-07 15:14:29.325256,0,hired,
f1d9be59-b8b8-4b5f-8791-8303cd03904b,VAC-1087,CAND-10087,РУКОВОДИТЕЛЬ,Создать заявку,User Task,Кузнецов_1,2025-09-05 19:15:29.325256,2025-09-05 19:46:29.325256,1860,,
f1d9be59-b8b8-4b5f-8791-8303cd03904b,VAC-1087,CAND-10087,HR,Зарегистрировать в HCM,Service Task,Ольга_2,2025-09-05 19:56:29.325256,2025-09-05 20:19:29.325256,1380,,
f1d9be59-b8b8-4b5f-8791-8303cd03904b,VAC-1087,CAND-10087,РЕКРУТЕР,Разместить вакансию,Task,Екатерина_7,2025-09-05 20:22:29.325256,2025-09-05 21:01:29.325256,2340,,
f1d9be59-b8b8-4b5f-8791-8303cd03904b,VAC-1087,CAND-10087,РЕКРУТЕР,Собирать резюме,Task,Екатерина_2,2025-09-06 00:21:29.325256,2025-09-06 02:48:29.325256,8820,,
f1d9be59-b8b8-4b5f-8791-8303cd03904b,VAC-1087,CAND-10087,РЕКРУТЕР,Скрининг,Task,Екатерина_3,2025-09-06 04:07:29.325256,2025-09-06 04:16:29.325256,540,rejected,не прошёл тест
f1d9be59-b8b8-4b5f-8791-8303cd03904b,VAC-1087,CAND-10087,РЕКРУТЕР,Скрининг,Task,Екатерина_3,2025-09-06 05:07:29.325256,2025-09-06 05:48:29.325256,2460,rejected,не соотв. опыту
f1e387de-dc3b-4278-ad23-b838970e5a58,VAC-1166,CAND-10166,РУКОВОДИТЕЛЬ,Создать заявку,User Task,Сидоров_5,2025-10-08 16:26:29.325256,2025-10-08 16:53:29.325256,1620,,
f1e387de-dc3b-4278-ad23-b838970e5a58,VAC-1166,CAND-10166,HR,Зарегистрировать в HCM,Service Task,Марина_5,2025-10-08 17:04:29.325256,2025-10-08 17:06:29.325256,120,,
f1e387de-dc3b-4278-ad23-b838970e5a58,VAC-1166,CAND-10166,РЕКРУТЕР,Разместить вакансию,Task,Екатерина_5,2025-10-08 17:53:29.325256,2025-10-08 19:43:29.325256,6600,,
f1e387de-dc3b-4278-ad23-b838970e5a58,VAC-1166,CAND-10166,РЕКРУТЕР,Собирать резюме,Task,Дмитрий_3,2025-10-08 20:24:29.325256,2025-10-08 23:35:29.325256,11460,,
f1e387de-dc3b-4278-ad23-b838970e5a58,VAC-1166,CAND-10166,РЕКРУТЕР,Скрининг,Task,Екатерина_5,2025-10-09 00:53:29.325256,2025-10-09 00:59:29.325256,360,rejected,некорректное резюме
f1e387de-dc3b-4278-ad23-b838970e5a58,VAC-1166,CAND-10166,РЕКРУТЕР,Скрининг,Task,Екатерина_5,2025-10-09 01:53:29.325256,2025-10-09 02:29:29.325256,2160,rejected,не соотв. опыту
f1e387de-dc3b-4278-ad23-b838970e5a58,VAC-1166,CAND-10166,РЕКРУТЕР,Скрининг,Task,Екатерина_5,2025-10-09 02:53:29.325256,2025-10-09 03:06:29.325256,780,rejected,не прошёл тест
f34b3f0d-099c-47c7-9aba-81026e1dc951,VAC-1111,CAND-10111,РУКОВОДИТЕЛЬ,Создать заявку,User Task,Кузнецов_3,2025-09-29 18:51:29.325256,2025-09-29 19:32:29.325256,2460,,
f34b3f0d-099c-47c7-9aba-81026e1dc951,VAC-1111,CAND-10111,HR,Зарегистрировать в HCM,Service Task,Ольга_1,2025-09-29 20:12:29.325256,2025-09-29 20:25:29.325256,780,,
f34b3f0d-099c-47c7-9aba-81026e1dc951,VAC-1111,CAND-10111,РЕКРУТЕР,Разместить вакансию,Task,Екатерина_3,2025-09-29 21:21:29.325256,2025-09-29 22:58:29.325256,5820,,
f34b3f0d-099c-47c7-9aba-81026e1dc951,VAC-1111,CAND-10111,РЕКРУТЕР,Собирать резюме,Task,Алексей_7,2025-09-30 03:15:29.325256,2025-09-30 05:49:29.325256,9240,,
f34b3f0d-099c-47c7-9aba-81026e1dc951,VAC-1111,CAND-10111,РЕКРУТЕР,Скрининг,Task,Алексей_5,2025-09-30 06:50:29.325256,2025-09-30 07:40:29.325256,3000,rejected,не прошёл тест
f4144c74-39ef-4244-95ca-1ca3767c70ab,VAC-1021,CAND-10021,РУКОВОДИТЕЛЬ,Создать заявку,User Task,Иванов_2,2025-08-26 15:55:29.325256,2025-08-26 16:30:29.325256,2100,,
f4144c74-39ef-4244-95ca-1ca3767c70ab,VAC-1021,CAND-10021,HR,Зарегистрировать в HCM,Service Task,Наталья_1,2025-08-26 16:56:29.325256,2025-08-26 17:12:29.325256,960,,
f4144c74-39ef-4244-95ca-1ca3767c70ab,VAC-1021,CAND-10021,РЕКРУТЕР,Разместить вакансию,Task,Екатерина_5,2025-08-26 17:22:29.325256,2025-08-26 17:51:29.325256,1740,,
f4144c74-39ef-4244-95ca-1ca3767c70ab,VAC-1021,CAND-10021,РЕКРУТЕР,Собирать резюме,Task,Алексей_9,2025-08-26 18:44:29.325256,2025-08-26 20:17:29.325256,5580,,
f4144c74-39ef-4244-95ca-1ca3767c70ab,VAC-1021,CAND-10021,РЕКРУТЕР,Скрининг,Task,Екатерина_4,2025-08-26 21:59:29.325256,2025-08-26 22:32:29.325256,1980,rejected,некорректное резюме
f4144c74-39ef-4244-95ca-1ca3767c70ab,VAC-1021,CAND-10021,РЕКРУТЕР,Скрининг,Task,Екатерина_4,2025-08-26 22:59:29.325256,2025-08-26 23:23:29.325256,1440,rejected,не прошёл тест
f595ee52-0723-4f87-9977-9f2314e94dc5,VAC-1165,CAND-10165,РУКОВОДИТЕЛЬ,Создать заявку,User Task,Сидоров_8,2025-10-06 12:09:29.325256,2025-10-06 13:00:29.325256,3060,,
f595ee52-0723-4f87-9977-9f2314e94dc5,VAC-1165,CAND-10165,HR,Зарегистрировать в HCM,Service Task,Марина_2,2025-10-06 13:34:29.325256,2025-10-06 13:37:29.325256,180,,
f595ee52-0723-4f87-9977-9f2314e94dc5,VAC-1165,CAND-10165,РЕКРУТЕР,Разместить вакансию,Task,Екатерина_2,2025-10-06 13:53:29.325256,2025-10-06 15:03:29.325256,4200,,
f595ee52-0723-4f87-9977-9f2314e94dc5,VAC-1165,CAND-10165,РЕКРУТЕР,Собирать резюме,Task,Екатерина_5,2025-10-06 21:03:29.325256,2025-10-07 00:15:29.325256,11520,,
f595ee52-0723-4f87-9977-9f2314e94dc5,VAC-1165,CAND-10165,РЕКРУТЕР,Скрининг,Task,Дмитрий_9,2025-10-07 01:38:29.325256,2025-10-07 02:12:29.325256,2040,rejected,не прошёл тест
f595ee52-0723-4f87-9977-9f2314e94dc5,VAC-1165,CAND-10165,РЕКРУТЕР,Скрининг,Task,Дмитрий_9,2025-10-07 02:38:29.325256,2025-10-07 03:13:29.325256,2100,rejected,не прошёл тест
f73df9f6-63e6-4da1-bd63-0e2806688124,VAC-1003,CAND-10003,РУКОВОДИТЕЛЬ,Создать заявку,User Task,Иванов_4,2025-10-13 16:25:29.325256,2025-10-13 16:47:29.325256,1320,,
f73df9f6-63e6-4da1-bd63-0e2806688124,VAC-1003,CAND-10003,HR,Зарегистрировать в HCM,Service Task,Марина_6,2025-10-13 17:46:29.325256,2025-10-13 18:05:29.325256,1140,,
f73df9f6-63e6-4da1-bd63-0e2806688124,VAC-1003,CAND-10003,РЕКРУТЕР,Разместить вакансию,Task,Дмитрий_7,2025-10-13 18:19:29.325256,2025-10-13 19:52:29.325256,5580,,
f73df9f6-63e6-4da1-bd63-0e2806688124,VAC-1003,CAND-10003,РЕКРУТЕР,Собирать резюме,Task,Алексей_5,2025-10-14 01:31:29.325256,2025-10-14 03:58:29.325256,8820,,
f73df9f6-63e6-4da1-bd63-0e2806688124,VAC-1003,CAND-10003,РЕКРУТЕР,Скрининг,Task,Екатерина_9,2025-10-14 04:20:29.325256,2025-10-14 04:56:29.325256,2160,passed,
f73df9f6-63e6-4da1-bd63-0e2806688124,VAC-1003,CAND-10003,ИНТЕРВЬЮЕРЫ,Назначить интервью,User Task,Сергей_7,2025-10-14 08:37:29.325256,2025-10-14 09:19:29.325256,2520,,
f73df9f6-63e6-4da1-bd63-0e2806688124,VAC-1003,CAND-10003,ИНТЕРВЬЮЕРЫ,Интервью (раунд 1),User Task,Андрей_1,2025-10-14 10:45:29.325256,2025-10-14 11:50:29.325256,3900,passed,
f73df9f6-63e6-4da1-bd63-0e2806688124,VAC-1003,CAND-10003,ИНТЕРВЬЮЕРЫ,Интервью (раунд 2),User Task,Анна_7,2025-10-14 12:48:29.325256,2025-10-14 13:57:29.325256,4140,rejected,культурный профиль
f74744e4-0232-4a2a-a8fd-24d84a018e86,VAC-1080,CAND-10080,РУКОВОДИТЕЛЬ,Создать заявку,User Task,Петров_7,2025-09-07 13:45:29.325256,2025-09-07 14:10:29.325256,1500,,
f74744e4-0232-4a2a-a8fd-24d84a018e86,VAC-1080,CAND-10080,HR,Зарегистрировать в HCM,Service Task,Марина_5,2025-09-07 14:42:29.325256,2025-09-07 14:47:29.325256,300,,
f74744e4-0232-4a2a-a8fd-24d84a018e86,VAC-1080,CAND-10080,РЕКРУТЕР,Разместить вакансию,Task,Дмитрий_8,2025-09-07 15:28:29.325256,2025-09-07 16:31:29.325256,3780,,
f74744e4-0232-4a2a-a8fd-24d84a018e86,VAC-1080,CAND-10080,РЕКРУТЕР,Собирать резюме,Task,Алексей_7,2025-09-07 17:19:29.325256,2025-09-07 20:31:29.325256,11520,,
f74744e4-0232-4a2a-a8fd-24d84a018e86,VAC-1080,CAND-10080,РЕКРУТЕР,Скрининг,Task,Дмитрий_6,2025-09-07 21:41:29.325256,2025-09-07 23:21:29.325256,6000,passed,
f74744e4-0232-4a2a-a8fd-24d84a018e86,VAC-1080,CAND-10080,ИНТЕРВЬЮЕРЫ,Назначить интервью,User Task,Анна_1,2025-09-08 01:55:29.325256,2025-09-08 02:20:29.325256,1500,,
f74744e4-0232-4a2a-a8fd-24d84a018e86,VAC-1080,CAND-10080,ИНТЕРВЬЮЕРЫ,Интервью (раунд 1),User Task,Анна_6,2025-09-08 03:13:29.325256,2025-09-08 05:40:29.325256,8820,passed,
f74744e4-0232-4a2a-a8fd-24d84a018e86,VAC-1080,CAND-10080,ИНТЕРВЬЮЕРЫ,Интервью (раунд 2),User Task,Сергей_4,2025-09-08 06:26:29.325256,2025-09-08 09:12:29.325256,9960,passed,
f74744e4-0232-4a2a-a8fd-24d84a018e86,VAC-1080,CAND-10080,ИНТЕРВЬЮЕРЫ,Интервью (раунд 3),User Task,Сергей_6,2025-09-08 11:48:29.325256,2025-09-08 13:26:29.325256,5880,passed,
f74744e4-0232-4a2a-a8fd-24d84a018e86,VAC-1080,CAND-10080,ИНТЕРВЬЮЕРЫ,Финальное интервью,User Task,Сергей_6,2025-09-08 16:10:29.325256,2025-09-08 19:07:29.325256,10620,passed,
f74744e4-0232-4a2a-a8fd-24d84a018e86,VAC-1080,CAND-10080,HR (ОФФЕР),Согласовать условия,User Task,HR_Manager_1,2025-09-08 20:44:29.325256,2025-09-09 00:29:29.325256,13500,,
f74744e4-0232-4a2a-a8fd-24d84a018e86,VAC-1080,CAND-10080,HR (ОФФЕР),Сгенерировать оффер,Service Task,HR_Manager_1,2025-09-09 00:40:29.325256,2025-09-09 01:02:29.325256,1320,,
f74744e4-0232-4a2a-a8fd-24d84a018e86,VAC-1080,CAND-10080,HR (ОФФЕР),Отправить оффер,Send Task,HR_Manager_8,2025-09-09 01:06:29.325256,2025-09-09 01:09:29.325256,180,sent,
f74744e4-0232-4a2a-a8fd-24d84a018e86,VAC-1080,CAND-10080,HR (ОФФЕР),Timer: ожидание ответа (7 дн),Timer,,2025-09-09 01:09:29.325256,2025-09-11 01:09:29.325256,172800,timer_elapsed,
f74744e4-0232-4a2a-a8fd-24d84a018e86,VAC-1080,CAND-10080,HR (ОФФЕР),Переговоры / отказ,Task,HR_Manager_5,2025-09-12 06:22:29.325256,2025-09-12 07:18:29.325256,3360,rejected,
f8446800-0e08-4e3d-a5a7-0c2558168d6d,VAC-1192,CAND-10192,РУКОВОДИТЕЛЬ,Создать заявку,User Task,Иванов_2,2025-08-27 15:42:29.325256,2025-08-27 15:47:29.325256,300,,
f8446800-0e08-4e3d-a5a7-0c2558168d6d,VAC-1192,CAND-10192,HR,Зарегистрировать в HCM,Service Task,Наталья_4,2025-08-27 16:46:29.325256,2025-08-27 17:06:29.325256,1200,,
f8446800-0e08-4e3d-a5a7-0c2558168d6d,VAC-1192,CAND-10192,РЕКРУТЕР,Разместить вакансию,Task,Дмитрий_1,2025-08-27 17:18:29.325256,2025-08-27 18:53:29.325256,5700,,
f8446800-0e08-4e3d-a5a7-0c2558168d6d,VAC-1192,CAND-10192,РЕКРУТЕР,Собирать резюме,Task,Екатерина_5,2025-08-27 19:49:29.325256,2025-08-27 20:56:29.325256,4020,,
f8446800-0e08-4e3d-a5a7-0c2558168d6d,VAC-1192,CAND-10192,РЕКРУТЕР,Скрининг,Task,Дмитрий_3,2025-08-27 22:15:29.325256,2025-08-27 22:59:29.325256,2640,rejected,не соотв. опыту
f8446800-0e08-4e3d-a5a7-0c2558168d6d,VAC-1192,CAND-10192,РЕКРУТЕР,Скрининг,Task,Дмитрий_3,2025-08-27 23:15:29.325256,2025-08-27 23:52:29.325256,2220,rejected,не прошёл тест
f8446800-0e08-4e3d-a5a7-0c2558168d6d,VAC-1192,CAND-10192,РЕКРУТЕР,Скрининг,Task,Дмитрий_3,2025-08-28 00:15:29.325256,2025-08-28 00:24:29.325256,540,rejected,не соотв. опыту
f9e08333-2cb2-41af-a8d2-fbd59e14e2d6,VAC-1124,CAND-10124,РУКОВОДИТЕЛЬ,Создать заявку,User Task,Петров_8,2025-09-03 20:36:29.325256,2025-09-03 21:23:29.325256,2820,,
f9e08333-2cb2-41af-a8d2-fbd59e14e2d6,VAC-1124,CAND-10124,HR,Зарегистрировать в HCM,Service Task,Наталья_8,2025-09-03 21:46:29.325256,2025-09-03 21:48:29.325256,120,,
f9e08333-2cb2-41af-a8d2-fbd59e14e2d6,VAC-1124,CAND-10124,РЕКРУТЕР,Разместить вакансию,Task,Дмитрий_6,2025-09-03 22:03:29.325256,2025-09-03 22:21:29.325256,1080,,
f9e08333-2cb2-41af-a8d2-fbd59e14e2d6,VAC-1124,CAND-10124,РЕКРУТЕР,Собирать резюме,Task,Екатерина_4,2025-09-04 00:30:29.325256,2025-09-04 01:10:29.325256,2400,,
f9e08333-2cb2-41af-a8d2-fbd59e14e2d6,VAC-1124,CAND-10124,РЕКРУТЕР,Скрининг,Task,Дмитрий_7,2025-09-04 02:21:29.325256,2025-09-04 04:07:29.325256,6360,passed,
f9e08333-2cb2-41af-a8d2-fbd59e14e2d6,VAC-1124,CAND-10124,ИНТЕРВЬЮЕРЫ,Назначить интервью,User Task,Андрей_6,2025-09-04 06:33:29.325256,2025-09-04 06:40:29.325256,420,,
f9e08333-2cb2-41af-a8d2-fbd59e14e2d6,VAC-1124,CAND-10124,ИНТЕРВЬЮЕРЫ,Интервью (раунд 1),User Task,Сергей_5,2025-09-04 10:10:29.325256,2025-09-04 12:53:29.325256,9780,passed,
f9e08333-2cb2-41af-a8d2-fbd59e14e2d6,VAC-1124,CAND-10124,ИНТЕРВЬЮЕРЫ,Финальное интервью,User Task,Сергей_7,2025-09-04 15:45:29.325256,2025-09-04 18:34:29.325256,10140,passed,
f9e08333-2cb2-41af-a8d2-fbd59e14e2d6,VAC-1124,CAND-10124,HR (ОФФЕР),Согласовать условия,User Task,HR_Manager_9,2025-09-04 19:30:29.325256,2025-09-04 22:30:29.325256,10800,,
f9e08333-2cb2-41af-a8d2-fbd59e14e2d6,VAC-1124,CAND-10124,HR (ОФФЕР),Сгенерировать оффер,Service Task,HR_Manager_9,2025-09-04 22:51:29.325256,2025-09-04 23:05:29.325256,840,,
f9e08333-2cb2-41af-a8d2-fbd59e14e2d6,VAC-1124,CAND-10124,HR (ОФФЕР),Отправить оффер,Send Task,HR_Manager_8,2025-09-04 23:18:29.325256,2025-09-04 23:24:29.325256,360,sent,
f9e08333-2cb2-41af-a8d2-fbd59e14e2d6,VAC-1124,CAND-10124,HR (ОФФЕР),Timer: ожидание ответа (7 дн),Timer,,2025-09-04 23:24:29.325256,2025-09-11 23:24:29.325256,604800,timer_elapsed,
f9e08333-2cb2-41af-a8d2-fbd59e14e2d6,VAC-1124,CAND-10124,HR (ОФФЕР),Переговоры / отказ,Task,HR_Manager_8,2025-09-11 23:52:29.325256,2025-09-12 02:05:29.325256,7980,rejected,
facc515d-8c8c-468f-995b-21a9f148a880,VAC-1053,CAND-10053,РУКОВОДИТЕЛЬ,Создать заявку,User Task,Сидоров_9,2025-10-21 21:11:29.325256,2025-10-21 22:06:29.325256,3300,,
facc515d-8c8c-468f-995b-21a9f148a880,VAC-1053,CAND-10053,HR,Зарегистрировать в HCM,Service Task,Наталья_3,2025-10-21 22:21:29.325256,2025-10-21 22:25:29.325256,240,,
facc515d-8c8c-468f-995b-21a9f148a880,VAC-1053,CAND-10053,РЕКРУТЕР,Разместить вакансию,Task,Дмитрий_1,2025-10-21 22:41:29.325256,2025-10-22 00:32:29.325256,6660,,
facc515d-8c8c-468f-995b-21a9f148a880,VAC-1053,CAND-10053,РЕКРУТЕР,Собирать резюме,Task,Екатерина_6,2025-10-22 03:46:29.325256,2025-10-22 06:37:29.325256,10260,,
facc515d-8c8c-468f-995b-21a9f148a880,VAC-1053,CAND-10053,РЕКРУТЕР,Скрининг,Task,Екатерина_3,2025-10-22 07:41:29.325256,2025-10-22 07:50:29.325256,540,rejected,некорректное резюме
fafd2842-837e-435e-9ad2-eb6eae89797a,VAC-1172,CAND-10172,РУКОВОДИТЕЛЬ,Создать заявку,User Task,Иванов_2,2025-09-02 20:04:29.325256,2025-09-02 21:01:29.325256,3420,,
fafd2842-837e-435e-9ad2-eb6eae89797a,VAC-1172,CAND-10172,HR,Зарегистрировать в HCM,Service Task,Марина_4,2025-09-02 21:33:29.325256,2025-09-02 21:53:29.325256,1200,,
fafd2842-837e-435e-9ad2-eb6eae89797a,VAC-1172,CAND-10172,РЕКРУТЕР,Разместить вакансию,Task,Алексей_7,2025-09-02 21:58:29.325256,2025-09-02 23:50:29.325256,6720,,
fafd2842-837e-435e-9ad2-eb6eae89797a,VAC-1172,CAND-10172,РЕКРУТЕР,Собирать резюме,Task,Екатерина_7,2025-09-03 02:52:29.325256,2025-09-03 06:49:29.325256,14220,,
fafd2842-837e-435e-9ad2-eb6eae89797a,VAC-1172,CAND-10172,РЕКРУТЕР,Скрининг,Task,Екатерина_9,2025-09-03 07:35:29.325256,2025-09-03 07:55:29.325256,1200,passed,
fafd2842-837e-435e-9ad2-eb6eae89797a,VAC-1172,CAND-10172,ИНТЕРВЬЮЕРЫ,Назначить интервью,User Task,Андрей_3,2025-09-03 11:48:29.325256,2025-09-03 12:06:29.325256,1080,,
fafd2842-837e-435e-9ad2-eb6eae89797a,VAC-1172,CAND-10172,ИНТЕРВЬЮЕРЫ,Интервью (раунд 1),User Task,Сергей_3,2025-09-03 12:52:29.325256,2025-09-03 13:52:29.325256,3600,passed,
fafd2842-837e-435e-9ad2-eb6eae89797a,VAC-1172,CAND-10172,ИНТЕРВЬЮЕРЫ,Интервью (раунд 2),User Task,Сергей_4,2025-09-03 17:20:29.325256,2025-09-03 19:24:29.325256,7440,rejected,культурный профиль
fb3708f7-eab6-492e-bd78-e2d09856768b,VAC-1117,CAND-10117,РУКОВОДИТЕЛЬ,Создать заявку,User Task,Петров_7,2025-09-03 19:04:29.325256,2025-09-03 19:59:29.325256,3300,,
fb3708f7-eab6-492e-bd78-e2d09856768b,VAC-1117,CAND-10117,HR,Зарегистрировать в HCM,Service Task,Ольга_2,2025-09-03 20:34:29.325256,2025-09-03 20:52:29.325256,1080,,
fb3708f7-eab6-492e-bd78-e2d09856768b,VAC-1117,CAND-10117,РЕКРУТЕР,Разместить вакансию,Task,Алексей_6,2025-09-03 21:15:29.325256,2025-09-03 21:53:29.325256,2280,,
fb3708f7-eab6-492e-bd78-e2d09856768b,VAC-1117,CAND-10117,РЕКРУТЕР,Собирать резюме,Task,Дмитрий_4,2025-09-04 00:52:29.325256,2025-09-04 02:54:29.325256,7320,,
fb3708f7-eab6-492e-bd78-e2d09856768b,VAC-1117,CAND-10117,РЕКРУТЕР,Скрининг,Task,Екатерина_8,2025-09-04 04:35:29.325256,2025-09-04 04:40:29.325256,300,rejected,не соотв. опыту
fb3708f7-eab6-492e-bd78-e2d09856768b,VAC-1117,CAND-10117,РЕКРУТЕР,Скрининг,Task,Екатерина_8,2025-09-04 05:35:29.325256,2025-09-04 06:22:29.325256,2820,rejected,некорректное резюме
fb3708f7-eab6-492e-bd78-e2d09856768b,VAC-1117,CAND-10117,РЕКРУТЕР,Скрининг,Task,Екатерина_8,2025-09-04 06:35:29.325256,2025-09-04 07:08:29.325256,1980,rejected,не соотв. опыту
fdfe5de5-34fd-4396-9dea-105e57929dd6,VAC-1149,CAND-10149,РУКОВОДИТЕЛЬ,Создать заявку,User Task,Петров_6,2025-10-22 19:17:29.325256,2025-10-22 19:36:29.325256,1140,,
fdfe5de5-34fd-4396-9dea-105e57929dd6,VAC-1149,CAND-10149,HR,Зарегистрировать в HCM,Service Task,Марина_3,2025-10-22 20:34:29.325256,2025-10-22 20:47:29.325256,780,,
fdfe5de5-34fd-4396-9dea-105e57929dd6,VAC-1149,CAND-10149,РЕКРУТЕР,Разместить вакансию,Task,Дмитрий_9,2025-10-22 20:53:29.325256,2025-10-22 22:36:29.325256,6180,,
fdfe5de5-34fd-4396-9dea-105e57929dd6,VAC-1149,CAND-10149,РЕКРУТЕР,Собирать резюме,Task,Екатерина_4,2025-10-23 04:33:29.325256,2025-10-23 07:39:29.325256,11160,,
fdfe5de5-34fd-4396-9dea-105e57929dd6,VAC-1149,CAND-10149,РЕКРУТЕР,Скрининг,Task,Екатерина_3,2025-10-23 08:37:29.325256,2025-10-23 09:12:29.325256,2100,passed,
fdfe5de5-34fd-4396-9dea-105e57929dd6,VAC-1149,CAND-10149,ИНТЕРВЬЮЕРЫ,Назначить интервью,User Task,Сергей_8,2025-10-23 11:01:29.325256,2025-10-23 11:44:29.325256,2580,,
fdfe5de5-34fd-4396-9dea-105e57929dd6,VAC-1149,CAND-10149,ИНТЕРВЬЮЕРЫ,Интервью (раунд 1),User Task,Анна_9,2025-10-23 12:47:29.325256,2025-10-23 14:09:29.325256,4920,passed,
fdfe5de5-34fd-4396-9dea-105e57929dd6,VAC-1149,CAND-10149,ИНТЕРВЬЮЕРЫ,Интервью (раунд 2),User Task,Сергей_9,2025-10-23 17:34:29.325256,2025-10-23 18:55:29.325256,4860,rejected,недостаточно навыков
