case_id,vacancy_id,candidate_id,lane,activity,activity_type,assignee,start_time,end_time,duration_min,outcome,notes
00d5f296-1bf0-4ac7-a2b8-bdae6d56e41a,VAC-1188,CAND-10188,РУКОВОДИТЕЛЬ,Создать заявку,User Task,Кузнецов_3,2025-09-30 10:43:47.262585,2025-09-30 11:13:47.262585,30,,
00d5f296-1bf0-4ac7-a2b8-bdae6d56e41a,VAC-1188,CAND-10188,HR,Зарегистрировать в HCM,Service Task,Наталья_1,2025-09-30 11:33:47.262585,2025-09-30 11:54:47.262585,21,,
00d5f296-1bf0-4ac7-a2b8-bdae6d56e41a,VAC-1188,CAND-10188,РЕКРУТЕР,Разместить вакансию,Task,Дмитрий_7,2025-09-30 12:24:47.262585,2025-09-30 13:18:47.262585,54,,
00d5f296-1bf0-4ac7-a2b8-bdae6d56e41a,VAC-1188,CAND-10188,РЕКРУТЕР,Собирать резюме,Task,Дмитрий_1,2025-09-30 14:18:47.262585,2025-10-02 13:44:47.262585,2846,,
00d5f296-1bf0-4ac7-a2b8-bdae6d56e41a,VAC-1188,CAND-10188,РЕКРУТЕР,Скрининг,Task,Екатерина_2,2025-10-02 15:28:47.262585,2025-10-02 15:47:47.262585,19,passed,
00d5f296-1bf0-4ac7-a2b8-bdae6d56e41a,VAC-1188,CAND-10188,ИНТЕРВЬЮЕРЫ,Назначить интервью,User Task,Анна_3,2025-10-02 18:47:47.262585,2025-10-02 19:21:47.262585,34,,
00d5f296-1bf0-4ac7-a2b8-bdae6d56e41a,VAC-1188,CAND-10188,ИНТЕРВЬЮЕРЫ,Интервью (раунд 1),User Task,Сергей_5,2025-10-02 20:02:47.262585,2025-10-02 21:56:47.262585,114,passed,
00d5f296-1bf0-4ac7-a2b8-bdae6d56e41a,VAC-1188,CAND-10188,ИНТЕРВЬЮЕРЫ,Интервью (раунд 2),User Task,Анна_6,2025-10-02 22:50:47.262585,2025-10-03 00:21:47.262585,91,passed,
00d5f296-1bf0-4ac7-a2b8-bdae6d56e41a,VAC-1188,CAND-10188,ИНТЕРВЬЮЕРЫ,Интервью (раунд 3),User Task,Сергей_6,2025-10-03 00:59:47.262585,2025-10-03 01:45:47.262585,46,passed,
00d5f296-1bf0-4ac7-a2b8-bdae6d56e41a,VAC-1188,CAND-10188,ИНТЕРВЬЮЕРЫ,Финальное интервью,User Task,Андрей_2,2025-10-03 05:45:47.262585,2025-10-03 07:32:47.262585,107,passed,
00d5f296-1bf0-4ac7-a2b8-bdae6d56e41a,VAC-1188,CAND-10188,HR (ОФФЕР),Согласовать условия,User Task,HR_Manager_4,2025-10-03 09:27:47.262585,2025-10-03 14:05:47.262585,278,,
00d5f296-1bf0-4ac7-a2b8-bdae6d56e41a,VAC-1188,CAND-10188,HR (ОФФЕР),Сгенерировать оффер,Service Task,HR_Manager_7,2025-10-03 14:25:47.262585,2025-10-03 14:55:47.262585,30,,
00d5f296-1bf0-4ac7-a2b8-bdae6d56e41a,VAC-1188,CAND-10188,HR (ОФФЕР),Отправить оффер,Send Task,HR_Manager_2,2025-10-03 15:00:47.262585,2025-10-03 15:10:47.262585,10,sent,
00d5f296-1bf0-4ac7-a2b8-bdae6d56e41a,VAC-1188,CAND-10188,HR (ОФФЕР),Timer: ожидание ответа (дни),Timer,,2025-10-03 15:10:47.262585,2025-10-04 15:10:47.262585,1440,timer_elapsed,
00d5f296-1bf0-4ac7-a2b8-bdae6d56e41a,VAC-1188,CAND-10188,HR (ОФФЕР),Переговоры / отказ,Task,HR_Manager_6,2025-10-04 17:10:47.262585,2025-10-04 18:27:47.262585,77,rejected,
01da0f00-c07b-4d83-9b79-35698e6a5c25,VAC-1137,CAND-10137,РУКОВОДИТЕЛЬ,Создать заявку,User Task,Иванов_9,2025-09-05 18:21:47.262585,2025-09-05 19:20:47.262585,59,,
01da0f00-c07b-4d83-9b79-35698e6a5c25,VAC-1137,CAND-10137,HR,Зарегистрировать в HCM,Service Task,Наталья_8,2025-09-05 19:40:47.262585,2025-09-05 20:11:47.262585,31,,
01da0f00-c07b-4d83-9b79-35698e6a5c25,VAC-1137,CAND-10137,РЕКРУТЕР,Разместить вакансию,Task,Екатерина_5,2025-09-05 20:41:47.262585,2025-09-05 21:50:47.262585,69,,
01da0f00-c07b-4d83-9b79-35698e6a5c25,VAC-1137,CAND-10137,РЕКРУТЕР,Собирать резюме,Task,Алексей_1,2025-09-05 22:50:47.262585,2025-09-07 00:53:47.262585,1563,,
01da0f00-c07b-4d83-9b79-35698e6a5c25,VAC-1137,CAND-10137,РЕКРУТЕР,Скрининг,Task,Алексей_5,2025-09-07 03:43:47.262585,2025-09-07 04:09:47.262585,26,passed,
01da0f00-c07b-4d83-9b79-35698e6a5c25,VAC-1137,CAND-10137,ИНТЕРВЬЮЕРЫ,Назначить интервью,User Task,Андрей_6,2025-09-07 07:09:47.262585,2025-09-07 07:28:47.262585,19,,
01da0f00-c07b-4d83-9b79-35698e6a5c25,VAC-1137,CAND-10137,ИНТЕРВЬЮЕРЫ,Интервью (раунд 1),User Task,Сергей_6,2025-09-07 08:15:47.262585,2025-09-07 09:14:47.262585,59,passed,
01da0f00-c07b-4d83-9b79-35698e6a5c25,VAC-1137,CAND-10137,ИНТЕРВЬЮЕРЫ,Интервью (раунд 2),User Task,Анна_2,2025-09-07 09:35:47.262585,2025-09-07 10:41:47.262585,66,rejected,поведенческий
029eb479-f882-453b-8715-207727c6591e,VAC-1163,CAND-10163,РУКОВОДИТЕЛЬ,Создать заявку,User Task,Иванов_7,2025-09-12 16:38:47.262585,2025-09-12 17:26:47.262585,48,,
029eb479-f882-453b-8715-207727c6591e,VAC-1163,CAND-10163,HR,Зарегистрировать в HCM,Service Task,Ольга_1,2025-09-12 17:46:47.262585,2025-09-12 18:06:47.262585,20,,
029eb479-f882-453b-8715-207727c6591e,VAC-1163,CAND-10163,РЕКРУТЕР,Разместить вакансию,Task,Алексей_3,2025-09-12 18:36:47.262585,2025-09-12 19:07:47.262585,31,,
029eb479-f882-453b-8715-207727c6591e,VAC-1163,CAND-10163,РЕКРУТЕР,Собирать резюме,Task,Екатерина_1,2025-09-12 20:07:47.262585,2025-09-14 15:45:47.262585,2618,,
029eb479-f882-453b-8715-207727c6591e,VAC-1163,CAND-10163,РЕКРУТЕР,Скрининг,Task,Алексей_8,2025-09-14 16:52:47.262585,2025-09-14 17:23:47.262585,31,passed,
029eb479-f882-453b-8715-207727c6591e,VAC-1163,CAND-10163,ИНТЕРВЬЮЕРЫ,Назначить интервью,User Task,Анна_8,2025-09-14 20:23:47.262585,2025-09-14 20:45:47.262585,22,,
029eb479-f882-453b-8715-207727c6591e,VAC-1163,CAND-10163,ИНТЕРВЬЮЕРЫ,Интервью (раунд 1),User Task,Анна_5,2025-09-14 21:45:47.262585,2025-09-14 23:08:47.262585,83,passed,
029eb479-f882-453b-8715-207727c6591e,VAC-1163,CAND-10163,ИНТЕРВЬЮЕРЫ,Финальное интервью,User Task,Сергей_2,2025-09-15 03:08:47.262585,2025-09-15 04:48:47.262585,100,passed,
029eb479-f882-453b-8715-207727c6591e,VAC-1163,CAND-10163,HR (ОФФЕР),Согласовать условия,User Task,HR_Manager_3,2025-09-15 08:17:47.262585,2025-09-15 10:25:47.262585,128,,
029eb479-f882-453b-8715-207727c6591e,VAC-1163,CAND-10163,HR (ОФФЕР),Сгенерировать оффер,Service Task,HR_Manager_6,2025-09-15 10:45:47.262585,2025-09-15 10:59:47.262585,14,,
029eb479-f882-453b-8715-207727c6591e,VAC-1163,CAND-10163,HR (ОФФЕР),Отправить оффер,Send Task,HR_Manager_1,2025-09-15 11:04:47.262585,2025-09-15 11:14:47.262585,10,sent,
029eb479-f882-453b-8715-207727c6591e,VAC-1163,CAND-10163,HR (ОФФЕР),Timer: ожидание ответа (дни),Timer,,2025-09-15 11:14:47.262585,2025-09-18 11:14:47.262585,4320,timer_elapsed,
029eb479-f882-453b-8715-207727c6591e,VAC-1163,CAND-10163,SECURITY,Background Check,Call Activity,Служба_БД_4,2025-09-18 14:14:47.262585,2025-09-24 19:17:47.262585,8943,report_ready,
029eb479-f882-453b-8715-207727c6591e,VAC-1163,CAND-10163,IT,Выдача оборудования,Task,IT_Specialist_6,2025-09-24 20:17:47.262585,2025-09-24 23:48:47.262585,211,,
029eb479-f882-453b-8715-207727c6591e,VAC-1163,CAND-10163,IT,Создать доступы,Task,IT_Specialist_7,2025-09-25 00:18:47.262585,2025-09-25 03:50:47.262585,212,,
029eb479-f882-453b-8715-207727c6591e,VAC-1163,CAND-10163,IT,HR/Training: Вводное обучение,Service Task,Ольга_9,2025-09-25 05:50:47.262585,2025-09-25 12:05:47.262585,375,,
029eb479-f882-453b-8715-207727c6591e,VAC-1163,CAND-10163,HR,Назначить ментора,Task,Марина_3,2025-09-25 13:05:47.262585,2025-09-25 14:29:47.262585,84,,
029eb479-f882-453b-8715-207727c6591e,VAC-1163,CAND-10163,HR,Message: уведомить всех,Message,system,2025-09-25 14:49:47.262585,2025-09-25 14:54:47.262585,5,notified,
029eb479-f882-453b-8715-207727c6591e,VAC-1163,CAND-10163,HR,Обновить статус в HCM,Service Task,Ольга_3,2025-09-25 15:24:47.262585,2025-09-25 15:44:47.262585,20,,
029eb479-f882-453b-8715-207727c6591e,VAC-1163,CAND-10163,HR,Payroll / учет,Service Task,Наталья_9,2025-09-25 16:14:47.262585,2025-09-25 16:34:47.262585,20,,
029eb479-f882-453b-8715-207727c6591e,VAC-1163,CAND-10163,HR,Закрыть вакансию на порталах,Service Task,Ольга_6,2025-09-25 16:54:47.262585,2025-09-25 16:59:47.262585,5,,
0804e974-ddde-43d3-bed0-960b53503f02,VAC-1028,CAND-10028,РУКОВОДИТЕЛЬ,Создать заявку,User Task,Сидоров_8,2025-10-21 15:27:47.262585,2025-10-21 15:47:47.262585,20,,
0804e974-ddde-43d3-bed0-960b53503f02,VAC-1028,CAND-10028,HR,Зарегистрировать в HCM,Service Task,Ольга_6,2025-10-21 16:07:47.262585,2025-10-21 16:47:47.262585,40,,
0804e974-ddde-43d3-bed0-960b53503f02,VAC-1028,CAND-10028,РЕКРУТЕР,Разместить вакансию,Task,Дмитрий_2,2025-10-21 17:17:47.262585,2025-10-21 17:51:47.262585,34,,
0804e974-ddde-43d3-bed0-960b53503f02,VAC-1028,CAND-10028,РЕКРУТЕР,Собирать резюме,Task,Алексей_7,2025-10-21 18:51:47.262585,2025-10-22 08:27:47.262585,816,,
0804e974-ddde-43d3-bed0-960b53503f02,VAC-1028,CAND-10028,РЕКРУТЕР,Скрининг,Task,Алексей_7,2025-10-22 11:19:47.262585,2025-10-22 11:40:47.262585,21,passed,
0804e974-ddde-43d3-bed0-960b53503f02,VAC-1028,CAND-10028,ИНТЕРВЬЮЕРЫ,Назначить интервью,User Task,Андрей_8,2025-10-22 14:40:47.262585,2025-10-22 15:07:47.262585,27,,
0804e974-ddde-43d3-bed0-960b53503f02,VAC-1028,CAND-10028,ИНТЕРВЬЮЕРЫ,Интервью (раунд 1),User Task,Анна_6,2025-10-22 16:00:47.262585,2025-10-22 17:59:47.262585,119,passed,
0804e974-ddde-43d3-bed0-960b53503f02,VAC-1028,CAND-10028,ИНТЕРВЬЮЕРЫ,Интервью (раунд 2),User Task,Анна_9,2025-10-22 18:32:47.262585,2025-10-22 19:46:47.262585,74,passed,
0804e974-ddde-43d3-bed0-960b53503f02,VAC-1028,CAND-10028,ИНТЕРВЬЮЕРЫ,Финальное интервью,User Task,Андрей_2,2025-10-22 23:46:47.262585,2025-10-23 01:12:47.262585,86,rejected,финал не пройден
0b80bce0-0da0-4971-931c-fca0748365b6,VAC-1058,CAND-10058,РУКОВОДИТЕЛЬ,Создать заявку,User Task,Иванов_5,2025-10-22 15:30:47.262585,2025-10-22 15:42:47.262585,12,,
0b80bce0-0da0-4971-931c-fca0748365b6,VAC-1058,CAND-10058,HR,Зарегистрировать в HCM,Service Task,Марина_2,2025-10-22 16:02:47.262585,2025-10-22 16:30:47.262585,28,,
0b80bce0-0da0-4971-931c-fca0748365b6,VAC-1058,CAND-10058,РЕКРУТЕР,Разместить вакансию,Task,Дмитрий_8,2025-10-22 17:00:47.262585,2025-10-22 18:02:47.262585,62,,
0b80bce0-0da0-4971-931c-fca0748365b6,VAC-1058,CAND-10058,РЕКРУТЕР,Собирать резюме,Task,Екатерина_9,2025-10-22 19:02:47.262585,2025-10-24 18:48:47.262585,2866,,
0b80bce0-0da0-4971-931c-fca0748365b6,VAC-1058,CAND-10058,РЕКРУТЕР,Скрининг,Task,Алексей_9,2025-10-24 21:24:47.262585,2025-10-24 22:02:47.262585,38,passed,
0b80bce0-0da0-4971-931c-fca0748365b6,VAC-1058,CAND-10058,ИНТЕРВЬЮЕРЫ,Назначить интервью,User Task,Андрей_6,2025-10-25 01:02:47.262585,2025-10-25 01:18:47.262585,16,,
0b80bce0-0da0-4971-931c-fca0748365b6,VAC-1058,CAND-10058,ИНТЕРВЬЮЕРЫ,Интервью (раунд 1),User Task,Андрей_6,2025-10-25 02:36:47.262585,2025-10-25 03:53:47.262585,77,passed,
0b80bce0-0da0-4971-931c-fca0748365b6,VAC-1058,CAND-10058,ИНТЕРВЬЮЕРЫ,Финальное интервью,User Task,Андрей_3,2025-10-25 07:53:47.262585,2025-10-25 09:15:47.262585,82,passed,
0b80bce0-0da0-4971-931c-fca0748365b6,VAC-1058,CAND-10058,HR (ОФФЕР),Согласовать условия,User Task,HR_Manager_9,2025-10-25 12:51:47.262585,2025-10-25 21:46:47.262585,535,,
0b80bce0-0da0-4971-931c-fca0748365b6,VAC-1058,CAND-10058,HR (ОФФЕР),Сгенерировать оффер,Service Task,HR_Manager_7,2025-10-25 22:06:47.262585,2025-10-25 22:21:47.262585,15,,
0b80bce0-0da0-4971-931c-fca0748365b6,VAC-1058,CAND-10058,HR (ОФФЕР),Отправить оффер,Send Task,HR_Manager_3,2025-10-25 22:26:47.262585,2025-10-25 22:36:47.262585,10,sent,
0b80bce0-0da0-4971-931c-fca0748365b6,VAC-1058,CAND-10058,HR (ОФФЕР),Timer: ожидание ответа (дни),Timer,,2025-10-25 22:36:47.262585,2025-10-27 22:36:47.262585,2880,timer_elapsed,
0b80bce0-0da0-4971-931c-fca0748365b6,VAC-1058,CAND-10058,SECURITY,Background Check,Call Activity,Служба_БД_1,2025-10-28 01:36:47.262585,2025-11-10 17:08:47.262585,19652,report_ready,
0b80bce0-0da0-4971-931c-fca0748365b6,VAC-1058,CAND-10058,IT,Выдача оборудования,Task,IT_Specialist_5,2025-11-10 18:08:47.262585,2025-11-10 20:08:47.262585,120,,
0b80bce0-0da0-4971-931c-fca0748365b6,VAC-1058,CAND-10058,IT,Создать доступы,Task,IT_Specialist_1,2025-11-10 20:38:47.262585,2025-11-10 22:32:47.262585,114,,
0b80bce0-0da0-4971-931c-fca0748365b6,VAC-1058,CAND-10058,IT,HR/Training: Вводное обучение,Service Task,Марина_6,2025-11-11 00:32:47.262585,2025-11-11 05:45:47.262585,313,,
0b80bce0-0da0-4971-931c-fca0748365b6,VAC-1058,CAND-10058,HR,Назначить ментора,Task,Наталья_2,2025-11-11 06:45:47.262585,2025-11-11 08:15:47.262585,90,,
0b80bce0-0da0-4971-931c-fca0748365b6,VAC-1058,CAND-10058,HR,Message: уведомить всех,Message,system,2025-11-11 08:35:47.262585,2025-11-11 08:40:47.262585,5,notified,
0b80bce0-0da0-4971-931c-fca0748365b6,VAC-1058,CAND-10058,HR,Обновить статус в HCM,Service Task,Ольга_5,2025-11-11 09:10:47.262585,2025-11-11 09:30:47.262585,20,,
0b80bce0-0da0-4971-931c-fca0748365b6,VAC-1058,CAND-10058,HR,Payroll / учет,Service Task,Наталья_7,2025-11-11 10:00:47.262585,2025-11-11 10:20:47.262585,20,,
0b80bce0-0da0-4971-931c-fca0748365b6,VAC-1058,CAND-10058,HR,Закрыть вакансию на порталах,Service Task,Марина_9,2025-11-11 10:40:47.262585,2025-11-11 10:45:47.262585,5,,
11ae5bef-fa74-4c41-9e3f-d7f9e1254822,VAC-1030,CAND-10030,РУКОВОДИТЕЛЬ,Создать заявку,User Task,Иванов_6,2025-10-23 14:28:47.262585,2025-10-23 15:01:47.262585,33,,
11ae5bef-fa74-4c41-9e3f-d7f9e1254822,VAC-1030,CAND-10030,HR,Зарегистрировать в HCM,Service Task,Марина_6,2025-10-23 15:21:47.262585,2025-10-23 15:48:47.262585,27,,
11ae5bef-fa74-4c41-9e3f-d7f9e1254822,VAC-1030,CAND-10030,РЕКРУТЕР,Разместить вакансию,Task,Дмитрий_5,2025-10-23 16:18:47.262585,2025-10-23 16:45:47.262585,27,,
11ae5bef-fa74-4c41-9e3f-d7f9e1254822,VAC-1030,CAND-10030,РЕКРУТЕР,Собирать резюме,Task,Алексей_8,2025-10-23 17:45:47.262585,2025-10-24 10:42:47.262585,1017,,
11ae5bef-fa74-4c41-9e3f-d7f9e1254822,VAC-1030,CAND-10030,РЕКРУТЕР,Скрининг,Task,Алексей_1,2025-10-24 11:35:47.262585,2025-10-24 12:06:47.262585,31,passed,
11ae5bef-fa74-4c41-9e3f-d7f9e1254822,VAC-1030,CAND-10030,ИНТЕРВЬЮЕРЫ,Назначить интервью,User Task,Андрей_3,2025-10-24 15:06:47.262585,2025-10-24 15:26:47.262585,20,,
11ae5bef-fa74-4c41-9e3f-d7f9e1254822,VAC-1030,CAND-10030,ИНТЕРВЬЮЕРЫ,Интервью (раунд 1),User Task,Анна_4,2025-10-24 16:12:47.262585,2025-10-24 17:05:47.262585,53,rejected,культурный профиль
11b70d21-f612-4e51-aa02-e6ce2021722d,VAC-1022,CAND-10022,РУКОВОДИТЕЛЬ,Создать заявку,User Task,Петров_5,2025-08-25 21:12:47.262585,2025-08-25 21:37:47.262585,25,,
11b70d21-f612-4e51-aa02-e6ce2021722d,VAC-1022,CAND-10022,HR,Зарегистрировать в HCM,Service Task,Наталья_9,2025-08-25 21:57:47.262585,2025-08-25 22:24:47.262585,27,,
11b70d21-f612-4e51-aa02-e6ce2021722d,VAC-1022,CAND-10022,РЕКРУТЕР,Разместить вакансию,Task,Алексей_4,2025-08-25 22:54:47.262585,2025-08-26 00:06:47.262585,72,,
11b70d21-f612-4e51-aa02-e6ce2021722d,VAC-1022,CAND-10022,РЕКРУТЕР,Собирать резюме,Task,Дмитрий_2,2025-08-26 01:06:47.262585,2025-08-26 12:50:47.262585,704,,
11b70d21-f612-4e51-aa02-e6ce2021722d,VAC-1022,CAND-10022,РЕКРУТЕР,Скрининг,Task,Екатерина_5,2025-08-26 13:59:47.262585,2025-08-26 14:24:47.262585,25,passed,
11b70d21-f612-4e51-aa02-e6ce2021722d,VAC-1022,CAND-10022,ИНТЕРВЬЮЕРЫ,Назначить интервью,User Task,Сергей_8,2025-08-26 17:24:47.262585,2025-08-26 17:42:47.262585,18,,
11b70d21-f612-4e51-aa02-e6ce2021722d,VAC-1022,CAND-10022,ИНТЕРВЬЮЕРЫ,Интервью (раунд 1),User Task,Сергей_4,2025-08-26 18:33:47.262585,2025-08-26 20:16:47.262585,103,passed,
11b70d21-f612-4e51-aa02-e6ce2021722d,VAC-1022,CAND-10022,ИНТЕРВЬЮЕРЫ,Интервью (раунд 2),User Task,Сергей_7,2025-08-26 21:41:47.262585,2025-08-26 22:43:47.262585,62,rejected,поведенческий
12373a84-2a45-4c38-98f4-70ed97898115,VAC-1041,CAND-10041,РУКОВОДИТЕЛЬ,Создать заявку,User Task,Сидоров_4,2025-09-19 10:59:47.262585,2025-09-19 11:41:47.262585,42,,
12373a84-2a45-4c38-98f4-70ed97898115,VAC-1041,CAND-10041,HR,Зарегистрировать в HCM,Service Task,Наталья_6,2025-09-19 12:01:47.262585,2025-09-19 12:23:47.262585,22,,
12373a84-2a45-4c38-98f4-70ed97898115,VAC-1041,CAND-10041,РЕКРУТЕР,Разместить вакансию,Task,Алексей_6,2025-09-19 12:53:47.262585,2025-09-19 13:41:47.262585,48,,
12373a84-2a45-4c38-98f4-70ed97898115,VAC-1041,CAND-10041,РЕКРУТЕР,Собирать резюме,Task,Екатерина_6,2025-09-19 14:41:47.262585,2025-09-20 01:26:47.262585,645,,
12373a84-2a45-4c38-98f4-70ed97898115,VAC-1041,CAND-10041,РЕКРУТЕР,Скрининг,Task,Алексей_5,2025-09-20 02:33:47.262585,2025-09-20 02:47:47.262585,14,rejected,некорректное резюме
13ac36bd-d463-4494-88c5-ad25c3392ead,VAC-1145,CAND-10145,РУКОВОДИТЕЛЬ,Создать заявку,User Task,Кузнецов_8,2025-10-07 13:43:47.262585,2025-10-07 13:56:47.262585,13,,
13ac36bd-d463-4494-88c5-ad25c3392ead,VAC-1145,CAND-10145,HR,Зарегистрировать в HCM,Service Task,Марина_9,2025-10-07 14:16:47.262585,2025-10-07 14:50:47.262585,34,,
13ac36bd-d463-4494-88c5-ad25c3392ead,VAC-1145,CAND-10145,РЕКРУТЕР,Разместить вакансию,Task,Алексей_7,2025-10-07 15:20:47.262585,2025-10-07 15:51:47.262585,31,,
13ac36bd-d463-4494-88c5-ad25c3392ead,VAC-1145,CAND-10145,РЕКРУТЕР,Собирать резюме,Task,Дмитрий_3,2025-10-07 16:51:47.262585,2025-10-08 16:37:47.262585,1426,,
13ac36bd-d463-4494-88c5-ad25c3392ead,VAC-1145,CAND-10145,РЕКРУТЕР,Скрининг,Task,Алексей_8,2025-10-08 17:40:47.262585,2025-10-08 18:00:47.262585,20,passed,
13ac36bd-d463-4494-88c5-ad25c3392ead,VAC-1145,CAND-10145,ИНТЕРВЬЮЕРЫ,Назначить интервью,User Task,Анна_7,2025-10-08 21:00:47.262585,2025-10-08 21:11:47.262585,11,,
13ac36bd-d463-4494-88c5-ad25c3392ead,VAC-1145,CAND-10145,ИНТЕРВЬЮЕРЫ,Интервью (раунд 1),User Task,Анна_3,2025-10-08 22:22:47.262585,2025-10-09 00:11:47.262585,109,passed,
13ac36bd-d463-4494-88c5-ad25c3392ead,VAC-1145,CAND-10145,ИНТЕРВЬЮЕРЫ,Финальное интервью,User Task,Андрей_8,2025-10-09 04:11:47.262585,2025-10-09 05:13:47.262585,62,passed,
13ac36bd-d463-4494-88c5-ad25c3392ead,VAC-1145,CAND-10145,HR (ОФФЕР),Согласовать условия,User Task,HR_Manager_9,2025-10-09 07:54:47.262585,2025-10-09 19:39:47.262585,705,,
13ac36bd-d463-4494-88c5-ad25c3392ead,VAC-1145,CAND-10145,HR (ОФФЕР),Сгенерировать оффер,Service Task,HR_Manager_4,2025-10-09 19:59:47.262585,2025-10-09 20:23:47.262585,24,,
13ac36bd-d463-4494-88c5-ad25c3392ead,VAC-1145,CAND-10145,HR (ОФФЕР),Отправить оффер,Send Task,HR_Manager_5,2025-10-09 20:28:47.262585,2025-10-09 20:38:47.262585,10,sent,
13ac36bd-d463-4494-88c5-ad25c3392ead,VAC-1145,CAND-10145,HR (ОФФЕР),Timer: ожидание ответа (дни),Timer,,2025-10-09 20:38:47.262585,2025-10-13 20:38:47.262585,5760,timer_elapsed,
13ac36bd-d463-4494-88c5-ad25c3392ead,VAC-1145,CAND-10145,SECURITY,Background Check,Call Activity,Служба_БД_2,2025-10-13 23:38:47.262585,2025-10-27 11:59:47.262585,19461,report_ready,
13ac36bd-d463-4494-88c5-ad25c3392ead,VAC-1145,CAND-10145,IT,Выдача оборудования,Task,IT_Specialist_6,2025-10-27 12:59:47.262585,2025-10-27 15:47:47.262585,168,,
13ac36bd-d463-4494-88c5-ad25c3392ead,VAC-1145,CAND-10145,IT,Создать доступы,Task,IT_Specialist_6,2025-10-27 16:17:47.262585,2025-10-27 17:35:47.262585,78,,
13ac36bd-d463-4494-88c5-ad25c3392ead,VAC-1145,CAND-10145,IT,HR/Training: Вводное обучение,Service Task,Марина_1,2025-10-27 19:35:47.262585,2025-10-28 03:39:47.262585,484,,
13ac36bd-d463-4494-88c5-ad25c3392ead,VAC-1145,CAND-10145,HR,Назначить ментора,Task,Наталья_6,2025-10-28 04:39:47.262585,2025-10-28 06:27:47.262585,108,,
13ac36bd-d463-4494-88c5-ad25c3392ead,VAC-1145,CAND-10145,HR,Message: уведомить всех,Message,system,2025-10-28 06:47:47.262585,2025-10-28 06:52:47.262585,5,notified,
13ac36bd-d463-4494-88c5-ad25c3392ead,VAC-1145,CAND-10145,HR,Обновить статус в HCM,Service Task,Марина_8,2025-10-28 07:22:47.262585,2025-10-28 07:42:47.262585,20,,
13ac36bd-d463-4494-88c5-ad25c3392ead,VAC-1145,CAND-10145,HR,Payroll / учет,Service Task,Марина_3,2025-10-28 08:12:47.262585,2025-10-28 08:32:47.262585,20,,
13ac36bd-d463-4494-88c5-ad25c3392ead,VAC-1145,CAND-10145,HR,Закрыть вакансию на порталах,Service Task,Ольга_1,2025-10-28 08:52:47.262585,2025-10-28 08:57:47.262585,5,,
1446780a-a1d7-4471-b8e2-124b2358b9f6,VAC-1076,CAND-10076,РУКОВОДИТЕЛЬ,Создать заявку,User Task,Петров_5,2025-09-15 16:28:47.262585,2025-09-15 17:07:47.262585,39,,
1446780a-a1d7-4471-b8e2-124b2358b9f6,VAC-1076,CAND-10076,HR,Зарегистрировать в HCM,Service Task,Марина_2,2025-09-15 17:27:47.262585,2025-09-15 18:06:47.262585,39,,
1446780a-a1d7-4471-b8e2-124b2358b9f6,VAC-1076,CAND-10076,РЕКРУТЕР,Разместить вакансию,Task,Алексей_6,2025-09-15 18:36:47.262585,2025-09-15 20:22:47.262585,106,,
1446780a-a1d7-4471-b8e2-124b2358b9f6,VAC-1076,CAND-10076,РЕКРУТЕР,Собирать резюме,Task,Алексей_5,2025-09-15 21:22:47.262585,2025-09-16 09:24:47.262585,722,,
1446780a-a1d7-4471-b8e2-124b2358b9f6,VAC-1076,CAND-10076,РЕКРУТЕР,Скрининг,Task,Дмитрий_3,2025-09-16 10:23:47.262585,2025-09-16 10:38:47.262585,15,passed,
1446780a-a1d7-4471-b8e2-124b2358b9f6,VAC-1076,CAND-10076,ИНТЕРВЬЮЕРЫ,Назначить интервью,User Task,Анна_3,2025-09-16 13:38:47.262585,2025-09-16 14:01:47.262585,23,,
1446780a-a1d7-4471-b8e2-124b2358b9f6,VAC-1076,CAND-10076,ИНТЕРВЬЮЕРЫ,Интервью (раунд 1),User Task,Анна_3,2025-09-16 15:15:47.262585,2025-09-16 16:23:47.262585,68,passed,
1446780a-a1d7-4471-b8e2-124b2358b9f6,VAC-1076,CAND-10076,ИНТЕРВЬЮЕРЫ,Интервью (раунд 2),User Task,Андрей_6,2025-09-16 17:04:47.262585,2025-09-16 18:51:47.262585,107,passed,
1446780a-a1d7-4471-b8e2-124b2358b9f6,VAC-1076,CAND-10076,ИНТЕРВЬЮЕРЫ,Финальное интервью,User Task,Сергей_1,2025-09-16 22:51:47.262585,2025-09-17 00:33:47.262585,102,passed,
1446780a-a1d7-4471-b8e2-124b2358b9f6,VAC-1076,CAND-10076,HR (ОФФЕР),Согласовать условия,User Task,HR_Manager_7,2025-09-17 03:37:47.262585,2025-09-17 07:56:47.262585,259,,
1446780a-a1d7-4471-b8e2-124b2358b9f6,VAC-1076,CAND-10076,HR (ОФФЕР),Сгенерировать оффер,Service Task,HR_Manager_7,2025-09-17 08:16:47.262585,2025-09-17 08:38:47.262585,22,,
1446780a-a1d7-4471-b8e2-124b2358b9f6,VAC-1076,CAND-10076,HR (ОФФЕР),Отправить оффер,Send Task,HR_Manager_7,2025-09-17 08:43:47.262585,2025-09-17 08:53:47.262585,10,sent,
1446780a-a1d7-4471-b8e2-124b2358b9f6,VAC-1076,CAND-10076,HR (ОФФЕР),Timer: ожидание ответа (дни),Timer,,2025-09-17 08:53:47.262585,2025-09-21 08:53:47.262585,5760,timer_elapsed,
1446780a-a1d7-4471-b8e2-124b2358b9f6,VAC-1076,CAND-10076,SECURITY,Background Check,Call Activity,Служба_БД_4,2025-09-21 11:53:47.262585,2025-09-25 10:27:47.262585,5674,report_ready,
1446780a-a1d7-4471-b8e2-124b2358b9f6,VAC-1076,CAND-10076,IT,Выдача оборудования,Task,IT_Specialist_9,2025-09-25 11:27:47.262585,2025-09-25 13:37:47.262585,130,,
1446780a-a1d7-4471-b8e2-124b2358b9f6,VAC-1076,CAND-10076,IT,Создать доступы,Task,IT_Specialist_8,2025-09-25 14:07:47.262585,2025-09-25 15:50:47.262585,103,,
1446780a-a1d7-4471-b8e2-124b2358b9f6,VAC-1076,CAND-10076,IT,HR/Training: Вводное обучение,Service Task,Марина_8,2025-09-25 17:50:47.262585,2025-09-26 01:39:47.262585,469,,
1446780a-a1d7-4471-b8e2-124b2358b9f6,VAC-1076,CAND-10076,HR,Назначить ментора,Task,Марина_2,2025-09-26 02:39:47.262585,2025-09-26 05:29:47.262585,170,,
1446780a-a1d7-4471-b8e2-124b2358b9f6,VAC-1076,CAND-10076,HR,Message: уведомить всех,Message,system,2025-09-26 05:49:47.262585,2025-09-26 05:54:47.262585,5,notified,
1446780a-a1d7-4471-b8e2-124b2358b9f6,VAC-1076,CAND-10076,HR,Обновить статус в HCM,Service Task,Марина_2,2025-09-26 06:24:47.262585,2025-09-26 06:44:47.262585,20,,
1446780a-a1d7-4471-b8e2-124b2358b9f6,VAC-1076,CAND-10076,HR,Payroll / учет,Service Task,Ольга_9,2025-09-26 07:14:47.262585,2025-09-26 07:34:47.262585,20,,
1446780a-a1d7-4471-b8e2-124b2358b9f6,VAC-1076,CAND-10076,HR,Закрыть вакансию на порталах,Service Task,Ольга_9,2025-09-26 07:54:47.262585,2025-09-26 07:59:47.262585,5,,
14b5263b-ab5b-440a-ae23-6cebbf2abf1f,VAC-1114,CAND-10114,РУКОВОДИТЕЛЬ,Создать заявку,User Task,Иванов_1,2025-08-30 10:58:47.262585,2025-08-30 11:17:47.262585,19,,
14b5263b-ab5b-440a-ae23-6cebbf2abf1f,VAC-1114,CAND-10114,HR,Зарегистрировать в HCM,Service Task,Ольга_3,2025-08-30 11:37:47.262585,2025-08-30 11:53:47.262585,16,,
14b5263b-ab5b-440a-ae23-6cebbf2abf1f,VAC-1114,CAND-10114,РЕКРУТЕР,Разместить вакансию,Task,Екатерина_5,2025-08-30 12:23:47.262585,2025-08-30 13:19:47.262585,56,,
14b5263b-ab5b-440a-ae23-6cebbf2abf1f,VAC-1114,CAND-10114,РЕКРУТЕР,Собирать резюме,Task,Алексей_5,2025-08-30 14:19:47.262585,2025-08-31 04:18:47.262585,839,,
14b5263b-ab5b-440a-ae23-6cebbf2abf1f,VAC-1114,CAND-10114,РЕКРУТЕР,Скрининг,Task,Екатерина_1,2025-08-31 05:40:47.262585,2025-08-31 06:14:47.262585,34,passed,
14b5263b-ab5b-440a-ae23-6cebbf2abf1f,VAC-1114,CAND-10114,ИНТЕРВЬЮЕРЫ,Назначить интервью,User Task,Андрей_9,2025-08-31 09:14:47.262585,2025-08-31 09:38:47.262585,24,,
14b5263b-ab5b-440a-ae23-6cebbf2abf1f,VAC-1114,CAND-10114,ИНТЕРВЬЮЕРЫ,Интервью (раунд 1),User Task,Анна_5,2025-08-31 10:47:47.262585,2025-08-31 12:02:47.262585,75,passed,
14b5263b-ab5b-440a-ae23-6cebbf2abf1f,VAC-1114,CAND-10114,ИНТЕРВЬЮЕРЫ,Интервью (раунд 2),User Task,Анна_6,2025-08-31 12:28:47.262585,2025-08-31 14:01:47.262585,93,passed,
14b5263b-ab5b-440a-ae23-6cebbf2abf1f,VAC-1114,CAND-10114,ИНТЕРВЬЮЕРЫ,Интервью (раунд 3),User Task,Сергей_4,2025-08-31 15:31:47.262585,2025-08-31 16:22:47.262585,51,passed,
14b5263b-ab5b-440a-ae23-6cebbf2abf1f,VAC-1114,CAND-10114,ИНТЕРВЬЮЕРЫ,Финальное интервью,User Task,Анна_6,2025-08-31 20:22:47.262585,2025-08-31 22:03:47.262585,101,passed,
14b5263b-ab5b-440a-ae23-6cebbf2abf1f,VAC-1114,CAND-10114,HR (ОФФЕР),Согласовать условия,User Task,HR_Manager_4,2025-09-01 02:16:47.262585,2025-09-01 13:35:47.262585,679,,
14b5263b-ab5b-440a-ae23-6cebbf2abf1f,VAC-1114,CAND-10114,HR (ОФФЕР),Сгенерировать оффер,Service Task,HR_Manager_3,2025-09-01 13:55:47.262585,2025-09-01 14:09:47.262585,14,,
14b5263b-ab5b-440a-ae23-6cebbf2abf1f,VAC-1114,CAND-10114,HR (ОФФЕР),Отправить оффер,Send Task,HR_Manager_3,2025-09-01 14:14:47.262585,2025-09-01 14:24:47.262585,10,sent,
14b5263b-ab5b-440a-ae23-6cebbf2abf1f,VAC-1114,CAND-10114,HR (ОФФЕР),Timer: ожидание ответа (дни),Timer,,2025-09-01 14:24:47.262585,2025-09-03 14:24:47.262585,2880,timer_elapsed,
14b5263b-ab5b-440a-ae23-6cebbf2abf1f,VAC-1114,CAND-10114,SECURITY,Background Check,Call Activity,Служба_БД_1,2025-09-03 17:24:47.262585,2025-09-08 01:59:47.262585,6275,report_ready,
14b5263b-ab5b-440a-ae23-6cebbf2abf1f,VAC-1114,CAND-10114,IT,Выдача оборудования,Task,IT_Specialist_3,2025-09-08 02:59:47.262585,2025-09-08 06:21:47.262585,202,,
14b5263b-ab5b-440a-ae23-6cebbf2abf1f,VAC-1114,CAND-10114,IT,Создать доступы,Task,IT_Specialist_1,2025-09-08 06:51:47.262585,2025-09-08 08:02:47.262585,71,,
14b5263b-ab5b-440a-ae23-6cebbf2abf1f,VAC-1114,CAND-10114,IT,HR/Training: Вводное обучение,Service Task,Ольга_3,2025-09-08 10:02:47.262585,2025-09-08 15:51:47.262585,349,,
14b5263b-ab5b-440a-ae23-6cebbf2abf1f,VAC-1114,CAND-10114,HR,Назначить ментора,Task,Наталья_6,2025-09-08 16:51:47.262585,2025-09-08 17:31:47.262585,40,,
14b5263b-ab5b-440a-ae23-6cebbf2abf1f,VAC-1114,CAND-10114,HR,Message: уведомить всех,Message,system,2025-09-08 17:51:47.262585,2025-09-08 17:56:47.262585,5,notified,
14b5263b-ab5b-440a-ae23-6cebbf2abf1f,VAC-1114,CAND-10114,HR,Обновить статус в HCM,Service Task,Марина_1,2025-09-08 18:26:47.262585,2025-09-08 18:46:47.262585,20,,
14b5263b-ab5b-440a-ae23-6cebbf2abf1f,VAC-1114,CAND-10114,HR,Payroll / учет,Service Task,Марина_5,2025-09-08 19:16:47.262585,2025-09-08 19:36:47.262585,20,,
14b5263b-ab5b-440a-ae23-6cebbf2abf1f,VAC-1114,CAND-10114,HR,Закрыть вакансию на порталах,Service Task,Ольга_9,2025-09-08 19:56:47.262585,2025-09-08 20:01:47.262585,5,,
153f6c1a-d5e2-4ed8-ab6e-5b9c493d0108,VAC-1062,CAND-10062,РУКОВОДИТЕЛЬ,Создать заявку,User Task,Кузнецов_9,2025-08-27 16:15:47.262585,2025-08-27 17:07:47.262585,52,,
153f6c1a-d5e2-4ed8-ab6e-5b9c493d0108,VAC-1062,CAND-10062,HR,Зарегистрировать в HCM,Service Task,Марина_7,2025-08-27 17:27:47.262585,2025-08-27 17:47:47.262585,20,,
153f6c1a-d5e2-4ed8-ab6e-5b9c493d0108,VAC-1062,CAND-10062,РЕКРУТЕР,Разместить вакансию,Task,Алексей_5,2025-08-27 18:17:47.262585,2025-08-27 19:29:47.262585,72,,
153f6c1a-d5e2-4ed8-ab6e-5b9c493d0108,VAC-1062,CAND-10062,РЕКРУТЕР,Собирать резюме,Task,Алексей_9,2025-08-27 20:29:47.262585,2025-08-29 02:10:47.262585,1781,,
153f6c1a-d5e2-4ed8-ab6e-5b9c493d0108,VAC-1062,CAND-10062,РЕКРУТЕР,Скрининг,Task,Алексей_5,2025-08-29 04:41:47.262585,2025-08-29 04:58:47.262585,17,rejected,не соотв. опыту
15af99e3-e992-4633-89ff-15990364fbbe,VAC-1129,CAND-10129,РУКОВОДИТЕЛЬ,Создать заявку,User Task,Иванов_8,2025-10-06 18:31:47.262585,2025-10-06 19:18:47.262585,47,,
15af99e3-e992-4633-89ff-15990364fbbe,VAC-1129,CAND-10129,HR,Зарегистрировать в HCM,Service Task,Ольга_2,2025-10-06 19:38:47.262585,2025-10-06 19:51:47.262585,13,,
15af99e3-e992-4633-89ff-15990364fbbe,VAC-1129,CAND-10129,РЕКРУТЕР,Разместить вакансию,Task,Екатерина_4,2025-10-06 20:21:47.262585,2025-10-06 21:29:47.262585,68,,
15af99e3-e992-4633-89ff-15990364fbbe,VAC-1129,CAND-10129,РЕКРУТЕР,Собирать резюме,Task,Дмитрий_7,2025-10-06 22:29:47.262585,2025-10-07 18:10:47.262585,1181,,
15af99e3-e992-4633-89ff-15990364fbbe,VAC-1129,CAND-10129,РЕКРУТЕР,Скрининг,Task,Екатерина_1,2025-10-07 20:10:47.262585,2025-10-07 20:36:47.262585,26,rejected,некорректное резюме
15e9b90e-6e50-4a97-85e6-754eeada672d,VAC-1144,CAND-10144,РУКОВОДИТЕЛЬ,Создать заявку,User Task,Сидоров_1,2025-10-01 11:07:47.262585,2025-10-01 11:25:47.262585,18,,
15e9b90e-6e50-4a97-85e6-754eeada672d,VAC-1144,CAND-10144,HR,Зарегистрировать в HCM,Service Task,Наталья_4,2025-10-01 11:45:47.262585,2025-10-01 12:04:47.262585,19,,
15e9b90e-6e50-4a97-85e6-754eeada672d,VAC-1144,CAND-10144,РЕКРУТЕР,Разместить вакансию,Task,Алексей_5,2025-10-01 12:34:47.262585,2025-10-01 13:34:47.262585,60,,
15e9b90e-6e50-4a97-85e6-754eeada672d,VAC-1144,CAND-10144,РЕКРУТЕР,Собирать резюме,Task,Екатерина_9,2025-10-01 14:34:47.262585,2025-10-03 08:21:47.262585,2507,,
15e9b90e-6e50-4a97-85e6-754eeada672d,VAC-1144,CAND-10144,РЕКРУТЕР,Скрининг,Task,Екатерина_3,2025-10-03 11:17:47.262585,2025-10-03 11:56:47.262585,39,passed,
15e9b90e-6e50-4a97-85e6-754eeada672d,VAC-1144,CAND-10144,ИНТЕРВЬЮЕРЫ,Назначить интервью,User Task,Сергей_3,2025-10-03 14:56:47.262585,2025-10-03 15:20:47.262585,24,,
15e9b90e-6e50-4a97-85e6-754eeada672d,VAC-1144,CAND-10144,ИНТЕРВЬЮЕРЫ,Интервью (раунд 1),User Task,Сергей_5,2025-10-03 16:26:47.262585,2025-10-03 18:25:47.262585,119,passed,
15e9b90e-6e50-4a97-85e6-754eeada672d,VAC-1144,CAND-10144,ИНТЕРВЬЮЕРЫ,Финальное интервью,User Task,Анна_4,2025-10-03 22:25:47.262585,2025-10-03 23:21:47.262585,56,passed,
15e9b90e-6e50-4a97-85e6-754eeada672d,VAC-1144,CAND-10144,HR (ОФФЕР),Согласовать условия,User Task,HR_Manager_8,2025-10-04 03:28:47.262585,2025-10-04 06:47:47.262585,199,,
15e9b90e-6e50-4a97-85e6-754eeada672d,VAC-1144,CAND-10144,HR (ОФФЕР),Сгенерировать оффер,Service Task,HR_Manager_2,2025-10-04 07:07:47.262585,2025-10-04 07:17:47.262585,10,,
15e9b90e-6e50-4a97-85e6-754eeada672d,VAC-1144,CAND-10144,HR (ОФФЕР),Отправить оффер,Send Task,HR_Manager_1,2025-10-04 07:22:47.262585,2025-10-04 07:32:47.262585,10,sent,
15e9b90e-6e50-4a97-85e6-754eeada672d,VAC-1144,CAND-10144,HR (ОФФЕР),Timer: ожидание ответа (дни),Timer,,2025-10-04 07:32:47.262585,2025-10-08 07:32:47.262585,5760,timer_elapsed,
15e9b90e-6e50-4a97-85e6-754eeada672d,VAC-1144,CAND-10144,SECURITY,Background Check,Call Activity,Служба_БД_6,2025-10-08 10:32:47.262585,2025-10-12 01:48:47.262585,5236,report_ready,
15e9b90e-6e50-4a97-85e6-754eeada672d,VAC-1144,CAND-10144,IT,Выдача оборудования,Task,IT_Specialist_2,2025-10-12 02:48:47.262585,2025-10-12 05:39:47.262585,171,,
15e9b90e-6e50-4a97-85e6-754eeada672d,VAC-1144,CAND-10144,IT,Создать доступы,Task,IT_Specialist_1,2025-10-12 06:09:47.262585,2025-10-12 09:56:47.262585,227,,
15e9b90e-6e50-4a97-85e6-754eeada672d,VAC-1144,CAND-10144,IT,HR/Training: Вводное обучение,Service Task,Марина_7,2025-10-12 11:56:47.262585,2025-10-12 20:20:47.262585,504,,
15e9b90e-6e50-4a97-85e6-754eeada672d,VAC-1144,CAND-10144,HR,Назначить ментора,Task,Ольга_9,2025-10-12 21:20:47.262585,2025-10-12 22:03:47.262585,43,,
15e9b90e-6e50-4a97-85e6-754eeada672d,VAC-1144,CAND-10144,HR,Message: уведомить всех,Message,system,2025-10-12 22:23:47.262585,2025-10-12 22:28:47.262585,5,notified,
15e9b90e-6e50-4a97-85e6-754eeada672d,VAC-1144,CAND-10144,HR,Обновить статус в HCM,Service Task,Наталья_6,2025-10-12 22:58:47.262585,2025-10-12 23:18:47.262585,20,,
15e9b90e-6e50-4a97-85e6-754eeada672d,VAC-1144,CAND-10144,HR,Payroll / учет,Service Task,Марина_3,2025-10-12 23:48:47.262585,2025-10-13 00:08:47.262585,20,,
15e9b90e-6e50-4a97-85e6-754eeada672d,VAC-1144,CAND-10144,HR,Закрыть вакансию на порталах,Service Task,Ольга_9,2025-10-13 00:28:47.262585,2025-10-13 00:33:47.262585,5,,
17e600b3-353e-451b-a952-eed2252fa3b2,VAC-1044,CAND-10044,РУКОВОДИТЕЛЬ,Создать заявку,User Task,Петров_1,2025-08-26 14:46:47.262585,2025-08-26 14:58:47.262585,12,,
17e600b3-353e-451b-a952-eed2252fa3b2,VAC-1044,CAND-10044,HR,Зарегистрировать в HCM,Service Task,Ольга_9,2025-08-26 15:18:47.262585,2025-08-26 15:38:47.262585,20,,
17e600b3-353e-451b-a952-eed2252fa3b2,VAC-1044,CAND-10044,РЕКРУТЕР,Разместить вакансию,Task,Екатерина_8,2025-08-26 16:08:47.262585,2025-08-26 17:18:47.262585,70,,
17e600b3-353e-451b-a952-eed2252fa3b2,VAC-1044,CAND-10044,РЕКРУТЕР,Собирать резюме,Task,Алексей_4,2025-08-26 18:18:47.262585,2025-08-27 15:35:47.262585,1277,,
17e600b3-353e-451b-a952-eed2252fa3b2,VAC-1044,CAND-10044,РЕКРУТЕР,Скрининг,Task,Алексей_6,2025-08-27 17:18:47.262585,2025-08-27 17:39:47.262585,21,passed,
17e600b3-353e-451b-a952-eed2252fa3b2,VAC-1044,CAND-10044,ИНТЕРВЬЮЕРЫ,Назначить интервью,User Task,Сергей_7,2025-08-27 20:39:47.262585,2025-08-27 21:14:47.262585,35,,
17e600b3-353e-451b-a952-eed2252fa3b2,VAC-1044,CAND-10044,ИНТЕРВЬЮЕРЫ,Интервью (раунд 1),User Task,Андрей_8,2025-08-27 22:30:47.262585,2025-08-28 00:04:47.262585,94,passed,
17e600b3-353e-451b-a952-eed2252fa3b2,VAC-1044,CAND-10044,ИНТЕРВЬЮЕРЫ,Интервью (раунд 2),User Task,Анна_5,2025-08-28 01:27:47.262585,2025-08-28 02:59:47.262585,92,rejected,недостаточно навыков
188f52ec-4f17-486b-82f4-d52bda9c0f3e,VAC-1194,CAND-10194,РУКОВОДИТЕЛЬ,Создать заявку,User Task,Сидоров_6,2025-08-25 19:36:47.262585,2025-08-25 19:54:47.262585,18,,
188f52ec-4f17-486b-82f4-d52bda9c0f3e,VAC-1194,CAND-10194,HR,Зарегистрировать в HCM,Service Task,Марина_1,2025-08-25 20:14:47.262585,2025-08-25 20:49:47.262585,35,,
188f52ec-4f17-486b-82f4-d52bda9c0f3e,VAC-1194,CAND-10194,РЕКРУТЕР,Разместить вакансию,Task,Екатерина_6,2025-08-25 21:19:47.262585,2025-08-25 23:16:47.262585,117,,
188f52ec-4f17-486b-82f4-d52bda9c0f3e,VAC-1194,CAND-10194,РЕКРУТЕР,Собирать резюме,Task,Алексей_7,2025-08-26 00:16:47.262585,2025-08-27 06:14:47.262585,1798,,
188f52ec-4f17-486b-82f4-d52bda9c0f3e,VAC-1194,CAND-10194,РЕКРУТЕР,Скрининг,Task,Дмитрий_6,2025-08-27 08:12:47.262585,2025-08-27 08:33:47.262585,21,passed,
188f52ec-4f17-486b-82f4-d52bda9c0f3e,VAC-1194,CAND-10194,ИНТЕРВЬЮЕРЫ,Назначить интервью,User Task,Андрей_4,2025-08-27 11:33:47.262585,2025-08-27 11:50:47.262585,17,,
188f52ec-4f17-486b-82f4-d52bda9c0f3e,VAC-1194,CAND-10194,ИНТЕРВЬЮЕРЫ,Интервью (раунд 1),User Task,Андрей_6,2025-08-27 12:20:47.262585,2025-08-27 13:13:47.262585,53,rejected,недостаточно навыков
190f7157-5b5b-47f3-8b02-d6ed9a6460f5,VAC-1018,CAND-10018,РУКОВОДИТЕЛЬ,Создать заявку,User Task,Кузнецов_2,2025-09-28 15:18:47.262585,2025-09-28 15:36:47.262585,18,,
190f7157-5b5b-47f3-8b02-d6ed9a6460f5,VAC-1018,CAND-10018,HR,Зарегистрировать в HCM,Service Task,Наталья_5,2025-09-28 15:56:47.262585,2025-09-28 16:33:47.262585,37,,
190f7157-5b5b-47f3-8b02-d6ed9a6460f5,VAC-1018,CAND-10018,РЕКРУТЕР,Разместить вакансию,Task,Дмитрий_8,2025-09-28 17:03:47.262585,2025-09-28 18:23:47.262585,80,,
190f7157-5b5b-47f3-8b02-d6ed9a6460f5,VAC-1018,CAND-10018,РЕКРУТЕР,Собирать резюме,Task,Алексей_1,2025-09-28 19:23:47.262585,2025-09-29 22:38:47.262585,1635,,
190f7157-5b5b-47f3-8b02-d6ed9a6460f5,VAC-1018,CAND-10018,РЕКРУТЕР,Скрининг,Task,Дмитрий_2,2025-09-30 00:12:47.262585,2025-09-30 00:52:47.262585,40,rejected,некорректное резюме
1adbfdb6-80b3-4c61-8e87-13073a324781,VAC-1151,CAND-10151,РУКОВОДИТЕЛЬ,Создать заявку,User Task,Кузнецов_9,2025-09-27 17:21:47.262585,2025-09-27 17:33:47.262585,12,,
1adbfdb6-80b3-4c61-8e87-13073a324781,VAC-1151,CAND-10151,HR,Зарегистрировать в HCM,Service Task,Марина_1,2025-09-27 17:53:47.262585,2025-09-27 18:27:47.262585,34,,
1adbfdb6-80b3-4c61-8e87-13073a324781,VAC-1151,CAND-10151,РЕКРУТЕР,Разместить вакансию,Task,Дмитрий_8,2025-09-27 18:57:47.262585,2025-09-27 19:41:47.262585,44,,
1adbfdb6-80b3-4c61-8e87-13073a324781,VAC-1151,CAND-10151,РЕКРУТЕР,Собирать резюме,Task,Дмитрий_5,2025-09-27 20:41:47.262585,2025-09-29 03:51:47.262585,1870,,
1adbfdb6-80b3-4c61-8e87-13073a324781,VAC-1151,CAND-10151,РЕКРУТЕР,Скрининг,Task,Дмитрий_5,2025-09-29 06:19:47.262585,2025-09-29 06:34:47.262585,15,passed,
1adbfdb6-80b3-4c61-8e87-13073a324781,VAC-1151,CAND-10151,ИНТЕРВЬЮЕРЫ,Назначить интервью,User Task,Анна_9,2025-09-29 09:34:47.262585,2025-09-29 09:45:47.262585,11,,
1adbfdb6-80b3-4c61-8e87-13073a324781,VAC-1151,CAND-10151,ИНТЕРВЬЮЕРЫ,Интервью (раунд 1),User Task,Анна_2,2025-09-29 11:04:47.262585,2025-09-29 12:46:47.262585,102,passed,
1adbfdb6-80b3-4c61-8e87-13073a324781,VAC-1151,CAND-10151,ИНТЕРВЬЮЕРЫ,Интервью (раунд 2),User Task,Анна_9,2025-09-29 13:29:47.262585,2025-09-29 15:28:47.262585,119,rejected,недостаточно навыков
1b4c526a-d878-4d44-9378-0dc36b5ca4e3,VAC-1160,CAND-10160,РУКОВОДИТЕЛЬ,Создать заявку,User Task,Кузнецов_2,2025-09-10 18:54:47.262585,2025-09-10 19:53:47.262585,59,,
1b4c526a-d878-4d44-9378-0dc36b5ca4e3,VAC-1160,CAND-10160,HR,Зарегистрировать в HCM,Service Task,Наталья_3,2025-09-10 20:13:47.262585,2025-09-10 20:31:47.262585,18,,
1b4c526a-d878-4d44-9378-0dc36b5ca4e3,VAC-1160,CAND-10160,РЕКРУТЕР,Разместить вакансию,Task,Алексей_1,2025-09-10 21:01:47.262585,2025-09-10 21:56:47.262585,55,,
1b4c526a-d878-4d44-9378-0dc36b5ca4e3,VAC-1160,CAND-10160,РЕКРУТЕР,Собирать резюме,Task,Екатерина_9,2025-09-10 22:56:47.262585,2025-09-12 21:27:47.262585,2791,,
1b4c526a-d878-4d44-9378-0dc36b5ca4e3,VAC-1160,CAND-10160,РЕКРУТЕР,Скрининг,Task,Екатерина_6,2025-09-12 22:23:47.262585,2025-09-12 22:39:47.262585,16,passed,
1b4c526a-d878-4d44-9378-0dc36b5ca4e3,VAC-1160,CAND-10160,ИНТЕРВЬЮЕРЫ,Назначить интервью,User Task,Андрей_5,2025-09-13 01:39:47.262585,2025-09-13 01:57:47.262585,18,,
1b4c526a-d878-4d44-9378-0dc36b5ca4e3,VAC-1160,CAND-10160,ИНТЕРВЬЮЕРЫ,Интервью (раунд 1),User Task,Сергей_9,2025-09-13 02:38:47.262585,2025-09-13 03:32:47.262585,54,passed,
1b4c526a-d878-4d44-9378-0dc36b5ca4e3,VAC-1160,CAND-10160,ИНТЕРВЬЮЕРЫ,Интервью (раунд 2),User Task,Сергей_1,2025-09-13 04:48:47.262585,2025-09-13 05:39:47.262585,51,passed,
1b4c526a-d878-4d44-9378-0dc36b5ca4e3,VAC-1160,CAND-10160,ИНТЕРВЬЮЕРЫ,Финальное интервью,User Task,Андрей_7,2025-09-13 09:39:47.262585,2025-09-13 10:37:47.262585,58,passed,
1b4c526a-d878-4d44-9378-0dc36b5ca4e3,VAC-1160,CAND-10160,HR (ОФФЕР),Согласовать условия,User Task,HR_Manager_6,2025-09-13 13:17:47.262585,2025-09-13 18:20:47.262585,303,,
1b4c526a-d878-4d44-9378-0dc36b5ca4e3,VAC-1160,CAND-10160,HR (ОФФЕР),Сгенерировать оффер,Service Task,HR_Manager_4,2025-09-13 18:40:47.262585,2025-09-13 18:54:47.262585,14,,
1b4c526a-d878-4d44-9378-0dc36b5ca4e3,VAC-1160,CAND-10160,HR (ОФФЕР),Отправить оффер,Send Task,HR_Manager_8,2025-09-13 18:59:47.262585,2025-09-13 19:09:47.262585,10,sent,
1b4c526a-d878-4d44-9378-0dc36b5ca4e3,VAC-1160,CAND-10160,HR (ОФФЕР),Timer: ожидание ответа (дни),Timer,,2025-09-13 19:09:47.262585,2025-09-15 19:09:47.262585,2880,timer_elapsed,
1b4c526a-d878-4d44-9378-0dc36b5ca4e3,VAC-1160,CAND-10160,SECURITY,Background Check,Call Activity,Служба_БД_2,2025-09-15 22:09:47.262585,2025-09-28 01:14:47.262585,17465,report_ready,
1b4c526a-d878-4d44-9378-0dc36b5ca4e3,VAC-1160,CAND-10160,IT,Выдача оборудования,Task,IT_Specialist_8,2025-09-28 02:14:47.262585,2025-09-28 06:09:47.262585,235,,
1b4c526a-d878-4d44-9378-0dc36b5ca4e3,VAC-1160,CAND-10160,IT,Создать доступы,Task,IT_Specialist_3,2025-09-28 06:39:47.262585,2025-09-28 08:08:47.262585,89,,
1b4c526a-d878-4d44-9378-0dc36b5ca4e3,VAC-1160,CAND-10160,IT,HR/Training: Вводное обучение,Service Task,Ольга_6,2025-09-28 10:08:47.262585,2025-09-28 18:23:47.262585,495,,
1b4c526a-d878-4d44-9378-0dc36b5ca4e3,VAC-1160,CAND-10160,HR,Назначить ментора,Task,Наталья_6,2025-09-28 19:23:47.262585,2025-09-28 21:33:47.262585,130,,
1b4c526a-d878-4d44-9378-0dc36b5ca4e3,VAC-1160,CAND-10160,HR,Message: уведомить всех,Message,system,2025-09-28 21:53:47.262585,2025-09-28 21:58:47.262585,5,notified,
1b4c526a-d878-4d44-9378-0dc36b5ca4e3,VAC-1160,CAND-10160,HR,Обновить статус в HCM,Service Task,Ольга_8,2025-09-28 22:28:47.262585,2025-09-28 22:48:47.262585,20,,
1b4c526a-d878-4d44-9378-0dc36b5ca4e3,VAC-1160,CAND-10160,HR,Payroll / учет,Service Task,Ольга_1,2025-09-28 23:18:47.262585,2025-09-28 23:38:47.262585,20,,
1b4c526a-d878-4d44-9378-0dc36b5ca4e3,VAC-1160,CAND-10160,HR,Закрыть вакансию на порталах,Service Task,Наталья_8,2025-09-28 23:58:47.262585,2025-09-29 00:03:47.262585,5,,
1c2aa039-16cf-4146-b9ba-d4a6a384a32c,VAC-1034,CAND-10034,РУКОВОДИТЕЛЬ,Создать заявку,User Task,Сидоров_1,2025-10-01 21:27:47.262585,2025-10-01 22:21:47.262585,54,,
1c2aa039-16cf-4146-b9ba-d4a6a384a32c,VAC-1034,CAND-10034,HR,Зарегистрировать в HCM,Service Task,Ольга_5,2025-10-01 22:41:47.262585,2025-10-01 22:56:47.262585,15,,
1c2aa039-16cf-4146-b9ba-d4a6a384a32c,VAC-1034,CAND-10034,РЕКРУТЕР,Разместить вакансию,Task,Дмитрий_1,2025-10-01 23:26:47.262585,2025-10-02 00:29:47.262585,63,,
1c2aa039-16cf-4146-b9ba-d4a6a384a32c,VAC-1034,CAND-10034,РЕКРУТЕР,Собирать резюме,Task,Алексей_7,2025-10-02 01:29:47.262585,2025-10-02 17:52:47.262585,983,,
1c2aa039-16cf-4146-b9ba-d4a6a384a32c,VAC-1034,CAND-10034,РЕКРУТЕР,Скрининг,Task,Екатерина_1,2025-10-02 18:39:47.262585,2025-10-02 18:53:47.262585,14,passed,
1c2aa039-16cf-4146-b9ba-d4a6a384a32c,VAC-1034,CAND-10034,ИНТЕРВЬЮЕРЫ,Назначить интервью,User Task,Андрей_7,2025-10-02 21:53:47.262585,2025-10-02 22:19:47.262585,26,,
1c2aa039-16cf-4146-b9ba-d4a6a384a32c,VAC-1034,CAND-10034,ИНТЕРВЬЮЕРЫ,Интервью (раунд 1),User Task,Анна_6,2025-10-02 23:22:47.262585,2025-10-03 00:27:47.262585,65,passed,
1c2aa039-16cf-4146-b9ba-d4a6a384a32c,VAC-1034,CAND-10034,ИНТЕРВЬЮЕРЫ,Интервью (раунд 2),User Task,Анна_1,2025-10-03 00:57:47.262585,2025-10-03 01:48:47.262585,51,passed,
1c2aa039-16cf-4146-b9ba-d4a6a384a32c,VAC-1034,CAND-10034,ИНТЕРВЬЮЕРЫ,Финальное интервью,User Task,Анна_7,2025-10-03 05:48:47.262585,2025-10-03 06:43:47.262585,55,passed,
1c2aa039-16cf-4146-b9ba-d4a6a384a32c,VAC-1034,CAND-10034,HR (ОФФЕР),Согласовать условия,User Task,HR_Manager_5,2025-10-03 09:47:47.262585,2025-10-03 19:19:47.262585,572,,
1c2aa039-16cf-4146-b9ba-d4a6a384a32c,VAC-1034,CAND-10034,HR (ОФФЕР),Сгенерировать оффер,Service Task,HR_Manager_6,2025-10-03 19:39:47.262585,2025-10-03 19:50:47.262585,11,,
1c2aa039-16cf-4146-b9ba-d4a6a384a32c,VAC-1034,CAND-10034,HR (ОФФЕР),Отправить оффер,Send Task,HR_Manager_2,2025-10-03 19:55:47.262585,2025-10-03 20:05:47.262585,10,sent,
1c2aa039-16cf-4146-b9ba-d4a6a384a32c,VAC-1034,CAND-10034,HR (ОФФЕР),Timer: ожидание ответа (дни),Timer,,2025-10-03 20:05:47.262585,2025-10-06 20:05:47.262585,4320,timer_elapsed,
1c2aa039-16cf-4146-b9ba-d4a6a384a32c,VAC-1034,CAND-10034,SECURITY,Background Check,Call Activity,Служба_БД_9,2025-10-06 23:05:47.262585,2025-10-16 17:02:47.262585,14037,report_ready,
1c2aa039-16cf-4146-b9ba-d4a6a384a32c,VAC-1034,CAND-10034,IT,Выдача оборудования,Task,IT_Specialist_7,2025-10-16 18:02:47.262585,2025-10-16 19:13:47.262585,71,,
1c2aa039-16cf-4146-b9ba-d4a6a384a32c,VAC-1034,CAND-10034,IT,Создать доступы,Task,IT_Specialist_1,2025-10-16 19:43:47.262585,2025-10-16 22:46:47.262585,183,,
1c2aa039-16cf-4146-b9ba-d4a6a384a32c,VAC-1034,CAND-10034,IT,HR/Training: Вводное обучение,Service Task,Ольга_4,2025-10-17 00:46:47.262585,2025-10-17 05:30:47.262585,284,,
1c2aa039-16cf-4146-b9ba-d4a6a384a32c,VAC-1034,CAND-10034,HR,Назначить ментора,Task,Ольга_5,2025-10-17 06:30:47.262585,2025-10-17 07:35:47.262585,65,,
1c2aa039-16cf-4146-b9ba-d4a6a384a32c,VAC-1034,CAND-10034,HR,Message: уведомить всех,Message,system,2025-10-17 07:55:47.262585,2025-10-17 08:00:47.262585,5,notified,
1c2aa039-16cf-4146-b9ba-d4a6a384a32c,VAC-1034,CAND-10034,HR,Обновить статус в HCM,Service Task,Ольга_2,2025-10-17 08:30:47.262585,2025-10-17 08:50:47.262585,20,,
1c2aa039-16cf-4146-b9ba-d4a6a384a32c,VAC-1034,CAND-10034,HR,Payroll / учет,Service Task,Наталья_8,2025-10-17 09:20:47.262585,2025-10-17 09:40:47.262585,20,,
1c2aa039-16cf-4146-b9ba-d4a6a384a32c,VAC-1034,CAND-10034,HR,Закрыть вакансию на порталах,Service Task,Марина_7,2025-10-17 10:00:47.262585,2025-10-17 10:05:47.262585,5,,
1d67d7f1-af48-4010-9c24-31747c2dd5fc,VAC-1180,CAND-10180,РУКОВОДИТЕЛЬ,Создать заявку,User Task,Сидоров_3,2025-09-22 19:36:47.262585,2025-09-22 20:09:47.262585,33,,
1d67d7f1-af48-4010-9c24-31747c2dd5fc,VAC-1180,CAND-10180,HR,Зарегистрировать в HCM,Service Task,Марина_2,2025-09-22 20:29:47.262585,2025-09-22 20:59:47.262585,30,,
1d67d7f1-af48-4010-9c24-31747c2dd5fc,VAC-1180,CAND-10180,РЕКРУТЕР,Разместить вакансию,Task,Екатерина_4,2025-09-22 21:29:47.262585,2025-09-22 23:00:47.262585,91,,
1d67d7f1-af48-4010-9c24-31747c2dd5fc,VAC-1180,CAND-10180,РЕКРУТЕР,Собирать резюме,Task,Дмитрий_4,2025-09-23 00:00:47.262585,2025-09-23 13:26:47.262585,806,,
1d67d7f1-af48-4010-9c24-31747c2dd5fc,VAC-1180,CAND-10180,РЕКРУТЕР,Скрининг,Task,Екатерина_8,2025-09-23 16:14:47.262585,2025-09-23 16:27:47.262585,13,rejected,не прошёл тест
1db7067e-21e7-45cb-b625-0fc5dc04f8f0,VAC-1039,CAND-10039,РУКОВОДИТЕЛЬ,Создать заявку,User Task,Кузнецов_4,2025-09-08 15:25:47.262585,2025-09-08 16:25:47.262585,60,,
1db7067e-21e7-45cb-b625-0fc5dc04f8f0,VAC-1039,CAND-10039,HR,Зарегистрировать в HCM,Service Task,Марина_8,2025-09-08 16:45:47.262585,2025-09-08 17:06:47.262585,21,,
1db7067e-21e7-45cb-b625-0fc5dc04f8f0,VAC-1039,CAND-10039,РЕКРУТЕР,Разместить вакансию,Task,Дмитрий_7,2025-09-08 17:36:47.262585,2025-09-08 18:55:47.262585,79,,
1db7067e-21e7-45cb-b625-0fc5dc04f8f0,VAC-1039,CAND-10039,РЕКРУТЕР,Собирать резюме,Task,Екатерина_7,2025-09-08 19:55:47.262585,2025-09-10 10:14:47.262585,2299,,
1db7067e-21e7-45cb-b625-0fc5dc04f8f0,VAC-1039,CAND-10039,РЕКРУТЕР,Скрининг,Task,Алексей_3,2025-09-10 11:25:47.262585,2025-09-10 12:01:47.262585,36,rejected,не соотв. опыту
1db84d52-7491-4b06-accc-bc667f03a50e,VAC-1008,CAND-10008,РУКОВОДИТЕЛЬ,Создать заявку,User Task,Петров_5,2025-08-31 12:21:47.262585,2025-08-31 13:06:47.262585,45,,
1db84d52-7491-4b06-accc-bc667f03a50e,VAC-1008,CAND-10008,HR,Зарегистрировать в HCM,Service Task,Марина_4,2025-08-31 13:26:47.262585,2025-08-31 13:45:47.262585,19,,
1db84d52-7491-4b06-accc-bc667f03a50e,VAC-1008,CAND-10008,РЕКРУТЕР,Разместить вакансию,Task,Дмитрий_4,2025-08-31 14:15:47.262585,2025-08-31 16:06:47.262585,111,,
1db84d52-7491-4b06-accc-bc667f03a50e,VAC-1008,CAND-10008,РЕКРУТЕР,Собирать резюме,Task,Дмитрий_9,2025-08-31 17:06:47.262585,2025-09-02 16:23:47.262585,2837,,
1db84d52-7491-4b06-accc-bc667f03a50e,VAC-1008,CAND-10008,РЕКРУТЕР,Скрининг,Task,Алексей_2,2025-09-02 18:58:47.262585,2025-09-02 19:16:47.262585,18,passed,
1db84d52-7491-4b06-accc-bc667f03a50e,VAC-1008,CAND-10008,ИНТЕРВЬЮЕРЫ,Назначить интервью,User Task,Сергей_1,2025-09-02 22:16:47.262585,2025-09-02 22:52:47.262585,36,,
1db84d52-7491-4b06-accc-bc667f03a50e,VAC-1008,CAND-10008,ИНТЕРВЬЮЕРЫ,Интервью (раунд 1),User Task,Сергей_9,2025-09-02 23:28:47.262585,2025-09-03 00:46:47.262585,78,passed,
1db84d52-7491-4b06-accc-bc667f03a50e,VAC-1008,CAND-10008,ИНТЕРВЬЮЕРЫ,Финальное интервью,User Task,Андрей_2,2025-09-03 04:46:47.262585,2025-09-03 06:25:47.262585,99,passed,
1db84d52-7491-4b06-accc-bc667f03a50e,VAC-1008,CAND-10008,HR (ОФФЕР),Согласовать условия,User Task,HR_Manager_6,2025-09-03 11:11:47.262585,2025-09-03 15:43:47.262585,272,,
1db84d52-7491-4b06-accc-bc667f03a50e,VAC-1008,CAND-10008,HR (ОФФЕР),Сгенерировать оффер,Service Task,HR_Manager_7,2025-09-03 16:03:47.262585,2025-09-03 16:26:47.262585,23,,
1db84d52-7491-4b06-accc-bc667f03a50e,VAC-1008,CAND-10008,HR (ОФФЕР),Отправить оффер,Send Task,HR_Manager_1,2025-09-03 16:31:47.262585,2025-09-03 16:41:47.262585,10,sent,
1db84d52-7491-4b06-accc-bc667f03a50e,VAC-1008,CAND-10008,HR (ОФФЕР),Timer: ожидание ответа (дни),Timer,,2025-09-03 16:41:47.262585,2025-09-06 16:41:47.262585,4320,timer_elapsed,
1db84d52-7491-4b06-accc-bc667f03a50e,VAC-1008,CAND-10008,SECURITY,Background Check,Call Activity,Служба_БД_6,2025-09-06 19:41:47.262585,2025-09-20 10:28:47.262585,19607,report_ready,
1db84d52-7491-4b06-accc-bc667f03a50e,VAC-1008,CAND-10008,IT,Выдача оборудования,Task,IT_Specialist_6,2025-09-20 11:28:47.262585,2025-09-20 13:31:47.262585,123,,
1db84d52-7491-4b06-accc-bc667f03a50e,VAC-1008,CAND-10008,IT,Создать доступы,Task,IT_Specialist_3,2025-09-20 14:01:47.262585,2025-09-20 17:50:47.262585,229,,
1db84d52-7491-4b06-accc-bc667f03a50e,VAC-1008,CAND-10008,IT,HR/Training: Вводное обучение,Service Task,Наталья_3,2025-09-20 19:50:47.262585,2025-09-21 00:51:47.262585,301,,
1db84d52-7491-4b06-accc-bc667f03a50e,VAC-1008,CAND-10008,HR,Назначить ментора,Task,Наталья_3,2025-09-21 01:51:47.262585,2025-09-21 04:06:47.262585,135,,
1db84d52-7491-4b06-accc-bc667f03a50e,VAC-1008,CAND-10008,HR,Message: уведомить всех,Message,system,2025-09-21 04:26:47.262585,2025-09-21 04:31:47.262585,5,notified,
1db84d52-7491-4b06-accc-bc667f03a50e,VAC-1008,CAND-10008,HR,Обновить статус в HCM,Service Task,Марина_6,2025-09-21 05:01:47.262585,2025-09-21 05:21:47.262585,20,,
1db84d52-7491-4b06-accc-bc667f03a50e,VAC-1008,CAND-10008,HR,Payroll / учет,Service Task,Ольга_4,2025-09-21 05:51:47.262585,2025-09-21 06:11:47.262585,20,,
1db84d52-7491-4b06-accc-bc667f03a50e,VAC-1008,CAND-10008,HR,Закрыть вакансию на порталах,Service Task,Ольга_3,2025-09-21 06:31:47.262585,2025-09-21 06:36:47.262585,5,,
1ea27d78-07f5-4afc-a126-9beb45421b35,VAC-1175,CAND-10175,РУКОВОДИТЕЛЬ,Создать заявку,User Task,Иванов_9,2025-08-24 18:49:47.262585,2025-08-24 19:11:47.262585,22,,
1ea27d78-07f5-4afc-a126-9beb45421b35,VAC-1175,CAND-10175,HR,Зарегистрировать в HCM,Service Task,Марина_6,2025-08-24 19:31:47.262585,2025-08-24 19:44:47.262585,13,,
1ea27d78-07f5-4afc-a126-9beb45421b35,VAC-1175,CAND-10175,РЕКРУТЕР,Разместить вакансию,Task,Екатерина_9,2025-08-24 20:14:47.262585,2025-08-24 22:11:47.262585,117,,
1ea27d78-07f5-4afc-a126-9beb45421b35,VAC-1175,CAND-10175,РЕКРУТЕР,Собирать резюме,Task,Дмитрий_4,2025-08-24 23:11:47.262585,2025-08-25 18:09:47.262585,1138,,
1ea27d78-07f5-4afc-a126-9beb45421b35,VAC-1175,CAND-10175,РЕКРУТЕР,Скрининг,Task,Алексей_2,2025-08-25 19:49:47.262585,2025-08-25 20:00:47.262585,11,rejected,не прошёл тест
1f22378e-baa0-4387-ac22-fdcece5065b9,VAC-1073,CAND-10073,РУКОВОДИТЕЛЬ,Создать заявку,User Task,Сидоров_9,2025-09-19 18:36:47.262585,2025-09-19 19:36:47.262585,60,,
1f22378e-baa0-4387-ac22-fdcece5065b9,VAC-1073,CAND-10073,HR,Зарегистрировать в HCM,Service Task,Марина_2,2025-09-19 19:56:47.262585,2025-09-19 20:25:47.262585,29,,
1f22378e-baa0-4387-ac22-fdcece5065b9,VAC-1073,CAND-10073,РЕКРУТЕР,Разместить вакансию,Task,Алексей_6,2025-09-19 20:55:47.262585,2025-09-19 21:28:47.262585,33,,
1f22378e-baa0-4387-ac22-fdcece5065b9,VAC-1073,CAND-10073,РЕКРУТЕР,Собирать резюме,Task,Екатерина_1,2025-09-19 22:28:47.262585,2025-09-20 13:49:47.262585,921,,
1f22378e-baa0-4387-ac22-fdcece5065b9,VAC-1073,CAND-10073,РЕКРУТЕР,Скрининг,Task,Екатерина_7,2025-09-20 16:43:47.262585,2025-09-20 17:13:47.262585,30,rejected,некорректное резюме
1f7c9b60-fd5c-45a1-b348-83df48c6c977,VAC-1068,CAND-10068,РУКОВОДИТЕЛЬ,Создать заявку,User Task,Иванов_3,2025-08-26 12:17:47.262585,2025-08-26 12:44:47.262585,27,,
1f7c9b60-fd5c-45a1-b348-83df48c6c977,VAC-1068,CAND-10068,HR,Зарегистрировать в HCM,Service Task,Ольга_1,2025-08-26 13:04:47.262585,2025-08-26 13:43:47.262585,39,,
1f7c9b60-fd5c-45a1-b348-83df48c6c977,VAC-1068,CAND-10068,РЕКРУТЕР,Разместить вакансию,Task,Екатерина_3,2025-08-26 14:13:47.262585,2025-08-26 14:59:47.262585,46,,
1f7c9b60-fd5c-45a1-b348-83df48c6c977,VAC-1068,CAND-10068,РЕКРУТЕР,Собирать резюме,Task,Алексей_5,2025-08-26 15:59:47.262585,2025-08-27 23:10:47.262585,1871,,
1f7c9b60-fd5c-45a1-b348-83df48c6c977,VAC-1068,CAND-10068,РЕКРУТЕР,Скрининг,Task,Алексей_7,2025-08-28 00:21:47.262585,2025-08-28 00:49:47.262585,28,passed,
1f7c9b60-fd5c-45a1-b348-83df48c6c977,VAC-1068,CAND-10068,ИНТЕРВЬЮЕРЫ,Назначить интервью,User Task,Сергей_7,2025-08-28 03:49:47.262585,2025-08-28 04:16:47.262585,27,,
1f7c9b60-fd5c-45a1-b348-83df48c6c977,VAC-1068,CAND-10068,ИНТЕРВЬЮЕРЫ,Интервью (раунд 1),User Task,Сергей_1,2025-08-28 04:53:47.262585,2025-08-28 05:48:47.262585,55,passed,
1f7c9b60-fd5c-45a1-b348-83df48c6c977,VAC-1068,CAND-10068,ИНТЕРВЬЮЕРЫ,Интервью (раунд 2),User Task,Андрей_6,2025-08-28 06:20:47.262585,2025-08-28 08:00:47.262585,100,passed,
1f7c9b60-fd5c-45a1-b348-83df48c6c977,VAC-1068,CAND-10068,ИНТЕРВЬЮЕРЫ,Интервью (раунд 3),User Task,Сергей_8,2025-08-28 09:10:47.262585,2025-08-28 10:36:47.262585,86,passed,
1f7c9b60-fd5c-45a1-b348-83df48c6c977,VAC-1068,CAND-10068,ИНТЕРВЬЮЕРЫ,Финальное интервью,User Task,Анна_7,2025-08-28 14:36:47.262585,2025-08-28 16:23:47.262585,107,passed,
1f7c9b60-fd5c-45a1-b348-83df48c6c977,VAC-1068,CAND-10068,HR (ОФФЕР),Согласовать условия,User Task,HR_Manager_2,2025-08-28 19:13:47.262585,2025-08-29 00:23:47.262585,310,,
1f7c9b60-fd5c-45a1-b348-83df48c6c977,VAC-1068,CAND-10068,HR (ОФФЕР),Сгенерировать оффер,Service Task,HR_Manager_4,2025-08-29 00:43:47.262585,2025-08-29 01:12:47.262585,29,,
1f7c9b60-fd5c-45a1-b348-83df48c6c977,VAC-1068,CAND-10068,HR (ОФФЕР),Отправить оффер,Send Task,HR_Manager_2,2025-08-29 01:17:47.262585,2025-08-29 01:27:47.262585,10,sent,
1f7c9b60-fd5c-45a1-b348-83df48c6c977,VAC-1068,CAND-10068,HR (ОФФЕР),Timer: ожидание ответа (дни),Timer,,2025-08-29 01:27:47.262585,2025-09-01 01:27:47.262585,4320,timer_elapsed,
1f7c9b60-fd5c-45a1-b348-83df48c6c977,VAC-1068,CAND-10068,SECURITY,Background Check,Call Activity,Служба_БД_7,2025-09-01 04:27:47.262585,2025-09-12 06:47:47.262585,15980,report_ready,
1f7c9b60-fd5c-45a1-b348-83df48c6c977,VAC-1068,CAND-10068,IT,Выдача оборудования,Task,IT_Specialist_1,2025-09-12 07:47:47.262585,2025-09-12 09:14:47.262585,87,,
1f7c9b60-fd5c-45a1-b348-83df48c6c977,VAC-1068,CAND-10068,IT,Создать доступы,Task,IT_Specialist_6,2025-09-12 09:44:47.262585,2025-09-12 11:32:47.262585,108,,
1f7c9b60-fd5c-45a1-b348-83df48c6c977,VAC-1068,CAND-10068,IT,HR/Training: Вводное обучение,Service Task,Ольга_2,2025-09-12 13:32:47.262585,2025-09-12 23:01:47.262585,569,,
1f7c9b60-fd5c-45a1-b348-83df48c6c977,VAC-1068,CAND-10068,HR,Назначить ментора,Task,Наталья_3,2025-09-13 00:01:47.262585,2025-09-13 01:04:47.262585,63,,
1f7c9b60-fd5c-45a1-b348-83df48c6c977,VAC-1068,CAND-10068,HR,Message: уведомить всех,Message,system,2025-09-13 01:24:47.262585,2025-09-13 01:29:47.262585,5,notified,
1f7c9b60-fd5c-45a1-b348-83df48c6c977,VAC-1068,CAND-10068,HR,Обновить статус в HCM,Service Task,Ольга_8,2025-09-13 01:59:47.262585,2025-09-13 02:19:47.262585,20,,
1f7c9b60-fd5c-45a1-b348-83df48c6c977,VAC-1068,CAND-10068,HR,Payroll / учет,Service Task,Марина_9,2025-09-13 02:49:47.262585,2025-09-13 03:09:47.262585,20,,
1f7c9b60-fd5c-45a1-b348-83df48c6c977,VAC-1068,CAND-10068,HR,Закрыть вакансию на порталах,Service Task,Марина_7,2025-09-13 03:29:47.262585,2025-09-13 03:34:47.262585,5,,
209b0078-f06e-4ee1-aa37-5e6f4dd09888,VAC-1000,CAND-10000,РУКОВОДИТЕЛЬ,Создать заявку,User Task,Сидоров_4,2025-10-03 11:35:47.262585,2025-10-03 12:32:47.262585,57,,
209b0078-f06e-4ee1-aa37-5e6f4dd09888,VAC-1000,CAND-10000,HR,Зарегистрировать в HCM,Service Task,Наталья_2,2025-10-03 12:52:47.262585,2025-10-03 13:09:47.262585,17,,
209b0078-f06e-4ee1-aa37-5e6f4dd09888,VAC-1000,CAND-10000,РЕКРУТЕР,Разместить вакансию,Task,Екатерина_9,2025-10-03 13:39:47.262585,2025-10-03 15:25:47.262585,106,,
209b0078-f06e-4ee1-aa37-5e6f4dd09888,VAC-1000,CAND-10000,РЕКРУТЕР,Собирать резюме,Task,Екатерина_7,2025-10-03 16:25:47.262585,2025-10-04 02:21:47.262585,596,,
209b0078-f06e-4ee1-aa37-5e6f4dd09888,VAC-1000,CAND-10000,РЕКРУТЕР,Скрининг,Task,Алексей_4,2025-10-04 02:59:47.262585,2025-10-04 03:09:47.262585,10,passed,
209b0078-f06e-4ee1-aa37-5e6f4dd09888,VAC-1000,CAND-10000,ИНТЕРВЬЮЕРЫ,Назначить интервью,User Task,Андрей_9,2025-10-04 06:09:47.262585,2025-10-04 06:38:47.262585,29,,
209b0078-f06e-4ee1-aa37-5e6f4dd09888,VAC-1000,CAND-10000,ИНТЕРВЬЮЕРЫ,Интервью (раунд 1),User Task,Анна_5,2025-10-04 08:07:47.262585,2025-10-04 09:45:47.262585,98,passed,
209b0078-f06e-4ee1-aa37-5e6f4dd09888,VAC-1000,CAND-10000,ИНТЕРВЬЮЕРЫ,Финальное интервью,User Task,Андрей_7,2025-10-04 13:45:47.262585,2025-10-04 14:30:47.262585,45,passed,
209b0078-f06e-4ee1-aa37-5e6f4dd09888,VAC-1000,CAND-10000,HR (ОФФЕР),Согласовать условия,User Task,HR_Manager_4,2025-10-04 16:57:47.262585,2025-10-04 23:41:47.262585,404,,
209b0078-f06e-4ee1-aa37-5e6f4dd09888,VAC-1000,CAND-10000,HR (ОФФЕР),Сгенерировать оффер,Service Task,HR_Manager_2,2025-10-05 00:01:47.262585,2025-10-05 00:30:47.262585,29,,
209b0078-f06e-4ee1-aa37-5e6f4dd09888,VAC-1000,CAND-10000,HR (ОФФЕР),Отправить оффер,Send Task,HR_Manager_7,2025-10-05 00:35:47.262585,2025-10-05 00:45:47.262585,10,sent,
209b0078-f06e-4ee1-aa37-5e6f4dd09888,VAC-1000,CAND-10000,HR (ОФФЕР),Timer: ожидание ответа (дни),Timer,,2025-10-05 00:45:47.262585,2025-10-06 00:45:47.262585,1440,timer_elapsed,
209b0078-f06e-4ee1-aa37-5e6f4dd09888,VAC-1000,CAND-10000,SECURITY,Background Check,Call Activity,Служба_БД_1,2025-10-06 03:45:47.262585,2025-10-13 01:40:47.262585,9955,report_ready,
209b0078-f06e-4ee1-aa37-5e6f4dd09888,VAC-1000,CAND-10000,IT,Выдача оборудования,Task,IT_Specialist_7,2025-10-13 02:40:47.262585,2025-10-13 05:57:47.262585,197,,
209b0078-f06e-4ee1-aa37-5e6f4dd09888,VAC-1000,CAND-10000,IT,Создать доступы,Task,IT_Specialist_6,2025-10-13 06:27:47.262585,2025-10-13 07:17:47.262585,50,,
209b0078-f06e-4ee1-aa37-5e6f4dd09888,VAC-1000,CAND-10000,IT,HR/Training: Вводное обучение,Service Task,Наталья_2,2025-10-13 09:17:47.262585,2025-10-13 17:12:47.262585,475,,
209b0078-f06e-4ee1-aa37-5e6f4dd09888,VAC-1000,CAND-10000,HR,Назначить ментора,Task,Марина_4,2025-10-13 18:12:47.262585,2025-10-13 18:53:47.262585,41,,
209b0078-f06e-4ee1-aa37-5e6f4dd09888,VAC-1000,CAND-10000,HR,Message: уведомить всех,Message,system,2025-10-13 19:13:47.262585,2025-10-13 19:18:47.262585,5,notified,
209b0078-f06e-4ee1-aa37-5e6f4dd09888,VAC-1000,CAND-10000,HR,Обновить статус в HCM,Service Task,Ольга_2,2025-10-13 19:48:47.262585,2025-10-13 20:08:47.262585,20,,
209b0078-f06e-4ee1-aa37-5e6f4dd09888,VAC-1000,CAND-10000,HR,Payroll / учет,Service Task,Наталья_2,2025-10-13 20:38:47.262585,2025-10-13 20:58:47.262585,20,,
209b0078-f06e-4ee1-aa37-5e6f4dd09888,VAC-1000,CAND-10000,HR,Закрыть вакансию на порталах,Service Task,Ольга_5,2025-10-13 21:18:47.262585,2025-10-13 21:23:47.262585,5,,
2425e066-ffb1-4bb6-9a47-0b9b11b3f32e,VAC-1040,CAND-10040,РУКОВОДИТЕЛЬ,Создать заявку,User Task,Иванов_9,2025-10-04 18:29:47.262585,2025-10-04 19:02:47.262585,33,,
2425e066-ffb1-4bb6-9a47-0b9b11b3f32e,VAC-1040,CAND-10040,HR,Зарегистрировать в HCM,Service Task,Наталья_5,2025-10-04 19:22:47.262585,2025-10-04 19:59:47.262585,37,,
2425e066-ffb1-4bb6-9a47-0b9b11b3f32e,VAC-1040,CAND-10040,РЕКРУТЕР,Разместить вакансию,Task,Алексей_5,2025-10-04 20:29:47.262585,2025-10-04 20:59:47.262585,30,,
2425e066-ffb1-4bb6-9a47-0b9b11b3f32e,VAC-1040,CAND-10040,РЕКРУТЕР,Собирать резюме,Task,Екатерина_3,2025-10-04 21:59:47.262585,2025-10-06 08:39:47.262585,2080,,
2425e066-ffb1-4bb6-9a47-0b9b11b3f32e,VAC-1040,CAND-10040,РЕКРУТЕР,Скрининг,Task,Алексей_8,2025-10-06 11:00:47.262585,2025-10-06 11:12:47.262585,12,rejected,не соотв. опыту
243f7346-4a41-4d0b-8e67-51e5392ef767,VAC-1091,CAND-10091,РУКОВОДИТЕЛЬ,Создать заявку,User Task,Иванов_1,2025-10-14 12:39:47.262585,2025-10-14 13:10:47.262585,31,,
243f7346-4a41-4d0b-8e67-51e5392ef767,VAC-1091,CAND-10091,HR,Зарегистрировать в HCM,Service Task,Ольга_1,2025-10-14 13:30:47.262585,2025-10-14 14:10:47.262585,40,,
243f7346-4a41-4d0b-8e67-51e5392ef767,VAC-1091,CAND-10091,РЕКРУТЕР,Разместить вакансию,Task,Екатерина_7,2025-10-14 14:40:47.262585,2025-10-14 15:21:47.262585,41,,
243f7346-4a41-4d0b-8e67-51e5392ef767,VAC-1091,CAND-10091,РЕКРУТЕР,Собирать резюме,Task,Дмитрий_1,2025-10-14 16:21:47.262585,2025-10-15 23:18:47.262585,1857,,
243f7346-4a41-4d0b-8e67-51e5392ef767,VAC-1091,CAND-10091,РЕКРУТЕР,Скрининг,Task,Дмитрий_3,2025-10-16 01:25:47.262585,2025-10-16 01:56:47.262585,31,passed,
243f7346-4a41-4d0b-8e67-51e5392ef767,VAC-1091,CAND-10091,ИНТЕРВЬЮЕРЫ,Назначить интервью,User Task,Андрей_5,2025-10-16 04:56:47.262585,2025-10-16 05:35:47.262585,39,,
243f7346-4a41-4d0b-8e67-51e5392ef767,VAC-1091,CAND-10091,ИНТЕРВЬЮЕРЫ,Интервью (раунд 1),User Task,Анна_4,2025-10-16 06:14:47.262585,2025-10-16 07:03:47.262585,49,passed,
243f7346-4a41-4d0b-8e67-51e5392ef767,VAC-1091,CAND-10091,ИНТЕРВЬЮЕРЫ,Финальное интервью,User Task,Анна_8,2025-10-16 11:03:47.262585,2025-10-16 12:25:47.262585,82,passed,
243f7346-4a41-4d0b-8e67-51e5392ef767,VAC-1091,CAND-10091,HR (ОФФЕР),Согласовать условия,User Task,HR_Manager_7,2025-10-16 13:40:47.262585,2025-10-16 17:09:47.262585,209,,
243f7346-4a41-4d0b-8e67-51e5392ef767,VAC-1091,CAND-10091,HR (ОФФЕР),Сгенерировать оффер,Service Task,HR_Manager_4,2025-10-16 17:29:47.262585,2025-10-16 17:38:47.262585,9,,
243f7346-4a41-4d0b-8e67-51e5392ef767,VAC-1091,CAND-10091,HR (ОФФЕР),Отправить оффер,Send Task,HR_Manager_9,2025-10-16 17:43:47.262585,2025-10-16 17:53:47.262585,10,sent,
243f7346-4a41-4d0b-8e67-51e5392ef767,VAC-1091,CAND-10091,HR (ОФФЕР),Timer: ожидание ответа (дни),Timer,,2025-10-16 17:53:47.262585,2025-10-17 17:53:47.262585,1440,timer_elapsed,
243f7346-4a41-4d0b-8e67-51e5392ef767,VAC-1091,CAND-10091,HR (ОФФЕР),Переговоры / отказ,Task,HR_Manager_9,2025-10-17 19:53:47.262585,2025-10-18 03:00:47.262585,427,rejected,
25484cb0-1d9f-4aa0-9133-08be43e4e860,VAC-1101,CAND-10101,РУКОВОДИТЕЛЬ,Создать заявку,User Task,Петров_4,2025-08-25 16:37:47.262585,2025-08-25 16:57:47.262585,20,,
25484cb0-1d9f-4aa0-9133-08be43e4e860,VAC-1101,CAND-10101,HR,Зарегистрировать в HCM,Service Task,Наталья_4,2025-08-25 17:17:47.262585,2025-08-25 17:47:47.262585,30,,
25484cb0-1d9f-4aa0-9133-08be43e4e860,VAC-1101,CAND-10101,РЕКРУТЕР,Разместить вакансию,Task,Екатерина_7,2025-08-25 18:17:47.262585,2025-08-25 19:11:47.262585,54,,
25484cb0-1d9f-4aa0-9133-08be43e4e860,VAC-1101,CAND-10101,РЕКРУТЕР,Собирать резюме,Task,Алексей_1,2025-08-25 20:11:47.262585,2025-08-27 11:13:47.262585,2342,,
25484cb0-1d9f-4aa0-9133-08be43e4e860,VAC-1101,CAND-10101,РЕКРУТЕР,Скрининг,Task,Алексей_3,2025-08-27 13:44:47.262585,2025-08-27 14:23:47.262585,39,passed,
25484cb0-1d9f-4aa0-9133-08be43e4e860,VAC-1101,CAND-10101,ИНТЕРВЬЮЕРЫ,Назначить интервью,User Task,Андрей_5,2025-08-27 17:23:47.262585,2025-08-27 17:33:47.262585,10,,
25484cb0-1d9f-4aa0-9133-08be43e4e860,VAC-1101,CAND-10101,ИНТЕРВЬЮЕРЫ,Интервью (раунд 1),User Task,Сергей_6,2025-08-27 18:32:47.262585,2025-08-27 19:52:47.262585,80,passed,
25484cb0-1d9f-4aa0-9133-08be43e4e860,VAC-1101,CAND-10101,ИНТЕРВЬЮЕРЫ,Интервью (раунд 2),User Task,Сергей_9,2025-08-27 21:10:47.262585,2025-08-27 22:27:47.262585,77,passed,
25484cb0-1d9f-4aa0-9133-08be43e4e860,VAC-1101,CAND-10101,ИНТЕРВЬЮЕРЫ,Финальное интервью,User Task,Андрей_9,2025-08-28 02:27:47.262585,2025-08-28 04:02:47.262585,95,passed,
25484cb0-1d9f-4aa0-9133-08be43e4e860,VAC-1101,CAND-10101,HR (ОФФЕР),Согласовать условия,User Task,HR_Manager_5,2025-08-28 07:51:47.262585,2025-08-28 16:14:47.262585,503,,
25484cb0-1d9f-4aa0-9133-08be43e4e860,VAC-1101,CAND-10101,HR (ОФФЕР),Сгенерировать оффер,Service Task,HR_Manager_8,2025-08-28 16:34:47.262585,2025-08-28 17:00:47.262585,26,,
25484cb0-1d9f-4aa0-9133-08be43e4e860,VAC-1101,CAND-10101,HR (ОФФЕР),Отправить оффер,Send Task,HR_Manager_6,2025-08-28 17:05:47.262585,2025-08-28 17:15:47.262585,10,sent,
25484cb0-1d9f-4aa0-9133-08be43e4e860,VAC-1101,CAND-10101,HR (ОФФЕР),Timer: ожидание ответа (дни),Timer,,2025-08-28 17:15:47.262585,2025-08-31 17:15:47.262585,4320,timer_elapsed,
25484cb0-1d9f-4aa0-9133-08be43e4e860,VAC-1101,CAND-10101,SECURITY,Background Check,Call Activity,Служба_БД_5,2025-08-31 20:15:47.262585,2025-09-13 15:29:47.262585,18434,report_ready,
25484cb0-1d9f-4aa0-9133-08be43e4e860,VAC-1101,CAND-10101,IT,Выдача оборудования,Task,IT_Specialist_4,2025-09-13 16:29:47.262585,2025-09-13 21:17:47.262585,288,,
25484cb0-1d9f-4aa0-9133-08be43e4e860,VAC-1101,CAND-10101,IT,Создать доступы,Task,IT_Specialist_1,2025-09-13 21:47:47.262585,2025-09-13 22:55:47.262585,68,,
25484cb0-1d9f-4aa0-9133-08be43e4e860,VAC-1101,CAND-10101,IT,HR/Training: Вводное обучение,Service Task,Марина_7,2025-09-14 00:55:47.262585,2025-09-14 10:47:47.262585,592,,
25484cb0-1d9f-4aa0-9133-08be43e4e860,VAC-1101,CAND-10101,HR,Назначить ментора,Task,Марина_3,2025-09-14 11:47:47.262585,2025-09-14 13:38:47.262585,111,,
25484cb0-1d9f-4aa0-9133-08be43e4e860,VAC-1101,CAND-10101,HR,Message: уведомить всех,Message,system,2025-09-14 13:58:47.262585,2025-09-14 14:03:47.262585,5,notified,
25484cb0-1d9f-4aa0-9133-08be43e4e860,VAC-1101,CAND-10101,HR,Обновить статус в HCM,Service Task,Марина_1,2025-09-14 14:33:47.262585,2025-09-14 14:53:47.262585,20,,
25484cb0-1d9f-4aa0-9133-08be43e4e860,VAC-1101,CAND-10101,HR,Payroll / учет,Service Task,Марина_8,2025-09-14 15:23:47.262585,2025-09-14 15:43:47.262585,20,,
25484cb0-1d9f-4aa0-9133-08be43e4e860,VAC-1101,CAND-10101,HR,Закрыть вакансию на порталах,Service Task,Ольга_5,2025-09-14 16:03:47.262585,2025-09-14 16:08:47.262585,5,,
29d33fcb-f147-4bdd-b1e5-1e6de8169a15,VAC-1066,CAND-10066,РУКОВОДИТЕЛЬ,Создать заявку,User Task,Петров_4,2025-09-20 12:40:47.262585,2025-09-20 12:56:47.262585,16,,
29d33fcb-f147-4bdd-b1e5-1e6de8169a15,VAC-1066,CAND-10066,HR,Зарегистрировать в HCM,Service Task,Марина_9,2025-09-20 13:16:47.262585,2025-09-20 13:32:47.262585,16,,
29d33fcb-f147-4bdd-b1e5-1e6de8169a15,VAC-1066,CAND-10066,РЕКРУТЕР,Разместить вакансию,Task,Дмитрий_5,2025-09-20 14:02:47.262585,2025-09-20 14:54:47.262585,52,,
29d33fcb-f147-4bdd-b1e5-1e6de8169a15,VAC-1066,CAND-10066,РЕКРУТЕР,Собирать резюме,Task,Алексей_6,2025-09-20 15:54:47.262585,2025-09-21 22:59:47.262585,1865,,
29d33fcb-f147-4bdd-b1e5-1e6de8169a15,VAC-1066,CAND-10066,РЕКРУТЕР,Скрининг,Task,Екатерина_4,2025-09-22 01:12:47.262585,2025-09-22 01:36:47.262585,24,rejected,не соотв. опыту
2a8efba4-a659-425b-b8d8-716d40e290e2,VAC-1045,CAND-10045,РУКОВОДИТЕЛЬ,Создать заявку,User Task,Петров_9,2025-10-09 16:39:47.262585,2025-10-09 17:16:47.262585,37,,
2a8efba4-a659-425b-b8d8-716d40e290e2,VAC-1045,CAND-10045,HR,Зарегистрировать в HCM,Service Task,Ольга_2,2025-10-09 17:36:47.262585,2025-10-09 17:55:47.262585,19,,
2a8efba4-a659-425b-b8d8-716d40e290e2,VAC-1045,CAND-10045,РЕКРУТЕР,Разместить вакансию,Task,Дмитрий_5,2025-10-09 18:25:47.262585,2025-10-09 18:55:47.262585,30,,
2a8efba4-a659-425b-b8d8-716d40e290e2,VAC-1045,CAND-10045,РЕКРУТЕР,Собирать резюме,Task,Дмитрий_7,2025-10-09 19:55:47.262585,2025-10-10 20:50:47.262585,1495,,
2a8efba4-a659-425b-b8d8-716d40e290e2,VAC-1045,CAND-10045,РЕКРУТЕР,Скрининг,Task,Дмитрий_6,2025-10-10 22:02:47.262585,2025-10-10 22:34:47.262585,32,passed,
2a8efba4-a659-425b-b8d8-716d40e290e2,VAC-1045,CAND-10045,ИНТЕРВЬЮЕРЫ,Назначить интервью,User Task,Сергей_7,2025-10-11 01:34:47.262585,2025-10-11 02:07:47.262585,33,,
2a8efba4-a659-425b-b8d8-716d40e290e2,VAC-1045,CAND-10045,ИНТЕРВЬЮЕРЫ,Интервью (раунд 1),User Task,Сергей_6,2025-10-11 02:34:47.262585,2025-10-11 03:28:47.262585,54,passed,
2a8efba4-a659-425b-b8d8-716d40e290e2,VAC-1045,CAND-10045,ИНТЕРВЬЮЕРЫ,Финальное интервью,User Task,Анна_3,2025-10-11 07:28:47.262585,2025-10-11 09:18:47.262585,110,passed,
2a8efba4-a659-425b-b8d8-716d40e290e2,VAC-1045,CAND-10045,HR (ОФФЕР),Согласовать условия,User Task,HR_Manager_1,2025-10-11 10:25:47.262585,2025-10-11 14:51:47.262585,266,,
2a8efba4-a659-425b-b8d8-716d40e290e2,VAC-1045,CAND-10045,HR (ОФФЕР),Сгенерировать оффер,Service Task,HR_Manager_4,2025-10-11 15:11:47.262585,2025-10-11 15:20:47.262585,9,,
2a8efba4-a659-425b-b8d8-716d40e290e2,VAC-1045,CAND-10045,HR (ОФФЕР),Отправить оффер,Send Task,HR_Manager_6,2025-10-11 15:25:47.262585,2025-10-11 15:35:47.262585,10,sent,
2a8efba4-a659-425b-b8d8-716d40e290e2,VAC-1045,CAND-10045,HR (ОФФЕР),Timer: ожидание ответа (дни),Timer,,2025-10-11 15:35:47.262585,2025-10-15 15:35:47.262585,5760,timer_elapsed,
2a8efba4-a659-425b-b8d8-716d40e290e2,VAC-1045,CAND-10045,HR (ОФФЕР),Переговоры / отказ,Task,HR_Manager_8,2025-10-15 17:35:47.262585,2025-10-15 19:08:47.262585,93,rejected,
2b14b3f2-1539-4e4a-aab2-22b18857a90a,VAC-1199,CAND-10199,РУКОВОДИТЕЛЬ,Создать заявку,User Task,Сидоров_1,2025-09-16 18:19:47.262585,2025-09-16 18:52:47.262585,33,,
2b14b3f2-1539-4e4a-aab2-22b18857a90a,VAC-1199,CAND-10199,HR,Зарегистрировать в HCM,Service Task,Марина_1,2025-09-16 19:12:47.262585,2025-09-16 19:42:47.262585,30,,
2b14b3f2-1539-4e4a-aab2-22b18857a90a,VAC-1199,CAND-10199,РЕКРУТЕР,Разместить вакансию,Task,Екатерина_1,2025-09-16 20:12:47.262585,2025-09-16 22:06:47.262585,114,,
2b14b3f2-1539-4e4a-aab2-22b18857a90a,VAC-1199,CAND-10199,РЕКРУТЕР,Собирать резюме,Task,Дмитрий_9,2025-09-16 23:06:47.262585,2025-09-17 19:27:47.262585,1221,,
2b14b3f2-1539-4e4a-aab2-22b18857a90a,VAC-1199,CAND-10199,РЕКРУТЕР,Скрининг,Task,Екатерина_6,2025-09-17 21:35:47.262585,2025-09-17 21:54:47.262585,19,rejected,не прошёл тест
2d613f37-cfd5-41c9-ba7d-de2ef86d3689,VAC-1013,CAND-10013,РУКОВОДИТЕЛЬ,Создать заявку,User Task,Кузнецов_1,2025-10-12 16:48:47.262585,2025-10-12 17:09:47.262585,21,,
2d613f37-cfd5-41c9-ba7d-de2ef86d3689,VAC-1013,CAND-10013,HR,Зарегистрировать в HCM,Service Task,Наталья_2,2025-10-12 17:29:47.262585,2025-10-12 17:56:47.262585,27,,
2d613f37-cfd5-41c9-ba7d-de2ef86d3689,VAC-1013,CAND-10013,РЕКРУТЕР,Разместить вакансию,Task,Алексей_8,2025-10-12 18:26:47.262585,2025-10-12 19:44:47.262585,78,,
2d613f37-cfd5-41c9-ba7d-de2ef86d3689,VAC-1013,CAND-10013,РЕКРУТЕР,Собирать резюме,Task,Екатерина_6,2025-10-12 20:44:47.262585,2025-10-14 12:59:47.262585,2415,,
2d613f37-cfd5-41c9-ba7d-de2ef86d3689,VAC-1013,CAND-10013,РЕКРУТЕР,Скрининг,Task,Екатерина_9,2025-10-14 15:22:47.262585,2025-10-14 15:51:47.262585,29,passed,
2d613f37-cfd5-41c9-ba7d-de2ef86d3689,VAC-1013,CAND-10013,ИНТЕРВЬЮЕРЫ,Назначить интервью,User Task,Анна_8,2025-10-14 18:51:47.262585,2025-10-14 19:30:47.262585,39,,
2d613f37-cfd5-41c9-ba7d-de2ef86d3689,VAC-1013,CAND-10013,ИНТЕРВЬЮЕРЫ,Интервью (раунд 1),User Task,Андрей_5,2025-10-14 20:50:47.262585,2025-10-14 22:32:47.262585,102,passed,
2d613f37-cfd5-41c9-ba7d-de2ef86d3689,VAC-1013,CAND-10013,ИНТЕРВЬЮЕРЫ,Интервью (раунд 2),User Task,Сергей_8,2025-10-14 23:58:47.262585,2025-10-15 01:45:47.262585,107,passed,
2d613f37-cfd5-41c9-ba7d-de2ef86d3689,VAC-1013,CAND-10013,ИНТЕРВЬЮЕРЫ,Интервью (раунд 3),User Task,Сергей_6,2025-10-15 02:14:47.262585,2025-10-15 03:35:47.262585,81,passed,
2d613f37-cfd5-41c9-ba7d-de2ef86d3689,VAC-1013,CAND-10013,ИНТЕРВЬЮЕРЫ,Финальное интервью,User Task,Андрей_4,2025-10-15 07:35:47.262585,2025-10-15 09:29:47.262585,114,passed,
2d613f37-cfd5-41c9-ba7d-de2ef86d3689,VAC-1013,CAND-10013,HR (ОФФЕР),Согласовать условия,User Task,HR_Manager_2,2025-10-15 12:07:47.262585,2025-10-15 16:43:47.262585,276,,
2d613f37-cfd5-41c9-ba7d-de2ef86d3689,VAC-1013,CAND-10013,HR (ОФФЕР),Сгенерировать оффер,Service Task,HR_Manager_6,2025-10-15 17:03:47.262585,2025-10-15 17:21:47.262585,18,,
2d613f37-cfd5-41c9-ba7d-de2ef86d3689,VAC-1013,CAND-10013,HR (ОФФЕР),Отправить оффер,Send Task,HR_Manager_7,2025-10-15 17:26:47.262585,2025-10-15 17:36:47.262585,10,sent,
2d613f37-cfd5-41c9-ba7d-de2ef86d3689,VAC-1013,CAND-10013,HR (ОФФЕР),Timer: ожидание ответа (дни),Timer,,2025-10-15 17:36:47.262585,2025-10-16 17:36:47.262585,1440,timer_elapsed,
2d613f37-cfd5-41c9-ba7d-de2ef86d3689,VAC-1013,CAND-10013,SECURITY,Background Check,Call Activity,Служба_БД_1,2025-10-16 20:36:47.262585,2025-10-24 15:19:47.262585,11203,report_ready,
2d613f37-cfd5-41c9-ba7d-de2ef86d3689,VAC-1013,CAND-10013,IT,Выдача оборудования,Task,IT_Specialist_8,2025-10-24 16:19:47.262585,2025-10-24 20:34:47.262585,255,,
2d613f37-cfd5-41c9-ba7d-de2ef86d3689,VAC-1013,CAND-10013,IT,Создать доступы,Task,IT_Specialist_5,2025-10-24 21:04:47.262585,2025-10-24 21:35:47.262585,31,,
2d613f37-cfd5-41c9-ba7d-de2ef86d3689,VAC-1013,CAND-10013,IT,HR/Training: Вводное обучение,Service Task,Ольга_7,2025-10-24 23:35:47.262585,2025-10-25 09:00:47.262585,565,,
2d613f37-cfd5-41c9-ba7d-de2ef86d3689,VAC-1013,CAND-10013,HR,Назначить ментора,Task,Марина_9,2025-10-25 10:00:47.262585,2025-10-25 12:47:47.262585,167,,
2d613f37-cfd5-41c9-ba7d-de2ef86d3689,VAC-1013,CAND-10013,HR,Message: уведомить всех,Message,system,2025-10-25 13:07:47.262585,2025-10-25 13:12:47.262585,5,notified,
2d613f37-cfd5-41c9-ba7d-de2ef86d3689,VAC-1013,CAND-10013,HR,Обновить статус в HCM,Service Task,Марина_4,2025-10-25 13:42:47.262585,2025-10-25 14:02:47.262585,20,,
2d613f37-cfd5-41c9-ba7d-de2ef86d3689,VAC-1013,CAND-10013,HR,Payroll / учет,Service Task,Ольга_4,2025-10-25 14:32:47.262585,2025-10-25 14:52:47.262585,20,,
2d613f37-cfd5-41c9-ba7d-de2ef86d3689,VAC-1013,CAND-10013,HR,Закрыть вакансию на порталах,Service Task,Ольга_7,2025-10-25 15:12:47.262585,2025-10-25 15:17:47.262585,5,,
2e1fe487-26a0-4fec-97db-339ea0bcea3d,VAC-1004,CAND-10004,РУКОВОДИТЕЛЬ,Создать заявку,User Task,Сидоров_9,2025-10-05 18:09:47.262585,2025-10-05 18:29:47.262585,20,,
2e1fe487-26a0-4fec-97db-339ea0bcea3d,VAC-1004,CAND-10004,HR,Зарегистрировать в HCM,Service Task,Марина_7,2025-10-05 18:49:47.262585,2025-10-05 19:26:47.262585,37,,
2e1fe487-26a0-4fec-97db-339ea0bcea3d,VAC-1004,CAND-10004,РЕКРУТЕР,Разместить вакансию,Task,Екатерина_4,2025-10-05 19:56:47.262585,2025-10-05 20:43:47.262585,47,,
2e1fe487-26a0-4fec-97db-339ea0bcea3d,VAC-1004,CAND-10004,РЕКРУТЕР,Собирать резюме,Task,Дмитрий_6,2025-10-05 21:43:47.262585,2025-10-06 22:59:47.262585,1516,,
2e1fe487-26a0-4fec-97db-339ea0bcea3d,VAC-1004,CAND-10004,РЕКРУТЕР,Скрининг,Task,Екатерина_8,2025-10-07 01:21:47.262585,2025-10-07 01:59:47.262585,38,passed,
2e1fe487-26a0-4fec-97db-339ea0bcea3d,VAC-1004,CAND-10004,ИНТЕРВЬЮЕРЫ,Назначить интервью,User Task,Андрей_6,2025-10-07 04:59:47.262585,2025-10-07 05:16:47.262585,17,,
2e1fe487-26a0-4fec-97db-339ea0bcea3d,VAC-1004,CAND-10004,ИНТЕРВЬЮЕРЫ,Интервью (раунд 1),User Task,Андрей_2,2025-10-07 06:46:47.262585,2025-10-07 08:00:47.262585,74,passed,
2e1fe487-26a0-4fec-97db-339ea0bcea3d,VAC-1004,CAND-10004,ИНТЕРВЬЮЕРЫ,Финальное интервью,User Task,Андрей_6,2025-10-07 12:00:47.262585,2025-10-07 12:52:47.262585,52,passed,
2e1fe487-26a0-4fec-97db-339ea0bcea3d,VAC-1004,CAND-10004,HR (ОФФЕР),Согласовать условия,User Task,HR_Manager_5,2025-10-07 14:10:47.262585,2025-10-08 00:56:47.262585,646,,
2e1fe487-26a0-4fec-97db-339ea0bcea3d,VAC-1004,CAND-10004,HR (ОФФЕР),Сгенерировать оффер,Service Task,HR_Manager_4,2025-10-08 01:16:47.262585,2025-10-08 01:42:47.262585,26,,
2e1fe487-26a0-4fec-97db-339ea0bcea3d,VAC-1004,CAND-10004,HR (ОФФЕР),Отправить оффер,Send Task,HR_Manager_8,2025-10-08 01:47:47.262585,2025-10-08 01:57:47.262585,10,sent,
2e1fe487-26a0-4fec-97db-339ea0bcea3d,VAC-1004,CAND-10004,HR (ОФФЕР),Timer: ожидание ответа (дни),Timer,,2025-10-08 01:57:47.262585,2025-10-10 01:57:47.262585,2880,timer_elapsed,
2e1fe487-26a0-4fec-97db-339ea0bcea3d,VAC-1004,CAND-10004,HR (ОФФЕР),Переговоры / отказ,Task,HR_Manager_2,2025-10-10 03:57:47.262585,2025-10-10 11:53:47.262585,476,rejected,
2eee1a2c-cb7e-46a3-be3e-fd51a01f4787,VAC-1080,CAND-10080,РУКОВОДИТЕЛЬ,Создать заявку,User Task,Сидоров_5,2025-09-20 14:05:47.262585,2025-09-20 14:32:47.262585,27,,
2eee1a2c-cb7e-46a3-be3e-fd51a01f4787,VAC-1080,CAND-10080,HR,Зарегистрировать в HCM,Service Task,Марина_3,2025-09-20 14:52:47.262585,2025-09-20 15:12:47.262585,20,,
2eee1a2c-cb7e-46a3-be3e-fd51a01f4787,VAC-1080,CAND-10080,РЕКРУТЕР,Разместить вакансию,Task,Дмитрий_6,2025-09-20 15:42:47.262585,2025-09-20 17:14:47.262585,92,,
2eee1a2c-cb7e-46a3-be3e-fd51a01f4787,VAC-1080,CAND-10080,РЕКРУТЕР,Собирать резюме,Task,Алексей_2,2025-09-20 18:14:47.262585,2025-09-21 01:32:47.262585,438,,
2eee1a2c-cb7e-46a3-be3e-fd51a01f4787,VAC-1080,CAND-10080,РЕКРУТЕР,Скрининг,Task,Алексей_3,2025-09-21 03:59:47.262585,2025-09-21 04:09:47.262585,10,passed,
2eee1a2c-cb7e-46a3-be3e-fd51a01f4787,VAC-1080,CAND-10080,ИНТЕРВЬЮЕРЫ,Назначить интервью,User Task,Сергей_4,2025-09-21 07:09:47.262585,2025-09-21 07:19:47.262585,10,,
2eee1a2c-cb7e-46a3-be3e-fd51a01f4787,VAC-1080,CAND-10080,ИНТЕРВЬЮЕРЫ,Интервью (раунд 1),User Task,Сергей_2,2025-09-21 07:55:47.262585,2025-09-21 09:18:47.262585,83,passed,
2eee1a2c-cb7e-46a3-be3e-fd51a01f4787,VAC-1080,CAND-10080,ИНТЕРВЬЮЕРЫ,Интервью (раунд 2),User Task,Анна_3,2025-09-21 10:24:47.262585,2025-09-21 11:41:47.262585,77,passed,
2eee1a2c-cb7e-46a3-be3e-fd51a01f4787,VAC-1080,CAND-10080,ИНТЕРВЬЮЕРЫ,Интервью (раунд 3),User Task,Анна_4,2025-09-21 12:07:47.262585,2025-09-21 13:42:47.262585,95,rejected,поведенческий
2f86f9cd-3a5e-43de-949e-87f5e5b922f0,VAC-1011,CAND-10011,РУКОВОДИТЕЛЬ,Создать заявку,User Task,Сидоров_2,2025-09-20 12:16:47.262585,2025-09-20 12:47:47.262585,31,,
2f86f9cd-3a5e-43de-949e-87f5e5b922f0,VAC-1011,CAND-10011,HR,Зарегистрировать в HCM,Service Task,Ольга_9,2025-09-20 13:07:47.262585,2025-09-20 13:40:47.262585,33,,
2f86f9cd-3a5e-43de-949e-87f5e5b922f0,VAC-1011,CAND-10011,РЕКРУТЕР,Разместить вакансию,Task,Екатерина_7,2025-09-20 14:10:47.262585,2025-09-20 15:09:47.262585,59,,
2f86f9cd-3a5e-43de-949e-87f5e5b922f0,VAC-1011,CAND-10011,РЕКРУТЕР,Собирать резюме,Task,Дмитрий_5,2025-09-20 16:09:47.262585,2025-09-21 18:25:47.262585,1576,,
2f86f9cd-3a5e-43de-949e-87f5e5b922f0,VAC-1011,CAND-10011,РЕКРУТЕР,Скрининг,Task,Алексей_7,2025-09-21 21:16:47.262585,2025-09-21 21:30:47.262585,14,passed,
2f86f9cd-3a5e-43de-949e-87f5e5b922f0,VAC-1011,CAND-10011,ИНТЕРВЬЮЕРЫ,Назначить интервью,User Task,Анна_3,2025-09-22 00:30:47.262585,2025-09-22 00:52:47.262585,22,,
2f86f9cd-3a5e-43de-949e-87f5e5b922f0,VAC-1011,CAND-10011,ИНТЕРВЬЮЕРЫ,Интервью (раунд 1),User Task,Андрей_5,2025-09-22 01:50:47.262585,2025-09-22 03:26:47.262585,96,passed,
2f86f9cd-3a5e-43de-949e-87f5e5b922f0,VAC-1011,CAND-10011,ИНТЕРВЬЮЕРЫ,Интервью (раунд 2),User Task,Анна_6,2025-09-22 04:22:47.262585,2025-09-22 05:33:47.262585,71,passed,
2f86f9cd-3a5e-43de-949e-87f5e5b922f0,VAC-1011,CAND-10011,ИНТЕРВЬЮЕРЫ,Финальное интервью,User Task,Анна_4,2025-09-22 09:33:47.262585,2025-09-22 11:17:47.262585,104,passed,
2f86f9cd-3a5e-43de-949e-87f5e5b922f0,VAC-1011,CAND-10011,HR (ОФФЕР),Согласовать условия,User Task,HR_Manager_2,2025-09-22 14:27:47.262585,2025-09-23 00:31:47.262585,604,,
2f86f9cd-3a5e-43de-949e-87f5e5b922f0,VAC-1011,CAND-10011,HR (ОФФЕР),Сгенерировать оффер,Service Task,HR_Manager_2,2025-09-23 00:51:47.262585,2025-09-23 01:05:47.262585,14,,
2f86f9cd-3a5e-43de-949e-87f5e5b922f0,VAC-1011,CAND-10011,HR (ОФФЕР),Отправить оффер,Send Task,HR_Manager_5,2025-09-23 01:10:47.262585,2025-09-23 01:20:47.262585,10,sent,
2f86f9cd-3a5e-43de-949e-87f5e5b922f0,VAC-1011,CAND-10011,HR (ОФФЕР),Timer: ожидание ответа (дни),Timer,,2025-09-23 01:20:47.262585,2025-09-25 01:20:47.262585,2880,timer_elapsed,
2f86f9cd-3a5e-43de-949e-87f5e5b922f0,VAC-1011,CAND-10011,HR (ОФФЕР),Переговоры / отказ,Task,HR_Manager_1,2025-09-25 03:20:47.262585,2025-09-25 06:50:47.262585,210,rejected,
2fb88399-7a62-4658-9364-5c8973c21a30,VAC-1060,CAND-10060,РУКОВОДИТЕЛЬ,Создать заявку,User Task,Иванов_9,2025-10-15 14:22:47.262585,2025-10-15 14:47:47.262585,25,,
2fb88399-7a62-4658-9364-5c8973c21a30,VAC-1060,CAND-10060,HR,Зарегистрировать в HCM,Service Task,Марина_6,2025-10-15 15:07:47.262585,2025-10-15 15:31:47.262585,24,,
2fb88399-7a62-4658-9364-5c8973c21a30,VAC-1060,CAND-10060,РЕКРУТЕР,Разместить вакансию,Task,Екатерина_2,2025-10-15 16:01:47.262585,2025-10-15 16:30:47.262585,29,,
2fb88399-7a62-4658-9364-5c8973c21a30,VAC-1060,CAND-10060,РЕКРУТЕР,Собирать резюме,Task,Екатерина_9,2025-10-15 17:30:47.262585,2025-10-16 01:42:47.262585,492,,
2fb88399-7a62-4658-9364-5c8973c21a30,VAC-1060,CAND-10060,РЕКРУТЕР,Скрининг,Task,Екатерина_3,2025-10-16 03:03:47.262585,2025-10-16 03:31:47.262585,28,passed,
2fb88399-7a62-4658-9364-5c8973c21a30,VAC-1060,CAND-10060,ИНТЕРВЬЮЕРЫ,Назначить интервью,User Task,Анна_8,2025-10-16 06:31:47.262585,2025-10-16 07:08:47.262585,37,,
2fb88399-7a62-4658-9364-5c8973c21a30,VAC-1060,CAND-10060,ИНТЕРВЬЮЕРЫ,Интервью (раунд 1),User Task,Анна_8,2025-10-16 07:54:47.262585,2025-10-16 09:53:47.262585,119,passed,
2fb88399-7a62-4658-9364-5c8973c21a30,VAC-1060,CAND-10060,ИНТЕРВЬЮЕРЫ,Финальное интервью,User Task,Анна_7,2025-10-16 13:53:47.262585,2025-10-16 14:45:47.262585,52,passed,
2fb88399-7a62-4658-9364-5c8973c21a30,VAC-1060,CAND-10060,HR (ОФФЕР),Согласовать условия,User Task,HR_Manager_9,2025-10-16 17:41:47.262585,2025-10-17 05:18:47.262585,697,,
2fb88399-7a62-4658-9364-5c8973c21a30,VAC-1060,CAND-10060,HR (ОФФЕР),Сгенерировать оффер,Service Task,HR_Manager_1,2025-10-17 05:38:47.262585,2025-10-17 05:57:47.262585,19,,
2fb88399-7a62-4658-9364-5c8973c21a30,VAC-1060,CAND-10060,HR (ОФФЕР),Отправить оффер,Send Task,HR_Manager_5,2025-10-17 06:02:47.262585,2025-10-17 06:12:47.262585,10,sent,
2fb88399-7a62-4658-9364-5c8973c21a30,VAC-1060,CAND-10060,HR (ОФФЕР),Timer: ожидание ответа (дни),Timer,,2025-10-17 06:12:47.262585,2025-10-18 06:12:47.262585,1440,timer_elapsed,
2fb88399-7a62-4658-9364-5c8973c21a30,VAC-1060,CAND-10060,SECURITY,Background Check,Call Activity,Служба_БД_1,2025-10-18 09:12:47.262585,2025-10-27 23:07:47.262585,13795,report_ready,
2fb88399-7a62-4658-9364-5c8973c21a30,VAC-1060,CAND-10060,IT,Выдача оборудования,Task,IT_Specialist_9,2025-10-28 00:07:47.262585,2025-10-28 04:06:47.262585,239,,
2fb88399-7a62-4658-9364-5c8973c21a30,VAC-1060,CAND-10060,IT,Создать доступы,Task,IT_Specialist_8,2025-10-28 04:36:47.262585,2025-10-28 05:21:47.262585,45,,
2fb88399-7a62-4658-9364-5c8973c21a30,VAC-1060,CAND-10060,IT,HR/Training: Вводное обучение,Service Task,Ольга_7,2025-10-28 07:21:47.262585,2025-10-28 10:37:47.262585,196,,
2fb88399-7a62-4658-9364-5c8973c21a30,VAC-1060,CAND-10060,HR,Назначить ментора,Task,Наталья_7,2025-10-28 11:37:47.262585,2025-10-28 12:53:47.262585,76,,
2fb88399-7a62-4658-9364-5c8973c21a30,VAC-1060,CAND-10060,HR,Message: уведомить всех,Message,system,2025-10-28 13:13:47.262585,2025-10-28 13:18:47.262585,5,notified,
2fb88399-7a62-4658-9364-5c8973c21a30,VAC-1060,CAND-10060,HR,Обновить статус в HCM,Service Task,Ольга_7,2025-10-28 13:48:47.262585,2025-10-28 14:08:47.262585,20,,
2fb88399-7a62-4658-9364-5c8973c21a30,VAC-1060,CAND-10060,HR,Payroll / учет,Service Task,Ольга_7,2025-10-28 14:38:47.262585,2025-10-28 14:58:47.262585,20,,
2fb88399-7a62-4658-9364-5c8973c21a30,VAC-1060,CAND-10060,HR,Закрыть вакансию на порталах,Service Task,Ольга_2,2025-10-28 15:18:47.262585,2025-10-28 15:23:47.262585,5,,
3195e7f8-df17-4fa2-93d2-ab98782a80b0,VAC-1100,CAND-10100,РУКОВОДИТЕЛЬ,Создать заявку,User Task,Кузнецов_2,2025-10-12 15:51:47.262585,2025-10-12 16:47:47.262585,56,,
3195e7f8-df17-4fa2-93d2-ab98782a80b0,VAC-1100,CAND-10100,HR,Зарегистрировать в HCM,Service Task,Ольга_4,2025-10-12 17:07:47.262585,2025-10-12 17:23:47.262585,16,,
3195e7f8-df17-4fa2-93d2-ab98782a80b0,VAC-1100,CAND-10100,РЕКРУТЕР,Разместить вакансию,Task,Екатерина_8,2025-10-12 17:53:47.262585,2025-10-12 19:05:47.262585,72,,
3195e7f8-df17-4fa2-93d2-ab98782a80b0,VAC-1100,CAND-10100,РЕКРУТЕР,Собирать резюме,Task,Дмитрий_1,2025-10-12 20:05:47.262585,2025-10-14 11:20:47.262585,2355,,
3195e7f8-df17-4fa2-93d2-ab98782a80b0,VAC-1100,CAND-10100,РЕКРУТЕР,Скрининг,Task,Алексей_2,2025-10-14 14:01:47.262585,2025-10-14 14:36:47.262585,35,passed,
3195e7f8-df17-4fa2-93d2-ab98782a80b0,VAC-1100,CAND-10100,ИНТЕРВЬЮЕРЫ,Назначить интервью,User Task,Сергей_3,2025-10-14 17:36:47.262585,2025-10-14 18:02:47.262585,26,,
3195e7f8-df17-4fa2-93d2-ab98782a80b0,VAC-1100,CAND-10100,ИНТЕРВЬЮЕРЫ,Интервью (раунд 1),User Task,Андрей_4,2025-10-14 19:29:47.262585,2025-10-14 21:26:47.262585,117,passed,
3195e7f8-df17-4fa2-93d2-ab98782a80b0,VAC-1100,CAND-10100,ИНТЕРВЬЮЕРЫ,Интервью (раунд 2),User Task,Андрей_6,2025-10-14 21:53:47.262585,2025-10-14 23:09:47.262585,76,passed,
3195e7f8-df17-4fa2-93d2-ab98782a80b0,VAC-1100,CAND-10100,ИНТЕРВЬЮЕРЫ,Интервью (раунд 3),User Task,Сергей_9,2025-10-14 23:54:47.262585,2025-10-15 01:14:47.262585,80,passed,
3195e7f8-df17-4fa2-93d2-ab98782a80b0,VAC-1100,CAND-10100,ИНТЕРВЬЮЕРЫ,Финальное интервью,User Task,Андрей_1,2025-10-15 05:14:47.262585,2025-10-15 06:49:47.262585,95,passed,
3195e7f8-df17-4fa2-93d2-ab98782a80b0,VAC-1100,CAND-10100,HR (ОФФЕР),Согласовать условия,User Task,HR_Manager_8,2025-10-15 08:50:47.262585,2025-10-15 17:11:47.262585,501,,
3195e7f8-df17-4fa2-93d2-ab98782a80b0,VAC-1100,CAND-10100,HR (ОФФЕР),Сгенерировать оффер,Service Task,HR_Manager_9,2025-10-15 17:31:47.262585,2025-10-15 17:41:47.262585,10,,
3195e7f8-df17-4fa2-93d2-ab98782a80b0,VAC-1100,CAND-10100,HR (ОФФЕР),Отправить оффер,Send Task,HR_Manager_6,2025-10-15 17:46:47.262585,2025-10-15 17:56:47.262585,10,sent,
3195e7f8-df17-4fa2-93d2-ab98782a80b0,VAC-1100,CAND-10100,HR (ОФФЕР),Timer: ожидание ответа (дни),Timer,,2025-10-15 17:56:47.262585,2025-10-17 17:56:47.262585,2880,timer_elapsed,
3195e7f8-df17-4fa2-93d2-ab98782a80b0,VAC-1100,CAND-10100,HR (ОФФЕР),Переговоры / отказ,Task,HR_Manager_5,2025-10-17 19:56:47.262585,2025-10-18 01:20:47.262585,324,rejected,
31e14c35-21ce-4efe-8176-0d883f620ceb,VAC-1154,CAND-10154,РУКОВОДИТЕЛЬ,Создать заявку,User Task,Кузнецов_8,2025-10-19 17:49:47.262585,2025-10-19 18:12:47.262585,23,,
31e14c35-21ce-4efe-8176-0d883f620ceb,VAC-1154,CAND-10154,HR,Зарегистрировать в HCM,Service Task,Ольга_2,2025-10-19 18:32:47.262585,2025-10-19 18:55:47.262585,23,,
31e14c35-21ce-4efe-8176-0d883f620ceb,VAC-1154,CAND-10154,РЕКРУТЕР,Разместить вакансию,Task,Екатерина_1,2025-10-19 19:25:47.262585,2025-10-19 21:01:47.262585,96,,
31e14c35-21ce-4efe-8176-0d883f620ceb,VAC-1154,CAND-10154,РЕКРУТЕР,Собирать резюме,Task,Екатерина_5,2025-10-19 22:01:47.262585,2025-10-20 18:43:47.262585,1242,,
31e14c35-21ce-4efe-8176-0d883f620ceb,VAC-1154,CAND-10154,РЕКРУТЕР,Скрининг,Task,Алексей_1,2025-10-20 21:35:47.262585,2025-10-20 22:11:47.262585,36,passed,
31e14c35-21ce-4efe-8176-0d883f620ceb,VAC-1154,CAND-10154,ИНТЕРВЬЮЕРЫ,Назначить интервью,User Task,Анна_6,2025-10-21 01:11:47.262585,2025-10-21 01:22:47.262585,11,,
31e14c35-21ce-4efe-8176-0d883f620ceb,VAC-1154,CAND-10154,ИНТЕРВЬЮЕРЫ,Интервью (раунд 1),User Task,Сергей_6,2025-10-21 01:46:47.262585,2025-10-21 03:44:47.262585,118,rejected,недостаточно навыков
32b6e853-85ff-4c74-8e00-88260e0f0b88,VAC-1132,CAND-10132,РУКОВОДИТЕЛЬ,Создать заявку,User Task,Иванов_4,2025-09-18 12:18:47.262585,2025-09-18 12:38:47.262585,20,,
32b6e853-85ff-4c74-8e00-88260e0f0b88,VAC-1132,CAND-10132,HR,Зарегистрировать в HCM,Service Task,Ольга_8,2025-09-18 12:58:47.262585,2025-09-18 13:34:47.262585,36,,
32b6e853-85ff-4c74-8e00-88260e0f0b88,VAC-1132,CAND-10132,РЕКРУТЕР,Разместить вакансию,Task,Алексей_8,2025-09-18 14:04:47.262585,2025-09-18 15:44:47.262585,100,,
32b6e853-85ff-4c74-8e00-88260e0f0b88,VAC-1132,CAND-10132,РЕКРУТЕР,Собирать резюме,Task,Дмитрий_6,2025-09-18 16:44:47.262585,2025-09-19 19:34:47.262585,1610,,
32b6e853-85ff-4c74-8e00-88260e0f0b88,VAC-1132,CAND-10132,РЕКРУТЕР,Скрининг,Task,Екатерина_5,2025-09-19 21:36:47.262585,2025-09-19 22:03:47.262585,27,passed,
32b6e853-85ff-4c74-8e00-88260e0f0b88,VAC-1132,CAND-10132,ИНТЕРВЬЮЕРЫ,Назначить интервью,User Task,Андрей_6,2025-09-20 01:03:47.262585,2025-09-20 01:26:47.262585,23,,
32b6e853-85ff-4c74-8e00-88260e0f0b88,VAC-1132,CAND-10132,ИНТЕРВЬЮЕРЫ,Интервью (раунд 1),User Task,Анна_9,2025-09-20 02:11:47.262585,2025-09-20 04:09:47.262585,118,passed,
32b6e853-85ff-4c74-8e00-88260e0f0b88,VAC-1132,CAND-10132,ИНТЕРВЬЮЕРЫ,Интервью (раунд 2),User Task,Анна_9,2025-09-20 04:51:47.262585,2025-09-20 06:12:47.262585,81,passed,
32b6e853-85ff-4c74-8e00-88260e0f0b88,VAC-1132,CAND-10132,ИНТЕРВЬЮЕРЫ,Интервью (раунд 3),User Task,Сергей_5,2025-09-20 07:34:47.262585,2025-09-20 09:16:47.262585,102,rejected,поведенческий
3337163f-dda9-4bde-8d9a-4e5fd82dedb9,VAC-1103,CAND-10103,РУКОВОДИТЕЛЬ,Создать заявку,User Task,Петров_6,2025-09-14 17:10:47.262585,2025-09-14 17:49:47.262585,39,,
3337163f-dda9-4bde-8d9a-4e5fd82dedb9,VAC-1103,CAND-10103,HR,Зарегистрировать в HCM,Service Task,Марина_3,2025-09-14 18:09:47.262585,2025-09-14 18:46:47.262585,37,,
3337163f-dda9-4bde-8d9a-4e5fd82dedb9,VAC-1103,CAND-10103,РЕКРУТЕР,Разместить вакансию,Task,Алексей_8,2025-09-14 19:16:47.262585,2025-09-14 21:15:47.262585,119,,
3337163f-dda9-4bde-8d9a-4e5fd82dedb9,VAC-1103,CAND-10103,РЕКРУТЕР,Собирать резюме,Task,Екатерина_3,2025-09-14 22:15:47.262585,2025-09-16 00:57:47.262585,1602,,
3337163f-dda9-4bde-8d9a-4e5fd82dedb9,VAC-1103,CAND-10103,РЕКРУТЕР,Скрининг,Task,Алексей_1,2025-09-16 02:47:47.262585,2025-09-16 03:17:47.262585,30,passed,
3337163f-dda9-4bde-8d9a-4e5fd82dedb9,VAC-1103,CAND-10103,ИНТЕРВЬЮЕРЫ,Назначить интервью,User Task,Андрей_3,2025-09-16 06:17:47.262585,2025-09-16 06:33:47.262585,16,,
3337163f-dda9-4bde-8d9a-4e5fd82dedb9,VAC-1103,CAND-10103,ИНТЕРВЬЮЕРЫ,Интервью (раунд 1),User Task,Анна_7,2025-09-16 07:04:47.262585,2025-09-16 08:05:47.262585,61,passed,
3337163f-dda9-4bde-8d9a-4e5fd82dedb9,VAC-1103,CAND-10103,ИНТЕРВЬЮЕРЫ,Интервью (раунд 2),User Task,Сергей_1,2025-09-16 09:16:47.262585,2025-09-16 10:55:47.262585,99,rejected,недостаточно навыков
3348671e-58f5-440e-9d8b-381fb76ab32a,VAC-1190,CAND-10190,РУКОВОДИТЕЛЬ,Создать заявку,User Task,Иванов_2,2025-09-11 13:31:47.262585,2025-09-11 14:29:47.262585,58,,
3348671e-58f5-440e-9d8b-381fb76ab32a,VAC-1190,CAND-10190,HR,Зарегистрировать в HCM,Service Task,Наталья_9,2025-09-11 14:49:47.262585,2025-09-11 15:28:47.262585,39,,
3348671e-58f5-440e-9d8b-381fb76ab32a,VAC-1190,CAND-10190,РЕКРУТЕР,Разместить вакансию,Task,Дмитрий_6,2025-09-11 15:58:47.262585,2025-09-11 17:48:47.262585,110,,
3348671e-58f5-440e-9d8b-381fb76ab32a,VAC-1190,CAND-10190,РЕКРУТЕР,Собирать резюме,Task,Алексей_8,2025-09-11 18:48:47.262585,2025-09-13 15:02:47.262585,2654,,
3348671e-58f5-440e-9d8b-381fb76ab32a,VAC-1190,CAND-10190,РЕКРУТЕР,Скрининг,Task,Дмитрий_7,2025-09-13 15:59:47.262585,2025-09-13 16:14:47.262585,15,passed,
3348671e-58f5-440e-9d8b-381fb76ab32a,VAC-1190,CAND-10190,ИНТЕРВЬЮЕРЫ,Назначить интервью,User Task,Андрей_7,2025-09-13 19:14:47.262585,2025-09-13 19:40:47.262585,26,,
3348671e-58f5-440e-9d8b-381fb76ab32a,VAC-1190,CAND-10190,ИНТЕРВЬЮЕРЫ,Интервью (раунд 1),User Task,Анна_3,2025-09-13 20:40:47.262585,2025-09-13 21:40:47.262585,60,passed,
3348671e-58f5-440e-9d8b-381fb76ab32a,VAC-1190,CAND-10190,ИНТЕРВЬЮЕРЫ,Финальное интервью,User Task,Анна_5,2025-09-14 01:40:47.262585,2025-09-14 03:28:47.262585,108,passed,
3348671e-58f5-440e-9d8b-381fb76ab32a,VAC-1190,CAND-10190,HR (ОФФЕР),Согласовать условия,User Task,HR_Manager_6,2025-09-14 06:50:47.262585,2025-09-14 09:31:47.262585,161,,
3348671e-58f5-440e-9d8b-381fb76ab32a,VAC-1190,CAND-10190,HR (ОФФЕР),Сгенерировать оффер,Service Task,HR_Manager_7,2025-09-14 09:51:47.262585,2025-09-14 10:11:47.262585,20,,
3348671e-58f5-440e-9d8b-381fb76ab32a,VAC-1190,CAND-10190,HR (ОФФЕР),Отправить оффер,Send Task,HR_Manager_8,2025-09-14 10:16:47.262585,2025-09-14 10:26:47.262585,10,sent,
3348671e-58f5-440e-9d8b-381fb76ab32a,VAC-1190,CAND-10190,HR (ОФФЕР),Timer: ожидание ответа (дни),Timer,,2025-09-14 10:26:47.262585,2025-09-17 10:26:47.262585,4320,timer_elapsed,
3348671e-58f5-440e-9d8b-381fb76ab32a,VAC-1190,CAND-10190,SECURITY,Background Check,Call Activity,Служба_БД_4,2025-09-17 13:26:47.262585,2025-09-30 03:06:47.262585,18100,report_ready,
3348671e-58f5-440e-9d8b-381fb76ab32a,VAC-1190,CAND-10190,IT,Выдача оборудования,Task,IT_Specialist_4,2025-09-30 04:06:47.262585,2025-09-30 06:20:47.262585,134,,
3348671e-58f5-440e-9d8b-381fb76ab32a,VAC-1190,CAND-10190,IT,Создать доступы,Task,IT_Specialist_6,2025-09-30 06:50:47.262585,2025-09-30 07:37:47.262585,47,,
3348671e-58f5-440e-9d8b-381fb76ab32a,VAC-1190,CAND-10190,IT,HR/Training: Вводное обучение,Service Task,Наталья_8,2025-09-30 09:37:47.262585,2025-09-30 14:08:47.262585,271,,
3348671e-58f5-440e-9d8b-381fb76ab32a,VAC-1190,CAND-10190,HR,Назначить ментора,Task,Ольга_8,2025-09-30 15:08:47.262585,2025-09-30 16:04:47.262585,56,,
3348671e-58f5-440e-9d8b-381fb76ab32a,VAC-1190,CAND-10190,HR,Message: уведомить всех,Message,system,2025-09-30 16:24:47.262585,2025-09-30 16:29:47.262585,5,notified,
3348671e-58f5-440e-9d8b-381fb76ab32a,VAC-1190,CAND-10190,HR,Обновить статус в HCM,Service Task,Марина_2,2025-09-30 16:59:47.262585,2025-09-30 17:19:47.262585,20,,
3348671e-58f5-440e-9d8b-381fb76ab32a,VAC-1190,CAND-10190,HR,Payroll / учет,Service Task,Наталья_3,2025-09-30 17:49:47.262585,2025-09-30 18:09:47.262585,20,,
3348671e-58f5-440e-9d8b-381fb76ab32a,VAC-1190,CAND-10190,HR,Закрыть вакансию на порталах,Service Task,Ольга_7,2025-09-30 18:29:47.262585,2025-09-30 18:34:47.262585,5,,
33cd10b2-4f7e-489a-ac65-825292853ede,VAC-1001,CAND-10001,РУКОВОДИТЕЛЬ,Создать заявку,User Task,Петров_6,2025-09-22 21:27:47.262585,2025-09-22 22:00:47.262585,33,,
33cd10b2-4f7e-489a-ac65-825292853ede,VAC-1001,CAND-10001,HR,Зарегистрировать в HCM,Service Task,Наталья_5,2025-09-22 22:20:47.262585,2025-09-22 22:41:47.262585,21,,
33cd10b2-4f7e-489a-ac65-825292853ede,VAC-1001,CAND-10001,РЕКРУТЕР,Разместить вакансию,Task,Екатерина_2,2025-09-22 23:11:47.262585,2025-09-23 01:00:47.262585,109,,
33cd10b2-4f7e-489a-ac65-825292853ede,VAC-1001,CAND-10001,РЕКРУТЕР,Собирать резюме,Task,Екатерина_3,2025-09-23 02:00:47.262585,2025-09-24 23:35:47.262585,2735,,
33cd10b2-4f7e-489a-ac65-825292853ede,VAC-1001,CAND-10001,РЕКРУТЕР,Скрининг,Task,Алексей_3,2025-09-25 02:21:47.262585,2025-09-25 02:54:47.262585,33,passed,
33cd10b2-4f7e-489a-ac65-825292853ede,VAC-1001,CAND-10001,ИНТЕРВЬЮЕРЫ,Назначить интервью,User Task,Анна_9,2025-09-25 05:54:47.262585,2025-09-25 06:12:47.262585,18,,
33cd10b2-4f7e-489a-ac65-825292853ede,VAC-1001,CAND-10001,ИНТЕРВЬЮЕРЫ,Интервью (раунд 1),User Task,Андрей_6,2025-09-25 07:13:47.262585,2025-09-25 08:05:47.262585,52,passed,
33cd10b2-4f7e-489a-ac65-825292853ede,VAC-1001,CAND-10001,ИНТЕРВЬЮЕРЫ,Финальное интервью,User Task,Андрей_6,2025-09-25 12:05:47.262585,2025-09-25 13:41:47.262585,96,passed,
33cd10b2-4f7e-489a-ac65-825292853ede,VAC-1001,CAND-10001,HR (ОФФЕР),Согласовать условия,User Task,HR_Manager_8,2025-09-25 15:35:47.262585,2025-09-26 02:06:47.262585,631,,
33cd10b2-4f7e-489a-ac65-825292853ede,VAC-1001,CAND-10001,HR (ОФФЕР),Сгенерировать оффер,Service Task,HR_Manager_3,2025-09-26 02:26:47.262585,2025-09-26 02:35:47.262585,9,,
33cd10b2-4f7e-489a-ac65-825292853ede,VAC-1001,CAND-10001,HR (ОФФЕР),Отправить оффер,Send Task,HR_Manager_9,2025-09-26 02:40:47.262585,2025-09-26 02:50:47.262585,10,sent,
33cd10b2-4f7e-489a-ac65-825292853ede,VAC-1001,CAND-10001,HR (ОФФЕР),Timer: ожидание ответа (дни),Timer,,2025-09-26 02:50:47.262585,2025-09-29 02:50:47.262585,4320,timer_elapsed,
33cd10b2-4f7e-489a-ac65-825292853ede,VAC-1001,CAND-10001,SECURITY,Background Check,Call Activity,Служба_БД_6,2025-09-29 05:50:47.262585,2025-10-07 02:49:47.262585,11339,report_ready,
33cd10b2-4f7e-489a-ac65-825292853ede,VAC-1001,CAND-10001,IT,Выдача оборудования,Task,IT_Specialist_2,2025-10-07 03:49:47.262585,2025-10-07 05:24:47.262585,95,,
33cd10b2-4f7e-489a-ac65-825292853ede,VAC-1001,CAND-10001,IT,Создать доступы,Task,IT_Specialist_2,2025-10-07 05:54:47.262585,2025-10-07 09:37:47.262585,223,,
33cd10b2-4f7e-489a-ac65-825292853ede,VAC-1001,CAND-10001,IT,HR/Training: Вводное обучение,Service Task,Марина_3,2025-10-07 11:37:47.262585,2025-10-07 15:55:47.262585,258,,
33cd10b2-4f7e-489a-ac65-825292853ede,VAC-1001,CAND-10001,HR,Назначить ментора,Task,Марина_2,2025-10-07 16:55:47.262585,2025-10-07 19:13:47.262585,138,,
33cd10b2-4f7e-489a-ac65-825292853ede,VAC-1001,CAND-10001,HR,Message: уведомить всех,Message,system,2025-10-07 19:33:47.262585,2025-10-07 19:38:47.262585,5,notified,
33cd10b2-4f7e-489a-ac65-825292853ede,VAC-1001,CAND-10001,HR,Обновить статус в HCM,Service Task,Ольга_7,2025-10-07 20:08:47.262585,2025-10-07 20:28:47.262585,20,,
33cd10b2-4f7e-489a-ac65-825292853ede,VAC-1001,CAND-10001,HR,Payroll / учет,Service Task,Марина_8,2025-10-07 20:58:47.262585,2025-10-07 21:18:47.262585,20,,
33cd10b2-4f7e-489a-ac65-825292853ede,VAC-1001,CAND-10001,HR,Закрыть вакансию на порталах,Service Task,Марина_5,2025-10-07 21:38:47.262585,2025-10-07 21:43:47.262585,5,,
3fcffc9a-fb4d-4409-ba09-d8d83806ddae,VAC-1015,CAND-10015,РУКОВОДИТЕЛЬ,Создать заявку,User Task,Петров_8,2025-08-27 14:58:47.262585,2025-08-27 15:28:47.262585,30,,
3fcffc9a-fb4d-4409-ba09-d8d83806ddae,VAC-1015,CAND-10015,HR,Зарегистрировать в HCM,Service Task,Ольга_7,2025-08-27 15:48:47.262585,2025-08-27 16:08:47.262585,20,,
3fcffc9a-fb4d-4409-ba09-d8d83806ddae,VAC-1015,CAND-10015,РЕКРУТЕР,Разместить вакансию,Task,Дмитрий_5,2025-08-27 16:38:47.262585,2025-08-27 17:33:47.262585,55,,
3fcffc9a-fb4d-4409-ba09-d8d83806ddae,VAC-1015,CAND-10015,РЕКРУТЕР,Собирать резюме,Task,Дмитрий_1,2025-08-27 18:33:47.262585,2025-08-28 04:08:47.262585,575,,
3fcffc9a-fb4d-4409-ba09-d8d83806ddae,VAC-1015,CAND-10015,РЕКРУТЕР,Скрининг,Task,Дмитрий_4,2025-08-28 06:56:47.262585,2025-08-28 07:07:47.262585,11,passed,
3fcffc9a-fb4d-4409-ba09-d8d83806ddae,VAC-1015,CAND-10015,ИНТЕРВЬЮЕРЫ,Назначить интервью,User Task,Анна_1,2025-08-28 10:07:47.262585,2025-08-28 10:41:47.262585,34,,
3fcffc9a-fb4d-4409-ba09-d8d83806ddae,VAC-1015,CAND-10015,ИНТЕРВЬЮЕРЫ,Интервью (раунд 1),User Task,Анна_3,2025-08-28 11:32:47.262585,2025-08-28 12:42:47.262585,70,rejected,недостаточно навыков
42fd012e-2cdc-423e-9d2e-ed5b06c66304,VAC-1197,CAND-10197,РУКОВОДИТЕЛЬ,Создать заявку,User Task,Сидоров_4,2025-09-10 15:15:47.262585,2025-09-10 15:35:47.262585,20,,
42fd012e-2cdc-423e-9d2e-ed5b06c66304,VAC-1197,CAND-10197,HR,Зарегистрировать в HCM,Service Task,Наталья_2,2025-09-10 15:55:47.262585,2025-09-10 16:17:47.262585,22,,
42fd012e-2cdc-423e-9d2e-ed5b06c66304,VAC-1197,CAND-10197,РЕКРУТЕР,Разместить вакансию,Task,Алексей_1,2025-09-10 16:47:47.262585,2025-09-10 17:26:47.262585,39,,
42fd012e-2cdc-423e-9d2e-ed5b06c66304,VAC-1197,CAND-10197,РЕКРУТЕР,Собирать резюме,Task,Дмитрий_8,2025-09-10 18:26:47.262585,2025-09-11 15:11:47.262585,1245,,
42fd012e-2cdc-423e-9d2e-ed5b06c66304,VAC-1197,CAND-10197,РЕКРУТЕР,Скрининг,Task,Дмитрий_7,2025-09-11 17:45:47.262585,2025-09-11 18:12:47.262585,27,passed,
42fd012e-2cdc-423e-9d2e-ed5b06c66304,VAC-1197,CAND-10197,ИНТЕРВЬЮЕРЫ,Назначить интервью,User Task,Андрей_3,2025-09-11 21:12:47.262585,2025-09-11 21:23:47.262585,11,,
42fd012e-2cdc-423e-9d2e-ed5b06c66304,VAC-1197,CAND-10197,ИНТЕРВЬЮЕРЫ,Интервью (раунд 1),User Task,Сергей_9,2025-09-11 21:46:47.262585,2025-09-11 23:04:47.262585,78,passed,
42fd012e-2cdc-423e-9d2e-ed5b06c66304,VAC-1197,CAND-10197,ИНТЕРВЬЮЕРЫ,Финальное интервью,User Task,Андрей_8,2025-09-12 03:04:47.262585,2025-09-12 04:11:47.262585,67,passed,
42fd012e-2cdc-423e-9d2e-ed5b06c66304,VAC-1197,CAND-10197,HR (ОФФЕР),Согласовать условия,User Task,HR_Manager_2,2025-09-12 08:31:47.262585,2025-09-12 10:51:47.262585,140,,
42fd012e-2cdc-423e-9d2e-ed5b06c66304,VAC-1197,CAND-10197,HR (ОФФЕР),Сгенерировать оффер,Service Task,HR_Manager_2,2025-09-12 11:11:47.262585,2025-09-12 11:26:47.262585,15,,
42fd012e-2cdc-423e-9d2e-ed5b06c66304,VAC-1197,CAND-10197,HR (ОФФЕР),Отправить оффер,Send Task,HR_Manager_6,2025-09-12 11:31:47.262585,2025-09-12 11:41:47.262585,10,sent,
42fd012e-2cdc-423e-9d2e-ed5b06c66304,VAC-1197,CAND-10197,HR (ОФФЕР),Timer: ожидание ответа (дни),Timer,,2025-09-12 11:41:47.262585,2025-09-13 11:41:47.262585,1440,timer_elapsed,
42fd012e-2cdc-423e-9d2e-ed5b06c66304,VAC-1197,CAND-10197,SECURITY,Background Check,Call Activity,Служба_БД_4,2025-09-13 14:41:47.262585,2025-09-26 04:00:47.262585,18079,report_ready,
42fd012e-2cdc-423e-9d2e-ed5b06c66304,VAC-1197,CAND-10197,IT,Выдача оборудования,Task,IT_Specialist_9,2025-09-26 05:00:47.262585,2025-09-26 09:08:47.262585,248,,
42fd012e-2cdc-423e-9d2e-ed5b06c66304,VAC-1197,CAND-10197,IT,Создать доступы,Task,IT_Specialist_8,2025-09-26 09:38:47.262585,2025-09-26 12:58:47.262585,200,,
42fd012e-2cdc-423e-9d2e-ed5b06c66304,VAC-1197,CAND-10197,IT,HR/Training: Вводное обучение,Service Task,Наталья_2,2025-09-26 14:58:47.262585,2025-09-26 18:44:47.262585,226,,
42fd012e-2cdc-423e-9d2e-ed5b06c66304,VAC-1197,CAND-10197,HR,Назначить ментора,Task,Ольга_7,2025-09-26 19:44:47.262585,2025-09-26 21:34:47.262585,110,,
42fd012e-2cdc-423e-9d2e-ed5b06c66304,VAC-1197,CAND-10197,HR,Message: уведомить всех,Message,system,2025-09-26 21:54:47.262585,2025-09-26 21:59:47.262585,5,notified,
42fd012e-2cdc-423e-9d2e-ed5b06c66304,VAC-1197,CAND-10197,HR,Обновить статус в HCM,Service Task,Марина_4,2025-09-26 22:29:47.262585,2025-09-26 22:49:47.262585,20,,
42fd012e-2cdc-423e-9d2e-ed5b06c66304,VAC-1197,CAND-10197,HR,Payroll / учет,Service Task,Ольга_4,2025-09-26 23:19:47.262585,2025-09-26 23:39:47.262585,20,,
42fd012e-2cdc-423e-9d2e-ed5b06c66304,VAC-1197,CAND-10197,HR,Закрыть вакансию на порталах,Service Task,Наталья_2,2025-09-26 23:59:47.262585,2025-09-27 00:04:47.262585,5,,
441fde0f-b6a8-4619-96f9-79e7f94dde94,VAC-1108,CAND-10108,РУКОВОДИТЕЛЬ,Создать заявку,User Task,Петров_6,2025-08-24 13:16:47.262585,2025-08-24 14:07:47.262585,51,,
441fde0f-b6a8-4619-96f9-79e7f94dde94,VAC-1108,CAND-10108,HR,Зарегистрировать в HCM,Service Task,Ольга_5,2025-08-24 14:27:47.262585,2025-08-24 14:48:47.262585,21,,
441fde0f-b6a8-4619-96f9-79e7f94dde94,VAC-1108,CAND-10108,РЕКРУТЕР,Разместить вакансию,Task,Алексей_6,2025-08-24 15:18:47.262585,2025-08-24 17:11:47.262585,113,,
441fde0f-b6a8-4619-96f9-79e7f94dde94,VAC-1108,CAND-10108,РЕКРУТЕР,Собирать резюме,Task,Алексей_2,2025-08-24 18:11:47.262585,2025-08-25 21:34:47.262585,1643,,
441fde0f-b6a8-4619-96f9-79e7f94dde94,VAC-1108,CAND-10108,РЕКРУТЕР,Скрининг,Task,Дмитрий_5,2025-08-25 23:46:47.262585,2025-08-26 00:08:47.262585,22,rejected,не прошёл тест
456db3ad-8b1e-46d2-acbc-250389894676,VAC-1083,CAND-10083,РУКОВОДИТЕЛЬ,Создать заявку,User Task,Кузнецов_6,2025-09-01 17:29:47.262585,2025-09-01 18:15:47.262585,46,,
456db3ad-8b1e-46d2-acbc-250389894676,VAC-1083,CAND-10083,HR,Зарегистрировать в HCM,Service Task,Марина_3,2025-09-01 18:35:47.262585,2025-09-01 19:02:47.262585,27,,
456db3ad-8b1e-46d2-acbc-250389894676,VAC-1083,CAND-10083,РЕКРУТЕР,Разместить вакансию,Task,Дмитрий_2,2025-09-01 19:32:47.262585,2025-09-01 21:29:47.262585,117,,
456db3ad-8b1e-46d2-acbc-250389894676,VAC-1083,CAND-10083,РЕКРУТЕР,Собирать резюме,Task,Екатерина_2,2025-09-01 22:29:47.262585,2025-09-02 03:37:47.262585,308,,
456db3ad-8b1e-46d2-acbc-250389894676,VAC-1083,CAND-10083,РЕКРУТЕР,Скрининг,Task,Алексей_1,2025-09-02 04:10:47.262585,2025-09-02 04:28:47.262585,18,rejected,некорректное резюме
461f0c9c-0fc5-448f-843f-0cba3c7103c5,VAC-1099,CAND-10099,РУКОВОДИТЕЛЬ,Создать заявку,User Task,Кузнецов_2,2025-09-06 13:42:47.262585,2025-09-06 13:54:47.262585,12,,
461f0c9c-0fc5-448f-843f-0cba3c7103c5,VAC-1099,CAND-10099,HR,Зарегистрировать в HCM,Service Task,Ольга_4,2025-09-06 14:14:47.262585,2025-09-06 14:45:47.262585,31,,
461f0c9c-0fc5-448f-843f-0cba3c7103c5,VAC-1099,CAND-10099,РЕКРУТЕР,Разместить вакансию,Task,Алексей_5,2025-09-06 15:15:47.262585,2025-09-06 16:55:47.262585,100,,
461f0c9c-0fc5-448f-843f-0cba3c7103c5,VAC-1099,CAND-10099,РЕКРУТЕР,Собирать резюме,Task,Екатерина_2,2025-09-06 17:55:47.262585,2025-09-07 19:44:47.262585,1549,,
461f0c9c-0fc5-448f-843f-0cba3c7103c5,VAC-1099,CAND-10099,РЕКРУТЕР,Скрининг,Task,Екатерина_7,2025-09-07 20:36:47.262585,2025-09-07 20:58:47.262585,22,passed,
461f0c9c-0fc5-448f-843f-0cba3c7103c5,VAC-1099,CAND-10099,ИНТЕРВЬЮЕРЫ,Назначить интервью,User Task,Сергей_9,2025-09-07 23:58:47.262585,2025-09-08 00:35:47.262585,37,,
461f0c9c-0fc5-448f-843f-0cba3c7103c5,VAC-1099,CAND-10099,ИНТЕРВЬЮЕРЫ,Интервью (раунд 1),User Task,Сергей_2,2025-09-08 00:56:47.262585,2025-09-08 02:56:47.262585,120,passed,
461f0c9c-0fc5-448f-843f-0cba3c7103c5,VAC-1099,CAND-10099,ИНТЕРВЬЮЕРЫ,Интервью (раунд 2),User Task,Анна_2,2025-09-08 04:09:47.262585,2025-09-08 05:13:47.262585,64,passed,
461f0c9c-0fc5-448f-843f-0cba3c7103c5,VAC-1099,CAND-10099,ИНТЕРВЬЮЕРЫ,Финальное интервью,User Task,Андрей_5,2025-09-08 09:13:47.262585,2025-09-08 10:11:47.262585,58,passed,
461f0c9c-0fc5-448f-843f-0cba3c7103c5,VAC-1099,CAND-10099,HR (ОФФЕР),Согласовать условия,User Task,HR_Manager_7,2025-09-08 14:53:47.262585,2025-09-09 02:01:47.262585,668,,
461f0c9c-0fc5-448f-843f-0cba3c7103c5,VAC-1099,CAND-10099,HR (ОФФЕР),Сгенерировать оффер,Service Task,HR_Manager_8,2025-09-09 02:21:47.262585,2025-09-09 02:34:47.262585,13,,
461f0c9c-0fc5-448f-843f-0cba3c7103c5,VAC-1099,CAND-10099,HR (ОФФЕР),Отправить оффер,Send Task,HR_Manager_1,2025-09-09 02:39:47.262585,2025-09-09 02:49:47.262585,10,sent,
461f0c9c-0fc5-448f-843f-0cba3c7103c5,VAC-1099,CAND-10099,HR (ОФФЕР),Timer: ожидание ответа (дни),Timer,,2025-09-09 02:49:47.262585,2025-09-11 02:49:47.262585,2880,timer_elapsed,
461f0c9c-0fc5-448f-843f-0cba3c7103c5,VAC-1099,CAND-10099,SECURITY,Background Check,Call Activity,Служба_БД_1,2025-09-11 05:49:47.262585,2025-09-15 21:05:47.262585,6676,report_ready,
461f0c9c-0fc5-448f-843f-0cba3c7103c5,VAC-1099,CAND-10099,IT,Выдача оборудования,Task,IT_Specialist_4,2025-09-15 22:05:47.262585,2025-09-16 02:50:47.262585,285,,
461f0c9c-0fc5-448f-843f-0cba3c7103c5,VAC-1099,CAND-10099,IT,Создать доступы,Task,IT_Specialist_5,2025-09-16 03:20:47.262585,2025-09-16 04:02:47.262585,42,,
461f0c9c-0fc5-448f-843f-0cba3c7103c5,VAC-1099,CAND-10099,IT,HR/Training: Вводное обучение,Service Task,Наталья_6,2025-09-16 06:02:47.262585,2025-09-16 12:12:47.262585,370,,
461f0c9c-0fc5-448f-843f-0cba3c7103c5,VAC-1099,CAND-10099,HR,Назначить ментора,Task,Ольга_5,2025-09-16 13:12:47.262585,2025-09-16 14:59:47.262585,107,,
461f0c9c-0fc5-448f-843f-0cba3c7103c5,VAC-1099,CAND-10099,HR,Message: уведомить всех,Message,system,2025-09-16 15:19:47.262585,2025-09-16 15:24:47.262585,5,notified,
461f0c9c-0fc5-448f-843f-0cba3c7103c5,VAC-1099,CAND-10099,HR,Обновить статус в HCM,Service Task,Ольга_2,2025-09-16 15:54:47.262585,2025-09-16 16:14:47.262585,20,,
461f0c9c-0fc5-448f-843f-0cba3c7103c5,VAC-1099,CAND-10099,HR,Payroll / учет,Service Task,Наталья_3,2025-09-16 16:44:47.262585,2025-09-16 17:04:47.262585,20,,
461f0c9c-0fc5-448f-843f-0cba3c7103c5,VAC-1099,CAND-10099,HR,Закрыть вакансию на порталах,Service Task,Ольга_8,2025-09-16 17:24:47.262585,2025-09-16 17:29:47.262585,5,,
48e4af9b-87ab-429f-870d-62bf6a24e451,VAC-1168,CAND-10168,РУКОВОДИТЕЛЬ,Создать заявку,User Task,Кузнецов_3,2025-10-12 16:49:47.262585,2025-10-12 17:41:47.262585,52,,
48e4af9b-87ab-429f-870d-62bf6a24e451,VAC-1168,CAND-10168,HR,Зарегистрировать в HCM,Service Task,Марина_6,2025-10-12 18:01:47.262585,2025-10-12 18:17:47.262585,16,,
48e4af9b-87ab-429f-870d-62bf6a24e451,VAC-1168,CAND-10168,РЕКРУТЕР,Разместить вакансию,Task,Екатерина_5,2025-10-12 18:47:47.262585,2025-10-12 19:13:47.262585,26,,
48e4af9b-87ab-429f-870d-62bf6a24e451,VAC-1168,CAND-10168,РЕКРУТЕР,Собирать резюме,Task,Алексей_3,2025-10-12 20:13:47.262585,2025-10-13 08:08:47.262585,715,,
48e4af9b-87ab-429f-870d-62bf6a24e451,VAC-1168,CAND-10168,РЕКРУТЕР,Скрининг,Task,Дмитрий_5,2025-10-13 10:36:47.262585,2025-10-13 10:58:47.262585,22,passed,
48e4af9b-87ab-429f-870d-62bf6a24e451,VAC-1168,CAND-10168,ИНТЕРВЬЮЕРЫ,Назначить интервью,User Task,Анна_4,2025-10-13 13:58:47.262585,2025-10-13 14:38:47.262585,40,,
48e4af9b-87ab-429f-870d-62bf6a24e451,VAC-1168,CAND-10168,ИНТЕРВЬЮЕРЫ,Интервью (раунд 1),User Task,Анна_7,2025-10-13 15:47:47.262585,2025-10-13 17:32:47.262585,105,passed,
48e4af9b-87ab-429f-870d-62bf6a24e451,VAC-1168,CAND-10168,ИНТЕРВЬЮЕРЫ,Интервью (раунд 2),User Task,Сергей_7,2025-10-13 17:53:47.262585,2025-10-13 19:14:47.262585,81,rejected,культурный профиль
49e71be6-bd22-4a19-85c1-503a09a28975,VAC-1050,CAND-10050,РУКОВОДИТЕЛЬ,Создать заявку,User Task,Кузнецов_1,2025-10-04 14:23:47.262585,2025-10-04 15:09:47.262585,46,,
49e71be6-bd22-4a19-85c1-503a09a28975,VAC-1050,CAND-10050,HR,Зарегистрировать в HCM,Service Task,Марина_9,2025-10-04 15:29:47.262585,2025-10-04 15:54:47.262585,25,,
49e71be6-bd22-4a19-85c1-503a09a28975,VAC-1050,CAND-10050,РЕКРУТЕР,Разместить вакансию,Task,Екатерина_5,2025-10-04 16:24:47.262585,2025-10-04 17:21:47.262585,57,,
49e71be6-bd22-4a19-85c1-503a09a28975,VAC-1050,CAND-10050,РЕКРУТЕР,Собирать резюме,Task,Алексей_7,2025-10-04 18:21:47.262585,2025-10-06 07:19:47.262585,2218,,
49e71be6-bd22-4a19-85c1-503a09a28975,VAC-1050,CAND-10050,РЕКРУТЕР,Скрининг,Task,Алексей_1,2025-10-06 09:05:47.262585,2025-10-06 09:29:47.262585,24,passed,
49e71be6-bd22-4a19-85c1-503a09a28975,VAC-1050,CAND-10050,ИНТЕРВЬЮЕРЫ,Назначить интервью,User Task,Сергей_8,2025-10-06 12:29:47.262585,2025-10-06 12:52:47.262585,23,,
49e71be6-bd22-4a19-85c1-503a09a28975,VAC-1050,CAND-10050,ИНТЕРВЬЮЕРЫ,Интервью (раунд 1),User Task,Сергей_6,2025-10-06 13:30:47.262585,2025-10-06 14:55:47.262585,85,rejected,поведенческий
4a595189-3eff-4dde-9f5e-4e3ca0ea2422,VAC-1118,CAND-10118,РУКОВОДИТЕЛЬ,Создать заявку,User Task,Иванов_4,2025-10-12 19:08:47.262585,2025-10-12 19:18:47.262585,10,,
4a595189-3eff-4dde-9f5e-4e3ca0ea2422,VAC-1118,CAND-10118,HR,Зарегистрировать в HCM,Service Task,Марина_4,2025-10-12 19:38:47.262585,2025-10-12 20:09:47.262585,31,,
4a595189-3eff-4dde-9f5e-4e3ca0ea2422,VAC-1118,CAND-10118,РЕКРУТЕР,Разместить вакансию,Task,Дмитрий_2,2025-10-12 20:39:47.262585,2025-10-12 22:26:47.262585,107,,
4a595189-3eff-4dde-9f5e-4e3ca0ea2422,VAC-1118,CAND-10118,РЕКРУТЕР,Собирать резюме,Task,Екатерина_7,2025-10-12 23:26:47.262585,2025-10-13 17:28:47.262585,1082,,
4a595189-3eff-4dde-9f5e-4e3ca0ea2422,VAC-1118,CAND-10118,РЕКРУТЕР,Скрининг,Task,Екатерина_3,2025-10-13 18:16:47.262585,2025-10-13 18:49:47.262585,33,passed,
4a595189-3eff-4dde-9f5e-4e3ca0ea2422,VAC-1118,CAND-10118,ИНТЕРВЬЮЕРЫ,Назначить интервью,User Task,Сергей_1,2025-10-13 21:49:47.262585,2025-10-13 22:21:47.262585,32,,
4a595189-3eff-4dde-9f5e-4e3ca0ea2422,VAC-1118,CAND-10118,ИНТЕРВЬЮЕРЫ,Интервью (раунд 1),User Task,Анна_2,2025-10-13 22:47:47.262585,2025-10-13 23:54:47.262585,67,passed,
4a595189-3eff-4dde-9f5e-4e3ca0ea2422,VAC-1118,CAND-10118,ИНТЕРВЬЮЕРЫ,Финальное интервью,User Task,Сергей_7,2025-10-14 03:54:47.262585,2025-10-14 05:52:47.262585,118,passed,
4a595189-3eff-4dde-9f5e-4e3ca0ea2422,VAC-1118,CAND-10118,HR (ОФФЕР),Согласовать условия,User Task,HR_Manager_7,2025-10-14 08:31:47.262585,2025-10-14 18:12:47.262585,581,,
4a595189-3eff-4dde-9f5e-4e3ca0ea2422,VAC-1118,CAND-10118,HR (ОФФЕР),Сгенерировать оффер,Service Task,HR_Manager_7,2025-10-14 18:32:47.262585,2025-10-14 18:47:47.262585,15,,
4a595189-3eff-4dde-9f5e-4e3ca0ea2422,VAC-1118,CAND-10118,HR (ОФФЕР),Отправить оффер,Send Task,HR_Manager_9,2025-10-14 18:52:47.262585,2025-10-14 19:02:47.262585,10,sent,
4a595189-3eff-4dde-9f5e-4e3ca0ea2422,VAC-1118,CAND-10118,HR (ОФФЕР),Timer: ожидание ответа (дни),Timer,,2025-10-14 19:02:47.262585,2025-10-15 19:02:47.262585,1440,timer_elapsed,
4a595189-3eff-4dde-9f5e-4e3ca0ea2422,VAC-1118,CAND-10118,SECURITY,Background Check,Call Activity,Служба_БД_1,2025-10-15 22:02:47.262585,2025-10-25 22:53:47.262585,14451,report_ready,
4a595189-3eff-4dde-9f5e-4e3ca0ea2422,VAC-1118,CAND-10118,IT,Выдача оборудования,Task,IT_Specialist_9,2025-10-25 23:53:47.262585,2025-10-26 01:11:47.262585,78,,
4a595189-3eff-4dde-9f5e-4e3ca0ea2422,VAC-1118,CAND-10118,IT,Создать доступы,Task,IT_Specialist_5,2025-10-26 01:41:47.262585,2025-10-26 02:38:47.262585,57,,
4a595189-3eff-4dde-9f5e-4e3ca0ea2422,VAC-1118,CAND-10118,IT,HR/Training: Вводное обучение,Service Task,Наталья_5,2025-10-26 04:38:47.262585,2025-10-26 12:48:47.262585,490,,
4a595189-3eff-4dde-9f5e-4e3ca0ea2422,VAC-1118,CAND-10118,HR,Назначить ментора,Task,Ольга_7,2025-10-26 13:48:47.262585,2025-10-26 16:10:47.262585,142,,
4a595189-3eff-4dde-9f5e-4e3ca0ea2422,VAC-1118,CAND-10118,HR,Message: уведомить всех,Message,system,2025-10-26 16:30:47.262585,2025-10-26 16:35:47.262585,5,notified,
4a595189-3eff-4dde-9f5e-4e3ca0ea2422,VAC-1118,CAND-10118,HR,Обновить статус в HCM,Service Task,Марина_1,2025-10-26 17:05:47.262585,2025-10-26 17:25:47.262585,20,,
4a595189-3eff-4dde-9f5e-4e3ca0ea2422,VAC-1118,CAND-10118,HR,Payroll / учет,Service Task,Ольга_3,2025-10-26 17:55:47.262585,2025-10-26 18:15:47.262585,20,,
4a595189-3eff-4dde-9f5e-4e3ca0ea2422,VAC-1118,CAND-10118,HR,Закрыть вакансию на порталах,Service Task,Марина_4,2025-10-26 18:35:47.262585,2025-10-26 18:40:47.262585,5,,
4aa1ac6b-80f0-4340-8371-0fc0746c3050,VAC-1128,CAND-10128,РУКОВОДИТЕЛЬ,Создать заявку,User Task,Иванов_9,2025-09-19 18:40:47.262585,2025-09-19 19:25:47.262585,45,,
4aa1ac6b-80f0-4340-8371-0fc0746c3050,VAC-1128,CAND-10128,HR,Зарегистрировать в HCM,Service Task,Ольга_2,2025-09-19 19:45:47.262585,2025-09-19 20:04:47.262585,19,,
4aa1ac6b-80f0-4340-8371-0fc0746c3050,VAC-1128,CAND-10128,РЕКРУТЕР,Разместить вакансию,Task,Дмитрий_9,2025-09-19 20:34:47.262585,2025-09-19 21:59:47.262585,85,,
4aa1ac6b-80f0-4340-8371-0fc0746c3050,VAC-1128,CAND-10128,РЕКРУТЕР,Собирать резюме,Task,Дмитрий_8,2025-09-19 22:59:47.262585,2025-09-21 18:13:47.262585,2594,,
4aa1ac6b-80f0-4340-8371-0fc0746c3050,VAC-1128,CAND-10128,РЕКРУТЕР,Скрининг,Task,Дмитрий_4,2025-09-21 20:19:47.262585,2025-09-21 20:47:47.262585,28,rejected,некорректное резюме
4ab224dd-c756-47be-9280-8fb6b12ae9ec,VAC-1152,CAND-10152,РУКОВОДИТЕЛЬ,Создать заявку,User Task,Иванов_3,2025-09-18 16:54:47.262585,2025-09-18 17:32:47.262585,38,,
4ab224dd-c756-47be-9280-8fb6b12ae9ec,VAC-1152,CAND-10152,HR,Зарегистрировать в HCM,Service Task,Марина_4,2025-09-18 17:52:47.262585,2025-09-18 18:16:47.262585,24,,
4ab224dd-c756-47be-9280-8fb6b12ae9ec,VAC-1152,CAND-10152,РЕКРУТЕР,Разместить вакансию,Task,Алексей_5,2025-09-18 18:46:47.262585,2025-09-18 20:04:47.262585,78,,
4ab224dd-c756-47be-9280-8fb6b12ae9ec,VAC-1152,CAND-10152,РЕКРУТЕР,Собирать резюме,Task,Екатерина_3,2025-09-18 21:04:47.262585,2025-09-19 23:11:47.262585,1567,,
4ab224dd-c756-47be-9280-8fb6b12ae9ec,VAC-1152,CAND-10152,РЕКРУТЕР,Скрининг,Task,Алексей_8,2025-09-20 00:12:47.262585,2025-09-20 00:24:47.262585,12,passed,
4ab224dd-c756-47be-9280-8fb6b12ae9ec,VAC-1152,CAND-10152,ИНТЕРВЬЮЕРЫ,Назначить интервью,User Task,Анна_7,2025-09-20 03:24:47.262585,2025-09-20 03:36:47.262585,12,,
4ab224dd-c756-47be-9280-8fb6b12ae9ec,VAC-1152,CAND-10152,ИНТЕРВЬЮЕРЫ,Интервью (раунд 1),User Task,Сергей_1,2025-09-20 05:01:47.262585,2025-09-20 06:06:47.262585,65,passed,
4ab224dd-c756-47be-9280-8fb6b12ae9ec,VAC-1152,CAND-10152,ИНТЕРВЬЮЕРЫ,Интервью (раунд 2),User Task,Анна_3,2025-09-20 06:47:47.262585,2025-09-20 08:14:47.262585,87,passed,
4ab224dd-c756-47be-9280-8fb6b12ae9ec,VAC-1152,CAND-10152,ИНТЕРВЬЮЕРЫ,Финальное интервью,User Task,Андрей_1,2025-09-20 12:14:47.262585,2025-09-20 13:19:47.262585,65,rejected,финал не пройден
4ae43784-6607-430f-ab07-96c50c68369e,VAC-1055,CAND-10055,РУКОВОДИТЕЛЬ,Создать заявку,User Task,Кузнецов_3,2025-08-27 20:04:47.262585,2025-08-27 20:24:47.262585,20,,
4ae43784-6607-430f-ab07-96c50c68369e,VAC-1055,CAND-10055,HR,Зарегистрировать в HCM,Service Task,Марина_4,2025-08-27 20:44:47.262585,2025-08-27 21:20:47.262585,36,,
4ae43784-6607-430f-ab07-96c50c68369e,VAC-1055,CAND-10055,РЕКРУТЕР,Разместить вакансию,Task,Екатерина_2,2025-08-27 21:50:47.262585,2025-08-27 22:14:47.262585,24,,
4ae43784-6607-430f-ab07-96c50c68369e,VAC-1055,CAND-10055,РЕКРУТЕР,Собирать резюме,Task,Алексей_8,2025-08-27 23:14:47.262585,2025-08-28 16:15:47.262585,1021,,
4ae43784-6607-430f-ab07-96c50c68369e,VAC-1055,CAND-10055,РЕКРУТЕР,Скрининг,Task,Алексей_7,2025-08-28 18:05:47.262585,2025-08-28 18:28:47.262585,23,passed,
4ae43784-6607-430f-ab07-96c50c68369e,VAC-1055,CAND-10055,ИНТЕРВЬЮЕРЫ,Назначить интервью,User Task,Анна_8,2025-08-28 21:28:47.262585,2025-08-28 21:51:47.262585,23,,
4ae43784-6607-430f-ab07-96c50c68369e,VAC-1055,CAND-10055,ИНТЕРВЬЮЕРЫ,Интервью (раунд 1),User Task,Анна_6,2025-08-28 22:18:47.262585,2025-08-28 23:20:47.262585,62,passed,
4ae43784-6607-430f-ab07-96c50c68369e,VAC-1055,CAND-10055,ИНТЕРВЬЮЕРЫ,Интервью (раунд 2),User Task,Андрей_8,2025-08-29 00:41:47.262585,2025-08-29 02:33:47.262585,112,passed,
4ae43784-6607-430f-ab07-96c50c68369e,VAC-1055,CAND-10055,ИНТЕРВЬЮЕРЫ,Интервью (раунд 3),User Task,Анна_5,2025-08-29 04:01:47.262585,2025-08-29 05:29:47.262585,88,rejected,культурный профиль
4bfe1591-5e7c-46a9-9290-dbc92478f495,VAC-1121,CAND-10121,РУКОВОДИТЕЛЬ,Создать заявку,User Task,Петров_1,2025-09-30 17:23:47.262585,2025-09-30 18:10:47.262585,47,,
4bfe1591-5e7c-46a9-9290-dbc92478f495,VAC-1121,CAND-10121,HR,Зарегистрировать в HCM,Service Task,Ольга_9,2025-09-30 18:30:47.262585,2025-09-30 18:57:47.262585,27,,
4bfe1591-5e7c-46a9-9290-dbc92478f495,VAC-1121,CAND-10121,РЕКРУТЕР,Разместить вакансию,Task,Дмитрий_3,2025-09-30 19:27:47.262585,2025-09-30 20:56:47.262585,89,,
4bfe1591-5e7c-46a9-9290-dbc92478f495,VAC-1121,CAND-10121,РЕКРУТЕР,Собирать резюме,Task,Дмитрий_4,2025-09-30 21:56:47.262585,2025-10-02 02:54:47.262585,1738,,
4bfe1591-5e7c-46a9-9290-dbc92478f495,VAC-1121,CAND-10121,РЕКРУТЕР,Скрининг,Task,Дмитрий_3,2025-10-02 05:54:47.262585,2025-10-02 06:27:47.262585,33,passed,
4bfe1591-5e7c-46a9-9290-dbc92478f495,VAC-1121,CAND-10121,ИНТЕРВЬЮЕРЫ,Назначить интервью,User Task,Андрей_7,2025-10-02 09:27:47.262585,2025-10-02 09:53:47.262585,26,,
4bfe1591-5e7c-46a9-9290-dbc92478f495,VAC-1121,CAND-10121,ИНТЕРВЬЮЕРЫ,Интервью (раунд 1),User Task,Анна_3,2025-10-02 10:14:47.262585,2025-10-02 11:29:47.262585,75,rejected,культурный профиль
4e3208b1-75c1-44ac-b5d6-18afcfb239ac,VAC-1146,CAND-10146,РУКОВОДИТЕЛЬ,Создать заявку,User Task,Сидоров_3,2025-10-22 13:46:47.262585,2025-10-22 14:39:47.262585,53,,
4e3208b1-75c1-44ac-b5d6-18afcfb239ac,VAC-1146,CAND-10146,HR,Зарегистрировать в HCM,Service Task,Марина_2,2025-10-22 14:59:47.262585,2025-10-22 15:33:47.262585,34,,
4e3208b1-75c1-44ac-b5d6-18afcfb239ac,VAC-1146,CAND-10146,РЕКРУТЕР,Разместить вакансию,Task,Екатерина_1,2025-10-22 16:03:47.262585,2025-10-22 16:37:47.262585,34,,
4e3208b1-75c1-44ac-b5d6-18afcfb239ac,VAC-1146,CAND-10146,РЕКРУТЕР,Собирать резюме,Task,Екатерина_3,2025-10-22 17:37:47.262585,2025-10-23 14:12:47.262585,1235,,
4e3208b1-75c1-44ac-b5d6-18afcfb239ac,VAC-1146,CAND-10146,РЕКРУТЕР,Скрининг,Task,Дмитрий_2,2025-10-23 15:55:47.262585,2025-10-23 16:05:47.262585,10,passed,
4e3208b1-75c1-44ac-b5d6-18afcfb239ac,VAC-1146,CAND-10146,ИНТЕРВЬЮЕРЫ,Назначить интервью,User Task,Андрей_6,2025-10-23 19:05:47.262585,2025-10-23 19:30:47.262585,25,,
4e3208b1-75c1-44ac-b5d6-18afcfb239ac,VAC-1146,CAND-10146,ИНТЕРВЬЮЕРЫ,Интервью (раунд 1),User Task,Анна_5,2025-10-23 20:58:47.262585,2025-10-23 22:10:47.262585,72,passed,
4e3208b1-75c1-44ac-b5d6-18afcfb239ac,VAC-1146,CAND-10146,ИНТЕРВЬЮЕРЫ,Финальное интервью,User Task,Анна_3,2025-10-24 02:10:47.262585,2025-10-24 04:05:47.262585,115,passed,
4e3208b1-75c1-44ac-b5d6-18afcfb239ac,VAC-1146,CAND-10146,HR (ОФФЕР),Согласовать условия,User Task,HR_Manager_9,2025-10-24 08:02:47.262585,2025-10-24 10:20:47.262585,138,,
4e3208b1-75c1-44ac-b5d6-18afcfb239ac,VAC-1146,CAND-10146,HR (ОФФЕР),Сгенерировать оффер,Service Task,HR_Manager_3,2025-10-24 10:40:47.262585,2025-10-24 10:46:47.262585,6,,
4e3208b1-75c1-44ac-b5d6-18afcfb239ac,VAC-1146,CAND-10146,HR (ОФФЕР),Отправить оффер,Send Task,HR_Manager_5,2025-10-24 10:51:47.262585,2025-10-24 11:01:47.262585,10,sent,
4e3208b1-75c1-44ac-b5d6-18afcfb239ac,VAC-1146,CAND-10146,HR (ОФФЕР),Timer: ожидание ответа (дни),Timer,,2025-10-24 11:01:47.262585,2025-10-26 11:01:47.262585,2880,timer_elapsed,
4e3208b1-75c1-44ac-b5d6-18afcfb239ac,VAC-1146,CAND-10146,HR (ОФФЕР),Переговоры / отказ,Task,HR_Manager_1,2025-10-26 13:01:47.262585,2025-10-27 00:33:47.262585,692,rejected,
4ef1ddd1-a6fa-458f-9a8a-b65ea225efe0,VAC-1029,CAND-10029,РУКОВОДИТЕЛЬ,Создать заявку,User Task,Сидоров_7,2025-10-03 18:32:47.262585,2025-10-03 19:26:47.262585,54,,
4ef1ddd1-a6fa-458f-9a8a-b65ea225efe0,VAC-1029,CAND-10029,HR,Зарегистрировать в HCM,Service Task,Наталья_1,2025-10-03 19:46:47.262585,2025-10-03 19:59:47.262585,13,,
4ef1ddd1-a6fa-458f-9a8a-b65ea225efe0,VAC-1029,CAND-10029,РЕКРУТЕР,Разместить вакансию,Task,Дмитрий_8,2025-10-03 20:29:47.262585,2025-10-03 20:53:47.262585,24,,
4ef1ddd1-a6fa-458f-9a8a-b65ea225efe0,VAC-1029,CAND-10029,РЕКРУТЕР,Собирать резюме,Task,Алексей_4,2025-10-03 21:53:47.262585,2025-10-04 09:48:47.262585,715,,
4ef1ddd1-a6fa-458f-9a8a-b65ea225efe0,VAC-1029,CAND-10029,РЕКРУТЕР,Скрининг,Task,Дмитрий_8,2025-10-04 12:35:47.262585,2025-10-04 12:49:47.262585,14,passed,
4ef1ddd1-a6fa-458f-9a8a-b65ea225efe0,VAC-1029,CAND-10029,ИНТЕРВЬЮЕРЫ,Назначить интервью,User Task,Анна_9,2025-10-04 15:49:47.262585,2025-10-04 16:29:47.262585,40,,
4ef1ddd1-a6fa-458f-9a8a-b65ea225efe0,VAC-1029,CAND-10029,ИНТЕРВЬЮЕРЫ,Интервью (раунд 1),User Task,Сергей_7,2025-10-04 17:08:47.262585,2025-10-04 18:46:47.262585,98,passed,
4ef1ddd1-a6fa-458f-9a8a-b65ea225efe0,VAC-1029,CAND-10029,ИНТЕРВЬЮЕРЫ,Интервью (раунд 2),User Task,Андрей_8,2025-10-04 19:41:47.262585,2025-10-04 20:30:47.262585,49,rejected,поведенческий
5003b114-7994-4612-90c6-2f7f7aaaadb7,VAC-1087,CAND-10087,РУКОВОДИТЕЛЬ,Создать заявку,User Task,Кузнецов_1,2025-10-12 14:54:47.262585,2025-10-12 15:09:47.262585,15,,
5003b114-7994-4612-90c6-2f7f7aaaadb7,VAC-1087,CAND-10087,HR,Зарегистрировать в HCM,Service Task,Наталья_5,2025-10-12 15:29:47.262585,2025-10-12 15:50:47.262585,21,,
5003b114-7994-4612-90c6-2f7f7aaaadb7,VAC-1087,CAND-10087,РЕКРУТЕР,Разместить вакансию,Task,Дмитрий_4,2025-10-12 16:20:47.262585,2025-10-12 17:52:47.262585,92,,
5003b114-7994-4612-90c6-2f7f7aaaadb7,VAC-1087,CAND-10087,РЕКРУТЕР,Собирать резюме,Task,Дмитрий_8,2025-10-12 18:52:47.262585,2025-10-14 06:32:47.262585,2140,,
5003b114-7994-4612-90c6-2f7f7aaaadb7,VAC-1087,CAND-10087,РЕКРУТЕР,Скрининг,Task,Екатерина_4,2025-10-14 07:52:47.262585,2025-10-14 08:25:47.262585,33,passed,
5003b114-7994-4612-90c6-2f7f7aaaadb7,VAC-1087,CAND-10087,ИНТЕРВЬЮЕРЫ,Назначить интервью,User Task,Сергей_1,2025-10-14 11:25:47.262585,2025-10-14 12:04:47.262585,39,,
5003b114-7994-4612-90c6-2f7f7aaaadb7,VAC-1087,CAND-10087,ИНТЕРВЬЮЕРЫ,Интервью (раунд 1),User Task,Андрей_7,2025-10-14 13:08:47.262585,2025-10-14 13:54:47.262585,46,rejected,культурный профиль
551c4723-286e-49ae-a552-42fef10697e0,VAC-1139,CAND-10139,РУКОВОДИТЕЛЬ,Создать заявку,User Task,Сидоров_8,2025-09-01 17:48:47.262585,2025-09-01 18:18:47.262585,30,,
551c4723-286e-49ae-a552-42fef10697e0,VAC-1139,CAND-10139,HR,Зарегистрировать в HCM,Service Task,Наталья_1,2025-09-01 18:38:47.262585,2025-09-01 19:11:47.262585,33,,
551c4723-286e-49ae-a552-42fef10697e0,VAC-1139,CAND-10139,РЕКРУТЕР,Разместить вакансию,Task,Дмитрий_6,2025-09-01 19:41:47.262585,2025-09-01 21:29:47.262585,108,,
551c4723-286e-49ae-a552-42fef10697e0,VAC-1139,CAND-10139,РЕКРУТЕР,Собирать резюме,Task,Дмитрий_1,2025-09-01 22:29:47.262585,2025-09-02 11:40:47.262585,791,,
551c4723-286e-49ae-a552-42fef10697e0,VAC-1139,CAND-10139,РЕКРУТЕР,Скрининг,Task,Дмитрий_9,2025-09-02 14:14:47.262585,2025-09-02 14:46:47.262585,32,passed,
551c4723-286e-49ae-a552-42fef10697e0,VAC-1139,CAND-10139,ИНТЕРВЬЮЕРЫ,Назначить интервью,User Task,Сергей_4,2025-09-02 17:46:47.262585,2025-09-02 18:18:47.262585,32,,
551c4723-286e-49ae-a552-42fef10697e0,VAC-1139,CAND-10139,ИНТЕРВЬЮЕРЫ,Интервью (раунд 1),User Task,Сергей_5,2025-09-02 19:47:47.262585,2025-09-02 21:16:47.262585,89,passed,
551c4723-286e-49ae-a552-42fef10697e0,VAC-1139,CAND-10139,ИНТЕРВЬЮЕРЫ,Интервью (раунд 2),User Task,Андрей_8,2025-09-02 22:46:47.262585,2025-09-02 23:51:47.262585,65,passed,
551c4723-286e-49ae-a552-42fef10697e0,VAC-1139,CAND-10139,ИНТЕРВЬЮЕРЫ,Финальное интервью,User Task,Анна_6,2025-09-03 03:51:47.262585,2025-09-03 05:13:47.262585,82,passed,
551c4723-286e-49ae-a552-42fef10697e0,VAC-1139,CAND-10139,HR (ОФФЕР),Согласовать условия,User Task,HR_Manager_3,2025-09-03 08:09:47.262585,2025-09-03 10:09:47.262585,120,,
551c4723-286e-49ae-a552-42fef10697e0,VAC-1139,CAND-10139,HR (ОФФЕР),Сгенерировать оффер,Service Task,HR_Manager_4,2025-09-03 10:29:47.262585,2025-09-03 10:34:47.262585,5,,
551c4723-286e-49ae-a552-42fef10697e0,VAC-1139,CAND-10139,HR (ОФФЕР),Отправить оффер,Send Task,HR_Manager_2,2025-09-03 10:39:47.262585,2025-09-03 10:49:47.262585,10,sent,
551c4723-286e-49ae-a552-42fef10697e0,VAC-1139,CAND-10139,HR (ОФФЕР),Timer: ожидание ответа (дни),Timer,,2025-09-03 10:49:47.262585,2025-09-07 10:49:47.262585,5760,timer_elapsed,
551c4723-286e-49ae-a552-42fef10697e0,VAC-1139,CAND-10139,SECURITY,Background Check,Call Activity,Служба_БД_9,2025-09-07 13:49:47.262585,2025-09-18 08:22:47.262585,15513,report_ready,
551c4723-286e-49ae-a552-42fef10697e0,VAC-1139,CAND-10139,IT,Выдача оборудования,Task,IT_Specialist_7,2025-09-18 09:22:47.262585,2025-09-18 11:34:47.262585,132,,
551c4723-286e-49ae-a552-42fef10697e0,VAC-1139,CAND-10139,IT,Создать доступы,Task,IT_Specialist_2,2025-09-18 12:04:47.262585,2025-09-18 15:18:47.262585,194,,
551c4723-286e-49ae-a552-42fef10697e0,VAC-1139,CAND-10139,IT,HR/Training: Вводное обучение,Service Task,Марина_2,2025-09-18 17:18:47.262585,2025-09-18 21:07:47.262585,229,,
551c4723-286e-49ae-a552-42fef10697e0,VAC-1139,CAND-10139,HR,Назначить ментора,Task,Наталья_3,2025-09-18 22:07:47.262585,2025-09-18 22:48:47.262585,41,,
551c4723-286e-49ae-a552-42fef10697e0,VAC-1139,CAND-10139,HR,Message: уведомить всех,Message,system,2025-09-18 23:08:47.262585,2025-09-18 23:13:47.262585,5,notified,
551c4723-286e-49ae-a552-42fef10697e0,VAC-1139,CAND-10139,HR,Обновить статус в HCM,Service Task,Наталья_4,2025-09-18 23:43:47.262585,2025-09-19 00:03:47.262585,20,,
551c4723-286e-49ae-a552-42fef10697e0,VAC-1139,CAND-10139,HR,Payroll / учет,Service Task,Наталья_8,2025-09-19 00:33:47.262585,2025-09-19 00:53:47.262585,20,,
551c4723-286e-49ae-a552-42fef10697e0,VAC-1139,CAND-10139,HR,Закрыть вакансию на порталах,Service Task,Наталья_2,2025-09-19 01:13:47.262585,2025-09-19 01:18:47.262585,5,,
55a0f709-5793-4fd9-ac08-ea6e38968375,VAC-1193,CAND-10193,РУКОВОДИТЕЛЬ,Создать заявку,User Task,Иванов_1,2025-09-13 17:02:47.262585,2025-09-13 17:41:47.262585,39,,
55a0f709-5793-4fd9-ac08-ea6e38968375,VAC-1193,CAND-10193,HR,Зарегистрировать в HCM,Service Task,Марина_5,2025-09-13 18:01:47.262585,2025-09-13 18:16:47.262585,15,,
55a0f709-5793-4fd9-ac08-ea6e38968375,VAC-1193,CAND-10193,РЕКРУТЕР,Разместить вакансию,Task,Алексей_8,2025-09-13 18:46:47.262585,2025-09-13 20:36:47.262585,110,,
55a0f709-5793-4fd9-ac08-ea6e38968375,VAC-1193,CAND-10193,РЕКРУТЕР,Собирать резюме,Task,Алексей_5,2025-09-13 21:36:47.262585,2025-09-15 07:00:47.262585,2004,,
55a0f709-5793-4fd9-ac08-ea6e38968375,VAC-1193,CAND-10193,РЕКРУТЕР,Скрининг,Task,Алексей_8,2025-09-15 09:09:47.262585,2025-09-15 09:34:47.262585,25,passed,
55a0f709-5793-4fd9-ac08-ea6e38968375,VAC-1193,CAND-10193,ИНТЕРВЬЮЕРЫ,Назначить интервью,User Task,Анна_8,2025-09-15 12:34:47.262585,2025-09-15 13:05:47.262585,31,,
55a0f709-5793-4fd9-ac08-ea6e38968375,VAC-1193,CAND-10193,ИНТЕРВЬЮЕРЫ,Интервью (раунд 1),User Task,Сергей_8,2025-09-15 13:45:47.262585,2025-09-15 15:34:47.262585,109,passed,
55a0f709-5793-4fd9-ac08-ea6e38968375,VAC-1193,CAND-10193,ИНТЕРВЬЮЕРЫ,Интервью (раунд 2),User Task,Сергей_6,2025-09-15 16:42:47.262585,2025-09-15 18:12:47.262585,90,rejected,недостаточно навыков
55a824ec-ab18-40d1-9f1d-f5cdb52b0a22,VAC-1170,CAND-10170,РУКОВОДИТЕЛЬ,Создать заявку,User Task,Сидоров_1,2025-09-09 13:23:47.262585,2025-09-09 13:37:47.262585,14,,
55a824ec-ab18-40d1-9f1d-f5cdb52b0a22,VAC-1170,CAND-10170,HR,Зарегистрировать в HCM,Service Task,Ольга_6,2025-09-09 13:57:47.262585,2025-09-09 14:19:47.262585,22,,
55a824ec-ab18-40d1-9f1d-f5cdb52b0a22,VAC-1170,CAND-10170,РЕКРУТЕР,Разместить вакансию,Task,Дмитрий_5,2025-09-09 14:49:47.262585,2025-09-09 15:16:47.262585,27,,
55a824ec-ab18-40d1-9f1d-f5cdb52b0a22,VAC-1170,CAND-10170,РЕКРУТЕР,Собирать резюме,Task,Дмитрий_2,2025-09-09 16:16:47.262585,2025-09-10 08:24:47.262585,968,,
55a824ec-ab18-40d1-9f1d-f5cdb52b0a22,VAC-1170,CAND-10170,РЕКРУТЕР,Скрининг,Task,Алексей_7,2025-09-10 10:59:47.262585,2025-09-10 11:38:47.262585,39,passed,
55a824ec-ab18-40d1-9f1d-f5cdb52b0a22,VAC-1170,CAND-10170,ИНТЕРВЬЮЕРЫ,Назначить интервью,User Task,Андрей_3,2025-09-10 14:38:47.262585,2025-09-10 15:03:47.262585,25,,
55a824ec-ab18-40d1-9f1d-f5cdb52b0a22,VAC-1170,CAND-10170,ИНТЕРВЬЮЕРЫ,Интервью (раунд 1),User Task,Андрей_8,2025-09-10 16:18:47.262585,2025-09-10 17:30:47.262585,72,passed,
55a824ec-ab18-40d1-9f1d-f5cdb52b0a22,VAC-1170,CAND-10170,ИНТЕРВЬЮЕРЫ,Интервью (раунд 2),User Task,Андрей_5,2025-09-10 18:23:47.262585,2025-09-10 19:21:47.262585,58,passed,
55a824ec-ab18-40d1-9f1d-f5cdb52b0a22,VAC-1170,CAND-10170,ИНТЕРВЬЮЕРЫ,Финальное интервью,User Task,Сергей_3,2025-09-10 23:21:47.262585,2025-09-11 01:03:47.262585,102,passed,
55a824ec-ab18-40d1-9f1d-f5cdb52b0a22,VAC-1170,CAND-10170,HR (ОФФЕР),Согласовать условия,User Task,HR_Manager_7,2025-09-11 04:50:47.262585,2025-09-11 06:50:47.262585,120,,
55a824ec-ab18-40d1-9f1d-f5cdb52b0a22,VAC-1170,CAND-10170,HR (ОФФЕР),Сгенерировать оффер,Service Task,HR_Manager_6,2025-09-11 07:10:47.262585,2025-09-11 07:23:47.262585,13,,
55a824ec-ab18-40d1-9f1d-f5cdb52b0a22,VAC-1170,CAND-10170,HR (ОФФЕР),Отправить оффер,Send Task,HR_Manager_1,2025-09-11 07:28:47.262585,2025-09-11 07:38:47.262585,10,sent,
55a824ec-ab18-40d1-9f1d-f5cdb52b0a22,VAC-1170,CAND-10170,HR (ОФФЕР),Timer: ожидание ответа (дни),Timer,,2025-09-11 07:38:47.262585,2025-09-15 07:38:47.262585,5760,timer_elapsed,
55a824ec-ab18-40d1-9f1d-f5cdb52b0a22,VAC-1170,CAND-10170,SECURITY,Background Check,Call Activity,Служба_БД_9,2025-09-15 10:38:47.262585,2025-09-23 00:55:47.262585,10937,report_ready,
55a824ec-ab18-40d1-9f1d-f5cdb52b0a22,VAC-1170,CAND-10170,IT,Выдача оборудования,Task,IT_Specialist_2,2025-09-23 01:55:47.262585,2025-09-23 04:33:47.262585,158,,
55a824ec-ab18-40d1-9f1d-f5cdb52b0a22,VAC-1170,CAND-10170,IT,Создать доступы,Task,IT_Specialist_6,2025-09-23 05:03:47.262585,2025-09-23 07:58:47.262585,175,,
55a824ec-ab18-40d1-9f1d-f5cdb52b0a22,VAC-1170,CAND-10170,IT,HR/Training: Вводное обучение,Service Task,Ольга_7,2025-09-23 09:58:47.262585,2025-09-23 18:47:47.262585,529,,
55a824ec-ab18-40d1-9f1d-f5cdb52b0a22,VAC-1170,CAND-10170,HR,Назначить ментора,Task,Марина_2,2025-09-23 19:47:47.262585,2025-09-23 20:31:47.262585,44,,
55a824ec-ab18-40d1-9f1d-f5cdb52b0a22,VAC-1170,CAND-10170,HR,Message: уведомить всех,Message,system,2025-09-23 20:51:47.262585,2025-09-23 20:56:47.262585,5,notified,
55a824ec-ab18-40d1-9f1d-f5cdb52b0a22,VAC-1170,CAND-10170,HR,Обновить статус в HCM,Service Task,Ольга_9,2025-09-23 21:26:47.262585,2025-09-23 21:46:47.262585,20,,
55a824ec-ab18-40d1-9f1d-f5cdb52b0a22,VAC-1170,CAND-10170,HR,Payroll / учет,Service Task,Ольга_2,2025-09-23 22:16:47.262585,2025-09-23 22:36:47.262585,20,,
55a824ec-ab18-40d1-9f1d-f5cdb52b0a22,VAC-1170,CAND-10170,HR,Закрыть вакансию на порталах,Service Task,Ольга_5,2025-09-23 22:56:47.262585,2025-09-23 23:01:47.262585,5,,
55ae8f18-e395-4eef-83cd-c9ec662e9e3c,VAC-1052,CAND-10052,РУКОВОДИТЕЛЬ,Создать заявку,User Task,Петров_4,2025-10-23 17:06:47.262585,2025-10-23 17:45:47.262585,39,,
55ae8f18-e395-4eef-83cd-c9ec662e9e3c,VAC-1052,CAND-10052,HR,Зарегистрировать в HCM,Service Task,Ольга_1,2025-10-23 18:05:47.262585,2025-10-23 18:33:47.262585,28,,
55ae8f18-e395-4eef-83cd-c9ec662e9e3c,VAC-1052,CAND-10052,РЕКРУТЕР,Разместить вакансию,Task,Дмитрий_8,2025-10-23 19:03:47.262585,2025-10-23 19:29:47.262585,26,,
55ae8f18-e395-4eef-83cd-c9ec662e9e3c,VAC-1052,CAND-10052,РЕКРУТЕР,Собирать резюме,Task,Екатерина_8,2025-10-23 20:29:47.262585,2025-10-25 17:16:47.262585,2687,,
55ae8f18-e395-4eef-83cd-c9ec662e9e3c,VAC-1052,CAND-10052,РЕКРУТЕР,Скрининг,Task,Алексей_2,2025-10-25 18:59:47.262585,2025-10-25 19:26:47.262585,27,passed,
55ae8f18-e395-4eef-83cd-c9ec662e9e3c,VAC-1052,CAND-10052,ИНТЕРВЬЮЕРЫ,Назначить интервью,User Task,Сергей_6,2025-10-25 22:26:47.262585,2025-10-25 23:04:47.262585,38,,
55ae8f18-e395-4eef-83cd-c9ec662e9e3c,VAC-1052,CAND-10052,ИНТЕРВЬЮЕРЫ,Интервью (раунд 1),User Task,Анна_9,2025-10-26 00:10:47.262585,2025-10-26 01:00:47.262585,50,passed,
55ae8f18-e395-4eef-83cd-c9ec662e9e3c,VAC-1052,CAND-10052,ИНТЕРВЬЮЕРЫ,Интервью (раунд 2),User Task,Андрей_7,2025-10-26 01:44:47.262585,2025-10-26 03:15:47.262585,91,passed,
55ae8f18-e395-4eef-83cd-c9ec662e9e3c,VAC-1052,CAND-10052,ИНТЕРВЬЮЕРЫ,Интервью (раунд 3),User Task,Сергей_2,2025-10-26 04:39:47.262585,2025-10-26 06:21:47.262585,102,rejected,недостаточно навыков
561d274c-e88a-420f-bb01-cc4968d8bd8a,VAC-1181,CAND-10181,РУКОВОДИТЕЛЬ,Создать заявку,User Task,Петров_6,2025-10-18 14:22:47.262585,2025-10-18 15:19:47.262585,57,,
561d274c-e88a-420f-bb01-cc4968d8bd8a,VAC-1181,CAND-10181,HR,Зарегистрировать в HCM,Service Task,Ольга_9,2025-10-18 15:39:47.262585,2025-10-18 16:00:47.262585,21,,
561d274c-e88a-420f-bb01-cc4968d8bd8a,VAC-1181,CAND-10181,РЕКРУТЕР,Разместить вакансию,Task,Дмитрий_5,2025-10-18 16:30:47.262585,2025-10-18 18:17:47.262585,107,,
561d274c-e88a-420f-bb01-cc4968d8bd8a,VAC-1181,CAND-10181,РЕКРУТЕР,Собирать резюме,Task,Алексей_6,2025-10-18 19:17:47.262585,2025-10-19 03:00:47.262585,463,,
561d274c-e88a-420f-bb01-cc4968d8bd8a,VAC-1181,CAND-10181,РЕКРУТЕР,Скрининг,Task,Дмитрий_9,2025-10-19 04:58:47.262585,2025-10-19 05:22:47.262585,24,passed,
561d274c-e88a-420f-bb01-cc4968d8bd8a,VAC-1181,CAND-10181,ИНТЕРВЬЮЕРЫ,Назначить интервью,User Task,Сергей_9,2025-10-19 08:22:47.262585,2025-10-19 08:35:47.262585,13,,
561d274c-e88a-420f-bb01-cc4968d8bd8a,VAC-1181,CAND-10181,ИНТЕРВЬЮЕРЫ,Интервью (раунд 1),User Task,Сергей_2,2025-10-19 10:03:47.262585,2025-10-19 11:25:47.262585,82,passed,
561d274c-e88a-420f-bb01-cc4968d8bd8a,VAC-1181,CAND-10181,ИНТЕРВЬЮЕРЫ,Интервью (раунд 2),User Task,Сергей_3,2025-10-19 12:09:47.262585,2025-10-19 13:52:47.262585,103,passed,
561d274c-e88a-420f-bb01-cc4968d8bd8a,VAC-1181,CAND-10181,ИНТЕРВЬЮЕРЫ,Финальное интервью,User Task,Андрей_2,2025-10-19 17:52:47.262585,2025-10-19 19:13:47.262585,81,rejected,финал не пройден
56b0f660-adf3-471a-96bc-6cefbbadb72a,VAC-1143,CAND-10143,РУКОВОДИТЕЛЬ,Создать заявку,User Task,Кузнецов_6,2025-10-17 16:00:47.262585,2025-10-17 16:58:47.262585,58,,
56b0f660-adf3-471a-96bc-6cefbbadb72a,VAC-1143,CAND-10143,HR,Зарегистрировать в HCM,Service Task,Наталья_9,2025-10-17 17:18:47.262585,2025-10-17 17:47:47.262585,29,,
56b0f660-adf3-471a-96bc-6cefbbadb72a,VAC-1143,CAND-10143,РЕКРУТЕР,Разместить вакансию,Task,Дмитрий_9,2025-10-17 18:17:47.262585,2025-10-17 19:04:47.262585,47,,
56b0f660-adf3-471a-96bc-6cefbbadb72a,VAC-1143,CAND-10143,РЕКРУТЕР,Собирать резюме,Task,Дмитрий_8,2025-10-17 20:04:47.262585,2025-10-18 17:24:47.262585,1280,,
56b0f660-adf3-471a-96bc-6cefbbadb72a,VAC-1143,CAND-10143,РЕКРУТЕР,Скрининг,Task,Дмитрий_1,2025-10-18 19:48:47.262585,2025-10-18 20:28:47.262585,40,rejected,некорректное резюме
5a45c10b-b6c8-4e4f-81fc-ec0e159fe9a9,VAC-1090,CAND-10090,РУКОВОДИТЕЛЬ,Создать заявку,User Task,Иванов_4,2025-08-30 12:41:47.262585,2025-08-30 12:51:47.262585,10,,
5a45c10b-b6c8-4e4f-81fc-ec0e159fe9a9,VAC-1090,CAND-10090,HR,Зарегистрировать в HCM,Service Task,Наталья_7,2025-08-30 13:11:47.262585,2025-08-30 13:25:47.262585,14,,
5a45c10b-b6c8-4e4f-81fc-ec0e159fe9a9,VAC-1090,CAND-10090,РЕКРУТЕР,Разместить вакансию,Task,Екатерина_2,2025-08-30 13:55:47.262585,2025-08-30 15:02:47.262585,67,,
5a45c10b-b6c8-4e4f-81fc-ec0e159fe9a9,VAC-1090,CAND-10090,РЕКРУТЕР,Собирать резюме,Task,Екатерина_5,2025-08-30 16:02:47.262585,2025-09-01 11:47:47.262585,2625,,
5a45c10b-b6c8-4e4f-81fc-ec0e159fe9a9,VAC-1090,CAND-10090,РЕКРУТЕР,Скрининг,Task,Алексей_4,2025-09-01 12:36:47.262585,2025-09-01 12:46:47.262585,10,rejected,некорректное резюме
5c001e1d-2670-439e-b1e1-de70f724da14,VAC-1024,CAND-10024,РУКОВОДИТЕЛЬ,Создать заявку,User Task,Сидоров_2,2025-08-26 13:06:47.262585,2025-08-26 13:53:47.262585,47,,
5c001e1d-2670-439e-b1e1-de70f724da14,VAC-1024,CAND-10024,HR,Зарегистрировать в HCM,Service Task,Ольга_2,2025-08-26 14:13:47.262585,2025-08-26 14:50:47.262585,37,,
5c001e1d-2670-439e-b1e1-de70f724da14,VAC-1024,CAND-10024,РЕКРУТЕР,Разместить вакансию,Task,Дмитрий_1,2025-08-26 15:20:47.262585,2025-08-26 16:47:47.262585,87,,
5c001e1d-2670-439e-b1e1-de70f724da14,VAC-1024,CAND-10024,РЕКРУТЕР,Собирать резюме,Task,Дмитрий_3,2025-08-26 17:47:47.262585,2025-08-27 07:37:47.262585,830,,
5c001e1d-2670-439e-b1e1-de70f724da14,VAC-1024,CAND-10024,РЕКРУТЕР,Скрининг,Task,Дмитрий_6,2025-08-27 08:26:47.262585,2025-08-27 08:51:47.262585,25,passed,
5c001e1d-2670-439e-b1e1-de70f724da14,VAC-1024,CAND-10024,ИНТЕРВЬЮЕРЫ,Назначить интервью,User Task,Анна_2,2025-08-27 11:51:47.262585,2025-08-27 12:13:47.262585,22,,
5c001e1d-2670-439e-b1e1-de70f724da14,VAC-1024,CAND-10024,ИНТЕРВЬЮЕРЫ,Интервью (раунд 1),User Task,Анна_8,2025-08-27 13:41:47.262585,2025-08-27 15:14:47.262585,93,rejected,культурный профиль
5c25a5bd-eddb-4634-953a-184950cb380a,VAC-1138,CAND-10138,РУКОВОДИТЕЛЬ,Создать заявку,User Task,Кузнецов_3,2025-10-13 13:34:47.262585,2025-10-13 13:46:47.262585,12,,
5c25a5bd-eddb-4634-953a-184950cb380a,VAC-1138,CAND-10138,HR,Зарегистрировать в HCM,Service Task,Наталья_4,2025-10-13 14:06:47.262585,2025-10-13 14:27:47.262585,21,,
5c25a5bd-eddb-4634-953a-184950cb380a,VAC-1138,CAND-10138,РЕКРУТЕР,Разместить вакансию,Task,Дмитрий_2,2025-10-13 14:57:47.262585,2025-10-13 15:37:47.262585,40,,
5c25a5bd-eddb-4634-953a-184950cb380a,VAC-1138,CAND-10138,РЕКРУТЕР,Собирать резюме,Task,Дмитрий_1,2025-10-13 16:37:47.262585,2025-10-15 14:50:47.262585,2773,,
5c25a5bd-eddb-4634-953a-184950cb380a,VAC-1138,CAND-10138,РЕКРУТЕР,Скрининг,Task,Екатерина_3,2025-10-15 15:35:47.262585,2025-10-15 15:56:47.262585,21,rejected,не соотв. опыту
5e8f005e-ac34-4a86-bd2e-9a7863bc3c15,VAC-1031,CAND-10031,РУКОВОДИТЕЛЬ,Создать заявку,User Task,Петров_1,2025-09-06 13:55:47.262585,2025-09-06 14:54:47.262585,59,,
5e8f005e-ac34-4a86-bd2e-9a7863bc3c15,VAC-1031,CAND-10031,HR,Зарегистрировать в HCM,Service Task,Наталья_3,2025-09-06 15:14:47.262585,2025-09-06 15:32:47.262585,18,,
5e8f005e-ac34-4a86-bd2e-9a7863bc3c15,VAC-1031,CAND-10031,РЕКРУТЕР,Разместить вакансию,Task,Дмитрий_3,2025-09-06 16:02:47.262585,2025-09-06 17:31:47.262585,89,,
5e8f005e-ac34-4a86-bd2e-9a7863bc3c15,VAC-1031,CAND-10031,РЕКРУТЕР,Собирать резюме,Task,Екатерина_1,2025-09-06 18:31:47.262585,2025-09-07 06:01:47.262585,690,,
5e8f005e-ac34-4a86-bd2e-9a7863bc3c15,VAC-1031,CAND-10031,РЕКРУТЕР,Скрининг,Task,Дмитрий_4,2025-09-07 07:04:47.262585,2025-09-07 07:14:47.262585,10,passed,
5e8f005e-ac34-4a86-bd2e-9a7863bc3c15,VAC-1031,CAND-10031,ИНТЕРВЬЮЕРЫ,Назначить интервью,User Task,Андрей_5,2025-09-07 10:14:47.262585,2025-09-07 10:24:47.262585,10,,
5e8f005e-ac34-4a86-bd2e-9a7863bc3c15,VAC-1031,CAND-10031,ИНТЕРВЬЮЕРЫ,Интервью (раунд 1),User Task,Андрей_8,2025-09-07 11:37:47.262585,2025-09-07 13:29:47.262585,112,passed,
5e8f005e-ac34-4a86-bd2e-9a7863bc3c15,VAC-1031,CAND-10031,ИНТЕРВЬЮЕРЫ,Финальное интервью,User Task,Анна_2,2025-09-07 17:29:47.262585,2025-09-07 19:11:47.262585,102,passed,
5e8f005e-ac34-4a86-bd2e-9a7863bc3c15,VAC-1031,CAND-10031,HR (ОФФЕР),Согласовать условия,User Task,HR_Manager_1,2025-09-07 22:06:47.262585,2025-09-08 08:41:47.262585,635,,
5e8f005e-ac34-4a86-bd2e-9a7863bc3c15,VAC-1031,CAND-10031,HR (ОФФЕР),Сгенерировать оффер,Service Task,HR_Manager_8,2025-09-08 09:01:47.262585,2025-09-08 09:29:47.262585,28,,
5e8f005e-ac34-4a86-bd2e-9a7863bc3c15,VAC-1031,CAND-10031,HR (ОФФЕР),Отправить оффер,Send Task,HR_Manager_1,2025-09-08 09:34:47.262585,2025-09-08 09:44:47.262585,10,sent,
5e8f005e-ac34-4a86-bd2e-9a7863bc3c15,VAC-1031,CAND-10031,HR (ОФФЕР),Timer: ожидание ответа (дни),Timer,,2025-09-08 09:44:47.262585,2025-09-12 09:44:47.262585,5760,timer_elapsed,
5e8f005e-ac34-4a86-bd2e-9a7863bc3c15,VAC-1031,CAND-10031,HR (ОФФЕР),Переговоры / отказ,Task,HR_Manager_8,2025-09-12 11:44:47.262585,2025-09-12 20:00:47.262585,496,rejected,
5f576595-7bde-465b-a178-036cc4ed9afa,VAC-1061,CAND-10061,РУКОВОДИТЕЛЬ,Создать заявку,User Task,Петров_6,2025-10-06 21:29:47.262585,2025-10-06 22:13:47.262585,44,,
5f576595-7bde-465b-a178-036cc4ed9afa,VAC-1061,CAND-10061,HR,Зарегистрировать в HCM,Service Task,Наталья_9,2025-10-06 22:33:47.262585,2025-10-06 22:46:47.262585,13,,
5f576595-7bde-465b-a178-036cc4ed9afa,VAC-1061,CAND-10061,РЕКРУТЕР,Разместить вакансию,Task,Екатерина_3,2025-10-06 23:16:47.262585,2025-10-07 00:26:47.262585,70,,
5f576595-7bde-465b-a178-036cc4ed9afa,VAC-1061,CAND-10061,РЕКРУТЕР,Собирать резюме,Task,Алексей_1,2025-10-07 01:26:47.262585,2025-10-07 20:38:47.262585,1152,,
5f576595-7bde-465b-a178-036cc4ed9afa,VAC-1061,CAND-10061,РЕКРУТЕР,Скрининг,Task,Екатерина_9,2025-10-07 22:24:47.262585,2025-10-07 22:48:47.262585,24,passed,
5f576595-7bde-465b-a178-036cc4ed9afa,VAC-1061,CAND-10061,ИНТЕРВЬЮЕРЫ,Назначить интервью,User Task,Андрей_4,2025-10-08 01:48:47.262585,2025-10-08 02:10:47.262585,22,,
5f576595-7bde-465b-a178-036cc4ed9afa,VAC-1061,CAND-10061,ИНТЕРВЬЮЕРЫ,Интервью (раунд 1),User Task,Анна_2,2025-10-08 02:49:47.262585,2025-10-08 04:09:47.262585,80,passed,
5f576595-7bde-465b-a178-036cc4ed9afa,VAC-1061,CAND-10061,ИНТЕРВЬЮЕРЫ,Интервью (раунд 2),User Task,Андрей_4,2025-10-08 04:33:47.262585,2025-10-08 06:11:47.262585,98,passed,
5f576595-7bde-465b-a178-036cc4ed9afa,VAC-1061,CAND-10061,ИНТЕРВЬЮЕРЫ,Финальное интервью,User Task,Анна_1,2025-10-08 10:11:47.262585,2025-10-08 11:22:47.262585,71,passed,
5f576595-7bde-465b-a178-036cc4ed9afa,VAC-1061,CAND-10061,HR (ОФФЕР),Согласовать условия,User Task,HR_Manager_1,2025-10-08 14:16:47.262585,2025-10-08 17:05:47.262585,169,,
5f576595-7bde-465b-a178-036cc4ed9afa,VAC-1061,CAND-10061,HR (ОФФЕР),Сгенерировать оффер,Service Task,HR_Manager_4,2025-10-08 17:25:47.262585,2025-10-08 17:42:47.262585,17,,
5f576595-7bde-465b-a178-036cc4ed9afa,VAC-1061,CAND-10061,HR (ОФФЕР),Отправить оффер,Send Task,HR_Manager_1,2025-10-08 17:47:47.262585,2025-10-08 17:57:47.262585,10,sent,
5f576595-7bde-465b-a178-036cc4ed9afa,VAC-1061,CAND-10061,HR (ОФФЕР),Timer: ожидание ответа (дни),Timer,,2025-10-08 17:57:47.262585,2025-10-10 17:57:47.262585,2880,timer_elapsed,
5f576595-7bde-465b-a178-036cc4ed9afa,VAC-1061,CAND-10061,SECURITY,Background Check,Call Activity,Служба_БД_6,2025-10-10 20:57:47.262585,2025-10-17 03:56:47.262585,9059,report_ready,
5f576595-7bde-465b-a178-036cc4ed9afa,VAC-1061,CAND-10061,IT,Выдача оборудования,Task,IT_Specialist_4,2025-10-17 04:56:47.262585,2025-10-17 09:13:47.262585,257,,
5f576595-7bde-465b-a178-036cc4ed9afa,VAC-1061,CAND-10061,IT,Создать доступы,Task,IT_Specialist_9,2025-10-17 09:43:47.262585,2025-10-17 11:30:47.262585,107,,
5f576595-7bde-465b-a178-036cc4ed9afa,VAC-1061,CAND-10061,IT,HR/Training: Вводное обучение,Service Task,Ольга_5,2025-10-17 13:30:47.262585,2025-10-17 18:23:47.262585,293,,
5f576595-7bde-465b-a178-036cc4ed9afa,VAC-1061,CAND-10061,HR,Назначить ментора,Task,Наталья_9,2025-10-17 19:23:47.262585,2025-10-17 21:03:47.262585,100,,
5f576595-7bde-465b-a178-036cc4ed9afa,VAC-1061,CAND-10061,HR,Message: уведомить всех,Message,system,2025-10-17 21:23:47.262585,2025-10-17 21:28:47.262585,5,notified,
5f576595-7bde-465b-a178-036cc4ed9afa,VAC-1061,CAND-10061,HR,Обновить статус в HCM,Service Task,Марина_3,2025-10-17 21:58:47.262585,2025-10-17 22:18:47.262585,20,,
5f576595-7bde-465b-a178-036cc4ed9afa,VAC-1061,CAND-10061,HR,Payroll / учет,Service Task,Марина_7,2025-10-17 22:48:47.262585,2025-10-17 23:08:47.262585,20,,
5f576595-7bde-465b-a178-036cc4ed9afa,VAC-1061,CAND-10061,HR,Закрыть вакансию на порталах,Service Task,Марина_8,2025-10-17 23:28:47.262585,2025-10-17 23:33:47.262585,5,,
5fc46cd3-0df7-4b35-a19a-96eb2c7a9164,VAC-1182,CAND-10182,РУКОВОДИТЕЛЬ,Создать заявку,User Task,Петров_8,2025-09-03 14:41:47.262585,2025-09-03 15:35:47.262585,54,,
5fc46cd3-0df7-4b35-a19a-96eb2c7a9164,VAC-1182,CAND-10182,HR,Зарегистрировать в HCM,Service Task,Наталья_9,2025-09-03 15:55:47.262585,2025-09-03 16:09:47.262585,14,,
5fc46cd3-0df7-4b35-a19a-96eb2c7a9164,VAC-1182,CAND-10182,РЕКРУТЕР,Разместить вакансию,Task,Алексей_5,2025-09-03 16:39:47.262585,2025-09-03 18:19:47.262585,100,,
5fc46cd3-0df7-4b35-a19a-96eb2c7a9164,VAC-1182,CAND-10182,РЕКРУТЕР,Собирать резюме,Task,Екатерина_9,2025-09-03 19:19:47.262585,2025-09-05 03:45:47.262585,1946,,
5fc46cd3-0df7-4b35-a19a-96eb2c7a9164,VAC-1182,CAND-10182,РЕКРУТЕР,Скрининг,Task,Дмитрий_7,2025-09-05 04:48:47.262585,2025-09-05 05:13:47.262585,25,passed,
5fc46cd3-0df7-4b35-a19a-96eb2c7a9164,VAC-1182,CAND-10182,ИНТЕРВЬЮЕРЫ,Назначить интервью,User Task,Андрей_5,2025-09-05 08:13:47.262585,2025-09-05 08:43:47.262585,30,,
5fc46cd3-0df7-4b35-a19a-96eb2c7a9164,VAC-1182,CAND-10182,ИНТЕРВЬЮЕРЫ,Интервью (раунд 1),User Task,Анна_6,2025-09-05 09:05:47.262585,2025-09-05 10:19:47.262585,74,rejected,поведенческий
604ef0ae-a388-4b1e-87a7-b82dbd25888a,VAC-1174,CAND-10174,РУКОВОДИТЕЛЬ,Создать заявку,User Task,Иванов_8,2025-09-03 19:38:47.262585,2025-09-03 19:54:47.262585,16,,
604ef0ae-a388-4b1e-87a7-b82dbd25888a,VAC-1174,CAND-10174,HR,Зарегистрировать в HCM,Service Task,Марина_4,2025-09-03 20:14:47.262585,2025-09-03 20:43:47.262585,29,,
604ef0ae-a388-4b1e-87a7-b82dbd25888a,VAC-1174,CAND-10174,РЕКРУТЕР,Разместить вакансию,Task,Алексей_7,2025-09-03 21:13:47.262585,2025-09-03 21:41:47.262585,28,,
604ef0ae-a388-4b1e-87a7-b82dbd25888a,VAC-1174,CAND-10174,РЕКРУТЕР,Собирать резюме,Task,Екатерина_7,2025-09-03 22:41:47.262585,2025-09-05 01:42:47.262585,1621,,
604ef0ae-a388-4b1e-87a7-b82dbd25888a,VAC-1174,CAND-10174,РЕКРУТЕР,Скрининг,Task,Екатерина_9,2025-09-05 03:35:47.262585,2025-09-05 03:48:47.262585,13,passed,
604ef0ae-a388-4b1e-87a7-b82dbd25888a,VAC-1174,CAND-10174,ИНТЕРВЬЮЕРЫ,Назначить интервью,User Task,Андрей_1,2025-09-05 06:48:47.262585,2025-09-05 07:24:47.262585,36,,
604ef0ae-a388-4b1e-87a7-b82dbd25888a,VAC-1174,CAND-10174,ИНТЕРВЬЮЕРЫ,Интервью (раунд 1),User Task,Андрей_7,2025-09-05 08:26:47.262585,2025-09-05 09:19:47.262585,53,passed,
604ef0ae-a388-4b1e-87a7-b82dbd25888a,VAC-1174,CAND-10174,ИНТЕРВЬЮЕРЫ,Интервью (раунд 2),User Task,Сергей_4,2025-09-05 10:00:47.262585,2025-09-05 11:32:47.262585,92,passed,
604ef0ae-a388-4b1e-87a7-b82dbd25888a,VAC-1174,CAND-10174,ИНТЕРВЬЮЕРЫ,Финальное интервью,User Task,Андрей_7,2025-09-05 15:32:47.262585,2025-09-05 17:31:47.262585,119,passed,
604ef0ae-a388-4b1e-87a7-b82dbd25888a,VAC-1174,CAND-10174,HR (ОФФЕР),Согласовать условия,User Task,HR_Manager_8,2025-09-05 21:50:47.262585,2025-09-06 02:31:47.262585,281,,
604ef0ae-a388-4b1e-87a7-b82dbd25888a,VAC-1174,CAND-10174,HR (ОФФЕР),Сгенерировать оффер,Service Task,HR_Manager_1,2025-09-06 02:51:47.262585,2025-09-06 02:58:47.262585,7,,
604ef0ae-a388-4b1e-87a7-b82dbd25888a,VAC-1174,CAND-10174,HR (ОФФЕР),Отправить оффер,Send Task,HR_Manager_2,2025-09-06 03:03:47.262585,2025-09-06 03:13:47.262585,10,sent,
604ef0ae-a388-4b1e-87a7-b82dbd25888a,VAC-1174,CAND-10174,HR (ОФФЕР),Timer: ожидание ответа (дни),Timer,,2025-09-06 03:13:47.262585,2025-09-09 03:13:47.262585,4320,timer_elapsed,
604ef0ae-a388-4b1e-87a7-b82dbd25888a,VAC-1174,CAND-10174,SECURITY,Background Check,Call Activity,Служба_БД_3,2025-09-09 06:13:47.262585,2025-09-21 10:41:47.262585,17548,report_ready,
604ef0ae-a388-4b1e-87a7-b82dbd25888a,VAC-1174,CAND-10174,IT,Выдача оборудования,Task,IT_Specialist_9,2025-09-21 11:41:47.262585,2025-09-21 15:24:47.262585,223,,
604ef0ae-a388-4b1e-87a7-b82dbd25888a,VAC-1174,CAND-10174,IT,Создать доступы,Task,IT_Specialist_4,2025-09-21 15:54:47.262585,2025-09-21 18:19:47.262585,145,,
604ef0ae-a388-4b1e-87a7-b82dbd25888a,VAC-1174,CAND-10174,IT,HR/Training: Вводное обучение,Service Task,Марина_1,2025-09-21 20:19:47.262585,2025-09-22 00:48:47.262585,269,,
604ef0ae-a388-4b1e-87a7-b82dbd25888a,VAC-1174,CAND-10174,HR,Назначить ментора,Task,Марина_8,2025-09-22 01:48:47.262585,2025-09-22 03:04:47.262585,76,,
604ef0ae-a388-4b1e-87a7-b82dbd25888a,VAC-1174,CAND-10174,HR,Message: уведомить всех,Message,system,2025-09-22 03:24:47.262585,2025-09-22 03:29:47.262585,5,notified,
604ef0ae-a388-4b1e-87a7-b82dbd25888a,VAC-1174,CAND-10174,HR,Обновить статус в HCM,Service Task,Марина_2,2025-09-22 03:59:47.262585,2025-09-22 04:19:47.262585,20,,
604ef0ae-a388-4b1e-87a7-b82dbd25888a,VAC-1174,CAND-10174,HR,Payroll / учет,Service Task,Марина_5,2025-09-22 04:49:47.262585,2025-09-22 05:09:47.262585,20,,
604ef0ae-a388-4b1e-87a7-b82dbd25888a,VAC-1174,CAND-10174,HR,Закрыть вакансию на порталах,Service Task,Ольга_7,2025-09-22 05:29:47.262585,2025-09-22 05:34:47.262585,5,,
6401aec1-2e09-4a17-a393-a2b29a8a0a50,VAC-1078,CAND-10078,РУКОВОДИТЕЛЬ,Создать заявку,User Task,Сидоров_7,2025-10-12 13:47:47.262585,2025-10-12 14:44:47.262585,57,,
6401aec1-2e09-4a17-a393-a2b29a8a0a50,VAC-1078,CAND-10078,HR,Зарегистрировать в HCM,Service Task,Марина_3,2025-10-12 15:04:47.262585,2025-10-12 15:19:47.262585,15,,
6401aec1-2e09-4a17-a393-a2b29a8a0a50,VAC-1078,CAND-10078,РЕКРУТЕР,Разместить вакансию,Task,Алексей_4,2025-10-12 15:49:47.262585,2025-10-12 17:49:47.262585,120,,
6401aec1-2e09-4a17-a393-a2b29a8a0a50,VAC-1078,CAND-10078,РЕКРУТЕР,Собирать резюме,Task,Екатерина_6,2025-10-12 18:49:47.262585,2025-10-13 02:52:47.262585,483,,
6401aec1-2e09-4a17-a393-a2b29a8a0a50,VAC-1078,CAND-10078,РЕКРУТЕР,Скрининг,Task,Екатерина_9,2025-10-13 05:38:47.262585,2025-10-13 05:56:47.262585,18,passed,
6401aec1-2e09-4a17-a393-a2b29a8a0a50,VAC-1078,CAND-10078,ИНТЕРВЬЮЕРЫ,Назначить интервью,User Task,Сергей_5,2025-10-13 08:56:47.262585,2025-10-13 09:28:47.262585,32,,
6401aec1-2e09-4a17-a393-a2b29a8a0a50,VAC-1078,CAND-10078,ИНТЕРВЬЮЕРЫ,Интервью (раунд 1),User Task,Сергей_1,2025-10-13 10:53:47.262585,2025-10-13 11:50:47.262585,57,passed,
6401aec1-2e09-4a17-a393-a2b29a8a0a50,VAC-1078,CAND-10078,ИНТЕРВЬЮЕРЫ,Интервью (раунд 2),User Task,Андрей_4,2025-10-13 12:45:47.262585,2025-10-13 13:46:47.262585,61,rejected,недостаточно навыков
642895db-6d02-4e79-84cc-a5349d32f0df,VAC-1092,CAND-10092,РУКОВОДИТЕЛЬ,Создать заявку,User Task,Сидоров_7,2025-10-13 17:56:47.262585,2025-10-13 18:42:47.262585,46,,
642895db-6d02-4e79-84cc-a5349d32f0df,VAC-1092,CAND-10092,HR,Зарегистрировать в HCM,Service Task,Наталья_1,2025-10-13 19:02:47.262585,2025-10-13 19:20:47.262585,18,,
642895db-6d02-4e79-84cc-a5349d32f0df,VAC-1092,CAND-10092,РЕКРУТЕР,Разместить вакансию,Task,Екатерина_4,2025-10-13 19:50:47.262585,2025-10-13 20:50:47.262585,60,,
642895db-6d02-4e79-84cc-a5349d32f0df,VAC-1092,CAND-10092,РЕКРУТЕР,Собирать резюме,Task,Дмитрий_1,2025-10-13 21:50:47.262585,2025-10-14 03:50:47.262585,360,,
642895db-6d02-4e79-84cc-a5349d32f0df,VAC-1092,CAND-10092,РЕКРУТЕР,Скрининг,Task,Дмитрий_4,2025-10-14 06:20:47.262585,2025-10-14 06:46:47.262585,26,rejected,не соотв. опыту
644226c4-72e3-4cdb-93d4-d3fff3638b5a,VAC-1059,CAND-10059,РУКОВОДИТЕЛЬ,Создать заявку,User Task,Сидоров_6,2025-10-22 15:18:47.262585,2025-10-22 15:35:47.262585,17,,
644226c4-72e3-4cdb-93d4-d3fff3638b5a,VAC-1059,CAND-10059,HR,Зарегистрировать в HCM,Service Task,Наталья_4,2025-10-22 15:55:47.262585,2025-10-22 16:24:47.262585,29,,
644226c4-72e3-4cdb-93d4-d3fff3638b5a,VAC-1059,CAND-10059,РЕКРУТЕР,Разместить вакансию,Task,Дмитрий_3,2025-10-22 16:54:47.262585,2025-10-22 17:31:47.262585,37,,
644226c4-72e3-4cdb-93d4-d3fff3638b5a,VAC-1059,CAND-10059,РЕКРУТЕР,Собирать резюме,Task,Екатерина_6,2025-10-22 18:31:47.262585,2025-10-24 05:34:47.262585,2103,,
644226c4-72e3-4cdb-93d4-d3fff3638b5a,VAC-1059,CAND-10059,РЕКРУТЕР,Скрининг,Task,Екатерина_8,2025-10-24 07:50:47.262585,2025-10-24 08:22:47.262585,32,rejected,не прошёл тест
657e7d48-3277-49f2-a60d-dae5a7f7de6b,VAC-1036,CAND-10036,РУКОВОДИТЕЛЬ,Создать заявку,User Task,Иванов_4,2025-10-21 15:39:47.262585,2025-10-21 16:16:47.262585,37,,
657e7d48-3277-49f2-a60d-dae5a7f7de6b,VAC-1036,CAND-10036,HR,Зарегистрировать в HCM,Service Task,Марина_7,2025-10-21 16:36:47.262585,2025-10-21 16:59:47.262585,23,,
657e7d48-3277-49f2-a60d-dae5a7f7de6b,VAC-1036,CAND-10036,РЕКРУТЕР,Разместить вакансию,Task,Алексей_7,2025-10-21 17:29:47.262585,2025-10-21 18:56:47.262585,87,,
657e7d48-3277-49f2-a60d-dae5a7f7de6b,VAC-1036,CAND-10036,РЕКРУТЕР,Собирать резюме,Task,Екатерина_6,2025-10-21 19:56:47.262585,2025-10-22 21:06:47.262585,1510,,
657e7d48-3277-49f2-a60d-dae5a7f7de6b,VAC-1036,CAND-10036,РЕКРУТЕР,Скрининг,Task,Алексей_2,2025-10-22 22:32:47.262585,2025-10-22 22:52:47.262585,20,passed,
657e7d48-3277-49f2-a60d-dae5a7f7de6b,VAC-1036,CAND-10036,ИНТЕРВЬЮЕРЫ,Назначить интервью,User Task,Анна_9,2025-10-23 01:52:47.262585,2025-10-23 02:05:47.262585,13,,
657e7d48-3277-49f2-a60d-dae5a7f7de6b,VAC-1036,CAND-10036,ИНТЕРВЬЮЕРЫ,Интервью (раунд 1),User Task,Анна_3,2025-10-23 03:09:47.262585,2025-10-23 04:38:47.262585,89,passed,
657e7d48-3277-49f2-a60d-dae5a7f7de6b,VAC-1036,CAND-10036,ИНТЕРВЬЮЕРЫ,Финальное интервью,User Task,Сергей_4,2025-10-23 08:38:47.262585,2025-10-23 09:53:47.262585,75,passed,
657e7d48-3277-49f2-a60d-dae5a7f7de6b,VAC-1036,CAND-10036,HR (ОФФЕР),Согласовать условия,User Task,HR_Manager_3,2025-10-23 11:37:47.262585,2025-10-23 16:13:47.262585,276,,
657e7d48-3277-49f2-a60d-dae5a7f7de6b,VAC-1036,CAND-10036,HR (ОФФЕР),Сгенерировать оффер,Service Task,HR_Manager_8,2025-10-23 16:33:47.262585,2025-10-23 17:02:47.262585,29,,
657e7d48-3277-49f2-a60d-dae5a7f7de6b,VAC-1036,CAND-10036,HR (ОФФЕР),Отправить оффер,Send Task,HR_Manager_6,2025-10-23 17:07:47.262585,2025-10-23 17:17:47.262585,10,sent,
657e7d48-3277-49f2-a60d-dae5a7f7de6b,VAC-1036,CAND-10036,HR (ОФФЕР),Timer: ожидание ответа (дни),Timer,,2025-10-23 17:17:47.262585,2025-10-26 17:17:47.262585,4320,timer_elapsed,
657e7d48-3277-49f2-a60d-dae5a7f7de6b,VAC-1036,CAND-10036,SECURITY,Background Check,Call Activity,Служба_БД_8,2025-10-26 20:17:47.262585,2025-10-30 14:55:47.262585,5438,report_ready,
657e7d48-3277-49f2-a60d-dae5a7f7de6b,VAC-1036,CAND-10036,IT,Выдача оборудования,Task,IT_Specialist_1,2025-10-30 15:55:47.262585,2025-10-30 20:18:47.262585,263,,
657e7d48-3277-49f2-a60d-dae5a7f7de6b,VAC-1036,CAND-10036,IT,Создать доступы,Task,IT_Specialist_5,2025-10-30 20:48:47.262585,2025-10-30 22:48:47.262585,120,,
657e7d48-3277-49f2-a60d-dae5a7f7de6b,VAC-1036,CAND-10036,IT,HR/Training: Вводное обучение,Service Task,Ольга_1,2025-10-31 00:48:47.262585,2025-10-31 07:44:47.262585,416,,
657e7d48-3277-49f2-a60d-dae5a7f7de6b,VAC-1036,CAND-10036,HR,Назначить ментора,Task,Ольга_5,2025-10-31 08:44:47.262585,2025-10-31 09:28:47.262585,44,,
657e7d48-3277-49f2-a60d-dae5a7f7de6b,VAC-1036,CAND-10036,HR,Message: уведомить всех,Message,system,2025-10-31 09:48:47.262585,2025-10-31 09:53:47.262585,5,notified,
657e7d48-3277-49f2-a60d-dae5a7f7de6b,VAC-1036,CAND-10036,HR,Обновить статус в HCM,Service Task,Наталья_2,2025-10-31 10:23:47.262585,2025-10-31 10:43:47.262585,20,,
657e7d48-3277-49f2-a60d-dae5a7f7de6b,VAC-1036,CAND-10036,HR,Payroll / учет,Service Task,Марина_9,2025-10-31 11:13:47.262585,2025-10-31 11:33:47.262585,20,,
657e7d48-3277-49f2-a60d-dae5a7f7de6b,VAC-1036,CAND-10036,HR,Закрыть вакансию на порталах,Service Task,Ольга_8,2025-10-31 11:53:47.262585,2025-10-31 11:58:47.262585,5,,
6815802f-2a2e-4e26-aeb2-f99cb0155104,VAC-1184,CAND-10184,РУКОВОДИТЕЛЬ,Создать заявку,User Task,Петров_8,2025-09-08 11:36:47.262585,2025-09-08 12:06:47.262585,30,,
6815802f-2a2e-4e26-aeb2-f99cb0155104,VAC-1184,CAND-10184,HR,Зарегистрировать в HCM,Service Task,Ольга_3,2025-09-08 12:26:47.262585,2025-09-08 12:44:47.262585,18,,
6815802f-2a2e-4e26-aeb2-f99cb0155104,VAC-1184,CAND-10184,РЕКРУТЕР,Разместить вакансию,Task,Екатерина_1,2025-09-08 13:14:47.262585,2025-09-08 14:00:47.262585,46,,
6815802f-2a2e-4e26-aeb2-f99cb0155104,VAC-1184,CAND-10184,РЕКРУТЕР,Собирать резюме,Task,Дмитрий_3,2025-09-08 15:00:47.262585,2025-09-09 16:38:47.262585,1538,,
6815802f-2a2e-4e26-aeb2-f99cb0155104,VAC-1184,CAND-10184,РЕКРУТЕР,Скрининг,Task,Екатерина_3,2025-09-09 18:43:47.262585,2025-09-09 19:07:47.262585,24,passed,
6815802f-2a2e-4e26-aeb2-f99cb0155104,VAC-1184,CAND-10184,ИНТЕРВЬЮЕРЫ,Назначить интервью,User Task,Андрей_7,2025-09-09 22:07:47.262585,2025-09-09 22:20:47.262585,13,,
6815802f-2a2e-4e26-aeb2-f99cb0155104,VAC-1184,CAND-10184,ИНТЕРВЬЮЕРЫ,Интервью (раунд 1),User Task,Андрей_1,2025-09-09 22:58:47.262585,2025-09-10 00:41:47.262585,103,rejected,культурный профиль
6ad1fd37-cb24-48d3-bc09-5de2d8cea24a,VAC-1104,CAND-10104,РУКОВОДИТЕЛЬ,Создать заявку,User Task,Иванов_6,2025-09-27 14:20:47.262585,2025-09-27 14:53:47.262585,33,,
6ad1fd37-cb24-48d3-bc09-5de2d8cea24a,VAC-1104,CAND-10104,HR,Зарегистрировать в HCM,Service Task,Марина_4,2025-09-27 15:13:47.262585,2025-09-27 15:47:47.262585,34,,
6ad1fd37-cb24-48d3-bc09-5de2d8cea24a,VAC-1104,CAND-10104,РЕКРУТЕР,Разместить вакансию,Task,Екатерина_1,2025-09-27 16:17:47.262585,2025-09-27 16:39:47.262585,22,,
6ad1fd37-cb24-48d3-bc09-5de2d8cea24a,VAC-1104,CAND-10104,РЕКРУТЕР,Собирать резюме,Task,Екатерина_4,2025-09-27 17:39:47.262585,2025-09-29 16:25:47.262585,2806,,
6ad1fd37-cb24-48d3-bc09-5de2d8cea24a,VAC-1104,CAND-10104,РЕКРУТЕР,Скрининг,Task,Дмитрий_5,2025-09-29 17:52:47.262585,2025-09-29 18:24:47.262585,32,passed,
6ad1fd37-cb24-48d3-bc09-5de2d8cea24a,VAC-1104,CAND-10104,ИНТЕРВЬЮЕРЫ,Назначить интервью,User Task,Анна_5,2025-09-29 21:24:47.262585,2025-09-29 21:46:47.262585,22,,
6ad1fd37-cb24-48d3-bc09-5de2d8cea24a,VAC-1104,CAND-10104,ИНТЕРВЬЮЕРЫ,Интервью (раунд 1),User Task,Сергей_9,2025-09-29 22:11:47.262585,2025-09-29 23:34:47.262585,83,rejected,культурный профиль
6f8339c0-51f4-441f-8032-b97b1797654f,VAC-1159,CAND-10159,РУКОВОДИТЕЛЬ,Создать заявку,User Task,Кузнецов_3,2025-09-17 21:08:47.262585,2025-09-17 21:28:47.262585,20,,
6f8339c0-51f4-441f-8032-b97b1797654f,VAC-1159,CAND-10159,HR,Зарегистрировать в HCM,Service Task,Наталья_5,2025-09-17 21:48:47.262585,2025-09-17 22:17:47.262585,29,,
6f8339c0-51f4-441f-8032-b97b1797654f,VAC-1159,CAND-10159,РЕКРУТЕР,Разместить вакансию,Task,Дмитрий_1,2025-09-17 22:47:47.262585,2025-09-18 00:37:47.262585,110,,
6f8339c0-51f4-441f-8032-b97b1797654f,VAC-1159,CAND-10159,РЕКРУТЕР,Собирать резюме,Task,Дмитрий_2,2025-09-18 01:37:47.262585,2025-09-19 00:09:47.262585,1352,,
6f8339c0-51f4-441f-8032-b97b1797654f,VAC-1159,CAND-10159,РЕКРУТЕР,Скрининг,Task,Алексей_6,2025-09-19 02:46:47.262585,2025-09-19 03:24:47.262585,38,passed,
6f8339c0-51f4-441f-8032-b97b1797654f,VAC-1159,CAND-10159,ИНТЕРВЬЮЕРЫ,Назначить интервью,User Task,Сергей_4,2025-09-19 06:24:47.262585,2025-09-19 07:04:47.262585,40,,
6f8339c0-51f4-441f-8032-b97b1797654f,VAC-1159,CAND-10159,ИНТЕРВЬЮЕРЫ,Интервью (раунд 1),User Task,Андрей_4,2025-09-19 07:46:47.262585,2025-09-19 08:45:47.262585,59,passed,
6f8339c0-51f4-441f-8032-b97b1797654f,VAC-1159,CAND-10159,ИНТЕРВЬЮЕРЫ,Интервью (раунд 2),User Task,Сергей_9,2025-09-19 09:16:47.262585,2025-09-19 10:57:47.262585,101,passed,
6f8339c0-51f4-441f-8032-b97b1797654f,VAC-1159,CAND-10159,ИНТЕРВЬЮЕРЫ,Финальное интервью,User Task,Сергей_9,2025-09-19 14:57:47.262585,2025-09-19 16:01:47.262585,64,passed,
6f8339c0-51f4-441f-8032-b97b1797654f,VAC-1159,CAND-10159,HR (ОФФЕР),Согласовать условия,User Task,HR_Manager_2,2025-09-19 18:20:47.262585,2025-09-20 01:55:47.262585,455,,
6f8339c0-51f4-441f-8032-b97b1797654f,VAC-1159,CAND-10159,HR (ОФФЕР),Сгенерировать оффер,Service Task,HR_Manager_4,2025-09-20 02:15:47.262585,2025-09-20 02:36:47.262585,21,,
6f8339c0-51f4-441f-8032-b97b1797654f,VAC-1159,CAND-10159,HR (ОФФЕР),Отправить оффер,Send Task,HR_Manager_8,2025-09-20 02:41:47.262585,2025-09-20 02:51:47.262585,10,sent,
6f8339c0-51f4-441f-8032-b97b1797654f,VAC-1159,CAND-10159,HR (ОФФЕР),Timer: ожидание ответа (дни),Timer,,2025-09-20 02:51:47.262585,2025-09-24 02:51:47.262585,5760,timer_elapsed,
6f8339c0-51f4-441f-8032-b97b1797654f,VAC-1159,CAND-10159,SECURITY,Background Check,Call Activity,Служба_БД_1,2025-09-24 05:51:47.262585,2025-10-03 04:29:47.262585,12878,report_ready,
6f8339c0-51f4-441f-8032-b97b1797654f,VAC-1159,CAND-10159,IT,Выдача оборудования,Task,IT_Specialist_6,2025-10-03 05:29:47.262585,2025-10-03 06:40:47.262585,71,,
6f8339c0-51f4-441f-8032-b97b1797654f,VAC-1159,CAND-10159,IT,Создать доступы,Task,IT_Specialist_2,2025-10-03 07:10:47.262585,2025-10-03 09:39:47.262585,149,,
6f8339c0-51f4-441f-8032-b97b1797654f,VAC-1159,CAND-10159,IT,HR/Training: Вводное обучение,Service Task,Марина_5,2025-10-03 11:39:47.262585,2025-10-03 19:05:47.262585,446,,
6f8339c0-51f4-441f-8032-b97b1797654f,VAC-1159,CAND-10159,HR,Назначить ментора,Task,Марина_5,2025-10-03 20:05:47.262585,2025-10-03 20:40:47.262585,35,,
6f8339c0-51f4-441f-8032-b97b1797654f,VAC-1159,CAND-10159,HR,Message: уведомить всех,Message,system,2025-10-03 21:00:47.262585,2025-10-03 21:05:47.262585,5,notified,
6f8339c0-51f4-441f-8032-b97b1797654f,VAC-1159,CAND-10159,HR,Обновить статус в HCM,Service Task,Марина_4,2025-10-03 21:35:47.262585,2025-10-03 21:55:47.262585,20,,
6f8339c0-51f4-441f-8032-b97b1797654f,VAC-1159,CAND-10159,HR,Payroll / учет,Service Task,Ольга_4,2025-10-03 22:25:47.262585,2025-10-03 22:45:47.262585,20,,
6f8339c0-51f4-441f-8032-b97b1797654f,VAC-1159,CAND-10159,HR,Закрыть вакансию на порталах,Service Task,Наталья_5,2025-10-03 23:05:47.262585,2025-10-03 23:10:47.262585,5,,
71eb9985-5499-41bf-8f48-db23e6d738c7,VAC-1179,CAND-10179,РУКОВОДИТЕЛЬ,Создать заявку,User Task,Петров_4,2025-09-10 11:20:47.262585,2025-09-10 11:57:47.262585,37,,
71eb9985-5499-41bf-8f48-db23e6d738c7,VAC-1179,CAND-10179,HR,Зарегистрировать в HCM,Service Task,Ольга_4,2025-09-10 12:17:47.262585,2025-09-10 12:37:47.262585,20,,
71eb9985-5499-41bf-8f48-db23e6d738c7,VAC-1179,CAND-10179,РЕКРУТЕР,Разместить вакансию,Task,Алексей_1,2025-09-10 13:07:47.262585,2025-09-10 14:42:47.262585,95,,
71eb9985-5499-41bf-8f48-db23e6d738c7,VAC-1179,CAND-10179,РЕКРУТЕР,Собирать резюме,Task,Алексей_1,2025-09-10 15:42:47.262585,2025-09-12 00:13:47.262585,1951,,
71eb9985-5499-41bf-8f48-db23e6d738c7,VAC-1179,CAND-10179,РЕКРУТЕР,Скрининг,Task,Екатерина_1,2025-09-12 02:43:47.262585,2025-09-12 03:16:47.262585,33,passed,
71eb9985-5499-41bf-8f48-db23e6d738c7,VAC-1179,CAND-10179,ИНТЕРВЬЮЕРЫ,Назначить интервью,User Task,Сергей_2,2025-09-12 06:16:47.262585,2025-09-12 06:38:47.262585,22,,
71eb9985-5499-41bf-8f48-db23e6d738c7,VAC-1179,CAND-10179,ИНТЕРВЬЮЕРЫ,Интервью (раунд 1),User Task,Андрей_7,2025-09-12 07:28:47.262585,2025-09-12 08:23:47.262585,55,passed,
71eb9985-5499-41bf-8f48-db23e6d738c7,VAC-1179,CAND-10179,ИНТЕРВЬЮЕРЫ,Интервью (раунд 2),User Task,Андрей_2,2025-09-12 09:10:47.262585,2025-09-12 10:11:47.262585,61,passed,
71eb9985-5499-41bf-8f48-db23e6d738c7,VAC-1179,CAND-10179,ИНТЕРВЬЮЕРЫ,Финальное интервью,User Task,Сергей_3,2025-09-12 14:11:47.262585,2025-09-12 14:58:47.262585,47,passed,
71eb9985-5499-41bf-8f48-db23e6d738c7,VAC-1179,CAND-10179,HR (ОФФЕР),Согласовать условия,User Task,HR_Manager_8,2025-09-12 18:58:47.262585,2025-09-13 04:48:47.262585,590,,
71eb9985-5499-41bf-8f48-db23e6d738c7,VAC-1179,CAND-10179,HR (ОФФЕР),Сгенерировать оффер,Service Task,HR_Manager_7,2025-09-13 05:08:47.262585,2025-09-13 05:27:47.262585,19,,
71eb9985-5499-41bf-8f48-db23e6d738c7,VAC-1179,CAND-10179,HR (ОФФЕР),Отправить оффер,Send Task,HR_Manager_6,2025-09-13 05:32:47.262585,2025-09-13 05:42:47.262585,10,sent,
71eb9985-5499-41bf-8f48-db23e6d738c7,VAC-1179,CAND-10179,HR (ОФФЕР),Timer: ожидание ответа (дни),Timer,,2025-09-13 05:42:47.262585,2025-09-17 05:42:47.262585,5760,timer_elapsed,
71eb9985-5499-41bf-8f48-db23e6d738c7,VAC-1179,CAND-10179,SECURITY,Background Check,Call Activity,Служба_БД_7,2025-09-17 08:42:47.262585,2025-09-20 09:04:47.262585,4342,report_ready,
71eb9985-5499-41bf-8f48-db23e6d738c7,VAC-1179,CAND-10179,IT,Выдача оборудования,Task,IT_Specialist_5,2025-09-20 10:04:47.262585,2025-09-20 12:29:47.262585,145,,
71eb9985-5499-41bf-8f48-db23e6d738c7,VAC-1179,CAND-10179,IT,Создать доступы,Task,IT_Specialist_9,2025-09-20 12:59:47.262585,2025-09-20 15:18:47.262585,139,,
71eb9985-5499-41bf-8f48-db23e6d738c7,VAC-1179,CAND-10179,IT,HR/Training: Вводное обучение,Service Task,Наталья_2,2025-09-20 17:18:47.262585,2025-09-21 01:12:47.262585,474,,
71eb9985-5499-41bf-8f48-db23e6d738c7,VAC-1179,CAND-10179,HR,Назначить ментора,Task,Марина_1,2025-09-21 02:12:47.262585,2025-09-21 04:07:47.262585,115,,
71eb9985-5499-41bf-8f48-db23e6d738c7,VAC-1179,CAND-10179,HR,Message: уведомить всех,Message,system,2025-09-21 04:27:47.262585,2025-09-21 04:32:47.262585,5,notified,
71eb9985-5499-41bf-8f48-db23e6d738c7,VAC-1179,CAND-10179,HR,Обновить статус в HCM,Service Task,Марина_6,2025-09-21 05:02:47.262585,2025-09-21 05:22:47.262585,20,,
71eb9985-5499-41bf-8f48-db23e6d738c7,VAC-1179,CAND-10179,HR,Payroll / учет,Service Task,Наталья_2,2025-09-21 05:52:47.262585,2025-09-21 06:12:47.262585,20,,
71eb9985-5499-41bf-8f48-db23e6d738c7,VAC-1179,CAND-10179,HR,Закрыть вакансию на порталах,Service Task,Ольга_6,2025-09-21 06:32:47.262585,2025-09-21 06:37:47.262585,5,,
733a0671-c504-41d6-8b3a-fc6a2f622706,VAC-1002,CAND-10002,РУКОВОДИТЕЛЬ,Создать заявку,User Task,Иванов_9,2025-09-28 11:17:47.262585,2025-09-28 12:13:47.262585,56,,
733a0671-c504-41d6-8b3a-fc6a2f622706,VAC-1002,CAND-10002,HR,Зарегистрировать в HCM,Service Task,Ольга_6,2025-09-28 12:33:47.262585,2025-09-28 13:07:47.262585,34,,
733a0671-c504-41d6-8b3a-fc6a2f622706,VAC-1002,CAND-10002,РЕКРУТЕР,Разместить вакансию,Task,Дмитрий_7,2025-09-28 13:37:47.262585,2025-09-28 14:11:47.262585,34,,
733a0671-c504-41d6-8b3a-fc6a2f622706,VAC-1002,CAND-10002,РЕКРУТЕР,Собирать резюме,Task,Дмитрий_1,2025-09-28 15:11:47.262585,2025-09-29 05:58:47.262585,887,,
733a0671-c504-41d6-8b3a-fc6a2f622706,VAC-1002,CAND-10002,РЕКРУТЕР,Скрининг,Task,Алексей_9,2025-09-29 07:35:47.262585,2025-09-29 08:01:47.262585,26,rejected,не прошёл тест
73ea2ca5-ec0c-4873-989b-292566af7b48,VAC-1079,CAND-10079,РУКОВОДИТЕЛЬ,Создать заявку,User Task,Кузнецов_8,2025-10-08 16:27:47.262585,2025-10-08 16:52:47.262585,25,,
73ea2ca5-ec0c-4873-989b-292566af7b48,VAC-1079,CAND-10079,HR,Зарегистрировать в HCM,Service Task,Марина_5,2025-10-08 17:12:47.262585,2025-10-08 17:26:47.262585,14,,
73ea2ca5-ec0c-4873-989b-292566af7b48,VAC-1079,CAND-10079,РЕКРУТЕР,Разместить вакансию,Task,Дмитрий_7,2025-10-08 17:56:47.262585,2025-10-08 19:36:47.262585,100,,
73ea2ca5-ec0c-4873-989b-292566af7b48,VAC-1079,CAND-10079,РЕКРУТЕР,Собирать резюме,Task,Алексей_2,2025-10-08 20:36:47.262585,2025-10-10 07:27:47.262585,2091,,
73ea2ca5-ec0c-4873-989b-292566af7b48,VAC-1079,CAND-10079,РЕКРУТЕР,Скрининг,Task,Екатерина_5,2025-10-10 09:40:47.262585,2025-10-10 10:06:47.262585,26,passed,
73ea2ca5-ec0c-4873-989b-292566af7b48,VAC-1079,CAND-10079,ИНТЕРВЬЮЕРЫ,Назначить интервью,User Task,Сергей_8,2025-10-10 13:06:47.262585,2025-10-10 13:44:47.262585,38,,
73ea2ca5-ec0c-4873-989b-292566af7b48,VAC-1079,CAND-10079,ИНТЕРВЬЮЕРЫ,Интервью (раунд 1),User Task,Анна_2,2025-10-10 14:45:47.262585,2025-10-10 16:44:47.262585,119,passed,
73ea2ca5-ec0c-4873-989b-292566af7b48,VAC-1079,CAND-10079,ИНТЕРВЬЮЕРЫ,Интервью (раунд 2),User Task,Анна_7,2025-10-10 18:02:47.262585,2025-10-10 19:32:47.262585,90,rejected,недостаточно навыков
75283996-25ce-4829-9783-3231b98d28e6,VAC-1014,CAND-10014,РУКОВОДИТЕЛЬ,Создать заявку,User Task,Кузнецов_3,2025-09-24 10:58:47.262585,2025-09-24 11:29:47.262585,31,,
75283996-25ce-4829-9783-3231b98d28e6,VAC-1014,CAND-10014,HR,Зарегистрировать в HCM,Service Task,Ольга_3,2025-09-24 11:49:47.262585,2025-09-24 12:25:47.262585,36,,
75283996-25ce-4829-9783-3231b98d28e6,VAC-1014,CAND-10014,РЕКРУТЕР,Разместить вакансию,Task,Екатерина_1,2025-09-24 12:55:47.262585,2025-09-24 14:34:47.262585,99,,
75283996-25ce-4829-9783-3231b98d28e6,VAC-1014,CAND-10014,РЕКРУТЕР,Собирать резюме,Task,Екатерина_1,2025-09-24 15:34:47.262585,2025-09-25 22:27:47.262585,1853,,
75283996-25ce-4829-9783-3231b98d28e6,VAC-1014,CAND-10014,РЕКРУТЕР,Скрининг,Task,Дмитрий_3,2025-09-25 23:18:47.262585,2025-09-25 23:48:47.262585,30,rejected,не соотв. опыту
7632441c-6765-4d89-ada7-9bd0db09ace2,VAC-1023,CAND-10023,РУКОВОДИТЕЛЬ,Создать заявку,User Task,Сидоров_5,2025-10-22 18:51:47.262585,2025-10-22 19:01:47.262585,10,,
7632441c-6765-4d89-ada7-9bd0db09ace2,VAC-1023,CAND-10023,HR,Зарегистрировать в HCM,Service Task,Марина_8,2025-10-22 19:21:47.262585,2025-10-22 19:57:47.262585,36,,
7632441c-6765-4d89-ada7-9bd0db09ace2,VAC-1023,CAND-10023,РЕКРУТЕР,Разместить вакансию,Task,Дмитрий_9,2025-10-22 20:27:47.262585,2025-10-22 21:06:47.262585,39,,
7632441c-6765-4d89-ada7-9bd0db09ace2,VAC-1023,CAND-10023,РЕКРУТЕР,Собирать резюме,Task,Дмитрий_6,2025-10-22 22:06:47.262585,2025-10-24 11:09:47.262585,2223,,
7632441c-6765-4d89-ada7-9bd0db09ace2,VAC-1023,CAND-10023,РЕКРУТЕР,Скрининг,Task,Екатерина_7,2025-10-24 14:00:47.262585,2025-10-24 14:34:47.262585,34,passed,
7632441c-6765-4d89-ada7-9bd0db09ace2,VAC-1023,CAND-10023,ИНТЕРВЬЮЕРЫ,Назначить интервью,User Task,Андрей_4,2025-10-24 17:34:47.262585,2025-10-24 17:54:47.262585,20,,
7632441c-6765-4d89-ada7-9bd0db09ace2,VAC-1023,CAND-10023,ИНТЕРВЬЮЕРЫ,Интервью (раунд 1),User Task,Анна_8,2025-10-24 18:43:47.262585,2025-10-24 20:20:47.262585,97,passed,
7632441c-6765-4d89-ada7-9bd0db09ace2,VAC-1023,CAND-10023,ИНТЕРВЬЮЕРЫ,Интервью (раунд 2),User Task,Анна_3,2025-10-24 21:28:47.262585,2025-10-24 23:02:47.262585,94,rejected,поведенческий
7697ee0b-ec25-49d8-abba-96a01ed1ff20,VAC-1032,CAND-10032,РУКОВОДИТЕЛЬ,Создать заявку,User Task,Сидоров_3,2025-10-08 17:38:47.262585,2025-10-08 17:53:47.262585,15,,
7697ee0b-ec25-49d8-abba-96a01ed1ff20,VAC-1032,CAND-10032,HR,Зарегистрировать в HCM,Service Task,Наталья_5,2025-10-08 18:13:47.262585,2025-10-08 18:25:47.262585,12,,
7697ee0b-ec25-49d8-abba-96a01ed1ff20,VAC-1032,CAND-10032,РЕКРУТЕР,Разместить вакансию,Task,Екатерина_9,2025-10-08 18:55:47.262585,2025-10-08 20:34:47.262585,99,,
7697ee0b-ec25-49d8-abba-96a01ed1ff20,VAC-1032,CAND-10032,РЕКРУТЕР,Собирать резюме,Task,Дмитрий_9,2025-10-08 21:34:47.262585,2025-10-09 23:45:47.262585,1571,,
7697ee0b-ec25-49d8-abba-96a01ed1ff20,VAC-1032,CAND-10032,РЕКРУТЕР,Скрининг,Task,Екатерина_7,2025-10-10 01:30:47.262585,2025-10-10 01:54:47.262585,24,passed,
7697ee0b-ec25-49d8-abba-96a01ed1ff20,VAC-1032,CAND-10032,ИНТЕРВЬЮЕРЫ,Назначить интервью,User Task,Андрей_9,2025-10-10 04:54:47.262585,2025-10-10 05:26:47.262585,32,,
7697ee0b-ec25-49d8-abba-96a01ed1ff20,VAC-1032,CAND-10032,ИНТЕРВЬЮЕРЫ,Интервью (раунд 1),User Task,Андрей_7,2025-10-10 06:13:47.262585,2025-10-10 07:53:47.262585,100,passed,
7697ee0b-ec25-49d8-abba-96a01ed1ff20,VAC-1032,CAND-10032,ИНТЕРВЬЮЕРЫ,Интервью (раунд 2),User Task,Анна_2,2025-10-10 08:56:47.262585,2025-10-10 10:39:47.262585,103,passed,
7697ee0b-ec25-49d8-abba-96a01ed1ff20,VAC-1032,CAND-10032,ИНТЕРВЬЮЕРЫ,Финальное интервью,User Task,Анна_5,2025-10-10 14:39:47.262585,2025-10-10 16:04:47.262585,85,passed,
7697ee0b-ec25-49d8-abba-96a01ed1ff20,VAC-1032,CAND-10032,HR (ОФФЕР),Согласовать условия,User Task,HR_Manager_2,2025-10-10 18:39:47.262585,2025-10-10 23:15:47.262585,276,,
7697ee0b-ec25-49d8-abba-96a01ed1ff20,VAC-1032,CAND-10032,HR (ОФФЕР),Сгенерировать оффер,Service Task,HR_Manager_2,2025-10-10 23:35:47.262585,2025-10-10 23:42:47.262585,7,,
7697ee0b-ec25-49d8-abba-96a01ed1ff20,VAC-1032,CAND-10032,HR (ОФФЕР),Отправить оффер,Send Task,HR_Manager_2,2025-10-10 23:47:47.262585,2025-10-10 23:57:47.262585,10,sent,
7697ee0b-ec25-49d8-abba-96a01ed1ff20,VAC-1032,CAND-10032,HR (ОФФЕР),Timer: ожидание ответа (дни),Timer,,2025-10-10 23:57:47.262585,2025-10-13 23:57:47.262585,4320,timer_elapsed,
7697ee0b-ec25-49d8-abba-96a01ed1ff20,VAC-1032,CAND-10032,HR (ОФФЕР),Переговоры / отказ,Task,HR_Manager_9,2025-10-14 01:57:47.262585,2025-10-14 12:26:47.262585,629,rejected,
76e92879-3d6f-450b-81b3-1274d60ee0db,VAC-1088,CAND-10088,РУКОВОДИТЕЛЬ,Создать заявку,User Task,Петров_7,2025-10-09 14:40:47.262585,2025-10-09 15:03:47.262585,23,,
76e92879-3d6f-450b-81b3-1274d60ee0db,VAC-1088,CAND-10088,HR,Зарегистрировать в HCM,Service Task,Наталья_3,2025-10-09 15:23:47.262585,2025-10-09 15:48:47.262585,25,,
76e92879-3d6f-450b-81b3-1274d60ee0db,VAC-1088,CAND-10088,РЕКРУТЕР,Разместить вакансию,Task,Дмитрий_2,2025-10-09 16:18:47.262585,2025-10-09 18:09:47.262585,111,,
76e92879-3d6f-450b-81b3-1274d60ee0db,VAC-1088,CAND-10088,РЕКРУТЕР,Собирать резюме,Task,Алексей_9,2025-10-09 19:09:47.262585,2025-10-10 02:08:47.262585,419,,
76e92879-3d6f-450b-81b3-1274d60ee0db,VAC-1088,CAND-10088,РЕКРУТЕР,Скрининг,Task,Дмитрий_8,2025-10-10 04:23:47.262585,2025-10-10 04:55:47.262585,32,rejected,не соотв. опыту
7809be65-2d2a-4621-9723-c1a6a1035c10,VAC-1096,CAND-10096,РУКОВОДИТЕЛЬ,Создать заявку,User Task,Иванов_7,2025-10-07 14:42:47.262585,2025-10-07 15:03:47.262585,21,,
7809be65-2d2a-4621-9723-c1a6a1035c10,VAC-1096,CAND-10096,HR,Зарегистрировать в HCM,Service Task,Марина_1,2025-10-07 15:23:47.262585,2025-10-07 16:00:47.262585,37,,
7809be65-2d2a-4621-9723-c1a6a1035c10,VAC-1096,CAND-10096,РЕКРУТЕР,Разместить вакансию,Task,Екатерина_6,2025-10-07 16:30:47.262585,2025-10-07 17:13:47.262585,43,,
7809be65-2d2a-4621-9723-c1a6a1035c10,VAC-1096,CAND-10096,РЕКРУТЕР,Собирать резюме,Task,Алексей_2,2025-10-07 18:13:47.262585,2025-10-09 15:57:47.262585,2744,,
7809be65-2d2a-4621-9723-c1a6a1035c10,VAC-1096,CAND-10096,РЕКРУТЕР,Скрининг,Task,Дмитрий_2,2025-10-09 18:34:47.262585,2025-10-09 18:48:47.262585,14,passed,
7809be65-2d2a-4621-9723-c1a6a1035c10,VAC-1096,CAND-10096,ИНТЕРВЬЮЕРЫ,Назначить интервью,User Task,Андрей_2,2025-10-09 21:48:47.262585,2025-10-09 22:08:47.262585,20,,
7809be65-2d2a-4621-9723-c1a6a1035c10,VAC-1096,CAND-10096,ИНТЕРВЬЮЕРЫ,Интервью (раунд 1),User Task,Андрей_4,2025-10-09 23:10:47.262585,2025-10-10 00:52:47.262585,102,passed,
7809be65-2d2a-4621-9723-c1a6a1035c10,VAC-1096,CAND-10096,ИНТЕРВЬЮЕРЫ,Интервью (раунд 2),User Task,Андрей_1,2025-10-10 01:20:47.262585,2025-10-10 02:49:47.262585,89,passed,
7809be65-2d2a-4621-9723-c1a6a1035c10,VAC-1096,CAND-10096,ИНТЕРВЬЮЕРЫ,Интервью (раунд 3),User Task,Сергей_3,2025-10-10 03:15:47.262585,2025-10-10 04:49:47.262585,94,passed,
7809be65-2d2a-4621-9723-c1a6a1035c10,VAC-1096,CAND-10096,ИНТЕРВЬЮЕРЫ,Финальное интервью,User Task,Сергей_6,2025-10-10 08:49:47.262585,2025-10-10 10:26:47.262585,97,passed,
7809be65-2d2a-4621-9723-c1a6a1035c10,VAC-1096,CAND-10096,HR (ОФФЕР),Согласовать условия,User Task,HR_Manager_8,2025-10-10 13:45:47.262585,2025-10-10 22:09:47.262585,504,,
7809be65-2d2a-4621-9723-c1a6a1035c10,VAC-1096,CAND-10096,HR (ОФФЕР),Сгенерировать оффер,Service Task,HR_Manager_3,2025-10-10 22:29:47.262585,2025-10-10 22:59:47.262585,30,,
7809be65-2d2a-4621-9723-c1a6a1035c10,VAC-1096,CAND-10096,HR (ОФФЕР),Отправить оффер,Send Task,HR_Manager_2,2025-10-10 23:04:47.262585,2025-10-10 23:14:47.262585,10,sent,
7809be65-2d2a-4621-9723-c1a6a1035c10,VAC-1096,CAND-10096,HR (ОФФЕР),Timer: ожидание ответа (дни),Timer,,2025-10-10 23:14:47.262585,2025-10-11 23:14:47.262585,1440,timer_elapsed,
7809be65-2d2a-4621-9723-c1a6a1035c10,VAC-1096,CAND-10096,SECURITY,Background Check,Call Activity,Служба_БД_2,2025-10-12 02:14:47.262585,2025-10-18 17:15:47.262585,9541,report_ready,
7809be65-2d2a-4621-9723-c1a6a1035c10,VAC-1096,CAND-10096,IT,Выдача оборудования,Task,IT_Specialist_3,2025-10-18 18:15:47.262585,2025-10-18 19:58:47.262585,103,,
7809be65-2d2a-4621-9723-c1a6a1035c10,VAC-1096,CAND-10096,IT,Создать доступы,Task,IT_Specialist_9,2025-10-18 20:28:47.262585,2025-10-19 00:05:47.262585,217,,
7809be65-2d2a-4621-9723-c1a6a1035c10,VAC-1096,CAND-10096,IT,HR/Training: Вводное обучение,Service Task,Ольга_8,2025-10-19 02:05:47.262585,2025-10-19 05:52:47.262585,227,,
7809be65-2d2a-4621-9723-c1a6a1035c10,VAC-1096,CAND-10096,HR,Назначить ментора,Task,Ольга_3,2025-10-19 06:52:47.262585,2025-10-19 07:29:47.262585,37,,
7809be65-2d2a-4621-9723-c1a6a1035c10,VAC-1096,CAND-10096,HR,Message: уведомить всех,Message,system,2025-10-19 07:49:47.262585,2025-10-19 07:54:47.262585,5,notified,
7809be65-2d2a-4621-9723-c1a6a1035c10,VAC-1096,CAND-10096,HR,Обновить статус в HCM,Service Task,Марина_7,2025-10-19 08:24:47.262585,2025-10-19 08:44:47.262585,20,,
7809be65-2d2a-4621-9723-c1a6a1035c10,VAC-1096,CAND-10096,HR,Payroll / учет,Service Task,Наталья_1,2025-10-19 09:14:47.262585,2025-10-19 09:34:47.262585,20,,
7809be65-2d2a-4621-9723-c1a6a1035c10,VAC-1096,CAND-10096,HR,Закрыть вакансию на порталах,Service Task,Наталья_6,2025-10-19 09:54:47.262585,2025-10-19 09:59:47.262585,5,,
7abf5b9c-a94e-4295-b0d7-82a64057988a,VAC-1007,CAND-10007,РУКОВОДИТЕЛЬ,Создать заявку,User Task,Иванов_9,2025-09-22 20:10:47.262585,2025-09-22 20:26:47.262585,16,,
7abf5b9c-a94e-4295-b0d7-82a64057988a,VAC-1007,CAND-10007,HR,Зарегистрировать в HCM,Service Task,Марина_5,2025-09-22 20:46:47.262585,2025-09-22 21:02:47.262585,16,,
7abf5b9c-a94e-4295-b0d7-82a64057988a,VAC-1007,CAND-10007,РЕКРУТЕР,Разместить вакансию,Task,Дмитрий_2,2025-09-22 21:32:47.262585,2025-09-22 22:08:47.262585,36,,
7abf5b9c-a94e-4295-b0d7-82a64057988a,VAC-1007,CAND-10007,РЕКРУТЕР,Собирать резюме,Task,Дмитрий_5,2025-09-22 23:08:47.262585,2025-09-23 19:48:47.262585,1240,,
7abf5b9c-a94e-4295-b0d7-82a64057988a,VAC-1007,CAND-10007,РЕКРУТЕР,Скрининг,Task,Екатерина_5,2025-09-23 20:58:47.262585,2025-09-23 21:22:47.262585,24,passed,
7abf5b9c-a94e-4295-b0d7-82a64057988a,VAC-1007,CAND-10007,ИНТЕРВЬЮЕРЫ,Назначить интервью,User Task,Анна_9,2025-09-24 00:22:47.262585,2025-09-24 00:57:47.262585,35,,
7abf5b9c-a94e-4295-b0d7-82a64057988a,VAC-1007,CAND-10007,ИНТЕРВЬЮЕРЫ,Интервью (раунд 1),User Task,Андрей_3,2025-09-24 02:27:47.262585,2025-09-24 03:50:47.262585,83,rejected,поведенческий
7adcb83d-2d41-4a8a-95ee-668d33f365da,VAC-1035,CAND-10035,РУКОВОДИТЕЛЬ,Создать заявку,User Task,Петров_9,2025-09-04 12:58:47.262585,2025-09-04 13:42:47.262585,44,,
7adcb83d-2d41-4a8a-95ee-668d33f365da,VAC-1035,CAND-10035,HR,Зарегистрировать в HCM,Service Task,Марина_6,2025-09-04 14:02:47.262585,2025-09-04 14:29:47.262585,27,,
7adcb83d-2d41-4a8a-95ee-668d33f365da,VAC-1035,CAND-10035,РЕКРУТЕР,Разместить вакансию,Task,Дмитрий_1,2025-09-04 14:59:47.262585,2025-09-04 15:28:47.262585,29,,
7adcb83d-2d41-4a8a-95ee-668d33f365da,VAC-1035,CAND-10035,РЕКРУТЕР,Собирать резюме,Task,Алексей_8,2025-09-04 16:28:47.262585,2025-09-06 02:14:47.262585,2026,,
7adcb83d-2d41-4a8a-95ee-668d33f365da,VAC-1035,CAND-10035,РЕКРУТЕР,Скрининг,Task,Дмитрий_7,2025-09-06 03:03:47.262585,2025-09-06 03:40:47.262585,37,passed,
7adcb83d-2d41-4a8a-95ee-668d33f365da,VAC-1035,CAND-10035,ИНТЕРВЬЮЕРЫ,Назначить интервью,User Task,Анна_7,2025-09-06 06:40:47.262585,2025-09-06 07:12:47.262585,32,,
7adcb83d-2d41-4a8a-95ee-668d33f365da,VAC-1035,CAND-10035,ИНТЕРВЬЮЕРЫ,Интервью (раунд 1),User Task,Андрей_8,2025-09-06 08:23:47.262585,2025-09-06 09:10:47.262585,47,rejected,культурный профиль
7b1b5176-6823-4e17-9c49-ea1aef4e418e,VAC-1117,CAND-10117,РУКОВОДИТЕЛЬ,Создать заявку,User Task,Сидоров_1,2025-09-17 15:08:47.262585,2025-09-17 16:04:47.262585,56,,
7b1b5176-6823-4e17-9c49-ea1aef4e418e,VAC-1117,CAND-10117,HR,Зарегистрировать в HCM,Service Task,Марина_6,2025-09-17 16:24:47.262585,2025-09-17 17:03:47.262585,39,,
7b1b5176-6823-4e17-9c49-ea1aef4e418e,VAC-1117,CAND-10117,РЕКРУТЕР,Разместить вакансию,Task,Екатерина_8,2025-09-17 17:33:47.262585,2025-09-17 18:58:47.262585,85,,
7b1b5176-6823-4e17-9c49-ea1aef4e418e,VAC-1117,CAND-10117,РЕКРУТЕР,Собирать резюме,Task,Алексей_5,2025-09-17 19:58:47.262585,2025-09-19 09:11:47.262585,2233,,
7b1b5176-6823-4e17-9c49-ea1aef4e418e,VAC-1117,CAND-10117,РЕКРУТЕР,Скрининг,Task,Екатерина_2,2025-09-19 10:30:47.262585,2025-09-19 10:50:47.262585,20,rejected,не соотв. опыту
7dcd11e3-8fa8-41ff-92df-4d93d8b9052c,VAC-1106,CAND-10106,РУКОВОДИТЕЛЬ,Создать заявку,User Task,Иванов_7,2025-09-25 12:41:47.262585,2025-09-25 13:14:47.262585,33,,
7dcd11e3-8fa8-41ff-92df-4d93d8b9052c,VAC-1106,CAND-10106,HR,Зарегистрировать в HCM,Service Task,Марина_5,2025-09-25 13:34:47.262585,2025-09-25 14:12:47.262585,38,,
7dcd11e3-8fa8-41ff-92df-4d93d8b9052c,VAC-1106,CAND-10106,РЕКРУТЕР,Разместить вакансию,Task,Екатерина_1,2025-09-25 14:42:47.262585,2025-09-25 16:40:47.262585,118,,
7dcd11e3-8fa8-41ff-92df-4d93d8b9052c,VAC-1106,CAND-10106,РЕКРУТЕР,Собирать резюме,Task,Алексей_2,2025-09-25 17:40:47.262585,2025-09-27 14:12:47.262585,2672,,
7dcd11e3-8fa8-41ff-92df-4d93d8b9052c,VAC-1106,CAND-10106,РЕКРУТЕР,Скрининг,Task,Екатерина_2,2025-09-27 14:47:47.262585,2025-09-27 14:58:47.262585,11,passed,
7dcd11e3-8fa8-41ff-92df-4d93d8b9052c,VAC-1106,CAND-10106,ИНТЕРВЬЮЕРЫ,Назначить интервью,User Task,Андрей_9,2025-09-27 17:58:47.262585,2025-09-27 18:20:47.262585,22,,
7dcd11e3-8fa8-41ff-92df-4d93d8b9052c,VAC-1106,CAND-10106,ИНТЕРВЬЮЕРЫ,Интервью (раунд 1),User Task,Анна_1,2025-09-27 18:59:47.262585,2025-09-27 20:10:47.262585,71,passed,
7dcd11e3-8fa8-41ff-92df-4d93d8b9052c,VAC-1106,CAND-10106,ИНТЕРВЬЮЕРЫ,Финальное интервью,User Task,Андрей_9,2025-09-28 00:10:47.262585,2025-09-28 01:33:47.262585,83,passed,
7dcd11e3-8fa8-41ff-92df-4d93d8b9052c,VAC-1106,CAND-10106,HR (ОФФЕР),Согласовать условия,User Task,HR_Manager_2,2025-09-28 03:42:47.262585,2025-09-28 08:02:47.262585,260,,
7dcd11e3-8fa8-41ff-92df-4d93d8b9052c,VAC-1106,CAND-10106,HR (ОФФЕР),Сгенерировать оффер,Service Task,HR_Manager_5,2025-09-28 08:22:47.262585,2025-09-28 08:43:47.262585,21,,
7dcd11e3-8fa8-41ff-92df-4d93d8b9052c,VAC-1106,CAND-10106,HR (ОФФЕР),Отправить оффер,Send Task,HR_Manager_2,2025-09-28 08:48:47.262585,2025-09-28 08:58:47.262585,10,sent,
7dcd11e3-8fa8-41ff-92df-4d93d8b9052c,VAC-1106,CAND-10106,HR (ОФФЕР),Timer: ожидание ответа (дни),Timer,,2025-09-28 08:58:47.262585,2025-10-02 08:58:47.262585,5760,timer_elapsed,
7dcd11e3-8fa8-41ff-92df-4d93d8b9052c,VAC-1106,CAND-10106,SECURITY,Background Check,Call Activity,Служба_БД_9,2025-10-02 11:58:47.262585,2025-10-07 18:30:47.262585,7592,report_ready,
7dcd11e3-8fa8-41ff-92df-4d93d8b9052c,VAC-1106,CAND-10106,SECURITY,Решение руководителя по BG,User Task,Сидоров_3,2025-10-07 20:30:47.262585,2025-10-08 03:36:47.262585,426,proceed_with_conditions,
7dcd11e3-8fa8-41ff-92df-4d93d8b9052c,VAC-1106,CAND-10106,IT,Выдача оборудования,Task,IT_Specialist_4,2025-10-08 04:36:47.262585,2025-10-08 05:46:47.262585,70,,
7dcd11e3-8fa8-41ff-92df-4d93d8b9052c,VAC-1106,CAND-10106,IT,Создать доступы,Task,IT_Specialist_6,2025-10-08 06:16:47.262585,2025-10-08 09:42:47.262585,206,,
7dcd11e3-8fa8-41ff-92df-4d93d8b9052c,VAC-1106,CAND-10106,IT,HR/Training: Вводное обучение,Service Task,Наталья_1,2025-10-08 11:42:47.262585,2025-10-08 16:42:47.262585,300,,
7dcd11e3-8fa8-41ff-92df-4d93d8b9052c,VAC-1106,CAND-10106,HR,Назначить ментора,Task,Наталья_8,2025-10-08 17:42:47.262585,2025-10-08 18:34:47.262585,52,,
7dcd11e3-8fa8-41ff-92df-4d93d8b9052c,VAC-1106,CAND-10106,HR,Message: уведомить всех,Message,system,2025-10-08 18:54:47.262585,2025-10-08 18:59:47.262585,5,notified,
7dcd11e3-8fa8-41ff-92df-4d93d8b9052c,VAC-1106,CAND-10106,HR,Обновить статус в HCM,Service Task,Наталья_2,2025-10-08 19:29:47.262585,2025-10-08 19:49:47.262585,20,,
7dcd11e3-8fa8-41ff-92df-4d93d8b9052c,VAC-1106,CAND-10106,HR,Payroll / учет,Service Task,Марина_2,2025-10-08 20:19:47.262585,2025-10-08 20:39:47.262585,20,,
7dcd11e3-8fa8-41ff-92df-4d93d8b9052c,VAC-1106,CAND-10106,HR,Закрыть вакансию на порталах,Service Task,Марина_2,2025-10-08 20:59:47.262585,2025-10-08 21:04:47.262585,5,,
7e04cfb6-b304-40f0-aeb8-6a9c12ca36e7,VAC-1048,CAND-10048,РУКОВОДИТЕЛЬ,Создать заявку,User Task,Сидоров_2,2025-10-15 19:38:47.262585,2025-10-15 19:56:47.262585,18,,
7e04cfb6-b304-40f0-aeb8-6a9c12ca36e7,VAC-1048,CAND-10048,HR,Зарегистрировать в HCM,Service Task,Ольга_9,2025-10-15 20:16:47.262585,2025-10-15 20:40:47.262585,24,,
7e04cfb6-b304-40f0-aeb8-6a9c12ca36e7,VAC-1048,CAND-10048,РЕКРУТЕР,Разместить вакансию,Task,Алексей_9,2025-10-15 21:10:47.262585,2025-10-15 22:14:47.262585,64,,
7e04cfb6-b304-40f0-aeb8-6a9c12ca36e7,VAC-1048,CAND-10048,РЕКРУТЕР,Собирать резюме,Task,Екатерина_3,2025-10-15 23:14:47.262585,2025-10-17 22:54:47.262585,2860,,
7e04cfb6-b304-40f0-aeb8-6a9c12ca36e7,VAC-1048,CAND-10048,РЕКРУТЕР,Скрининг,Task,Екатерина_1,2025-10-17 23:57:47.262585,2025-10-18 00:20:47.262585,23,rejected,не прошёл тест
7e521b9a-eead-4a35-bc28-c38d43325a72,VAC-1172,CAND-10172,РУКОВОДИТЕЛЬ,Создать заявку,User Task,Петров_8,2025-08-26 13:35:47.262585,2025-08-26 14:31:47.262585,56,,
7e521b9a-eead-4a35-bc28-c38d43325a72,VAC-1172,CAND-10172,HR,Зарегистрировать в HCM,Service Task,Наталья_9,2025-08-26 14:51:47.262585,2025-08-26 15:13:47.262585,22,,
7e521b9a-eead-4a35-bc28-c38d43325a72,VAC-1172,CAND-10172,РЕКРУТЕР,Разместить вакансию,Task,Дмитрий_8,2025-08-26 15:43:47.262585,2025-08-26 17:25:47.262585,102,,
7e521b9a-eead-4a35-bc28-c38d43325a72,VAC-1172,CAND-10172,РЕКРУТЕР,Собирать резюме,Task,Дмитрий_1,2025-08-26 18:25:47.262585,2025-08-28 10:52:47.262585,2427,,
7e521b9a-eead-4a35-bc28-c38d43325a72,VAC-1172,CAND-10172,РЕКРУТЕР,Скрининг,Task,Алексей_6,2025-08-28 11:31:47.262585,2025-08-28 11:51:47.262585,20,rejected,не соотв. опыту
81db7572-020b-46d7-8ca3-a88a35aaf1a0,VAC-1072,CAND-10072,РУКОВОДИТЕЛЬ,Создать заявку,User Task,Сидоров_4,2025-10-06 17:42:47.262585,2025-10-06 18:32:47.262585,50,,
81db7572-020b-46d7-8ca3-a88a35aaf1a0,VAC-1072,CAND-10072,HR,Зарегистрировать в HCM,Service Task,Марина_3,2025-10-06 18:52:47.262585,2025-10-06 19:10:47.262585,18,,
81db7572-020b-46d7-8ca3-a88a35aaf1a0,VAC-1072,CAND-10072,РЕКРУТЕР,Разместить вакансию,Task,Дмитрий_7,2025-10-06 19:40:47.262585,2025-10-06 21:31:47.262585,111,,
81db7572-020b-46d7-8ca3-a88a35aaf1a0,VAC-1072,CAND-10072,РЕКРУТЕР,Собирать резюме,Task,Дмитрий_8,2025-10-06 22:31:47.262585,2025-10-07 07:33:47.262585,542,,
81db7572-020b-46d7-8ca3-a88a35aaf1a0,VAC-1072,CAND-10072,РЕКРУТЕР,Скрининг,Task,Екатерина_9,2025-10-07 10:32:47.262585,2025-10-07 10:54:47.262585,22,rejected,не прошёл тест
839a35cd-d22d-4881-bd83-a275fd19744e,VAC-1116,CAND-10116,РУКОВОДИТЕЛЬ,Создать заявку,User Task,Петров_9,2025-09-14 15:57:47.262585,2025-09-14 16:25:47.262585,28,,
839a35cd-d22d-4881-bd83-a275fd19744e,VAC-1116,CAND-10116,HR,Зарегистрировать в HCM,Service Task,Марина_1,2025-09-14 16:45:47.262585,2025-09-14 17:10:47.262585,25,,
839a35cd-d22d-4881-bd83-a275fd19744e,VAC-1116,CAND-10116,РЕКРУТЕР,Разместить вакансию,Task,Екатерина_6,2025-09-14 17:40:47.262585,2025-09-14 18:14:47.262585,34,,
839a35cd-d22d-4881-bd83-a275fd19744e,VAC-1116,CAND-10116,РЕКРУТЕР,Собирать резюме,Task,Алексей_4,2025-09-14 19:14:47.262585,2025-09-16 05:39:47.262585,2065,,
839a35cd-d22d-4881-bd83-a275fd19744e,VAC-1116,CAND-10116,РЕКРУТЕР,Скрининг,Task,Дмитрий_7,2025-09-16 06:19:47.262585,2025-09-16 06:50:47.262585,31,rejected,не соотв. опыту
86c4795f-5347-4797-b57d-9889740c4910,VAC-1033,CAND-10033,РУКОВОДИТЕЛЬ,Создать заявку,User Task,Кузнецов_6,2025-09-28 16:16:47.262585,2025-09-28 16:33:47.262585,17,,
86c4795f-5347-4797-b57d-9889740c4910,VAC-1033,CAND-10033,HR,Зарегистрировать в HCM,Service Task,Марина_7,2025-09-28 16:53:47.262585,2025-09-28 17:30:47.262585,37,,
86c4795f-5347-4797-b57d-9889740c4910,VAC-1033,CAND-10033,РЕКРУТЕР,Разместить вакансию,Task,Алексей_5,2025-09-28 18:00:47.262585,2025-09-28 19:52:47.262585,112,,
86c4795f-5347-4797-b57d-9889740c4910,VAC-1033,CAND-10033,РЕКРУТЕР,Собирать резюме,Task,Дмитрий_6,2025-09-28 20:52:47.262585,2025-09-30 17:51:47.262585,2699,,
86c4795f-5347-4797-b57d-9889740c4910,VAC-1033,CAND-10033,РЕКРУТЕР,Скрининг,Task,Екатерина_4,2025-09-30 18:47:47.262585,2025-09-30 19:15:47.262585,28,passed,
86c4795f-5347-4797-b57d-9889740c4910,VAC-1033,CAND-10033,ИНТЕРВЬЮЕРЫ,Назначить интервью,User Task,Андрей_2,2025-09-30 22:15:47.262585,2025-09-30 22:40:47.262585,25,,
86c4795f-5347-4797-b57d-9889740c4910,VAC-1033,CAND-10033,ИНТЕРВЬЮЕРЫ,Интервью (раунд 1),User Task,Анна_4,2025-09-30 23:47:47.262585,2025-10-01 00:46:47.262585,59,passed,
86c4795f-5347-4797-b57d-9889740c4910,VAC-1033,CAND-10033,ИНТЕРВЬЮЕРЫ,Интервью (раунд 2),User Task,Анна_9,2025-10-01 02:00:47.262585,2025-10-01 03:56:47.262585,116,rejected,недостаточно навыков
875f69bb-bcac-4fd8-a046-160322332505,VAC-1147,CAND-10147,РУКОВОДИТЕЛЬ,Создать заявку,User Task,Кузнецов_5,2025-09-22 20:34:47.262585,2025-09-22 20:48:47.262585,14,,
875f69bb-bcac-4fd8-a046-160322332505,VAC-1147,CAND-10147,HR,Зарегистрировать в HCM,Service Task,Марина_6,2025-09-22 21:08:47.262585,2025-09-22 21:39:47.262585,31,,
875f69bb-bcac-4fd8-a046-160322332505,VAC-1147,CAND-10147,РЕКРУТЕР,Разместить вакансию,Task,Алексей_5,2025-09-22 22:09:47.262585,2025-09-22 22:42:47.262585,33,,
875f69bb-bcac-4fd8-a046-160322332505,VAC-1147,CAND-10147,РЕКРУТЕР,Собирать резюме,Task,Алексей_7,2025-09-22 23:42:47.262585,2025-09-24 06:05:47.262585,1823,,
875f69bb-bcac-4fd8-a046-160322332505,VAC-1147,CAND-10147,РЕКРУТЕР,Скрининг,Task,Алексей_6,2025-09-24 08:45:47.262585,2025-09-24 09:17:47.262585,32,passed,
875f69bb-bcac-4fd8-a046-160322332505,VAC-1147,CAND-10147,ИНТЕРВЬЮЕРЫ,Назначить интервью,User Task,Анна_2,2025-09-24 12:17:47.262585,2025-09-24 12:46:47.262585,29,,
875f69bb-bcac-4fd8-a046-160322332505,VAC-1147,CAND-10147,ИНТЕРВЬЮЕРЫ,Интервью (раунд 1),User Task,Анна_1,2025-09-24 14:10:47.262585,2025-09-24 15:53:47.262585,103,passed,
875f69bb-bcac-4fd8-a046-160322332505,VAC-1147,CAND-10147,ИНТЕРВЬЮЕРЫ,Финальное интервью,User Task,Анна_5,2025-09-24 19:53:47.262585,2025-09-24 20:43:47.262585,50,passed,
875f69bb-bcac-4fd8-a046-160322332505,VAC-1147,CAND-10147,HR (ОФФЕР),Согласовать условия,User Task,HR_Manager_3,2025-09-24 23:08:47.262585,2025-09-25 09:29:47.262585,621,,
875f69bb-bcac-4fd8-a046-160322332505,VAC-1147,CAND-10147,HR (ОФФЕР),Сгенерировать оффер,Service Task,HR_Manager_6,2025-09-25 09:49:47.262585,2025-09-25 09:54:47.262585,5,,
875f69bb-bcac-4fd8-a046-160322332505,VAC-1147,CAND-10147,HR (ОФФЕР),Отправить оффер,Send Task,HR_Manager_5,2025-09-25 09:59:47.262585,2025-09-25 10:09:47.262585,10,sent,
875f69bb-bcac-4fd8-a046-160322332505,VAC-1147,CAND-10147,HR (ОФФЕР),Timer: ожидание ответа (дни),Timer,,2025-09-25 10:09:47.262585,2025-09-27 10:09:47.262585,2880,timer_elapsed,
875f69bb-bcac-4fd8-a046-160322332505,VAC-1147,CAND-10147,HR (ОФФЕР),Переговоры / отказ,Task,HR_Manager_1,2025-09-27 12:09:47.262585,2025-09-27 21:42:47.262585,573,rejected,
8937bfff-6f51-4def-b121-1336fa89676c,VAC-1064,CAND-10064,РУКОВОДИТЕЛЬ,Создать заявку,User Task,Сидоров_5,2025-09-17 18:08:47.262585,2025-09-17 18:59:47.262585,51,,
8937bfff-6f51-4def-b121-1336fa89676c,VAC-1064,CAND-10064,HR,Зарегистрировать в HCM,Service Task,Ольга_9,2025-09-17 19:19:47.262585,2025-09-17 19:37:47.262585,18,,
8937bfff-6f51-4def-b121-1336fa89676c,VAC-1064,CAND-10064,РЕКРУТЕР,Разместить вакансию,Task,Дмитрий_2,2025-09-17 20:07:47.262585,2025-09-17 21:30:47.262585,83,,
8937bfff-6f51-4def-b121-1336fa89676c,VAC-1064,CAND-10064,РЕКРУТЕР,Собирать резюме,Task,Дмитрий_4,2025-09-17 22:30:47.262585,2025-09-19 10:33:47.262585,2163,,
8937bfff-6f51-4def-b121-1336fa89676c,VAC-1064,CAND-10064,РЕКРУТЕР,Скрининг,Task,Дмитрий_1,2025-09-19 12:37:47.262585,2025-09-19 12:57:47.262585,20,passed,
8937bfff-6f51-4def-b121-1336fa89676c,VAC-1064,CAND-10064,ИНТЕРВЬЮЕРЫ,Назначить интервью,User Task,Анна_3,2025-09-19 15:57:47.262585,2025-09-19 16:14:47.262585,17,,
8937bfff-6f51-4def-b121-1336fa89676c,VAC-1064,CAND-10064,ИНТЕРВЬЮЕРЫ,Интервью (раунд 1),User Task,Сергей_5,2025-09-19 17:44:47.262585,2025-09-19 19:43:47.262585,119,passed,
8937bfff-6f51-4def-b121-1336fa89676c,VAC-1064,CAND-10064,ИНТЕРВЬЮЕРЫ,Финальное интервью,User Task,Андрей_7,2025-09-19 23:43:47.262585,2025-09-20 00:47:47.262585,64,passed,
8937bfff-6f51-4def-b121-1336fa89676c,VAC-1064,CAND-10064,HR (ОФФЕР),Согласовать условия,User Task,HR_Manager_9,2025-09-20 04:12:47.262585,2025-09-20 10:23:47.262585,371,,
8937bfff-6f51-4def-b121-1336fa89676c,VAC-1064,CAND-10064,HR (ОФФЕР),Сгенерировать оффер,Service Task,HR_Manager_5,2025-09-20 10:43:47.262585,2025-09-20 11:08:47.262585,25,,
8937bfff-6f51-4def-b121-1336fa89676c,VAC-1064,CAND-10064,HR (ОФФЕР),Отправить оффер,Send Task,HR_Manager_8,2025-09-20 11:13:47.262585,2025-09-20 11:23:47.262585,10,sent,
8937bfff-6f51-4def-b121-1336fa89676c,VAC-1064,CAND-10064,HR (ОФФЕР),Timer: ожидание ответа (дни),Timer,,2025-09-20 11:23:47.262585,2025-09-24 11:23:47.262585,5760,timer_elapsed,
8937bfff-6f51-4def-b121-1336fa89676c,VAC-1064,CAND-10064,SECURITY,Background Check,Call Activity,Служба_БД_3,2025-09-24 14:23:47.262585,2025-10-06 15:27:47.262585,17344,report_ready,
8937bfff-6f51-4def-b121-1336fa89676c,VAC-1064,CAND-10064,IT,Выдача оборудования,Task,IT_Specialist_3,2025-10-06 16:27:47.262585,2025-10-06 19:46:47.262585,199,,
8937bfff-6f51-4def-b121-1336fa89676c,VAC-1064,CAND-10064,IT,Создать доступы,Task,IT_Specialist_9,2025-10-06 20:16:47.262585,2025-10-06 23:04:47.262585,168,,
8937bfff-6f51-4def-b121-1336fa89676c,VAC-1064,CAND-10064,IT,HR/Training: Вводное обучение,Service Task,Наталья_1,2025-10-07 01:04:47.262585,2025-10-07 04:21:47.262585,197,,
8937bfff-6f51-4def-b121-1336fa89676c,VAC-1064,CAND-10064,HR,Назначить ментора,Task,Ольга_3,2025-10-07 05:21:47.262585,2025-10-07 05:52:47.262585,31,,
8937bfff-6f51-4def-b121-1336fa89676c,VAC-1064,CAND-10064,HR,Message: уведомить всех,Message,system,2025-10-07 06:12:47.262585,2025-10-07 06:17:47.262585,5,notified,
8937bfff-6f51-4def-b121-1336fa89676c,VAC-1064,CAND-10064,HR,Обновить статус в HCM,Service Task,Марина_4,2025-10-07 06:47:47.262585,2025-10-07 07:07:47.262585,20,,
8937bfff-6f51-4def-b121-1336fa89676c,VAC-1064,CAND-10064,HR,Payroll / учет,Service Task,Наталья_3,2025-10-07 07:37:47.262585,2025-10-07 07:57:47.262585,20,,
8937bfff-6f51-4def-b121-1336fa89676c,VAC-1064,CAND-10064,HR,Закрыть вакансию на порталах,Service Task,Наталья_4,2025-10-07 08:17:47.262585,2025-10-07 08:22:47.262585,5,,
8ac8cef3-1956-4921-8651-9eea89b5f3ad,VAC-1183,CAND-10183,РУКОВОДИТЕЛЬ,Создать заявку,User Task,Сидоров_8,2025-09-30 16:15:47.262585,2025-09-30 17:06:47.262585,51,,
8ac8cef3-1956-4921-8651-9eea89b5f3ad,VAC-1183,CAND-10183,HR,Зарегистрировать в HCM,Service Task,Марина_9,2025-09-30 17:26:47.262585,2025-09-30 17:54:47.262585,28,,
8ac8cef3-1956-4921-8651-9eea89b5f3ad,VAC-1183,CAND-10183,РЕКРУТЕР,Разместить вакансию,Task,Дмитрий_8,2025-09-30 18:24:47.262585,2025-09-30 19:54:47.262585,90,,
8ac8cef3-1956-4921-8651-9eea89b5f3ad,VAC-1183,CAND-10183,РЕКРУТЕР,Собирать резюме,Task,Екатерина_3,2025-09-30 20:54:47.262585,2025-10-01 21:39:47.262585,1485,,
8ac8cef3-1956-4921-8651-9eea89b5f3ad,VAC-1183,CAND-10183,РЕКРУТЕР,Скрининг,Task,Дмитрий_4,2025-10-01 23:27:47.262585,2025-10-01 23:42:47.262585,15,passed,
8ac8cef3-1956-4921-8651-9eea89b5f3ad,VAC-1183,CAND-10183,ИНТЕРВЬЮЕРЫ,Назначить интервью,User Task,Андрей_3,2025-10-02 02:42:47.262585,2025-10-02 03:01:47.262585,19,,
8ac8cef3-1956-4921-8651-9eea89b5f3ad,VAC-1183,CAND-10183,ИНТЕРВЬЮЕРЫ,Интервью (раунд 1),User Task,Андрей_9,2025-10-02 04:19:47.262585,2025-10-02 05:25:47.262585,66,passed,
8ac8cef3-1956-4921-8651-9eea89b5f3ad,VAC-1183,CAND-10183,ИНТЕРВЬЮЕРЫ,Интервью (раунд 2),User Task,Анна_3,2025-10-02 06:21:47.262585,2025-10-02 07:29:47.262585,68,rejected,недостаточно навыков
8ada5aab-a718-46a1-9776-86e71e93e05d,VAC-1098,CAND-10098,РУКОВОДИТЕЛЬ,Создать заявку,User Task,Кузнецов_5,2025-10-06 18:10:47.262585,2025-10-06 18:35:47.262585,25,,
8ada5aab-a718-46a1-9776-86e71e93e05d,VAC-1098,CAND-10098,HR,Зарегистрировать в HCM,Service Task,Ольга_1,2025-10-06 18:55:47.262585,2025-10-06 19:07:47.262585,12,,
8ada5aab-a718-46a1-9776-86e71e93e05d,VAC-1098,CAND-10098,РЕКРУТЕР,Разместить вакансию,Task,Екатерина_9,2025-10-06 19:37:47.262585,2025-10-06 21:01:47.262585,84,,
8ada5aab-a718-46a1-9776-86e71e93e05d,VAC-1098,CAND-10098,РЕКРУТЕР,Собирать резюме,Task,Екатерина_3,2025-10-06 22:01:47.262585,2025-10-08 17:01:47.262585,2580,,
8ada5aab-a718-46a1-9776-86e71e93e05d,VAC-1098,CAND-10098,РЕКРУТЕР,Скрининг,Task,Дмитрий_3,2025-10-08 18:01:47.262585,2025-10-08 18:41:47.262585,40,rejected,не соотв. опыту
8cd59051-7a0e-4aa6-b83f-e73bc2a65288,VAC-1077,CAND-10077,РУКОВОДИТЕЛЬ,Создать заявку,User Task,Кузнецов_9,2025-10-15 11:22:47.262585,2025-10-15 12:18:47.262585,56,,
8cd59051-7a0e-4aa6-b83f-e73bc2a65288,VAC-1077,CAND-10077,HR,Зарегистрировать в HCM,Service Task,Ольга_2,2025-10-15 12:38:47.262585,2025-10-15 12:54:47.262585,16,,
8cd59051-7a0e-4aa6-b83f-e73bc2a65288,VAC-1077,CAND-10077,РЕКРУТЕР,Разместить вакансию,Task,Екатерина_4,2025-10-15 13:24:47.262585,2025-10-15 15:18:47.262585,114,,
8cd59051-7a0e-4aa6-b83f-e73bc2a65288,VAC-1077,CAND-10077,РЕКРУТЕР,Собирать резюме,Task,Алексей_8,2025-10-15 16:18:47.262585,2025-10-16 16:37:47.262585,1459,,
8cd59051-7a0e-4aa6-b83f-e73bc2a65288,VAC-1077,CAND-10077,РЕКРУТЕР,Скрининг,Task,Алексей_8,2025-10-16 18:14:47.262585,2025-10-16 18:35:47.262585,21,rejected,не соотв. опыту
8ce9203c-1ff3-4e99-bb53-19276a6c786a,VAC-1161,CAND-10161,РУКОВОДИТЕЛЬ,Создать заявку,User Task,Петров_5,2025-08-31 16:04:47.262585,2025-08-31 16:43:47.262585,39,,
8ce9203c-1ff3-4e99-bb53-19276a6c786a,VAC-1161,CAND-10161,HR,Зарегистрировать в HCM,Service Task,Ольга_3,2025-08-31 17:03:47.262585,2025-08-31 17:37:47.262585,34,,
8ce9203c-1ff3-4e99-bb53-19276a6c786a,VAC-1161,CAND-10161,РЕКРУТЕР,Разместить вакансию,Task,Алексей_7,2025-08-31 18:07:47.262585,2025-08-31 19:32:47.262585,85,,
8ce9203c-1ff3-4e99-bb53-19276a6c786a,VAC-1161,CAND-10161,РЕКРУТЕР,Собирать резюме,Task,Дмитрий_9,2025-08-31 20:32:47.262585,2025-09-01 07:50:47.262585,678,,
8ce9203c-1ff3-4e99-bb53-19276a6c786a,VAC-1161,CAND-10161,РЕКРУТЕР,Скрининг,Task,Дмитрий_9,2025-09-01 08:38:47.262585,2025-09-01 09:13:47.262585,35,passed,
8ce9203c-1ff3-4e99-bb53-19276a6c786a,VAC-1161,CAND-10161,ИНТЕРВЬЮЕРЫ,Назначить интервью,User Task,Сергей_4,2025-09-01 12:13:47.262585,2025-09-01 12:41:47.262585,28,,
8ce9203c-1ff3-4e99-bb53-19276a6c786a,VAC-1161,CAND-10161,ИНТЕРВЬЮЕРЫ,Интервью (раунд 1),User Task,Сергей_2,2025-09-01 14:11:47.262585,2025-09-01 15:16:47.262585,65,rejected,поведенческий
8ed57c1b-83f8-4769-9657-d5df3e1546eb,VAC-1149,CAND-10149,РУКОВОДИТЕЛЬ,Создать заявку,User Task,Петров_6,2025-09-20 13:15:47.262585,2025-09-20 14:01:47.262585,46,,
8ed57c1b-83f8-4769-9657-d5df3e1546eb,VAC-1149,CAND-10149,HR,Зарегистрировать в HCM,Service Task,Марина_9,2025-09-20 14:21:47.262585,2025-09-20 14:33:47.262585,12,,
8ed57c1b-83f8-4769-9657-d5df3e1546eb,VAC-1149,CAND-10149,РЕКРУТЕР,Разместить вакансию,Task,Алексей_3,2025-09-20 15:03:47.262585,2025-09-20 16:55:47.262585,112,,
8ed57c1b-83f8-4769-9657-d5df3e1546eb,VAC-1149,CAND-10149,РЕКРУТЕР,Собирать резюме,Task,Алексей_1,2025-09-20 17:55:47.262585,2025-09-21 19:35:47.262585,1540,,
8ed57c1b-83f8-4769-9657-d5df3e1546eb,VAC-1149,CAND-10149,РЕКРУТЕР,Скрининг,Task,Дмитрий_7,2025-09-21 21:26:47.262585,2025-09-21 22:04:47.262585,38,passed,
8ed57c1b-83f8-4769-9657-d5df3e1546eb,VAC-1149,CAND-10149,ИНТЕРВЬЮЕРЫ,Назначить интервью,User Task,Анна_5,2025-09-22 01:04:47.262585,2025-09-22 01:37:47.262585,33,,
8ed57c1b-83f8-4769-9657-d5df3e1546eb,VAC-1149,CAND-10149,ИНТЕРВЬЮЕРЫ,Интервью (раунд 1),User Task,Андрей_5,2025-09-22 02:21:47.262585,2025-09-22 03:19:47.262585,58,passed,
8ed57c1b-83f8-4769-9657-d5df3e1546eb,VAC-1149,CAND-10149,ИНТЕРВЬЮЕРЫ,Финальное интервью,User Task,Анна_4,2025-09-22 07:19:47.262585,2025-09-22 09:16:47.262585,117,passed,
8ed57c1b-83f8-4769-9657-d5df3e1546eb,VAC-1149,CAND-10149,HR (ОФФЕР),Согласовать условия,User Task,HR_Manager_2,2025-09-22 11:15:47.262585,2025-09-22 13:41:47.262585,146,,
8ed57c1b-83f8-4769-9657-d5df3e1546eb,VAC-1149,CAND-10149,HR (ОФФЕР),Сгенерировать оффер,Service Task,HR_Manager_3,2025-09-22 14:01:47.262585,2025-09-22 14:28:47.262585,27,,
8ed57c1b-83f8-4769-9657-d5df3e1546eb,VAC-1149,CAND-10149,HR (ОФФЕР),Отправить оффер,Send Task,HR_Manager_6,2025-09-22 14:33:47.262585,2025-09-22 14:43:47.262585,10,sent,
8ed57c1b-83f8-4769-9657-d5df3e1546eb,VAC-1149,CAND-10149,HR (ОФФЕР),Timer: ожидание ответа (дни),Timer,,2025-09-22 14:43:47.262585,2025-09-24 14:43:47.262585,2880,timer_elapsed,
8ed57c1b-83f8-4769-9657-d5df3e1546eb,VAC-1149,CAND-10149,HR (ОФФЕР),Переговоры / отказ,Task,HR_Manager_3,2025-09-24 16:43:47.262585,2025-09-25 02:06:47.262585,563,rejected,
8fe74459-bd3a-42f2-9f3b-a6a0eb2c2878,VAC-1046,CAND-10046,РУКОВОДИТЕЛЬ,Создать заявку,User Task,Иванов_3,2025-10-23 15:57:47.262585,2025-10-23 16:35:47.262585,38,,
8fe74459-bd3a-42f2-9f3b-a6a0eb2c2878,VAC-1046,CAND-10046,HR,Зарегистрировать в HCM,Service Task,Ольга_7,2025-10-23 16:55:47.262585,2025-10-23 17:21:47.262585,26,,
8fe74459-bd3a-42f2-9f3b-a6a0eb2c2878,VAC-1046,CAND-10046,РЕКРУТЕР,Разместить вакансию,Task,Екатерина_5,2025-10-23 17:51:47.262585,2025-10-23 18:51:47.262585,60,,
8fe74459-bd3a-42f2-9f3b-a6a0eb2c2878,VAC-1046,CAND-10046,РЕКРУТЕР,Собирать резюме,Task,Алексей_1,2025-10-23 19:51:47.262585,2025-10-24 16:53:47.262585,1262,,
8fe74459-bd3a-42f2-9f3b-a6a0eb2c2878,VAC-1046,CAND-10046,РЕКРУТЕР,Скрининг,Task,Екатерина_7,2025-10-24 18:10:47.262585,2025-10-24 18:35:47.262585,25,rejected,не соотв. опыту
90fee411-ff2b-4ef4-a0f0-3fa7798758fb,VAC-1148,CAND-10148,РУКОВОДИТЕЛЬ,Создать заявку,User Task,Иванов_9,2025-10-03 15:30:47.262585,2025-10-03 16:04:47.262585,34,,
90fee411-ff2b-4ef4-a0f0-3fa7798758fb,VAC-1148,CAND-10148,HR,Зарегистрировать в HCM,Service Task,Ольга_4,2025-10-03 16:24:47.262585,2025-10-03 17:04:47.262585,40,,
90fee411-ff2b-4ef4-a0f0-3fa7798758fb,VAC-1148,CAND-10148,РЕКРУТЕР,Разместить вакансию,Task,Дмитрий_7,2025-10-03 17:34:47.262585,2025-10-03 18:13:47.262585,39,,
90fee411-ff2b-4ef4-a0f0-3fa7798758fb,VAC-1148,CAND-10148,РЕКРУТЕР,Собирать резюме,Task,Алексей_7,2025-10-03 19:13:47.262585,2025-10-04 08:35:47.262585,802,,
90fee411-ff2b-4ef4-a0f0-3fa7798758fb,VAC-1148,CAND-10148,РЕКРУТЕР,Скрининг,Task,Екатерина_4,2025-10-04 11:18:47.262585,2025-10-04 11:58:47.262585,40,passed,
90fee411-ff2b-4ef4-a0f0-3fa7798758fb,VAC-1148,CAND-10148,ИНТЕРВЬЮЕРЫ,Назначить интервью,User Task,Андрей_7,2025-10-04 14:58:47.262585,2025-10-04 15:26:47.262585,28,,
90fee411-ff2b-4ef4-a0f0-3fa7798758fb,VAC-1148,CAND-10148,ИНТЕРВЬЮЕРЫ,Интервью (раунд 1),User Task,Андрей_3,2025-10-04 16:28:47.262585,2025-10-04 18:10:47.262585,102,passed,
90fee411-ff2b-4ef4-a0f0-3fa7798758fb,VAC-1148,CAND-10148,ИНТЕРВЬЮЕРЫ,Интервью (раунд 2),User Task,Сергей_9,2025-10-04 19:39:47.262585,2025-10-04 20:49:47.262585,70,rejected,недостаточно навыков
919c5d85-c161-4a09-9460-60469225ef20,VAC-1070,CAND-10070,РУКОВОДИТЕЛЬ,Создать заявку,User Task,Иванов_3,2025-10-01 19:46:47.262585,2025-10-01 20:25:47.262585,39,,
919c5d85-c161-4a09-9460-60469225ef20,VAC-1070,CAND-10070,HR,Зарегистрировать в HCM,Service Task,Наталья_7,2025-10-01 20:45:47.262585,2025-10-01 21:04:47.262585,19,,
919c5d85-c161-4a09-9460-60469225ef20,VAC-1070,CAND-10070,РЕКРУТЕР,Разместить вакансию,Task,Екатерина_7,2025-10-01 21:34:47.262585,2025-10-01 22:36:47.262585,62,,
919c5d85-c161-4a09-9460-60469225ef20,VAC-1070,CAND-10070,РЕКРУТЕР,Собирать резюме,Task,Дмитрий_6,2025-10-01 23:36:47.262585,2025-10-03 02:05:47.262585,1589,,
919c5d85-c161-4a09-9460-60469225ef20,VAC-1070,CAND-10070,РЕКРУТЕР,Скрининг,Task,Екатерина_3,2025-10-03 04:25:47.262585,2025-10-03 05:01:47.262585,36,passed,
919c5d85-c161-4a09-9460-60469225ef20,VAC-1070,CAND-10070,ИНТЕРВЬЮЕРЫ,Назначить интервью,User Task,Анна_4,2025-10-03 08:01:47.262585,2025-10-03 08:30:47.262585,29,,
919c5d85-c161-4a09-9460-60469225ef20,VAC-1070,CAND-10070,ИНТЕРВЬЮЕРЫ,Интервью (раунд 1),User Task,Сергей_8,2025-10-03 09:12:47.262585,2025-10-03 10:47:47.262585,95,rejected,культурный профиль
939e1327-3644-48f0-8f72-abef21259070,VAC-1010,CAND-10010,РУКОВОДИТЕЛЬ,Создать заявку,User Task,Сидоров_1,2025-09-15 21:06:47.262585,2025-09-15 21:41:47.262585,35,,
939e1327-3644-48f0-8f72-abef21259070,VAC-1010,CAND-10010,HR,Зарегистрировать в HCM,Service Task,Ольга_3,2025-09-15 22:01:47.262585,2025-09-15 22:14:47.262585,13,,
939e1327-3644-48f0-8f72-abef21259070,VAC-1010,CAND-10010,РЕКРУТЕР,Разместить вакансию,Task,Дмитрий_1,2025-09-15 22:44:47.262585,2025-09-16 00:18:47.262585,94,,
939e1327-3644-48f0-8f72-abef21259070,VAC-1010,CAND-10010,РЕКРУТЕР,Собирать резюме,Task,Екатерина_7,2025-09-16 01:18:47.262585,2025-09-16 12:42:47.262585,684,,
939e1327-3644-48f0-8f72-abef21259070,VAC-1010,CAND-10010,РЕКРУТЕР,Скрининг,Task,Дмитрий_7,2025-09-16 14:40:47.262585,2025-09-16 15:13:47.262585,33,passed,
939e1327-3644-48f0-8f72-abef21259070,VAC-1010,CAND-10010,ИНТЕРВЬЮЕРЫ,Назначить интервью,User Task,Андрей_7,2025-09-16 18:13:47.262585,2025-09-16 18:39:47.262585,26,,
939e1327-3644-48f0-8f72-abef21259070,VAC-1010,CAND-10010,ИНТЕРВЬЮЕРЫ,Интервью (раунд 1),User Task,Сергей_1,2025-09-16 19:23:47.262585,2025-09-16 20:40:47.262585,77,passed,
939e1327-3644-48f0-8f72-abef21259070,VAC-1010,CAND-10010,ИНТЕРВЬЮЕРЫ,Интервью (раунд 2),User Task,Анна_4,2025-09-16 22:06:47.262585,2025-09-16 23:59:47.262585,113,rejected,поведенческий
94bbc2e3-4096-4922-956a-027809e50d5c,VAC-1019,CAND-10019,РУКОВОДИТЕЛЬ,Создать заявку,User Task,Иванов_3,2025-09-24 12:10:47.262585,2025-09-24 13:00:47.262585,50,,
94bbc2e3-4096-4922-956a-027809e50d5c,VAC-1019,CAND-10019,HR,Зарегистрировать в HCM,Service Task,Марина_5,2025-09-24 13:20:47.262585,2025-09-24 13:34:47.262585,14,,
94bbc2e3-4096-4922-956a-027809e50d5c,VAC-1019,CAND-10019,РЕКРУТЕР,Разместить вакансию,Task,Алексей_2,2025-09-24 14:04:47.262585,2025-09-24 14:34:47.262585,30,,
94bbc2e3-4096-4922-956a-027809e50d5c,VAC-1019,CAND-10019,РЕКРУТЕР,Собирать резюме,Task,Дмитрий_4,2025-09-24 15:34:47.262585,2025-09-26 09:39:47.262585,2525,,
94bbc2e3-4096-4922-956a-027809e50d5c,VAC-1019,CAND-10019,РЕКРУТЕР,Скрининг,Task,Дмитрий_8,2025-09-26 12:22:47.262585,2025-09-26 12:44:47.262585,22,passed,
94bbc2e3-4096-4922-956a-027809e50d5c,VAC-1019,CAND-10019,ИНТЕРВЬЮЕРЫ,Назначить интервью,User Task,Сергей_5,2025-09-26 15:44:47.262585,2025-09-26 16:12:47.262585,28,,
94bbc2e3-4096-4922-956a-027809e50d5c,VAC-1019,CAND-10019,ИНТЕРВЬЮЕРЫ,Интервью (раунд 1),User Task,Андрей_4,2025-09-26 16:39:47.262585,2025-09-26 17:36:47.262585,57,rejected,поведенческий
9593fd3d-c9ce-4745-b3b9-eb2a5579bb1d,VAC-1195,CAND-10195,РУКОВОДИТЕЛЬ,Создать заявку,User Task,Кузнецов_7,2025-08-25 18:54:47.262585,2025-08-25 19:06:47.262585,12,,
9593fd3d-c9ce-4745-b3b9-eb2a5579bb1d,VAC-1195,CAND-10195,HR,Зарегистрировать в HCM,Service Task,Марина_7,2025-08-25 19:26:47.262585,2025-08-25 19:54:47.262585,28,,
9593fd3d-c9ce-4745-b3b9-eb2a5579bb1d,VAC-1195,CAND-10195,РЕКРУТЕР,Разместить вакансию,Task,Алексей_8,2025-08-25 20:24:47.262585,2025-08-25 21:18:47.262585,54,,
9593fd3d-c9ce-4745-b3b9-eb2a5579bb1d,VAC-1195,CAND-10195,РЕКРУТЕР,Собирать резюме,Task,Алексей_6,2025-08-25 22:18:47.262585,2025-08-27 18:26:47.262585,2648,,
9593fd3d-c9ce-4745-b3b9-eb2a5579bb1d,VAC-1195,CAND-10195,РЕКРУТЕР,Скрининг,Task,Дмитрий_6,2025-08-27 20:32:47.262585,2025-08-27 21:00:47.262585,28,passed,
9593fd3d-c9ce-4745-b3b9-eb2a5579bb1d,VAC-1195,CAND-10195,ИНТЕРВЬЮЕРЫ,Назначить интервью,User Task,Сергей_2,2025-08-28 00:00:47.262585,2025-08-28 00:35:47.262585,35,,
9593fd3d-c9ce-4745-b3b9-eb2a5579bb1d,VAC-1195,CAND-10195,ИНТЕРВЬЮЕРЫ,Интервью (раунд 1),User Task,Анна_6,2025-08-28 01:21:47.262585,2025-08-28 02:49:47.262585,88,passed,
9593fd3d-c9ce-4745-b3b9-eb2a5579bb1d,VAC-1195,CAND-10195,ИНТЕРВЬЮЕРЫ,Интервью (раунд 2),User Task,Сергей_4,2025-08-28 03:30:47.262585,2025-08-28 04:53:47.262585,83,passed,
9593fd3d-c9ce-4745-b3b9-eb2a5579bb1d,VAC-1195,CAND-10195,ИНТЕРВЬЮЕРЫ,Финальное интервью,User Task,Андрей_9,2025-08-28 08:53:47.262585,2025-08-28 10:41:47.262585,108,passed,
9593fd3d-c9ce-4745-b3b9-eb2a5579bb1d,VAC-1195,CAND-10195,HR (ОФФЕР),Согласовать условия,User Task,HR_Manager_1,2025-08-28 12:35:47.262585,2025-08-28 19:29:47.262585,414,,
9593fd3d-c9ce-4745-b3b9-eb2a5579bb1d,VAC-1195,CAND-10195,HR (ОФФЕР),Сгенерировать оффер,Service Task,HR_Manager_4,2025-08-28 19:49:47.262585,2025-08-28 20:03:47.262585,14,,
9593fd3d-c9ce-4745-b3b9-eb2a5579bb1d,VAC-1195,CAND-10195,HR (ОФФЕР),Отправить оффер,Send Task,HR_Manager_2,2025-08-28 20:08:47.262585,2025-08-28 20:18:47.262585,10,sent,
9593fd3d-c9ce-4745-b3b9-eb2a5579bb1d,VAC-1195,CAND-10195,HR (ОФФЕР),Timer: ожидание ответа (дни),Timer,,2025-08-28 20:18:47.262585,2025-08-31 20:18:47.262585,4320,timer_elapsed,
9593fd3d-c9ce-4745-b3b9-eb2a5579bb1d,VAC-1195,CAND-10195,SECURITY,Background Check,Call Activity,Служба_БД_7,2025-08-31 23:18:47.262585,2025-09-10 09:58:47.262585,13600,report_ready,
9593fd3d-c9ce-4745-b3b9-eb2a5579bb1d,VAC-1195,CAND-10195,IT,Выдача оборудования,Task,IT_Specialist_5,2025-09-10 10:58:47.262585,2025-09-10 15:21:47.262585,263,,
9593fd3d-c9ce-4745-b3b9-eb2a5579bb1d,VAC-1195,CAND-10195,IT,Создать доступы,Task,IT_Specialist_7,2025-09-10 15:51:47.262585,2025-09-10 18:30:47.262585,159,,
9593fd3d-c9ce-4745-b3b9-eb2a5579bb1d,VAC-1195,CAND-10195,IT,HR/Training: Вводное обучение,Service Task,Марина_6,2025-09-10 20:30:47.262585,2025-09-11 05:09:47.262585,519,,
9593fd3d-c9ce-4745-b3b9-eb2a5579bb1d,VAC-1195,CAND-10195,HR,Назначить ментора,Task,Ольга_7,2025-09-11 06:09:47.262585,2025-09-11 07:30:47.262585,81,,
9593fd3d-c9ce-4745-b3b9-eb2a5579bb1d,VAC-1195,CAND-10195,HR,Message: уведомить всех,Message,system,2025-09-11 07:50:47.262585,2025-09-11 07:55:47.262585,5,notified,
9593fd3d-c9ce-4745-b3b9-eb2a5579bb1d,VAC-1195,CAND-10195,HR,Обновить статус в HCM,Service Task,Ольга_9,2025-09-11 08:25:47.262585,2025-09-11 08:45:47.262585,20,,
9593fd3d-c9ce-4745-b3b9-eb2a5579bb1d,VAC-1195,CAND-10195,HR,Payroll / учет,Service Task,Ольга_9,2025-09-11 09:15:47.262585,2025-09-11 09:35:47.262585,20,,
9593fd3d-c9ce-4745-b3b9-eb2a5579bb1d,VAC-1195,CAND-10195,HR,Закрыть вакансию на порталах,Service Task,Наталья_1,2025-09-11 09:55:47.262585,2025-09-11 10:00:47.262585,5,,
95ae4dc6-a32e-4c47-b775-b0c0c46ea139,VAC-1037,CAND-10037,РУКОВОДИТЕЛЬ,Создать заявку,User Task,Иванов_8,2025-09-30 19:24:47.262585,2025-09-30 20:21:47.262585,57,,
95ae4dc6-a32e-4c47-b775-b0c0c46ea139,VAC-1037,CAND-10037,HR,Зарегистрировать в HCM,Service Task,Марина_4,2025-09-30 20:41:47.262585,2025-09-30 21:20:47.262585,39,,
95ae4dc6-a32e-4c47-b775-b0c0c46ea139,VAC-1037,CAND-10037,РЕКРУТЕР,Разместить вакансию,Task,Екатерина_8,2025-09-30 21:50:47.262585,2025-09-30 22:51:47.262585,61,,
95ae4dc6-a32e-4c47-b775-b0c0c46ea139,VAC-1037,CAND-10037,РЕКРУТЕР,Собирать резюме,Task,Алексей_1,2025-09-30 23:51:47.262585,2025-10-02 14:04:47.262585,2293,,
95ae4dc6-a32e-4c47-b775-b0c0c46ea139,VAC-1037,CAND-10037,РЕКРУТЕР,Скрининг,Task,Дмитрий_2,2025-10-02 16:29:47.262585,2025-10-02 16:42:47.262585,13,passed,
95ae4dc6-a32e-4c47-b775-b0c0c46ea139,VAC-1037,CAND-10037,ИНТЕРВЬЮЕРЫ,Назначить интервью,User Task,Андрей_4,2025-10-02 19:42:47.262585,2025-10-02 19:57:47.262585,15,,
95ae4dc6-a32e-4c47-b775-b0c0c46ea139,VAC-1037,CAND-10037,ИНТЕРВЬЮЕРЫ,Интервью (раунд 1),User Task,Андрей_6,2025-10-02 21:13:47.262585,2025-10-02 23:05:47.262585,112,passed,
95ae4dc6-a32e-4c47-b775-b0c0c46ea139,VAC-1037,CAND-10037,ИНТЕРВЬЮЕРЫ,Интервью (раунд 2),User Task,Сергей_1,2025-10-03 00:12:47.262585,2025-10-03 01:33:47.262585,81,passed,
95ae4dc6-a32e-4c47-b775-b0c0c46ea139,VAC-1037,CAND-10037,ИНТЕРВЬЮЕРЫ,Финальное интервью,User Task,Андрей_9,2025-10-03 05:33:47.262585,2025-10-03 07:00:47.262585,87,passed,
95ae4dc6-a32e-4c47-b775-b0c0c46ea139,VAC-1037,CAND-10037,HR (ОФФЕР),Согласовать условия,User Task,HR_Manager_5,2025-10-03 10:53:47.262585,2025-10-03 19:28:47.262585,515,,
95ae4dc6-a32e-4c47-b775-b0c0c46ea139,VAC-1037,CAND-10037,HR (ОФФЕР),Сгенерировать оффер,Service Task,HR_Manager_6,2025-10-03 19:48:47.262585,2025-10-03 20:16:47.262585,28,,
95ae4dc6-a32e-4c47-b775-b0c0c46ea139,VAC-1037,CAND-10037,HR (ОФФЕР),Отправить оффер,Send Task,HR_Manager_3,2025-10-03 20:21:47.262585,2025-10-03 20:31:47.262585,10,sent,
95ae4dc6-a32e-4c47-b775-b0c0c46ea139,VAC-1037,CAND-10037,HR (ОФФЕР),Timer: ожидание ответа (дни),Timer,,2025-10-03 20:31:47.262585,2025-10-06 20:31:47.262585,4320,timer_elapsed,
95ae4dc6-a32e-4c47-b775-b0c0c46ea139,VAC-1037,CAND-10037,SECURITY,Background Check,Call Activity,Служба_БД_3,2025-10-06 23:31:47.262585,2025-10-17 10:39:47.262585,15068,report_ready,
95ae4dc6-a32e-4c47-b775-b0c0c46ea139,VAC-1037,CAND-10037,IT,Выдача оборудования,Task,IT_Specialist_5,2025-10-17 11:39:47.262585,2025-10-17 16:39:47.262585,300,,
95ae4dc6-a32e-4c47-b775-b0c0c46ea139,VAC-1037,CAND-10037,IT,Создать доступы,Task,IT_Specialist_6,2025-10-17 17:09:47.262585,2025-10-17 20:02:47.262585,173,,
95ae4dc6-a32e-4c47-b775-b0c0c46ea139,VAC-1037,CAND-10037,IT,HR/Training: Вводное обучение,Service Task,Наталья_9,2025-10-17 22:02:47.262585,2025-10-18 07:58:47.262585,596,,
95ae4dc6-a32e-4c47-b775-b0c0c46ea139,VAC-1037,CAND-10037,HR,Назначить ментора,Task,Марина_7,2025-10-18 08:58:47.262585,2025-10-18 09:51:47.262585,53,,
95ae4dc6-a32e-4c47-b775-b0c0c46ea139,VAC-1037,CAND-10037,HR,Message: уведомить всех,Message,system,2025-10-18 10:11:47.262585,2025-10-18 10:16:47.262585,5,notified,
95ae4dc6-a32e-4c47-b775-b0c0c46ea139,VAC-1037,CAND-10037,HR,Обновить статус в HCM,Service Task,Марина_6,2025-10-18 10:46:47.262585,2025-10-18 11:06:47.262585,20,,
95ae4dc6-a32e-4c47-b775-b0c0c46ea139,VAC-1037,CAND-10037,HR,Payroll / учет,Service Task,Наталья_6,2025-10-18 11:36:47.262585,2025-10-18 11:56:47.262585,20,,
95ae4dc6-a32e-4c47-b775-b0c0c46ea139,VAC-1037,CAND-10037,HR,Закрыть вакансию на порталах,Service Task,Ольга_3,2025-10-18 12:16:47.262585,2025-10-18 12:21:47.262585,5,,
9615cbd3-43b3-4d63-a8f0-9c82bf7d7555,VAC-1107,CAND-10107,РУКОВОДИТЕЛЬ,Создать заявку,User Task,Кузнецов_5,2025-10-20 15:15:47.262585,2025-10-20 15:39:47.262585,24,,
9615cbd3-43b3-4d63-a8f0-9c82bf7d7555,VAC-1107,CAND-10107,HR,Зарегистрировать в HCM,Service Task,Ольга_1,2025-10-20 15:59:47.262585,2025-10-20 16:17:47.262585,18,,
9615cbd3-43b3-4d63-a8f0-9c82bf7d7555,VAC-1107,CAND-10107,РЕКРУТЕР,Разместить вакансию,Task,Алексей_1,2025-10-20 16:47:47.262585,2025-10-20 17:19:47.262585,32,,
9615cbd3-43b3-4d63-a8f0-9c82bf7d7555,VAC-1107,CAND-10107,РЕКРУТЕР,Собирать резюме,Task,Дмитрий_6,2025-10-20 18:19:47.262585,2025-10-21 18:09:47.262585,1430,,
9615cbd3-43b3-4d63-a8f0-9c82bf7d7555,VAC-1107,CAND-10107,РЕКРУТЕР,Скрининг,Task,Алексей_2,2025-10-21 20:28:47.262585,2025-10-21 21:01:47.262585,33,rejected,не соотв. опыту
98839b67-bd0f-44a8-a2fa-c284a2c99cb0,VAC-1067,CAND-10067,РУКОВОДИТЕЛЬ,Создать заявку,User Task,Иванов_2,2025-09-12 21:26:47.262585,2025-09-12 21:41:47.262585,15,,
98839b67-bd0f-44a8-a2fa-c284a2c99cb0,VAC-1067,CAND-10067,HR,Зарегистрировать в HCM,Service Task,Ольга_7,2025-09-12 22:01:47.262585,2025-09-12 22:23:47.262585,22,,
98839b67-bd0f-44a8-a2fa-c284a2c99cb0,VAC-1067,CAND-10067,РЕКРУТЕР,Разместить вакансию,Task,Дмитрий_1,2025-09-12 22:53:47.262585,2025-09-13 00:23:47.262585,90,,
98839b67-bd0f-44a8-a2fa-c284a2c99cb0,VAC-1067,CAND-10067,РЕКРУТЕР,Собирать резюме,Task,Алексей_3,2025-09-13 01:23:47.262585,2025-09-15 00:51:47.262585,2848,,
98839b67-bd0f-44a8-a2fa-c284a2c99cb0,VAC-1067,CAND-10067,РЕКРУТЕР,Скрининг,Task,Дмитрий_6,2025-09-15 01:42:47.262585,2025-09-15 02:07:47.262585,25,passed,
98839b67-bd0f-44a8-a2fa-c284a2c99cb0,VAC-1067,CAND-10067,ИНТЕРВЬЮЕРЫ,Назначить интервью,User Task,Андрей_9,2025-09-15 05:07:47.262585,2025-09-15 05:44:47.262585,37,,
98839b67-bd0f-44a8-a2fa-c284a2c99cb0,VAC-1067,CAND-10067,ИНТЕРВЬЮЕРЫ,Интервью (раунд 1),User Task,Анна_8,2025-09-15 06:33:47.262585,2025-09-15 07:45:47.262585,72,rejected,поведенческий
9888383e-83c6-4cce-ae37-3c424c842d31,VAC-1198,CAND-10198,РУКОВОДИТЕЛЬ,Создать заявку,User Task,Кузнецов_5,2025-09-04 13:51:47.262585,2025-09-04 14:29:47.262585,38,,
9888383e-83c6-4cce-ae37-3c424c842d31,VAC-1198,CAND-10198,HR,Зарегистрировать в HCM,Service Task,Марина_1,2025-09-04 14:49:47.262585,2025-09-04 15:26:47.262585,37,,
9888383e-83c6-4cce-ae37-3c424c842d31,VAC-1198,CAND-10198,РЕКРУТЕР,Разместить вакансию,Task,Екатерина_6,2025-09-04 15:56:47.262585,2025-09-04 17:18:47.262585,82,,
9888383e-83c6-4cce-ae37-3c424c842d31,VAC-1198,CAND-10198,РЕКРУТЕР,Собирать резюме,Task,Дмитрий_9,2025-09-04 18:18:47.262585,2025-09-05 06:00:47.262585,702,,
9888383e-83c6-4cce-ae37-3c424c842d31,VAC-1198,CAND-10198,РЕКРУТЕР,Скрининг,Task,Екатерина_4,2025-09-05 08:18:47.262585,2025-09-05 08:43:47.262585,25,rejected,не соотв. опыту
9a1308a8-3a2a-43dd-8ff8-1792d6e946aa,VAC-1017,CAND-10017,РУКОВОДИТЕЛЬ,Создать заявку,User Task,Сидоров_5,2025-09-06 16:25:47.262585,2025-09-06 16:51:47.262585,26,,
9a1308a8-3a2a-43dd-8ff8-1792d6e946aa,VAC-1017,CAND-10017,HR,Зарегистрировать в HCM,Service Task,Марина_5,2025-09-06 17:11:47.262585,2025-09-06 17:49:47.262585,38,,
9a1308a8-3a2a-43dd-8ff8-1792d6e946aa,VAC-1017,CAND-10017,РЕКРУТЕР,Разместить вакансию,Task,Алексей_9,2025-09-06 18:19:47.262585,2025-09-06 19:50:47.262585,91,,
9a1308a8-3a2a-43dd-8ff8-1792d6e946aa,VAC-1017,CAND-10017,РЕКРУТЕР,Собирать резюме,Task,Алексей_4,2025-09-06 20:50:47.262585,2025-09-07 13:52:47.262585,1022,,
9a1308a8-3a2a-43dd-8ff8-1792d6e946aa,VAC-1017,CAND-10017,РЕКРУТЕР,Скрининг,Task,Екатерина_4,2025-09-07 16:06:47.262585,2025-09-07 16:31:47.262585,25,passed,
9a1308a8-3a2a-43dd-8ff8-1792d6e946aa,VAC-1017,CAND-10017,ИНТЕРВЬЮЕРЫ,Назначить интервью,User Task,Анна_8,2025-09-07 19:31:47.262585,2025-09-07 20:01:47.262585,30,,
9a1308a8-3a2a-43dd-8ff8-1792d6e946aa,VAC-1017,CAND-10017,ИНТЕРВЬЮЕРЫ,Интервью (раунд 1),User Task,Сергей_4,2025-09-07 20:23:47.262585,2025-09-07 21:19:47.262585,56,passed,
9a1308a8-3a2a-43dd-8ff8-1792d6e946aa,VAC-1017,CAND-10017,ИНТЕРВЬЮЕРЫ,Интервью (раунд 2),User Task,Анна_9,2025-09-07 22:18:47.262585,2025-09-08 00:17:47.262585,119,passed,
9a1308a8-3a2a-43dd-8ff8-1792d6e946aa,VAC-1017,CAND-10017,ИНТЕРВЬЮЕРЫ,Финальное интервью,User Task,Анна_9,2025-09-08 04:17:47.262585,2025-09-08 05:46:47.262585,89,passed,
9a1308a8-3a2a-43dd-8ff8-1792d6e946aa,VAC-1017,CAND-10017,HR (ОФФЕР),Согласовать условия,User Task,HR_Manager_5,2025-09-08 08:10:47.262585,2025-09-08 16:10:47.262585,480,,
9a1308a8-3a2a-43dd-8ff8-1792d6e946aa,VAC-1017,CAND-10017,HR (ОФФЕР),Сгенерировать оффер,Service Task,HR_Manager_4,2025-09-08 16:30:47.262585,2025-09-08 16:44:47.262585,14,,
9a1308a8-3a2a-43dd-8ff8-1792d6e946aa,VAC-1017,CAND-10017,HR (ОФФЕР),Отправить оффер,Send Task,HR_Manager_4,2025-09-08 16:49:47.262585,2025-09-08 16:59:47.262585,10,sent,
9a1308a8-3a2a-43dd-8ff8-1792d6e946aa,VAC-1017,CAND-10017,HR (ОФФЕР),Timer: ожидание ответа (дни),Timer,,2025-09-08 16:59:47.262585,2025-09-11 16:59:47.262585,4320,timer_elapsed,
9a1308a8-3a2a-43dd-8ff8-1792d6e946aa,VAC-1017,CAND-10017,SECURITY,Background Check,Call Activity,Служба_БД_4,2025-09-11 19:59:47.262585,2025-09-20 22:18:47.262585,13099,report_ready,
9a1308a8-3a2a-43dd-8ff8-1792d6e946aa,VAC-1017,CAND-10017,IT,Выдача оборудования,Task,IT_Specialist_9,2025-09-20 23:18:47.262585,2025-09-21 02:21:47.262585,183,,
9a1308a8-3a2a-43dd-8ff8-1792d6e946aa,VAC-1017,CAND-10017,IT,Создать доступы,Task,IT_Specialist_2,2025-09-21 02:51:47.262585,2025-09-21 05:53:47.262585,182,,
9a1308a8-3a2a-43dd-8ff8-1792d6e946aa,VAC-1017,CAND-10017,IT,HR/Training: Вводное обучение,Service Task,Ольга_4,2025-09-21 07:53:47.262585,2025-09-21 12:32:47.262585,279,,
9a1308a8-3a2a-43dd-8ff8-1792d6e946aa,VAC-1017,CAND-10017,HR,Назначить ментора,Task,Наталья_5,2025-09-21 13:32:47.262585,2025-09-21 15:34:47.262585,122,,
9a1308a8-3a2a-43dd-8ff8-1792d6e946aa,VAC-1017,CAND-10017,HR,Message: уведомить всех,Message,system,2025-09-21 15:54:47.262585,2025-09-21 15:59:47.262585,5,notified,
9a1308a8-3a2a-43dd-8ff8-1792d6e946aa,VAC-1017,CAND-10017,HR,Обновить статус в HCM,Service Task,Наталья_9,2025-09-21 16:29:47.262585,2025-09-21 16:49:47.262585,20,,
9a1308a8-3a2a-43dd-8ff8-1792d6e946aa,VAC-1017,CAND-10017,HR,Payroll / учет,Service Task,Наталья_5,2025-09-21 17:19:47.262585,2025-09-21 17:39:47.262585,20,,
9a1308a8-3a2a-43dd-8ff8-1792d6e946aa,VAC-1017,CAND-10017,HR,Закрыть вакансию на порталах,Service Task,Наталья_1,2025-09-21 17:59:47.262585,2025-09-21 18:04:47.262585,5,,
9a237d34-9a1d-4e54-93ce-77b2ffb53d76,VAC-1047,CAND-10047,РУКОВОДИТЕЛЬ,Создать заявку,User Task,Петров_5,2025-09-09 15:19:47.262585,2025-09-09 15:57:47.262585,38,,
9a237d34-9a1d-4e54-93ce-77b2ffb53d76,VAC-1047,CAND-10047,HR,Зарегистрировать в HCM,Service Task,Ольга_4,2025-09-09 16:17:47.262585,2025-09-09 16:49:47.262585,32,,
9a237d34-9a1d-4e54-93ce-77b2ffb53d76,VAC-1047,CAND-10047,РЕКРУТЕР,Разместить вакансию,Task,Алексей_2,2025-09-09 17:19:47.262585,2025-09-09 17:54:47.262585,35,,
9a237d34-9a1d-4e54-93ce-77b2ffb53d76,VAC-1047,CAND-10047,РЕКРУТЕР,Собирать резюме,Task,Алексей_8,2025-09-09 18:54:47.262585,2025-09-11 05:45:47.262585,2091,,
9a237d34-9a1d-4e54-93ce-77b2ffb53d76,VAC-1047,CAND-10047,РЕКРУТЕР,Скрининг,Task,Екатерина_6,2025-09-11 06:37:47.262585,2025-09-11 07:12:47.262585,35,passed,
9a237d34-9a1d-4e54-93ce-77b2ffb53d76,VAC-1047,CAND-10047,ИНТЕРВЬЮЕРЫ,Назначить интервью,User Task,Андрей_9,2025-09-11 10:12:47.262585,2025-09-11 10:44:47.262585,32,,
9a237d34-9a1d-4e54-93ce-77b2ffb53d76,VAC-1047,CAND-10047,ИНТЕРВЬЮЕРЫ,Интервью (раунд 1),User Task,Анна_3,2025-09-11 11:42:47.262585,2025-09-11 12:47:47.262585,65,passed,
9a237d34-9a1d-4e54-93ce-77b2ffb53d76,VAC-1047,CAND-10047,ИНТЕРВЬЮЕРЫ,Интервью (раунд 2),User Task,Андрей_3,2025-09-11 13:53:47.262585,2025-09-11 15:43:47.262585,110,passed,
9a237d34-9a1d-4e54-93ce-77b2ffb53d76,VAC-1047,CAND-10047,ИНТЕРВЬЮЕРЫ,Финальное интервью,User Task,Андрей_6,2025-09-11 19:43:47.262585,2025-09-11 20:58:47.262585,75,passed,
9a237d34-9a1d-4e54-93ce-77b2ffb53d76,VAC-1047,CAND-10047,HR (ОФФЕР),Согласовать условия,User Task,HR_Manager_8,2025-09-12 00:19:47.262585,2025-09-12 12:05:47.262585,706,,
9a237d34-9a1d-4e54-93ce-77b2ffb53d76,VAC-1047,CAND-10047,HR (ОФФЕР),Сгенерировать оффер,Service Task,HR_Manager_2,2025-09-12 12:25:47.262585,2025-09-12 12:55:47.262585,30,,
9a237d34-9a1d-4e54-93ce-77b2ffb53d76,VAC-1047,CAND-10047,HR (ОФФЕР),Отправить оффер,Send Task,HR_Manager_5,2025-09-12 13:00:47.262585,2025-09-12 13:10:47.262585,10,sent,
9a237d34-9a1d-4e54-93ce-77b2ffb53d76,VAC-1047,CAND-10047,HR (ОФФЕР),Timer: ожидание ответа (дни),Timer,,2025-09-12 13:10:47.262585,2025-09-16 13:10:47.262585,5760,timer_elapsed,
9a237d34-9a1d-4e54-93ce-77b2ffb53d76,VAC-1047,CAND-10047,HR (ОФФЕР),Переговоры / отказ,Task,HR_Manager_7,2025-09-16 15:10:47.262585,2025-09-17 00:20:47.262585,550,rejected,
9a947997-8c22-417a-9203-7cb7a68ed52b,VAC-1135,CAND-10135,РУКОВОДИТЕЛЬ,Создать заявку,User Task,Кузнецов_8,2025-09-11 18:08:47.262585,2025-09-11 18:18:47.262585,10,,
9a947997-8c22-417a-9203-7cb7a68ed52b,VAC-1135,CAND-10135,HR,Зарегистрировать в HCM,Service Task,Наталья_7,2025-09-11 18:38:47.262585,2025-09-11 18:57:47.262585,19,,
9a947997-8c22-417a-9203-7cb7a68ed52b,VAC-1135,CAND-10135,РЕКРУТЕР,Разместить вакансию,Task,Екатерина_4,2025-09-11 19:27:47.262585,2025-09-11 20:24:47.262585,57,,
9a947997-8c22-417a-9203-7cb7a68ed52b,VAC-1135,CAND-10135,РЕКРУТЕР,Собирать резюме,Task,Екатерина_6,2025-09-11 21:24:47.262585,2025-09-12 01:53:47.262585,269,,
9a947997-8c22-417a-9203-7cb7a68ed52b,VAC-1135,CAND-10135,РЕКРУТЕР,Скрининг,Task,Екатерина_7,2025-09-12 03:11:47.262585,2025-09-12 03:34:47.262585,23,passed,
9a947997-8c22-417a-9203-7cb7a68ed52b,VAC-1135,CAND-10135,ИНТЕРВЬЮЕРЫ,Назначить интервью,User Task,Анна_7,2025-09-12 06:34:47.262585,2025-09-12 06:49:47.262585,15,,
9a947997-8c22-417a-9203-7cb7a68ed52b,VAC-1135,CAND-10135,ИНТЕРВЬЮЕРЫ,Интервью (раунд 1),User Task,Анна_4,2025-09-12 07:37:47.262585,2025-09-12 08:55:47.262585,78,passed,
9a947997-8c22-417a-9203-7cb7a68ed52b,VAC-1135,CAND-10135,ИНТЕРВЬЮЕРЫ,Интервью (раунд 2),User Task,Анна_9,2025-09-12 10:21:47.262585,2025-09-12 11:40:47.262585,79,passed,
9a947997-8c22-417a-9203-7cb7a68ed52b,VAC-1135,CAND-10135,ИНТЕРВЬЮЕРЫ,Интервью (раунд 3),User Task,Андрей_3,2025-09-12 12:34:47.262585,2025-09-12 14:11:47.262585,97,passed,
9a947997-8c22-417a-9203-7cb7a68ed52b,VAC-1135,CAND-10135,ИНТЕРВЬЮЕРЫ,Финальное интервью,User Task,Анна_8,2025-09-12 18:11:47.262585,2025-09-12 19:13:47.262585,62,passed,
9a947997-8c22-417a-9203-7cb7a68ed52b,VAC-1135,CAND-10135,HR (ОФФЕР),Согласовать условия,User Task,HR_Manager_8,2025-09-12 22:51:47.262585,2025-09-13 08:34:47.262585,583,,
9a947997-8c22-417a-9203-7cb7a68ed52b,VAC-1135,CAND-10135,HR (ОФФЕР),Сгенерировать оффер,Service Task,HR_Manager_1,2025-09-13 08:54:47.262585,2025-09-13 09:05:47.262585,11,,
9a947997-8c22-417a-9203-7cb7a68ed52b,VAC-1135,CAND-10135,HR (ОФФЕР),Отправить оффер,Send Task,HR_Manager_1,2025-09-13 09:10:47.262585,2025-09-13 09:20:47.262585,10,sent,
9a947997-8c22-417a-9203-7cb7a68ed52b,VAC-1135,CAND-10135,HR (ОФФЕР),Timer: ожидание ответа (дни),Timer,,2025-09-13 09:20:47.262585,2025-09-14 09:20:47.262585,1440,timer_elapsed,
9a947997-8c22-417a-9203-7cb7a68ed52b,VAC-1135,CAND-10135,SECURITY,Background Check,Call Activity,Служба_БД_5,2025-09-14 12:20:47.262585,2025-09-18 16:15:47.262585,5995,report_ready,
9a947997-8c22-417a-9203-7cb7a68ed52b,VAC-1135,CAND-10135,IT,Выдача оборудования,Task,IT_Specialist_4,2025-09-18 17:15:47.262585,2025-09-18 20:07:47.262585,172,,
9a947997-8c22-417a-9203-7cb7a68ed52b,VAC-1135,CAND-10135,IT,Создать доступы,Task,IT_Specialist_1,2025-09-18 20:37:47.262585,2025-09-18 21:30:47.262585,53,,
9a947997-8c22-417a-9203-7cb7a68ed52b,VAC-1135,CAND-10135,IT,HR/Training: Вводное обучение,Service Task,Наталья_6,2025-09-18 23:30:47.262585,2025-09-19 06:42:47.262585,432,,
9a947997-8c22-417a-9203-7cb7a68ed52b,VAC-1135,CAND-10135,HR,Назначить ментора,Task,Ольга_8,2025-09-19 07:42:47.262585,2025-09-19 09:59:47.262585,137,,
9a947997-8c22-417a-9203-7cb7a68ed52b,VAC-1135,CAND-10135,HR,Message: уведомить всех,Message,system,2025-09-19 10:19:47.262585,2025-09-19 10:24:47.262585,5,notified,
9a947997-8c22-417a-9203-7cb7a68ed52b,VAC-1135,CAND-10135,HR,Обновить статус в HCM,Service Task,Ольга_8,2025-09-19 10:54:47.262585,2025-09-19 11:14:47.262585,20,,
9a947997-8c22-417a-9203-7cb7a68ed52b,VAC-1135,CAND-10135,HR,Payroll / учет,Service Task,Марина_1,2025-09-19 11:44:47.262585,2025-09-19 12:04:47.262585,20,,
9a947997-8c22-417a-9203-7cb7a68ed52b,VAC-1135,CAND-10135,HR,Закрыть вакансию на порталах,Service Task,Ольга_2,2025-09-19 12:24:47.262585,2025-09-19 12:29:47.262585,5,,
9b0bfc13-d8b3-475b-b628-f83ad63f124c,VAC-1021,CAND-10021,РУКОВОДИТЕЛЬ,Создать заявку,User Task,Петров_6,2025-09-14 16:16:47.262585,2025-09-14 16:32:47.262585,16,,
9b0bfc13-d8b3-475b-b628-f83ad63f124c,VAC-1021,CAND-10021,HR,Зарегистрировать в HCM,Service Task,Марина_8,2025-09-14 16:52:47.262585,2025-09-14 17:15:47.262585,23,,
9b0bfc13-d8b3-475b-b628-f83ad63f124c,VAC-1021,CAND-10021,РЕКРУТЕР,Разместить вакансию,Task,Екатерина_7,2025-09-14 17:45:47.262585,2025-09-14 18:41:47.262585,56,,
9b0bfc13-d8b3-475b-b628-f83ad63f124c,VAC-1021,CAND-10021,РЕКРУТЕР,Собирать резюме,Task,Алексей_8,2025-09-14 19:41:47.262585,2025-09-16 13:14:47.262585,2493,,
9b0bfc13-d8b3-475b-b628-f83ad63f124c,VAC-1021,CAND-10021,РЕКРУТЕР,Скрининг,Task,Дмитрий_6,2025-09-16 14:06:47.262585,2025-09-16 14:26:47.262585,20,passed,
9b0bfc13-d8b3-475b-b628-f83ad63f124c,VAC-1021,CAND-10021,ИНТЕРВЬЮЕРЫ,Назначить интервью,User Task,Сергей_9,2025-09-16 17:26:47.262585,2025-09-16 18:00:47.262585,34,,
9b0bfc13-d8b3-475b-b628-f83ad63f124c,VAC-1021,CAND-10021,ИНТЕРВЬЮЕРЫ,Интервью (раунд 1),User Task,Андрей_4,2025-09-16 18:20:47.262585,2025-09-16 20:14:47.262585,114,passed,
9b0bfc13-d8b3-475b-b628-f83ad63f124c,VAC-1021,CAND-10021,ИНТЕРВЬЮЕРЫ,Интервью (раунд 2),User Task,Сергей_8,2025-09-16 21:40:47.262585,2025-09-16 23:11:47.262585,91,passed,
9b0bfc13-d8b3-475b-b628-f83ad63f124c,VAC-1021,CAND-10021,ИНТЕРВЬЮЕРЫ,Интервью (раунд 3),User Task,Андрей_5,2025-09-16 23:37:47.262585,2025-09-17 00:48:47.262585,71,passed,
9b0bfc13-d8b3-475b-b628-f83ad63f124c,VAC-1021,CAND-10021,ИНТЕРВЬЮЕРЫ,Финальное интервью,User Task,Сергей_2,2025-09-17 04:48:47.262585,2025-09-17 06:29:47.262585,101,rejected,финал не пройден
9c78d186-d453-41fa-b5e1-b91da764e7b4,VAC-1133,CAND-10133,РУКОВОДИТЕЛЬ,Создать заявку,User Task,Сидоров_7,2025-10-03 13:29:47.262585,2025-10-03 13:49:47.262585,20,,
9c78d186-d453-41fa-b5e1-b91da764e7b4,VAC-1133,CAND-10133,HR,Зарегистрировать в HCM,Service Task,Марина_7,2025-10-03 14:09:47.262585,2025-10-03 14:39:47.262585,30,,
9c78d186-d453-41fa-b5e1-b91da764e7b4,VAC-1133,CAND-10133,РЕКРУТЕР,Разместить вакансию,Task,Алексей_3,2025-10-03 15:09:47.262585,2025-10-03 15:38:47.262585,29,,
9c78d186-d453-41fa-b5e1-b91da764e7b4,VAC-1133,CAND-10133,РЕКРУТЕР,Собирать резюме,Task,Алексей_6,2025-10-03 16:38:47.262585,2025-10-04 20:05:47.262585,1647,,
9c78d186-d453-41fa-b5e1-b91da764e7b4,VAC-1133,CAND-10133,РЕКРУТЕР,Скрининг,Task,Дмитрий_5,2025-10-04 21:56:47.262585,2025-10-04 22:26:47.262585,30,passed,
9c78d186-d453-41fa-b5e1-b91da764e7b4,VAC-1133,CAND-10133,ИНТЕРВЬЮЕРЫ,Назначить интервью,User Task,Сергей_8,2025-10-05 01:26:47.262585,2025-10-05 01:48:47.262585,22,,
9c78d186-d453-41fa-b5e1-b91da764e7b4,VAC-1133,CAND-10133,ИНТЕРВЬЮЕРЫ,Интервью (раунд 1),User Task,Сергей_7,2025-10-05 02:54:47.262585,2025-10-05 04:54:47.262585,120,passed,
9c78d186-d453-41fa-b5e1-b91da764e7b4,VAC-1133,CAND-10133,ИНТЕРВЬЮЕРЫ,Интервью (раунд 2),User Task,Андрей_4,2025-10-05 05:35:47.262585,2025-10-05 06:43:47.262585,68,rejected,культурный профиль
9f3104e9-83e0-43b7-8ea6-8d8742d427d5,VAC-1122,CAND-10122,РУКОВОДИТЕЛЬ,Создать заявку,User Task,Петров_8,2025-09-01 17:44:47.262585,2025-09-01 18:05:47.262585,21,,
9f3104e9-83e0-43b7-8ea6-8d8742d427d5,VAC-1122,CAND-10122,HR,Зарегистрировать в HCM,Service Task,Ольга_1,2025-09-01 18:25:47.262585,2025-09-01 19:05:47.262585,40,,
9f3104e9-83e0-43b7-8ea6-8d8742d427d5,VAC-1122,CAND-10122,РЕКРУТЕР,Разместить вакансию,Task,Дмитрий_4,2025-09-01 19:35:47.262585,2025-09-01 20:23:47.262585,48,,
9f3104e9-83e0-43b7-8ea6-8d8742d427d5,VAC-1122,CAND-10122,РЕКРУТЕР,Собирать резюме,Task,Дмитрий_6,2025-09-01 21:23:47.262585,2025-09-02 05:40:47.262585,497,,
9f3104e9-83e0-43b7-8ea6-8d8742d427d5,VAC-1122,CAND-10122,РЕКРУТЕР,Скрининг,Task,Екатерина_4,2025-09-02 07:09:47.262585,2025-09-02 07:20:47.262585,11,passed,
9f3104e9-83e0-43b7-8ea6-8d8742d427d5,VAC-1122,CAND-10122,ИНТЕРВЬЮЕРЫ,Назначить интервью,User Task,Сергей_7,2025-09-02 10:20:47.262585,2025-09-02 10:55:47.262585,35,,
9f3104e9-83e0-43b7-8ea6-8d8742d427d5,VAC-1122,CAND-10122,ИНТЕРВЬЮЕРЫ,Интервью (раунд 1),User Task,Анна_6,2025-09-02 12:13:47.262585,2025-09-02 13:03:47.262585,50,passed,
9f3104e9-83e0-43b7-8ea6-8d8742d427d5,VAC-1122,CAND-10122,ИНТЕРВЬЮЕРЫ,Интервью (раунд 2),User Task,Сергей_5,2025-09-02 13:36:47.262585,2025-09-02 15:27:47.262585,111,passed,
9f3104e9-83e0-43b7-8ea6-8d8742d427d5,VAC-1122,CAND-10122,ИНТЕРВЬЮЕРЫ,Финальное интервью,User Task,Андрей_7,2025-09-02 19:27:47.262585,2025-09-02 21:26:47.262585,119,passed,
9f3104e9-83e0-43b7-8ea6-8d8742d427d5,VAC-1122,CAND-10122,HR (ОФФЕР),Согласовать условия,User Task,HR_Manager_2,2025-09-03 01:13:47.262585,2025-09-03 09:40:47.262585,507,,
9f3104e9-83e0-43b7-8ea6-8d8742d427d5,VAC-1122,CAND-10122,HR (ОФФЕР),Сгенерировать оффер,Service Task,HR_Manager_7,2025-09-03 10:00:47.262585,2025-09-03 10:21:47.262585,21,,
9f3104e9-83e0-43b7-8ea6-8d8742d427d5,VAC-1122,CAND-10122,HR (ОФФЕР),Отправить оффер,Send Task,HR_Manager_9,2025-09-03 10:26:47.262585,2025-09-03 10:36:47.262585,10,sent,
9f3104e9-83e0-43b7-8ea6-8d8742d427d5,VAC-1122,CAND-10122,HR (ОФФЕР),Timer: ожидание ответа (дни),Timer,,2025-09-03 10:36:47.262585,2025-09-07 10:36:47.262585,5760,timer_elapsed,
9f3104e9-83e0-43b7-8ea6-8d8742d427d5,VAC-1122,CAND-10122,SECURITY,Background Check,Call Activity,Служба_БД_8,2025-09-07 13:36:47.262585,2025-09-20 10:32:47.262585,18536,report_ready,
9f3104e9-83e0-43b7-8ea6-8d8742d427d5,VAC-1122,CAND-10122,IT,Выдача оборудования,Task,IT_Specialist_9,2025-09-20 11:32:47.262585,2025-09-20 16:19:47.262585,287,,
9f3104e9-83e0-43b7-8ea6-8d8742d427d5,VAC-1122,CAND-10122,IT,Создать доступы,Task,IT_Specialist_3,2025-09-20 16:49:47.262585,2025-09-20 17:54:47.262585,65,,
9f3104e9-83e0-43b7-8ea6-8d8742d427d5,VAC-1122,CAND-10122,IT,HR/Training: Вводное обучение,Service Task,Наталья_9,2025-09-20 19:54:47.262585,2025-09-21 00:51:47.262585,297,,
9f3104e9-83e0-43b7-8ea6-8d8742d427d5,VAC-1122,CAND-10122,HR,Назначить ментора,Task,Наталья_3,2025-09-21 01:51:47.262585,2025-09-21 03:32:47.262585,101,,
9f3104e9-83e0-43b7-8ea6-8d8742d427d5,VAC-1122,CAND-10122,HR,Message: уведомить всех,Message,system,2025-09-21 03:52:47.262585,2025-09-21 03:57:47.262585,5,notified,
9f3104e9-83e0-43b7-8ea6-8d8742d427d5,VAC-1122,CAND-10122,HR,Обновить статус в HCM,Service Task,Наталья_3,2025-09-21 04:27:47.262585,2025-09-21 04:47:47.262585,20,,
9f3104e9-83e0-43b7-8ea6-8d8742d427d5,VAC-1122,CAND-10122,HR,Payroll / учет,Service Task,Ольга_2,2025-09-21 05:17:47.262585,2025-09-21 05:37:47.262585,20,,
9f3104e9-83e0-43b7-8ea6-8d8742d427d5,VAC-1122,CAND-10122,HR,Закрыть вакансию на порталах,Service Task,Марина_4,2025-09-21 05:57:47.262585,2025-09-21 06:02:47.262585,5,,
9f6a8e45-c98f-4025-b393-198bb2833c81,VAC-1153,CAND-10153,РУКОВОДИТЕЛЬ,Создать заявку,User Task,Кузнецов_5,2025-09-19 14:53:47.262585,2025-09-19 15:49:47.262585,56,,
9f6a8e45-c98f-4025-b393-198bb2833c81,VAC-1153,CAND-10153,HR,Зарегистрировать в HCM,Service Task,Наталья_2,2025-09-19 16:09:47.262585,2025-09-19 16:39:47.262585,30,,
9f6a8e45-c98f-4025-b393-198bb2833c81,VAC-1153,CAND-10153,РЕКРУТЕР,Разместить вакансию,Task,Алексей_1,2025-09-19 17:09:47.262585,2025-09-19 17:45:47.262585,36,,
9f6a8e45-c98f-4025-b393-198bb2833c81,VAC-1153,CAND-10153,РЕКРУТЕР,Собирать резюме,Task,Дмитрий_1,2025-09-19 18:45:47.262585,2025-09-21 17:15:47.262585,2790,,
9f6a8e45-c98f-4025-b393-198bb2833c81,VAC-1153,CAND-10153,РЕКРУТЕР,Скрининг,Task,Дмитрий_9,2025-09-21 19:42:47.262585,2025-09-21 20:07:47.262585,25,rejected,не прошёл тест
a069f780-3e3b-4b61-a92b-bff551ded341,VAC-1097,CAND-10097,РУКОВОДИТЕЛЬ,Создать заявку,User Task,Сидоров_5,2025-09-06 14:00:47.262585,2025-09-06 14:54:47.262585,54,,
a069f780-3e3b-4b61-a92b-bff551ded341,VAC-1097,CAND-10097,HR,Зарегистрировать в HCM,Service Task,Наталья_2,2025-09-06 15:14:47.262585,2025-09-06 15:33:47.262585,19,,
a069f780-3e3b-4b61-a92b-bff551ded341,VAC-1097,CAND-10097,РЕКРУТЕР,Разместить вакансию,Task,Дмитрий_9,2025-09-06 16:03:47.262585,2025-09-06 16:29:47.262585,26,,
a069f780-3e3b-4b61-a92b-bff551ded341,VAC-1097,CAND-10097,РЕКРУТЕР,Собирать резюме,Task,Алексей_1,2025-09-06 17:29:47.262585,2025-09-08 06:59:47.262585,2250,,
a069f780-3e3b-4b61-a92b-bff551ded341,VAC-1097,CAND-10097,РЕКРУТЕР,Скрининг,Task,Дмитрий_2,2025-09-08 09:01:47.262585,2025-09-08 09:11:47.262585,10,passed,
a069f780-3e3b-4b61-a92b-bff551ded341,VAC-1097,CAND-10097,ИНТЕРВЬЮЕРЫ,Назначить интервью,User Task,Анна_8,2025-09-08 12:11:47.262585,2025-09-08 12:42:47.262585,31,,
a069f780-3e3b-4b61-a92b-bff551ded341,VAC-1097,CAND-10097,ИНТЕРВЬЮЕРЫ,Интервью (раунд 1),User Task,Сергей_2,2025-09-08 13:05:47.262585,2025-09-08 14:16:47.262585,71,passed,
a069f780-3e3b-4b61-a92b-bff551ded341,VAC-1097,CAND-10097,ИНТЕРВЬЮЕРЫ,Финальное интервью,User Task,Сергей_7,2025-09-08 18:16:47.262585,2025-09-08 20:01:47.262585,105,passed,
a069f780-3e3b-4b61-a92b-bff551ded341,VAC-1097,CAND-10097,HR (ОФФЕР),Согласовать условия,User Task,HR_Manager_2,2025-09-08 23:01:47.262585,2025-09-09 09:21:47.262585,620,,
a069f780-3e3b-4b61-a92b-bff551ded341,VAC-1097,CAND-10097,HR (ОФФЕР),Сгенерировать оффер,Service Task,HR_Manager_3,2025-09-09 09:41:47.262585,2025-09-09 10:06:47.262585,25,,
a069f780-3e3b-4b61-a92b-bff551ded341,VAC-1097,CAND-10097,HR (ОФФЕР),Отправить оффер,Send Task,HR_Manager_7,2025-09-09 10:11:47.262585,2025-09-09 10:21:47.262585,10,sent,
a069f780-3e3b-4b61-a92b-bff551ded341,VAC-1097,CAND-10097,HR (ОФФЕР),Timer: ожидание ответа (дни),Timer,,2025-09-09 10:21:47.262585,2025-09-12 10:21:47.262585,4320,timer_elapsed,
a069f780-3e3b-4b61-a92b-bff551ded341,VAC-1097,CAND-10097,SECURITY,Background Check,Call Activity,Служба_БД_8,2025-09-12 13:21:47.262585,2025-09-16 01:32:47.262585,5051,report_ready,
a069f780-3e3b-4b61-a92b-bff551ded341,VAC-1097,CAND-10097,IT,Выдача оборудования,Task,IT_Specialist_1,2025-09-16 02:32:47.262585,2025-09-16 04:29:47.262585,117,,
a069f780-3e3b-4b61-a92b-bff551ded341,VAC-1097,CAND-10097,IT,Создать доступы,Task,IT_Specialist_2,2025-09-16 04:59:47.262585,2025-09-16 06:07:47.262585,68,,
a069f780-3e3b-4b61-a92b-bff551ded341,VAC-1097,CAND-10097,IT,HR/Training: Вводное обучение,Service Task,Ольга_9,2025-09-16 08:07:47.262585,2025-09-16 16:49:47.262585,522,,
a069f780-3e3b-4b61-a92b-bff551ded341,VAC-1097,CAND-10097,HR,Назначить ментора,Task,Марина_4,2025-09-16 17:49:47.262585,2025-09-16 20:04:47.262585,135,,
a069f780-3e3b-4b61-a92b-bff551ded341,VAC-1097,CAND-10097,HR,Message: уведомить всех,Message,system,2025-09-16 20:24:47.262585,2025-09-16 20:29:47.262585,5,notified,
a069f780-3e3b-4b61-a92b-bff551ded341,VAC-1097,CAND-10097,HR,Обновить статус в HCM,Service Task,Марина_1,2025-09-16 20:59:47.262585,2025-09-16 21:19:47.262585,20,,
a069f780-3e3b-4b61-a92b-bff551ded341,VAC-1097,CAND-10097,HR,Payroll / учет,Service Task,Ольга_9,2025-09-16 21:49:47.262585,2025-09-16 22:09:47.262585,20,,
a069f780-3e3b-4b61-a92b-bff551ded341,VAC-1097,CAND-10097,HR,Закрыть вакансию на порталах,Service Task,Ольга_9,2025-09-16 22:29:47.262585,2025-09-16 22:34:47.262585,5,,
a07a7e25-1ae7-4470-a5aa-3b56009e6bf9,VAC-1053,CAND-10053,РУКОВОДИТЕЛЬ,Создать заявку,User Task,Сидоров_9,2025-08-30 16:57:47.262585,2025-08-30 17:57:47.262585,60,,
a07a7e25-1ae7-4470-a5aa-3b56009e6bf9,VAC-1053,CAND-10053,HR,Зарегистрировать в HCM,Service Task,Ольга_3,2025-08-30 18:17:47.262585,2025-08-30 18:57:47.262585,40,,
a07a7e25-1ae7-4470-a5aa-3b56009e6bf9,VAC-1053,CAND-10053,РЕКРУТЕР,Разместить вакансию,Task,Екатерина_9,2025-08-30 19:27:47.262585,2025-08-30 20:12:47.262585,45,,
a07a7e25-1ae7-4470-a5aa-3b56009e6bf9,VAC-1053,CAND-10053,РЕКРУТЕР,Собирать резюме,Task,Екатерина_1,2025-08-30 21:12:47.262585,2025-09-01 04:36:47.262585,1884,,
a07a7e25-1ae7-4470-a5aa-3b56009e6bf9,VAC-1053,CAND-10053,РЕКРУТЕР,Скрининг,Task,Алексей_6,2025-09-01 05:17:47.262585,2025-09-01 05:28:47.262585,11,rejected,не прошёл тест
a23dc4cb-5c7e-47f6-af19-86a0ee50c6d7,VAC-1012,CAND-10012,РУКОВОДИТЕЛЬ,Создать заявку,User Task,Иванов_8,2025-09-08 18:13:47.262585,2025-09-08 19:12:47.262585,59,,
a23dc4cb-5c7e-47f6-af19-86a0ee50c6d7,VAC-1012,CAND-10012,HR,Зарегистрировать в HCM,Service Task,Марина_4,2025-09-08 19:32:47.262585,2025-09-08 19:55:47.262585,23,,
a23dc4cb-5c7e-47f6-af19-86a0ee50c6d7,VAC-1012,CAND-10012,РЕКРУТЕР,Разместить вакансию,Task,Екатерина_7,2025-09-08 20:25:47.262585,2025-09-08 22:16:47.262585,111,,
a23dc4cb-5c7e-47f6-af19-86a0ee50c6d7,VAC-1012,CAND-10012,РЕКРУТЕР,Собирать резюме,Task,Дмитрий_4,2025-09-08 23:16:47.262585,2025-09-10 13:00:47.262585,2264,,
a23dc4cb-5c7e-47f6-af19-86a0ee50c6d7,VAC-1012,CAND-10012,РЕКРУТЕР,Скрининг,Task,Екатерина_1,2025-09-10 14:07:47.262585,2025-09-10 14:37:47.262585,30,rejected,не соотв. опыту
a3353f63-123c-4ec0-8531-4d1eb701ae87,VAC-1056,CAND-10056,РУКОВОДИТЕЛЬ,Создать заявку,User Task,Сидоров_4,2025-09-23 13:49:47.262585,2025-09-23 14:16:47.262585,27,,
a3353f63-123c-4ec0-8531-4d1eb701ae87,VAC-1056,CAND-10056,HR,Зарегистрировать в HCM,Service Task,Ольга_5,2025-09-23 14:36:47.262585,2025-09-23 15:16:47.262585,40,,
a3353f63-123c-4ec0-8531-4d1eb701ae87,VAC-1056,CAND-10056,РЕКРУТЕР,Разместить вакансию,Task,Алексей_8,2025-09-23 15:46:47.262585,2025-09-23 17:36:47.262585,110,,
a3353f63-123c-4ec0-8531-4d1eb701ae87,VAC-1056,CAND-10056,РЕКРУТЕР,Собирать резюме,Task,Дмитрий_6,2025-09-23 18:36:47.262585,2025-09-24 20:14:47.262585,1538,,
a3353f63-123c-4ec0-8531-4d1eb701ae87,VAC-1056,CAND-10056,РЕКРУТЕР,Скрининг,Task,Екатерина_5,2025-09-24 23:07:47.262585,2025-09-24 23:46:47.262585,39,passed,
a3353f63-123c-4ec0-8531-4d1eb701ae87,VAC-1056,CAND-10056,ИНТЕРВЬЮЕРЫ,Назначить интервью,User Task,Анна_9,2025-09-25 02:46:47.262585,2025-09-25 03:14:47.262585,28,,
a3353f63-123c-4ec0-8531-4d1eb701ae87,VAC-1056,CAND-10056,ИНТЕРВЬЮЕРЫ,Интервью (раунд 1),User Task,Андрей_5,2025-09-25 04:24:47.262585,2025-09-25 05:53:47.262585,89,rejected,недостаточно навыков
a5fa1cea-6efd-42b9-8117-8ef690e6007f,VAC-1025,CAND-10025,РУКОВОДИТЕЛЬ,Создать заявку,User Task,Сидоров_4,2025-08-26 19:38:47.262585,2025-08-26 20:03:47.262585,25,,
a5fa1cea-6efd-42b9-8117-8ef690e6007f,VAC-1025,CAND-10025,HR,Зарегистрировать в HCM,Service Task,Наталья_7,2025-08-26 20:23:47.262585,2025-08-26 20:56:47.262585,33,,
a5fa1cea-6efd-42b9-8117-8ef690e6007f,VAC-1025,CAND-10025,РЕКРУТЕР,Разместить вакансию,Task,Екатерина_2,2025-08-26 21:26:47.262585,2025-08-26 21:58:47.262585,32,,
a5fa1cea-6efd-42b9-8117-8ef690e6007f,VAC-1025,CAND-10025,РЕКРУТЕР,Собирать резюме,Task,Алексей_5,2025-08-26 22:58:47.262585,2025-08-28 09:15:47.262585,2057,,
a5fa1cea-6efd-42b9-8117-8ef690e6007f,VAC-1025,CAND-10025,РЕКРУТЕР,Скрининг,Task,Дмитрий_1,2025-08-28 09:52:47.262585,2025-08-28 10:03:47.262585,11,passed,
a5fa1cea-6efd-42b9-8117-8ef690e6007f,VAC-1025,CAND-10025,ИНТЕРВЬЮЕРЫ,Назначить интервью,User Task,Сергей_3,2025-08-28 13:03:47.262585,2025-08-28 13:24:47.262585,21,,
a5fa1cea-6efd-42b9-8117-8ef690e6007f,VAC-1025,CAND-10025,ИНТЕРВЬЮЕРЫ,Интервью (раунд 1),User Task,Андрей_3,2025-08-28 14:36:47.262585,2025-08-28 16:33:47.262585,117,passed,
a5fa1cea-6efd-42b9-8117-8ef690e6007f,VAC-1025,CAND-10025,ИНТЕРВЬЮЕРЫ,Финальное интервью,User Task,Сергей_4,2025-08-28 20:33:47.262585,2025-08-28 21:40:47.262585,67,passed,
a5fa1cea-6efd-42b9-8117-8ef690e6007f,VAC-1025,CAND-10025,HR (ОФФЕР),Согласовать условия,User Task,HR_Manager_4,2025-08-29 00:47:47.262585,2025-08-29 12:44:47.262585,717,,
a5fa1cea-6efd-42b9-8117-8ef690e6007f,VAC-1025,CAND-10025,HR (ОФФЕР),Сгенерировать оффер,Service Task,HR_Manager_8,2025-08-29 13:04:47.262585,2025-08-29 13:23:47.262585,19,,
a5fa1cea-6efd-42b9-8117-8ef690e6007f,VAC-1025,CAND-10025,HR (ОФФЕР),Отправить оффер,Send Task,HR_Manager_1,2025-08-29 13:28:47.262585,2025-08-29 13:38:47.262585,10,sent,
a5fa1cea-6efd-42b9-8117-8ef690e6007f,VAC-1025,CAND-10025,HR (ОФФЕР),Timer: ожидание ответа (дни),Timer,,2025-08-29 13:38:47.262585,2025-09-02 13:38:47.262585,5760,timer_elapsed,
a5fa1cea-6efd-42b9-8117-8ef690e6007f,VAC-1025,CAND-10025,HR (ОФФЕР),Переговоры / отказ,Task,HR_Manager_2,2025-09-02 15:38:47.262585,2025-09-03 01:57:47.262585,619,rejected,
a600d3d8-c5ec-46b8-982e-4b8f6f30fa20,VAC-1016,CAND-10016,РУКОВОДИТЕЛЬ,Создать заявку,User Task,Петров_8,2025-09-01 18:16:47.262585,2025-09-01 18:33:47.262585,17,,
a600d3d8-c5ec-46b8-982e-4b8f6f30fa20,VAC-1016,CAND-10016,HR,Зарегистрировать в HCM,Service Task,Ольга_6,2025-09-01 18:53:47.262585,2025-09-01 19:25:47.262585,32,,
a600d3d8-c5ec-46b8-982e-4b8f6f30fa20,VAC-1016,CAND-10016,РЕКРУТЕР,Разместить вакансию,Task,Екатерина_2,2025-09-01 19:55:47.262585,2025-09-01 20:36:47.262585,41,,
a600d3d8-c5ec-46b8-982e-4b8f6f30fa20,VAC-1016,CAND-10016,РЕКРУТЕР,Собирать резюме,Task,Дмитрий_2,2025-09-01 21:36:47.262585,2025-09-02 12:46:47.262585,910,,
a600d3d8-c5ec-46b8-982e-4b8f6f30fa20,VAC-1016,CAND-10016,РЕКРУТЕР,Скрининг,Task,Дмитрий_7,2025-09-02 15:44:47.262585,2025-09-02 15:54:47.262585,10,passed,
a600d3d8-c5ec-46b8-982e-4b8f6f30fa20,VAC-1016,CAND-10016,ИНТЕРВЬЮЕРЫ,Назначить интервью,User Task,Андрей_2,2025-09-02 18:54:47.262585,2025-09-02 19:26:47.262585,32,,
a600d3d8-c5ec-46b8-982e-4b8f6f30fa20,VAC-1016,CAND-10016,ИНТЕРВЬЮЕРЫ,Интервью (раунд 1),User Task,Сергей_2,2025-09-02 20:17:47.262585,2025-09-02 21:15:47.262585,58,passed,
a600d3d8-c5ec-46b8-982e-4b8f6f30fa20,VAC-1016,CAND-10016,ИНТЕРВЬЮЕРЫ,Интервью (раунд 2),User Task,Анна_6,2025-09-02 21:40:47.262585,2025-09-02 23:09:47.262585,89,passed,
a600d3d8-c5ec-46b8-982e-4b8f6f30fa20,VAC-1016,CAND-10016,ИНТЕРВЬЮЕРЫ,Финальное интервью,User Task,Сергей_1,2025-09-03 03:09:47.262585,2025-09-03 04:02:47.262585,53,passed,
a600d3d8-c5ec-46b8-982e-4b8f6f30fa20,VAC-1016,CAND-10016,HR (ОФФЕР),Согласовать условия,User Task,HR_Manager_2,2025-09-03 08:39:47.262585,2025-09-03 17:49:47.262585,550,,
a600d3d8-c5ec-46b8-982e-4b8f6f30fa20,VAC-1016,CAND-10016,HR (ОФФЕР),Сгенерировать оффер,Service Task,HR_Manager_8,2025-09-03 18:09:47.262585,2025-09-03 18:27:47.262585,18,,
a600d3d8-c5ec-46b8-982e-4b8f6f30fa20,VAC-1016,CAND-10016,HR (ОФФЕР),Отправить оффер,Send Task,HR_Manager_7,2025-09-03 18:32:47.262585,2025-09-03 18:42:47.262585,10,sent,
a600d3d8-c5ec-46b8-982e-4b8f6f30fa20,VAC-1016,CAND-10016,HR (ОФФЕР),Timer: ожидание ответа (дни),Timer,,2025-09-03 18:42:47.262585,2025-09-05 18:42:47.262585,2880,timer_elapsed,
a600d3d8-c5ec-46b8-982e-4b8f6f30fa20,VAC-1016,CAND-10016,SECURITY,Background Check,Call Activity,Служба_БД_9,2025-09-05 21:42:47.262585,2025-09-19 21:20:47.262585,20138,report_ready,
a600d3d8-c5ec-46b8-982e-4b8f6f30fa20,VAC-1016,CAND-10016,IT,Выдача оборудования,Task,IT_Specialist_5,2025-09-19 22:20:47.262585,2025-09-20 01:19:47.262585,179,,
a600d3d8-c5ec-46b8-982e-4b8f6f30fa20,VAC-1016,CAND-10016,IT,Создать доступы,Task,IT_Specialist_2,2025-09-20 01:49:47.262585,2025-09-20 03:41:47.262585,112,,
a600d3d8-c5ec-46b8-982e-4b8f6f30fa20,VAC-1016,CAND-10016,IT,HR/Training: Вводное обучение,Service Task,Ольга_4,2025-09-20 05:41:47.262585,2025-09-20 11:03:47.262585,322,,
a600d3d8-c5ec-46b8-982e-4b8f6f30fa20,VAC-1016,CAND-10016,HR,Назначить ментора,Task,Марина_7,2025-09-20 12:03:47.262585,2025-09-20 14:31:47.262585,148,,
a600d3d8-c5ec-46b8-982e-4b8f6f30fa20,VAC-1016,CAND-10016,HR,Message: уведомить всех,Message,system,2025-09-20 14:51:47.262585,2025-09-20 14:56:47.262585,5,notified,
a600d3d8-c5ec-46b8-982e-4b8f6f30fa20,VAC-1016,CAND-10016,HR,Обновить статус в HCM,Service Task,Ольга_1,2025-09-20 15:26:47.262585,2025-09-20 15:46:47.262585,20,,
a600d3d8-c5ec-46b8-982e-4b8f6f30fa20,VAC-1016,CAND-10016,HR,Payroll / учет,Service Task,Ольга_6,2025-09-20 16:16:47.262585,2025-09-20 16:36:47.262585,20,,
a600d3d8-c5ec-46b8-982e-4b8f6f30fa20,VAC-1016,CAND-10016,HR,Закрыть вакансию на порталах,Service Task,Наталья_8,2025-09-20 16:56:47.262585,2025-09-20 17:01:47.262585,5,,
a60a55c6-c45d-4787-ab20-3320d2951f18,VAC-1111,CAND-10111,РУКОВОДИТЕЛЬ,Создать заявку,User Task,Петров_2,2025-09-28 20:58:47.262585,2025-09-28 21:33:47.262585,35,,
a60a55c6-c45d-4787-ab20-3320d2951f18,VAC-1111,CAND-10111,HR,Зарегистрировать в HCM,Service Task,Ольга_8,2025-09-28 21:53:47.262585,2025-09-28 22:17:47.262585,24,,
a60a55c6-c45d-4787-ab20-3320d2951f18,VAC-1111,CAND-10111,РЕКРУТЕР,Разместить вакансию,Task,Дмитрий_8,2025-09-28 22:47:47.262585,2025-09-28 23:18:47.262585,31,,
a60a55c6-c45d-4787-ab20-3320d2951f18,VAC-1111,CAND-10111,РЕКРУТЕР,Собирать резюме,Task,Алексей_8,2025-09-29 00:18:47.262585,2025-09-30 01:52:47.262585,1534,,
a60a55c6-c45d-4787-ab20-3320d2951f18,VAC-1111,CAND-10111,РЕКРУТЕР,Скрининг,Task,Дмитрий_7,2025-09-30 02:26:47.262585,2025-09-30 02:39:47.262585,13,passed,
a60a55c6-c45d-4787-ab20-3320d2951f18,VAC-1111,CAND-10111,ИНТЕРВЬЮЕРЫ,Назначить интервью,User Task,Андрей_2,2025-09-30 05:39:47.262585,2025-09-30 06:06:47.262585,27,,
a60a55c6-c45d-4787-ab20-3320d2951f18,VAC-1111,CAND-10111,ИНТЕРВЬЮЕРЫ,Интервью (раунд 1),User Task,Анна_8,2025-09-30 07:04:47.262585,2025-09-30 08:54:47.262585,110,passed,
a60a55c6-c45d-4787-ab20-3320d2951f18,VAC-1111,CAND-10111,ИНТЕРВЬЮЕРЫ,Интервью (раунд 2),User Task,Андрей_8,2025-09-30 09:57:47.262585,2025-09-30 11:28:47.262585,91,rejected,поведенческий
a6a7a92e-00bc-42fd-9f53-c8dd0db361d8,VAC-1156,CAND-10156,РУКОВОДИТЕЛЬ,Создать заявку,User Task,Иванов_5,2025-08-28 15:04:47.262585,2025-08-28 15:22:47.262585,18,,
a6a7a92e-00bc-42fd-9f53-c8dd0db361d8,VAC-1156,CAND-10156,HR,Зарегистрировать в HCM,Service Task,Марина_7,2025-08-28 15:42:47.262585,2025-08-28 16:02:47.262585,20,,
a6a7a92e-00bc-42fd-9f53-c8dd0db361d8,VAC-1156,CAND-10156,РЕКРУТЕР,Разместить вакансию,Task,Алексей_4,2025-08-28 16:32:47.262585,2025-08-28 17:59:47.262585,87,,
a6a7a92e-00bc-42fd-9f53-c8dd0db361d8,VAC-1156,CAND-10156,РЕКРУТЕР,Собирать резюме,Task,Алексей_2,2025-08-28 18:59:47.262585,2025-08-30 16:45:47.262585,2746,,
a6a7a92e-00bc-42fd-9f53-c8dd0db361d8,VAC-1156,CAND-10156,РЕКРУТЕР,Скрининг,Task,Екатерина_9,2025-08-30 19:41:47.262585,2025-08-30 20:14:47.262585,33,rejected,некорректное резюме
a7dfe818-991d-4caa-a79e-30399d50ce34,VAC-1105,CAND-10105,РУКОВОДИТЕЛЬ,Создать заявку,User Task,Петров_6,2025-09-26 16:01:47.262585,2025-09-26 16:54:47.262585,53,,
a7dfe818-991d-4caa-a79e-30399d50ce34,VAC-1105,CAND-10105,HR,Зарегистрировать в HCM,Service Task,Ольга_6,2025-09-26 17:14:47.262585,2025-09-26 17:52:47.262585,38,,
a7dfe818-991d-4caa-a79e-30399d50ce34,VAC-1105,CAND-10105,РЕКРУТЕР,Разместить вакансию,Task,Алексей_3,2025-09-26 18:22:47.262585,2025-09-26 20:18:47.262585,116,,
a7dfe818-991d-4caa-a79e-30399d50ce34,VAC-1105,CAND-10105,РЕКРУТЕР,Собирать резюме,Task,Алексей_4,2025-09-26 21:18:47.262585,2025-09-28 04:50:47.262585,1892,,
a7dfe818-991d-4caa-a79e-30399d50ce34,VAC-1105,CAND-10105,РЕКРУТЕР,Скрининг,Task,Алексей_4,2025-09-28 06:17:47.262585,2025-09-28 06:50:47.262585,33,rejected,не прошёл тест
a7e3075f-4347-4c3e-8c7a-c3d9342b8c1c,VAC-1150,CAND-10150,РУКОВОДИТЕЛЬ,Создать заявку,User Task,Кузнецов_1,2025-09-03 13:48:47.262585,2025-09-03 14:00:47.262585,12,,
a7e3075f-4347-4c3e-8c7a-c3d9342b8c1c,VAC-1150,CAND-10150,HR,Зарегистрировать в HCM,Service Task,Ольга_7,2025-09-03 14:20:47.262585,2025-09-03 14:59:47.262585,39,,
a7e3075f-4347-4c3e-8c7a-c3d9342b8c1c,VAC-1150,CAND-10150,РЕКРУТЕР,Разместить вакансию,Task,Екатерина_4,2025-09-03 15:29:47.262585,2025-09-03 16:17:47.262585,48,,
a7e3075f-4347-4c3e-8c7a-c3d9342b8c1c,VAC-1150,CAND-10150,РЕКРУТЕР,Собирать резюме,Task,Алексей_3,2025-09-03 17:17:47.262585,2025-09-04 11:14:47.262585,1077,,
a7e3075f-4347-4c3e-8c7a-c3d9342b8c1c,VAC-1150,CAND-10150,РЕКРУТЕР,Скрининг,Task,Екатерина_8,2025-09-04 13:36:47.262585,2025-09-04 14:13:47.262585,37,passed,
a7e3075f-4347-4c3e-8c7a-c3d9342b8c1c,VAC-1150,CAND-10150,ИНТЕРВЬЮЕРЫ,Назначить интервью,User Task,Сергей_4,2025-09-04 17:13:47.262585,2025-09-04 17:50:47.262585,37,,
a7e3075f-4347-4c3e-8c7a-c3d9342b8c1c,VAC-1150,CAND-10150,ИНТЕРВЬЮЕРЫ,Интервью (раунд 1),User Task,Сергей_9,2025-09-04 18:15:47.262585,2025-09-04 19:48:47.262585,93,passed,
a7e3075f-4347-4c3e-8c7a-c3d9342b8c1c,VAC-1150,CAND-10150,ИНТЕРВЬЮЕРЫ,Интервью (раунд 2),User Task,Сергей_8,2025-09-04 21:15:47.262585,2025-09-04 22:04:47.262585,49,passed,
a7e3075f-4347-4c3e-8c7a-c3d9342b8c1c,VAC-1150,CAND-10150,ИНТЕРВЬЮЕРЫ,Финальное интервью,User Task,Андрей_9,2025-09-05 02:04:47.262585,2025-09-05 02:54:47.262585,50,rejected,финал не пройден
aa2ab434-8c98-4eb6-ab71-5c8696dccf3f,VAC-1130,CAND-10130,РУКОВОДИТЕЛЬ,Создать заявку,User Task,Сидоров_2,2025-09-08 14:39:47.262585,2025-09-08 15:14:47.262585,35,,
aa2ab434-8c98-4eb6-ab71-5c8696dccf3f,VAC-1130,CAND-10130,HR,Зарегистрировать в HCM,Service Task,Наталья_8,2025-09-08 15:34:47.262585,2025-09-08 16:01:47.262585,27,,
aa2ab434-8c98-4eb6-ab71-5c8696dccf3f,VAC-1130,CAND-10130,РЕКРУТЕР,Разместить вакансию,Task,Дмитрий_4,2025-09-08 16:31:47.262585,2025-09-08 17:31:47.262585,60,,
aa2ab434-8c98-4eb6-ab71-5c8696dccf3f,VAC-1130,CAND-10130,РЕКРУТЕР,Собирать резюме,Task,Дмитрий_3,2025-09-08 18:31:47.262585,2025-09-10 13:40:47.262585,2589,,
aa2ab434-8c98-4eb6-ab71-5c8696dccf3f,VAC-1130,CAND-10130,РЕКРУТЕР,Скрининг,Task,Екатерина_4,2025-09-10 14:58:47.262585,2025-09-10 15:23:47.262585,25,passed,
aa2ab434-8c98-4eb6-ab71-5c8696dccf3f,VAC-1130,CAND-10130,ИНТЕРВЬЮЕРЫ,Назначить интервью,User Task,Сергей_4,2025-09-10 18:23:47.262585,2025-09-10 18:40:47.262585,17,,
aa2ab434-8c98-4eb6-ab71-5c8696dccf3f,VAC-1130,CAND-10130,ИНТЕРВЬЮЕРЫ,Интервью (раунд 1),User Task,Андрей_2,2025-09-10 19:31:47.262585,2025-09-10 21:01:47.262585,90,passed,
aa2ab434-8c98-4eb6-ab71-5c8696dccf3f,VAC-1130,CAND-10130,ИНТЕРВЬЮЕРЫ,Финальное интервью,User Task,Анна_8,2025-09-11 01:01:47.262585,2025-09-11 01:56:47.262585,55,passed,
aa2ab434-8c98-4eb6-ab71-5c8696dccf3f,VAC-1130,CAND-10130,HR (ОФФЕР),Согласовать условия,User Task,HR_Manager_8,2025-09-11 05:33:47.262585,2025-09-11 07:39:47.262585,126,,
aa2ab434-8c98-4eb6-ab71-5c8696dccf3f,VAC-1130,CAND-10130,HR (ОФФЕР),Сгенерировать оффер,Service Task,HR_Manager_8,2025-09-11 07:59:47.262585,2025-09-11 08:15:47.262585,16,,
aa2ab434-8c98-4eb6-ab71-5c8696dccf3f,VAC-1130,CAND-10130,HR (ОФФЕР),Отправить оффер,Send Task,HR_Manager_8,2025-09-11 08:20:47.262585,2025-09-11 08:30:47.262585,10,sent,
aa2ab434-8c98-4eb6-ab71-5c8696dccf3f,VAC-1130,CAND-10130,HR (ОФФЕР),Timer: ожидание ответа (дни),Timer,,2025-09-11 08:30:47.262585,2025-09-13 08:30:47.262585,2880,timer_elapsed,
aa2ab434-8c98-4eb6-ab71-5c8696dccf3f,VAC-1130,CAND-10130,HR (ОФФЕР),Переговоры / отказ,Task,HR_Manager_7,2025-09-13 10:30:47.262585,2025-09-13 20:13:47.262585,583,rejected,
ac099f3c-1949-46a5-9955-3d37184d9aa3,VAC-1113,CAND-10113,РУКОВОДИТЕЛЬ,Создать заявку,User Task,Петров_4,2025-10-18 16:19:47.262585,2025-10-18 17:16:47.262585,57,,
ac099f3c-1949-46a5-9955-3d37184d9aa3,VAC-1113,CAND-10113,HR,Зарегистрировать в HCM,Service Task,Марина_5,2025-10-18 17:36:47.262585,2025-10-18 17:52:47.262585,16,,
ac099f3c-1949-46a5-9955-3d37184d9aa3,VAC-1113,CAND-10113,РЕКРУТЕР,Разместить вакансию,Task,Дмитрий_3,2025-10-18 18:22:47.262585,2025-10-18 20:09:47.262585,107,,
ac099f3c-1949-46a5-9955-3d37184d9aa3,VAC-1113,CAND-10113,РЕКРУТЕР,Собирать резюме,Task,Екатерина_9,2025-10-18 21:09:47.262585,2025-10-19 13:17:47.262585,968,,
ac099f3c-1949-46a5-9955-3d37184d9aa3,VAC-1113,CAND-10113,РЕКРУТЕР,Скрининг,Task,Алексей_6,2025-10-19 15:09:47.262585,2025-10-19 15:41:47.262585,32,passed,
ac099f3c-1949-46a5-9955-3d37184d9aa3,VAC-1113,CAND-10113,ИНТЕРВЬЮЕРЫ,Назначить интервью,User Task,Анна_7,2025-10-19 18:41:47.262585,2025-10-19 19:09:47.262585,28,,
ac099f3c-1949-46a5-9955-3d37184d9aa3,VAC-1113,CAND-10113,ИНТЕРВЬЮЕРЫ,Интервью (раунд 1),User Task,Сергей_1,2025-10-19 20:37:47.262585,2025-10-19 21:58:47.262585,81,rejected,культурный профиль
acaec3ec-954f-4da1-a5df-9dd055c20904,VAC-1051,CAND-10051,РУКОВОДИТЕЛЬ,Создать заявку,User Task,Иванов_6,2025-09-01 16:06:47.262585,2025-09-01 16:51:47.262585,45,,
acaec3ec-954f-4da1-a5df-9dd055c20904,VAC-1051,CAND-10051,HR,Зарегистрировать в HCM,Service Task,Ольга_2,2025-09-01 17:11:47.262585,2025-09-01 17:28:47.262585,17,,
acaec3ec-954f-4da1-a5df-9dd055c20904,VAC-1051,CAND-10051,РЕКРУТЕР,Разместить вакансию,Task,Дмитрий_4,2025-09-01 17:58:47.262585,2025-09-01 18:52:47.262585,54,,
acaec3ec-954f-4da1-a5df-9dd055c20904,VAC-1051,CAND-10051,РЕКРУТЕР,Собирать резюме,Task,Алексей_1,2025-09-01 19:52:47.262585,2025-09-02 09:29:47.262585,817,,
acaec3ec-954f-4da1-a5df-9dd055c20904,VAC-1051,CAND-10051,РЕКРУТЕР,Скрининг,Task,Дмитрий_7,2025-09-02 11:13:47.262585,2025-09-02 11:53:47.262585,40,passed,
acaec3ec-954f-4da1-a5df-9dd055c20904,VAC-1051,CAND-10051,ИНТЕРВЬЮЕРЫ,Назначить интервью,User Task,Андрей_6,2025-09-02 14:53:47.262585,2025-09-02 15:30:47.262585,37,,
acaec3ec-954f-4da1-a5df-9dd055c20904,VAC-1051,CAND-10051,ИНТЕРВЬЮЕРЫ,Интервью (раунд 1),User Task,Сергей_9,2025-09-02 16:30:47.262585,2025-09-02 17:39:47.262585,69,passed,
acaec3ec-954f-4da1-a5df-9dd055c20904,VAC-1051,CAND-10051,ИНТЕРВЬЮЕРЫ,Интервью (раунд 2),User Task,Сергей_1,2025-09-02 18:58:47.262585,2025-09-02 20:46:47.262585,108,rejected,недостаточно навыков
adfebc27-a678-4893-bd85-0dd7c26142e0,VAC-1115,CAND-10115,РУКОВОДИТЕЛЬ,Создать заявку,User Task,Сидоров_9,2025-09-15 12:24:47.262585,2025-09-15 13:19:47.262585,55,,
adfebc27-a678-4893-bd85-0dd7c26142e0,VAC-1115,CAND-10115,HR,Зарегистрировать в HCM,Service Task,Наталья_9,2025-09-15 13:39:47.262585,2025-09-15 13:56:47.262585,17,,
adfebc27-a678-4893-bd85-0dd7c26142e0,VAC-1115,CAND-10115,РЕКРУТЕР,Разместить вакансию,Task,Екатерина_3,2025-09-15 14:26:47.262585,2025-09-15 14:54:47.262585,28,,
adfebc27-a678-4893-bd85-0dd7c26142e0,VAC-1115,CAND-10115,РЕКРУТЕР,Собирать резюме,Task,Екатерина_9,2025-09-15 15:54:47.262585,2025-09-17 00:17:47.262585,1943,,
adfebc27-a678-4893-bd85-0dd7c26142e0,VAC-1115,CAND-10115,РЕКРУТЕР,Скрининг,Task,Дмитрий_4,2025-09-17 02:30:47.262585,2025-09-17 02:42:47.262585,12,rejected,не прошёл тест
b083d9cb-95b6-417d-9de8-20b2d9fb4276,VAC-1069,CAND-10069,РУКОВОДИТЕЛЬ,Создать заявку,User Task,Иванов_6,2025-08-30 10:39:47.262585,2025-08-30 11:11:47.262585,32,,
b083d9cb-95b6-417d-9de8-20b2d9fb4276,VAC-1069,CAND-10069,HR,Зарегистрировать в HCM,Service Task,Ольга_1,2025-08-30 11:31:47.262585,2025-08-30 12:08:47.262585,37,,
b083d9cb-95b6-417d-9de8-20b2d9fb4276,VAC-1069,CAND-10069,РЕКРУТЕР,Разместить вакансию,Task,Дмитрий_7,2025-08-30 12:38:47.262585,2025-08-30 13:35:47.262585,57,,
b083d9cb-95b6-417d-9de8-20b2d9fb4276,VAC-1069,CAND-10069,РЕКРУТЕР,Собирать резюме,Task,Екатерина_9,2025-08-30 14:35:47.262585,2025-08-31 00:21:47.262585,586,,
b083d9cb-95b6-417d-9de8-20b2d9fb4276,VAC-1069,CAND-10069,РЕКРУТЕР,Скрининг,Task,Екатерина_3,2025-08-31 01:53:47.262585,2025-08-31 02:21:47.262585,28,passed,
b083d9cb-95b6-417d-9de8-20b2d9fb4276,VAC-1069,CAND-10069,ИНТЕРВЬЮЕРЫ,Назначить интервью,User Task,Андрей_5,2025-08-31 05:21:47.262585,2025-08-31 05:36:47.262585,15,,
b083d9cb-95b6-417d-9de8-20b2d9fb4276,VAC-1069,CAND-10069,ИНТЕРВЬЮЕРЫ,Интервью (раунд 1),User Task,Сергей_5,2025-08-31 06:59:47.262585,2025-08-31 08:02:47.262585,63,passed,
b083d9cb-95b6-417d-9de8-20b2d9fb4276,VAC-1069,CAND-10069,ИНТЕРВЬЮЕРЫ,Интервью (раунд 2),User Task,Андрей_6,2025-08-31 09:15:47.262585,2025-08-31 10:38:47.262585,83,passed,
b083d9cb-95b6-417d-9de8-20b2d9fb4276,VAC-1069,CAND-10069,ИНТЕРВЬЮЕРЫ,Финальное интервью,User Task,Анна_8,2025-08-31 14:38:47.262585,2025-08-31 15:55:47.262585,77,rejected,финал не пройден
b0d73117-efb3-4503-af5f-0d4a846534eb,VAC-1027,CAND-10027,РУКОВОДИТЕЛЬ,Создать заявку,User Task,Петров_5,2025-10-14 15:48:47.262585,2025-10-14 16:38:47.262585,50,,
b0d73117-efb3-4503-af5f-0d4a846534eb,VAC-1027,CAND-10027,HR,Зарегистрировать в HCM,Service Task,Марина_3,2025-10-14 16:58:47.262585,2025-10-14 17:29:47.262585,31,,
b0d73117-efb3-4503-af5f-0d4a846534eb,VAC-1027,CAND-10027,РЕКРУТЕР,Разместить вакансию,Task,Алексей_1,2025-10-14 17:59:47.262585,2025-10-14 19:39:47.262585,100,,
b0d73117-efb3-4503-af5f-0d4a846534eb,VAC-1027,CAND-10027,РЕКРУТЕР,Собирать резюме,Task,Дмитрий_1,2025-10-14 20:39:47.262585,2025-10-15 21:44:47.262585,1505,,
b0d73117-efb3-4503-af5f-0d4a846534eb,VAC-1027,CAND-10027,РЕКРУТЕР,Скрининг,Task,Екатерина_3,2025-10-16 00:42:47.262585,2025-10-16 01:03:47.262585,21,passed,
b0d73117-efb3-4503-af5f-0d4a846534eb,VAC-1027,CAND-10027,ИНТЕРВЬЮЕРЫ,Назначить интервью,User Task,Сергей_7,2025-10-16 04:03:47.262585,2025-10-16 04:22:47.262585,19,,
b0d73117-efb3-4503-af5f-0d4a846534eb,VAC-1027,CAND-10027,ИНТЕРВЬЮЕРЫ,Интервью (раунд 1),User Task,Сергей_9,2025-10-16 04:58:47.262585,2025-10-16 06:52:47.262585,114,rejected,культурный профиль
b16947e7-0f2f-4301-99e8-01b45980b767,VAC-1134,CAND-10134,РУКОВОДИТЕЛЬ,Создать заявку,User Task,Кузнецов_2,2025-09-09 11:47:47.262585,2025-09-09 12:07:47.262585,20,,
b16947e7-0f2f-4301-99e8-01b45980b767,VAC-1134,CAND-10134,HR,Зарегистрировать в HCM,Service Task,Наталья_8,2025-09-09 12:27:47.262585,2025-09-09 12:40:47.262585,13,,
b16947e7-0f2f-4301-99e8-01b45980b767,VAC-1134,CAND-10134,РЕКРУТЕР,Разместить вакансию,Task,Алексей_1,2025-09-09 13:10:47.262585,2025-09-09 14:40:47.262585,90,,
b16947e7-0f2f-4301-99e8-01b45980b767,VAC-1134,CAND-10134,РЕКРУТЕР,Собирать резюме,Task,Екатерина_2,2025-09-09 15:40:47.262585,2025-09-10 22:46:47.262585,1866,,
b16947e7-0f2f-4301-99e8-01b45980b767,VAC-1134,CAND-10134,РЕКРУТЕР,Скрининг,Task,Екатерина_3,2025-09-10 23:42:47.262585,2025-09-11 00:00:47.262585,18,passed,
b16947e7-0f2f-4301-99e8-01b45980b767,VAC-1134,CAND-10134,ИНТЕРВЬЮЕРЫ,Назначить интервью,User Task,Сергей_5,2025-09-11 03:00:47.262585,2025-09-11 03:39:47.262585,39,,
b16947e7-0f2f-4301-99e8-01b45980b767,VAC-1134,CAND-10134,ИНТЕРВЬЮЕРЫ,Интервью (раунд 1),User Task,Андрей_9,2025-09-11 04:35:47.262585,2025-09-11 06:16:47.262585,101,passed,
b16947e7-0f2f-4301-99e8-01b45980b767,VAC-1134,CAND-10134,ИНТЕРВЬЮЕРЫ,Финальное интервью,User Task,Анна_6,2025-09-11 10:16:47.262585,2025-09-11 11:22:47.262585,66,passed,
b16947e7-0f2f-4301-99e8-01b45980b767,VAC-1134,CAND-10134,HR (ОФФЕР),Согласовать условия,User Task,HR_Manager_8,2025-09-11 16:02:47.262585,2025-09-11 23:35:47.262585,453,,
b16947e7-0f2f-4301-99e8-01b45980b767,VAC-1134,CAND-10134,HR (ОФФЕР),Сгенерировать оффер,Service Task,HR_Manager_9,2025-09-11 23:55:47.262585,2025-09-12 00:17:47.262585,22,,
b16947e7-0f2f-4301-99e8-01b45980b767,VAC-1134,CAND-10134,HR (ОФФЕР),Отправить оффер,Send Task,HR_Manager_3,2025-09-12 00:22:47.262585,2025-09-12 00:32:47.262585,10,sent,
b16947e7-0f2f-4301-99e8-01b45980b767,VAC-1134,CAND-10134,HR (ОФФЕР),Timer: ожидание ответа (дни),Timer,,2025-09-12 00:32:47.262585,2025-09-14 00:32:47.262585,2880,timer_elapsed,
b16947e7-0f2f-4301-99e8-01b45980b767,VAC-1134,CAND-10134,SECURITY,Background Check,Call Activity,Служба_БД_9,2025-09-14 03:32:47.262585,2025-09-22 08:12:47.262585,11800,report_ready,
b16947e7-0f2f-4301-99e8-01b45980b767,VAC-1134,CAND-10134,IT,Выдача оборудования,Task,IT_Specialist_6,2025-09-22 09:12:47.262585,2025-09-22 12:28:47.262585,196,,
b16947e7-0f2f-4301-99e8-01b45980b767,VAC-1134,CAND-10134,IT,Создать доступы,Task,IT_Specialist_2,2025-09-22 12:58:47.262585,2025-09-22 15:31:47.262585,153,,
b16947e7-0f2f-4301-99e8-01b45980b767,VAC-1134,CAND-10134,IT,HR/Training: Вводное обучение,Service Task,Ольга_6,2025-09-22 17:31:47.262585,2025-09-23 00:17:47.262585,406,,
b16947e7-0f2f-4301-99e8-01b45980b767,VAC-1134,CAND-10134,HR,Назначить ментора,Task,Ольга_3,2025-09-23 01:17:47.262585,2025-09-23 03:32:47.262585,135,,
b16947e7-0f2f-4301-99e8-01b45980b767,VAC-1134,CAND-10134,HR,Message: уведомить всех,Message,system,2025-09-23 03:52:47.262585,2025-09-23 03:57:47.262585,5,notified,
b16947e7-0f2f-4301-99e8-01b45980b767,VAC-1134,CAND-10134,HR,Обновить статус в HCM,Service Task,Ольга_1,2025-09-23 04:27:47.262585,2025-09-23 04:47:47.262585,20,,
b16947e7-0f2f-4301-99e8-01b45980b767,VAC-1134,CAND-10134,HR,Payroll / учет,Service Task,Наталья_9,2025-09-23 05:17:47.262585,2025-09-23 05:37:47.262585,20,,
b16947e7-0f2f-4301-99e8-01b45980b767,VAC-1134,CAND-10134,HR,Закрыть вакансию на порталах,Service Task,Наталья_6,2025-09-23 05:57:47.262585,2025-09-23 06:02:47.262585,5,,
b19b6792-88b7-475d-84fd-e4f1545a43e5,VAC-1196,CAND-10196,РУКОВОДИТЕЛЬ,Создать заявку,User Task,Кузнецов_4,2025-10-03 19:29:47.262585,2025-10-03 19:50:47.262585,21,,
b19b6792-88b7-475d-84fd-e4f1545a43e5,VAC-1196,CAND-10196,HR,Зарегистрировать в HCM,Service Task,Марина_8,2025-10-03 20:10:47.262585,2025-10-03 20:41:47.262585,31,,
b19b6792-88b7-475d-84fd-e4f1545a43e5,VAC-1196,CAND-10196,РЕКРУТЕР,Разместить вакансию,Task,Екатерина_9,2025-10-03 21:11:47.262585,2025-10-03 22:05:47.262585,54,,
b19b6792-88b7-475d-84fd-e4f1545a43e5,VAC-1196,CAND-10196,РЕКРУТЕР,Собирать резюме,Task,Дмитрий_1,2025-10-03 23:05:47.262585,2025-10-05 21:01:47.262585,2756,,
b19b6792-88b7-475d-84fd-e4f1545a43e5,VAC-1196,CAND-10196,РЕКРУТЕР,Скрининг,Task,Дмитрий_8,2025-10-05 23:44:47.262585,2025-10-06 00:00:47.262585,16,passed,
b19b6792-88b7-475d-84fd-e4f1545a43e5,VAC-1196,CAND-10196,ИНТЕРВЬЮЕРЫ,Назначить интервью,User Task,Анна_5,2025-10-06 03:00:47.262585,2025-10-06 03:14:47.262585,14,,
b19b6792-88b7-475d-84fd-e4f1545a43e5,VAC-1196,CAND-10196,ИНТЕРВЬЮЕРЫ,Интервью (раунд 1),User Task,Андрей_4,2025-10-06 04:26:47.262585,2025-10-06 05:51:47.262585,85,rejected,поведенческий
b3f1732f-0e8b-4caf-b24c-3517c9f19aa3,VAC-1124,CAND-10124,РУКОВОДИТЕЛЬ,Создать заявку,User Task,Петров_4,2025-10-01 18:29:47.262585,2025-10-01 19:09:47.262585,40,,
b3f1732f-0e8b-4caf-b24c-3517c9f19aa3,VAC-1124,CAND-10124,HR,Зарегистрировать в HCM,Service Task,Ольга_3,2025-10-01 19:29:47.262585,2025-10-01 20:05:47.262585,36,,
b3f1732f-0e8b-4caf-b24c-3517c9f19aa3,VAC-1124,CAND-10124,РЕКРУТЕР,Разместить вакансию,Task,Алексей_9,2025-10-01 20:35:47.262585,2025-10-01 22:09:47.262585,94,,
b3f1732f-0e8b-4caf-b24c-3517c9f19aa3,VAC-1124,CAND-10124,РЕКРУТЕР,Собирать резюме,Task,Алексей_6,2025-10-01 23:09:47.262585,2025-10-02 21:12:47.262585,1323,,
b3f1732f-0e8b-4caf-b24c-3517c9f19aa3,VAC-1124,CAND-10124,РЕКРУТЕР,Скрининг,Task,Екатерина_2,2025-10-02 23:38:47.262585,2025-10-03 00:07:47.262585,29,passed,
b3f1732f-0e8b-4caf-b24c-3517c9f19aa3,VAC-1124,CAND-10124,ИНТЕРВЬЮЕРЫ,Назначить интервью,User Task,Андрей_2,2025-10-03 03:07:47.262585,2025-10-03 03:29:47.262585,22,,
b3f1732f-0e8b-4caf-b24c-3517c9f19aa3,VAC-1124,CAND-10124,ИНТЕРВЬЮЕРЫ,Интервью (раунд 1),User Task,Андрей_2,2025-10-03 04:55:47.262585,2025-10-03 06:44:47.262585,109,passed,
b3f1732f-0e8b-4caf-b24c-3517c9f19aa3,VAC-1124,CAND-10124,ИНТЕРВЬЮЕРЫ,Финальное интервью,User Task,Анна_1,2025-10-03 10:44:47.262585,2025-10-03 11:51:47.262585,67,passed,
b3f1732f-0e8b-4caf-b24c-3517c9f19aa3,VAC-1124,CAND-10124,HR (ОФФЕР),Согласовать условия,User Task,HR_Manager_2,2025-10-03 16:35:47.262585,2025-10-04 03:39:47.262585,664,,
b3f1732f-0e8b-4caf-b24c-3517c9f19aa3,VAC-1124,CAND-10124,HR (ОФФЕР),Сгенерировать оффер,Service Task,HR_Manager_9,2025-10-04 03:59:47.262585,2025-10-04 04:19:47.262585,20,,
b3f1732f-0e8b-4caf-b24c-3517c9f19aa3,VAC-1124,CAND-10124,HR (ОФФЕР),Отправить оффер,Send Task,HR_Manager_7,2025-10-04 04:24:47.262585,2025-10-04 04:34:47.262585,10,sent,
b3f1732f-0e8b-4caf-b24c-3517c9f19aa3,VAC-1124,CAND-10124,HR (ОФФЕР),Timer: ожидание ответа (дни),Timer,,2025-10-04 04:34:47.262585,2025-10-08 04:34:47.262585,5760,timer_elapsed,
b3f1732f-0e8b-4caf-b24c-3517c9f19aa3,VAC-1124,CAND-10124,SECURITY,Background Check,Call Activity,Служба_БД_4,2025-10-08 07:34:47.262585,2025-10-11 19:25:47.262585,5031,report_ready,
b3f1732f-0e8b-4caf-b24c-3517c9f19aa3,VAC-1124,CAND-10124,SECURITY,Решение руководителя по BG,User Task,Сидоров_2,2025-10-11 21:25:47.262585,2025-10-12 06:38:47.262585,553,proceed_with_conditions,
b3f1732f-0e8b-4caf-b24c-3517c9f19aa3,VAC-1124,CAND-10124,IT,Выдача оборудования,Task,IT_Specialist_5,2025-10-12 07:38:47.262585,2025-10-12 10:26:47.262585,168,,
b3f1732f-0e8b-4caf-b24c-3517c9f19aa3,VAC-1124,CAND-10124,IT,Создать доступы,Task,IT_Specialist_2,2025-10-12 10:56:47.262585,2025-10-12 13:28:47.262585,152,,
b3f1732f-0e8b-4caf-b24c-3517c9f19aa3,VAC-1124,CAND-10124,IT,HR/Training: Вводное обучение,Service Task,Марина_9,2025-10-12 15:28:47.262585,2025-10-12 20:53:47.262585,325,,
b3f1732f-0e8b-4caf-b24c-3517c9f19aa3,VAC-1124,CAND-10124,HR,Назначить ментора,Task,Ольга_4,2025-10-12 21:53:47.262585,2025-10-13 00:07:47.262585,134,,
b3f1732f-0e8b-4caf-b24c-3517c9f19aa3,VAC-1124,CAND-10124,HR,Message: уведомить всех,Message,system,2025-10-13 00:27:47.262585,2025-10-13 00:32:47.262585,5,notified,
b3f1732f-0e8b-4caf-b24c-3517c9f19aa3,VAC-1124,CAND-10124,HR,Обновить статус в HCM,Service Task,Наталья_1,2025-10-13 01:02:47.262585,2025-10-13 01:22:47.262585,20,,
b3f1732f-0e8b-4caf-b24c-3517c9f19aa3,VAC-1124,CAND-10124,HR,Payroll / учет,Service Task,Марина_9,2025-10-13 01:52:47.262585,2025-10-13 02:12:47.262585,20,,
b3f1732f-0e8b-4caf-b24c-3517c9f19aa3,VAC-1124,CAND-10124,HR,Закрыть вакансию на порталах,Service Task,Наталья_9,2025-10-13 02:32:47.262585,2025-10-13 02:37:47.262585,5,,
b54a5191-bdc3-4ec7-a8ca-1343961b916b,VAC-1082,CAND-10082,РУКОВОДИТЕЛЬ,Создать заявку,User Task,Сидоров_1,2025-10-04 11:49:47.262585,2025-10-04 12:34:47.262585,45,,
b54a5191-bdc3-4ec7-a8ca-1343961b916b,VAC-1082,CAND-10082,HR,Зарегистрировать в HCM,Service Task,Марина_5,2025-10-04 12:54:47.262585,2025-10-04 13:31:47.262585,37,,
b54a5191-bdc3-4ec7-a8ca-1343961b916b,VAC-1082,CAND-10082,РЕКРУТЕР,Разместить вакансию,Task,Екатерина_9,2025-10-04 14:01:47.262585,2025-10-04 14:47:47.262585,46,,
b54a5191-bdc3-4ec7-a8ca-1343961b916b,VAC-1082,CAND-10082,РЕКРУТЕР,Собирать резюме,Task,Екатерина_7,2025-10-04 15:47:47.262585,2025-10-05 08:39:47.262585,1012,,
b54a5191-bdc3-4ec7-a8ca-1343961b916b,VAC-1082,CAND-10082,РЕКРУТЕР,Скрининг,Task,Алексей_4,2025-10-05 10:24:47.262585,2025-10-05 10:54:47.262585,30,passed,
b54a5191-bdc3-4ec7-a8ca-1343961b916b,VAC-1082,CAND-10082,ИНТЕРВЬЮЕРЫ,Назначить интервью,User Task,Андрей_8,2025-10-05 13:54:47.262585,2025-10-05 14:07:47.262585,13,,
b54a5191-bdc3-4ec7-a8ca-1343961b916b,VAC-1082,CAND-10082,ИНТЕРВЬЮЕРЫ,Интервью (раунд 1),User Task,Андрей_6,2025-10-05 14:36:47.262585,2025-10-05 16:28:47.262585,112,rejected,поведенческий
b6bc6c11-2872-4e3b-93e3-ec6cb8dfea1d,VAC-1005,CAND-10005,РУКОВОДИТЕЛЬ,Создать заявку,User Task,Кузнецов_7,2025-08-30 21:01:47.262585,2025-08-30 21:33:47.262585,32,,
b6bc6c11-2872-4e3b-93e3-ec6cb8dfea1d,VAC-1005,CAND-10005,HR,Зарегистрировать в HCM,Service Task,Марина_1,2025-08-30 21:53:47.262585,2025-08-30 22:17:47.262585,24,,
b6bc6c11-2872-4e3b-93e3-ec6cb8dfea1d,VAC-1005,CAND-10005,РЕКРУТЕР,Разместить вакансию,Task,Екатерина_2,2025-08-30 22:47:47.262585,2025-08-31 00:33:47.262585,106,,
b6bc6c11-2872-4e3b-93e3-ec6cb8dfea1d,VAC-1005,CAND-10005,РЕКРУТЕР,Собирать резюме,Task,Дмитрий_6,2025-08-31 01:33:47.262585,2025-08-31 09:41:47.262585,488,,
b6bc6c11-2872-4e3b-93e3-ec6cb8dfea1d,VAC-1005,CAND-10005,РЕКРУТЕР,Скрининг,Task,Алексей_4,2025-08-31 10:38:47.262585,2025-08-31 10:55:47.262585,17,passed,
b6bc6c11-2872-4e3b-93e3-ec6cb8dfea1d,VAC-1005,CAND-10005,ИНТЕРВЬЮЕРЫ,Назначить интервью,User Task,Сергей_3,2025-08-31 13:55:47.262585,2025-08-31 14:09:47.262585,14,,
b6bc6c11-2872-4e3b-93e3-ec6cb8dfea1d,VAC-1005,CAND-10005,ИНТЕРВЬЮЕРЫ,Интервью (раунд 1),User Task,Анна_2,2025-08-31 15:00:47.262585,2025-08-31 15:54:47.262585,54,passed,
b6bc6c11-2872-4e3b-93e3-ec6cb8dfea1d,VAC-1005,CAND-10005,ИНТЕРВЬЮЕРЫ,Финальное интервью,User Task,Анна_1,2025-08-31 19:54:47.262585,2025-08-31 20:45:47.262585,51,passed,
b6bc6c11-2872-4e3b-93e3-ec6cb8dfea1d,VAC-1005,CAND-10005,HR (ОФФЕР),Согласовать условия,User Task,HR_Manager_7,2025-08-31 22:08:47.262585,2025-09-01 04:10:47.262585,362,,
b6bc6c11-2872-4e3b-93e3-ec6cb8dfea1d,VAC-1005,CAND-10005,HR (ОФФЕР),Сгенерировать оффер,Service Task,HR_Manager_4,2025-09-01 04:30:47.262585,2025-09-01 04:50:47.262585,20,,
b6bc6c11-2872-4e3b-93e3-ec6cb8dfea1d,VAC-1005,CAND-10005,HR (ОФФЕР),Отправить оффер,Send Task,HR_Manager_1,2025-09-01 04:55:47.262585,2025-09-01 05:05:47.262585,10,sent,
b6bc6c11-2872-4e3b-93e3-ec6cb8dfea1d,VAC-1005,CAND-10005,HR (ОФФЕР),Timer: ожидание ответа (дни),Timer,,2025-09-01 05:05:47.262585,2025-09-03 05:05:47.262585,2880,timer_elapsed,
b6bc6c11-2872-4e3b-93e3-ec6cb8dfea1d,VAC-1005,CAND-10005,SECURITY,Background Check,Call Activity,Служба_БД_8,2025-09-03 08:05:47.262585,2025-09-10 18:41:47.262585,10716,report_ready,
b6bc6c11-2872-4e3b-93e3-ec6cb8dfea1d,VAC-1005,CAND-10005,IT,Выдача оборудования,Task,IT_Specialist_3,2025-09-10 19:41:47.262585,2025-09-10 23:39:47.262585,238,,
b6bc6c11-2872-4e3b-93e3-ec6cb8dfea1d,VAC-1005,CAND-10005,IT,Создать доступы,Task,IT_Specialist_4,2025-09-11 00:09:47.262585,2025-09-11 01:27:47.262585,78,,
b6bc6c11-2872-4e3b-93e3-ec6cb8dfea1d,VAC-1005,CAND-10005,IT,HR/Training: Вводное обучение,Service Task,Марина_9,2025-09-11 03:27:47.262585,2025-09-11 06:56:47.262585,209,,
b6bc6c11-2872-4e3b-93e3-ec6cb8dfea1d,VAC-1005,CAND-10005,HR,Назначить ментора,Task,Марина_6,2025-09-11 07:56:47.262585,2025-09-11 08:41:47.262585,45,,
b6bc6c11-2872-4e3b-93e3-ec6cb8dfea1d,VAC-1005,CAND-10005,HR,Message: уведомить всех,Message,system,2025-09-11 09:01:47.262585,2025-09-11 09:06:47.262585,5,notified,
b6bc6c11-2872-4e3b-93e3-ec6cb8dfea1d,VAC-1005,CAND-10005,HR,Обновить статус в HCM,Service Task,Наталья_1,2025-09-11 09:36:47.262585,2025-09-11 09:56:47.262585,20,,
b6bc6c11-2872-4e3b-93e3-ec6cb8dfea1d,VAC-1005,CAND-10005,HR,Payroll / учет,Service Task,Марина_8,2025-09-11 10:26:47.262585,2025-09-11 10:46:47.262585,20,,
b6bc6c11-2872-4e3b-93e3-ec6cb8dfea1d,VAC-1005,CAND-10005,HR,Закрыть вакансию на порталах,Service Task,Марина_9,2025-09-11 11:06:47.262585,2025-09-11 11:11:47.262585,5,,
b6e77ce7-1a65-450a-bcaf-4670265755ef,VAC-1065,CAND-10065,РУКОВОДИТЕЛЬ,Создать заявку,User Task,Кузнецов_8,2025-09-25 17:57:47.262585,2025-09-25 18:10:47.262585,13,,
b6e77ce7-1a65-450a-bcaf-4670265755ef,VAC-1065,CAND-10065,HR,Зарегистрировать в HCM,Service Task,Наталья_9,2025-09-25 18:30:47.262585,2025-09-25 18:40:47.262585,10,,
b6e77ce7-1a65-450a-bcaf-4670265755ef,VAC-1065,CAND-10065,РЕКРУТЕР,Разместить вакансию,Task,Дмитрий_1,2025-09-25 19:10:47.262585,2025-09-25 20:40:47.262585,90,,
b6e77ce7-1a65-450a-bcaf-4670265755ef,VAC-1065,CAND-10065,РЕКРУТЕР,Собирать резюме,Task,Екатерина_5,2025-09-25 21:40:47.262585,2025-09-26 02:48:47.262585,308,,
b6e77ce7-1a65-450a-bcaf-4670265755ef,VAC-1065,CAND-10065,РЕКРУТЕР,Скрининг,Task,Алексей_9,2025-09-26 05:35:47.262585,2025-09-26 05:54:47.262585,19,rejected,не прошёл тест
b7857803-bcee-4e6c-af17-1e717712c93b,VAC-1189,CAND-10189,РУКОВОДИТЕЛЬ,Создать заявку,User Task,Сидоров_3,2025-09-12 15:42:47.262585,2025-09-12 16:20:47.262585,38,,
b7857803-bcee-4e6c-af17-1e717712c93b,VAC-1189,CAND-10189,HR,Зарегистрировать в HCM,Service Task,Ольга_1,2025-09-12 16:40:47.262585,2025-09-12 17:12:47.262585,32,,
b7857803-bcee-4e6c-af17-1e717712c93b,VAC-1189,CAND-10189,РЕКРУТЕР,Разместить вакансию,Task,Алексей_4,2025-09-12 17:42:47.262585,2025-09-12 19:37:47.262585,115,,
b7857803-bcee-4e6c-af17-1e717712c93b,VAC-1189,CAND-10189,РЕКРУТЕР,Собирать резюме,Task,Екатерина_3,2025-09-12 20:37:47.262585,2025-09-13 09:24:47.262585,767,,
b7857803-bcee-4e6c-af17-1e717712c93b,VAC-1189,CAND-10189,РЕКРУТЕР,Скрининг,Task,Алексей_4,2025-09-13 10:52:47.262585,2025-09-13 11:11:47.262585,19,passed,
b7857803-bcee-4e6c-af17-1e717712c93b,VAC-1189,CAND-10189,ИНТЕРВЬЮЕРЫ,Назначить интервью,User Task,Сергей_2,2025-09-13 14:11:47.262585,2025-09-13 14:23:47.262585,12,,
b7857803-bcee-4e6c-af17-1e717712c93b,VAC-1189,CAND-10189,ИНТЕРВЬЮЕРЫ,Интервью (раунд 1),User Task,Андрей_1,2025-09-13 15:44:47.262585,2025-09-13 17:24:47.262585,100,passed,
b7857803-bcee-4e6c-af17-1e717712c93b,VAC-1189,CAND-10189,ИНТЕРВЬЮЕРЫ,Финальное интервью,User Task,Сергей_2,2025-09-13 21:24:47.262585,2025-09-13 23:14:47.262585,110,passed,
b7857803-bcee-4e6c-af17-1e717712c93b,VAC-1189,CAND-10189,HR (ОФФЕР),Согласовать условия,User Task,HR_Manager_2,2025-09-14 04:06:47.262585,2025-09-14 10:25:47.262585,379,,
b7857803-bcee-4e6c-af17-1e717712c93b,VAC-1189,CAND-10189,HR (ОФФЕР),Сгенерировать оффер,Service Task,HR_Manager_2,2025-09-14 10:45:47.262585,2025-09-14 10:59:47.262585,14,,
b7857803-bcee-4e6c-af17-1e717712c93b,VAC-1189,CAND-10189,HR (ОФФЕР),Отправить оффер,Send Task,HR_Manager_4,2025-09-14 11:04:47.262585,2025-09-14 11:14:47.262585,10,sent,
b7857803-bcee-4e6c-af17-1e717712c93b,VAC-1189,CAND-10189,HR (ОФФЕР),Timer: ожидание ответа (дни),Timer,,2025-09-14 11:14:47.262585,2025-09-16 11:14:47.262585,2880,timer_elapsed,
b7857803-bcee-4e6c-af17-1e717712c93b,VAC-1189,CAND-10189,SECURITY,Background Check,Call Activity,Служба_БД_2,2025-09-16 14:14:47.262585,2025-09-23 14:13:47.262585,10079,report_ready,
b7857803-bcee-4e6c-af17-1e717712c93b,VAC-1189,CAND-10189,IT,Выдача оборудования,Task,IT_Specialist_6,2025-09-23 15:13:47.262585,2025-09-23 19:24:47.262585,251,,
b7857803-bcee-4e6c-af17-1e717712c93b,VAC-1189,CAND-10189,IT,Создать доступы,Task,IT_Specialist_9,2025-09-23 19:54:47.262585,2025-09-23 21:54:47.262585,120,,
b7857803-bcee-4e6c-af17-1e717712c93b,VAC-1189,CAND-10189,IT,HR/Training: Вводное обучение,Service Task,Марина_4,2025-09-23 23:54:47.262585,2025-09-24 09:33:47.262585,579,,
b7857803-bcee-4e6c-af17-1e717712c93b,VAC-1189,CAND-10189,HR,Назначить ментора,Task,Марина_2,2025-09-24 10:33:47.262585,2025-09-24 13:12:47.262585,159,,
b7857803-bcee-4e6c-af17-1e717712c93b,VAC-1189,CAND-10189,HR,Message: уведомить всех,Message,system,2025-09-24 13:32:47.262585,2025-09-24 13:37:47.262585,5,notified,
b7857803-bcee-4e6c-af17-1e717712c93b,VAC-1189,CAND-10189,HR,Обновить статус в HCM,Service Task,Наталья_1,2025-09-24 14:07:47.262585,2025-09-24 14:27:47.262585,20,,
b7857803-bcee-4e6c-af17-1e717712c93b,VAC-1189,CAND-10189,HR,Payroll / учет,Service Task,Марина_4,2025-09-24 14:57:47.262585,2025-09-24 15:17:47.262585,20,,
b7857803-bcee-4e6c-af17-1e717712c93b,VAC-1189,CAND-10189,HR,Закрыть вакансию на порталах,Service Task,Марина_4,2025-09-24 15:37:47.262585,2025-09-24 15:42:47.262585,5,,
b802bcf8-26c0-42d0-92e8-2ae4bbfc57d9,VAC-1162,CAND-10162,РУКОВОДИТЕЛЬ,Создать заявку,User Task,Кузнецов_6,2025-09-06 20:01:47.262585,2025-09-06 21:01:47.262585,60,,
b802bcf8-26c0-42d0-92e8-2ae4bbfc57d9,VAC-1162,CAND-10162,HR,Зарегистрировать в HCM,Service Task,Марина_4,2025-09-06 21:21:47.262585,2025-09-06 21:48:47.262585,27,,
b802bcf8-26c0-42d0-92e8-2ae4bbfc57d9,VAC-1162,CAND-10162,РЕКРУТЕР,Разместить вакансию,Task,Екатерина_2,2025-09-06 22:18:47.262585,2025-09-06 23:00:47.262585,42,,
b802bcf8-26c0-42d0-92e8-2ae4bbfc57d9,VAC-1162,CAND-10162,РЕКРУТЕР,Собирать резюме,Task,Дмитрий_2,2025-09-07 00:00:47.262585,2025-09-08 19:11:47.262585,2591,,
b802bcf8-26c0-42d0-92e8-2ae4bbfc57d9,VAC-1162,CAND-10162,РЕКРУТЕР,Скрининг,Task,Екатерина_2,2025-09-08 21:39:47.262585,2025-09-08 21:59:47.262585,20,rejected,не соотв. опыту
ba27175b-e7c4-4cff-aea0-5c8a3efff816,VAC-1141,CAND-10141,РУКОВОДИТЕЛЬ,Создать заявку,User Task,Кузнецов_6,2025-09-22 20:37:47.262585,2025-09-22 21:10:47.262585,33,,
ba27175b-e7c4-4cff-aea0-5c8a3efff816,VAC-1141,CAND-10141,HR,Зарегистрировать в HCM,Service Task,Марина_1,2025-09-22 21:30:47.262585,2025-09-22 22:05:47.262585,35,,
ba27175b-e7c4-4cff-aea0-5c8a3efff816,VAC-1141,CAND-10141,РЕКРУТЕР,Разместить вакансию,Task,Дмитрий_9,2025-09-22 22:35:47.262585,2025-09-23 00:13:47.262585,98,,
ba27175b-e7c4-4cff-aea0-5c8a3efff816,VAC-1141,CAND-10141,РЕКРУТЕР,Собирать резюме,Task,Екатерина_2,2025-09-23 01:13:47.262585,2025-09-23 07:59:47.262585,406,,
ba27175b-e7c4-4cff-aea0-5c8a3efff816,VAC-1141,CAND-10141,РЕКРУТЕР,Скрининг,Task,Алексей_9,2025-09-23 09:46:47.262585,2025-09-23 09:58:47.262585,12,passed,
ba27175b-e7c4-4cff-aea0-5c8a3efff816,VAC-1141,CAND-10141,ИНТЕРВЬЮЕРЫ,Назначить интервью,User Task,Андрей_9,2025-09-23 12:58:47.262585,2025-09-23 13:31:47.262585,33,,
ba27175b-e7c4-4cff-aea0-5c8a3efff816,VAC-1141,CAND-10141,ИНТЕРВЬЮЕРЫ,Интервью (раунд 1),User Task,Анна_3,2025-09-23 14:15:47.262585,2025-09-23 16:07:47.262585,112,passed,
ba27175b-e7c4-4cff-aea0-5c8a3efff816,VAC-1141,CAND-10141,ИНТЕРВЬЮЕРЫ,Интервью (раунд 2),User Task,Анна_6,2025-09-23 17:20:47.262585,2025-09-23 18:18:47.262585,58,rejected,культурный профиль
badc340c-96c1-40b1-9cdb-f343959eac50,VAC-1166,CAND-10166,РУКОВОДИТЕЛЬ,Создать заявку,User Task,Иванов_1,2025-09-19 19:10:47.262585,2025-09-19 19:43:47.262585,33,,
badc340c-96c1-40b1-9cdb-f343959eac50,VAC-1166,CAND-10166,HR,Зарегистрировать в HCM,Service Task,Ольга_6,2025-09-19 20:03:47.262585,2025-09-19 20:31:47.262585,28,,
badc340c-96c1-40b1-9cdb-f343959eac50,VAC-1166,CAND-10166,РЕКРУТЕР,Разместить вакансию,Task,Екатерина_8,2025-09-19 21:01:47.262585,2025-09-19 21:35:47.262585,34,,
badc340c-96c1-40b1-9cdb-f343959eac50,VAC-1166,CAND-10166,РЕКРУТЕР,Собирать резюме,Task,Алексей_9,2025-09-19 22:35:47.262585,2025-09-20 08:02:47.262585,567,,
badc340c-96c1-40b1-9cdb-f343959eac50,VAC-1166,CAND-10166,РЕКРУТЕР,Скрининг,Task,Екатерина_2,2025-09-20 09:43:47.262585,2025-09-20 10:07:47.262585,24,passed,
badc340c-96c1-40b1-9cdb-f343959eac50,VAC-1166,CAND-10166,ИНТЕРВЬЮЕРЫ,Назначить интервью,User Task,Андрей_4,2025-09-20 13:07:47.262585,2025-09-20 13:36:47.262585,29,,
badc340c-96c1-40b1-9cdb-f343959eac50,VAC-1166,CAND-10166,ИНТЕРВЬЮЕРЫ,Интервью (раунд 1),User Task,Сергей_1,2025-09-20 14:05:47.262585,2025-09-20 15:59:47.262585,114,passed,
badc340c-96c1-40b1-9cdb-f343959eac50,VAC-1166,CAND-10166,ИНТЕРВЬЮЕРЫ,Интервью (раунд 2),User Task,Сергей_8,2025-09-20 17:02:47.262585,2025-09-20 18:55:47.262585,113,rejected,культурный профиль
bb087e7a-05f5-4f3a-a212-740f058b4cad,VAC-1075,CAND-10075,РУКОВОДИТЕЛЬ,Создать заявку,User Task,Петров_9,2025-09-12 16:03:47.262585,2025-09-12 17:03:47.262585,60,,
bb087e7a-05f5-4f3a-a212-740f058b4cad,VAC-1075,CAND-10075,HR,Зарегистрировать в HCM,Service Task,Ольга_8,2025-09-12 17:23:47.262585,2025-09-12 17:48:47.262585,25,,
bb087e7a-05f5-4f3a-a212-740f058b4cad,VAC-1075,CAND-10075,РЕКРУТЕР,Разместить вакансию,Task,Дмитрий_8,2025-09-12 18:18:47.262585,2025-09-12 18:50:47.262585,32,,
bb087e7a-05f5-4f3a-a212-740f058b4cad,VAC-1075,CAND-10075,РЕКРУТЕР,Собирать резюме,Task,Алексей_5,2025-09-12 19:50:47.262585,2025-09-13 21:36:47.262585,1546,,
bb087e7a-05f5-4f3a-a212-740f058b4cad,VAC-1075,CAND-10075,РЕКРУТЕР,Скрининг,Task,Екатерина_2,2025-09-13 22:17:47.262585,2025-09-13 22:52:47.262585,35,passed,
bb087e7a-05f5-4f3a-a212-740f058b4cad,VAC-1075,CAND-10075,ИНТЕРВЬЮЕРЫ,Назначить интервью,User Task,Анна_2,2025-09-14 01:52:47.262585,2025-09-14 02:12:47.262585,20,,
bb087e7a-05f5-4f3a-a212-740f058b4cad,VAC-1075,CAND-10075,ИНТЕРВЬЮЕРЫ,Интервью (раунд 1),User Task,Анна_3,2025-09-14 02:53:47.262585,2025-09-14 04:09:47.262585,76,passed,
bb087e7a-05f5-4f3a-a212-740f058b4cad,VAC-1075,CAND-10075,ИНТЕРВЬЮЕРЫ,Интервью (раунд 2),User Task,Сергей_4,2025-09-14 05:11:47.262585,2025-09-14 07:07:47.262585,116,passed,
bb087e7a-05f5-4f3a-a212-740f058b4cad,VAC-1075,CAND-10075,ИНТЕРВЬЮЕРЫ,Финальное интервью,User Task,Андрей_7,2025-09-14 11:07:47.262585,2025-09-14 12:43:47.262585,96,passed,
bb087e7a-05f5-4f3a-a212-740f058b4cad,VAC-1075,CAND-10075,HR (ОФФЕР),Согласовать условия,User Task,HR_Manager_8,2025-09-14 15:24:47.262585,2025-09-14 17:53:47.262585,149,,
bb087e7a-05f5-4f3a-a212-740f058b4cad,VAC-1075,CAND-10075,HR (ОФФЕР),Сгенерировать оффер,Service Task,HR_Manager_7,2025-09-14 18:13:47.262585,2025-09-14 18:36:47.262585,23,,
bb087e7a-05f5-4f3a-a212-740f058b4cad,VAC-1075,CAND-10075,HR (ОФФЕР),Отправить оффер,Send Task,HR_Manager_4,2025-09-14 18:41:47.262585,2025-09-14 18:51:47.262585,10,sent,
bb087e7a-05f5-4f3a-a212-740f058b4cad,VAC-1075,CAND-10075,HR (ОФФЕР),Timer: ожидание ответа (дни),Timer,,2025-09-14 18:51:47.262585,2025-09-16 18:51:47.262585,2880,timer_elapsed,
bb087e7a-05f5-4f3a-a212-740f058b4cad,VAC-1075,CAND-10075,SECURITY,Background Check,Call Activity,Служба_БД_2,2025-09-16 21:51:47.262585,2025-09-27 22:01:47.262585,15850,report_ready,
bb087e7a-05f5-4f3a-a212-740f058b4cad,VAC-1075,CAND-10075,IT,Выдача оборудования,Task,IT_Specialist_6,2025-09-27 23:01:47.262585,2025-09-28 02:18:47.262585,197,,
bb087e7a-05f5-4f3a-a212-740f058b4cad,VAC-1075,CAND-10075,IT,Создать доступы,Task,IT_Specialist_8,2025-09-28 02:48:47.262585,2025-09-28 04:41:47.262585,113,,
bb087e7a-05f5-4f3a-a212-740f058b4cad,VAC-1075,CAND-10075,IT,HR/Training: Вводное обучение,Service Task,Ольга_8,2025-09-28 06:41:47.262585,2025-09-28 10:39:47.262585,238,,
bb087e7a-05f5-4f3a-a212-740f058b4cad,VAC-1075,CAND-10075,HR,Назначить ментора,Task,Марина_6,2025-09-28 11:39:47.262585,2025-09-28 14:24:47.262585,165,,
bb087e7a-05f5-4f3a-a212-740f058b4cad,VAC-1075,CAND-10075,HR,Message: уведомить всех,Message,system,2025-09-28 14:44:47.262585,2025-09-28 14:49:47.262585,5,notified,
bb087e7a-05f5-4f3a-a212-740f058b4cad,VAC-1075,CAND-10075,HR,Обновить статус в HCM,Service Task,Марина_7,2025-09-28 15:19:47.262585,2025-09-28 15:39:47.262585,20,,
bb087e7a-05f5-4f3a-a212-740f058b4cad,VAC-1075,CAND-10075,HR,Payroll / учет,Service Task,Марина_7,2025-09-28 16:09:47.262585,2025-09-28 16:29:47.262585,20,,
bb087e7a-05f5-4f3a-a212-740f058b4cad,VAC-1075,CAND-10075,HR,Закрыть вакансию на порталах,Service Task,Марина_2,2025-09-28 16:49:47.262585,2025-09-28 16:54:47.262585,5,,
bf332194-bc6e-40f9-98c3-ee16c97e29a7,VAC-1063,CAND-10063,РУКОВОДИТЕЛЬ,Создать заявку,User Task,Кузнецов_7,2025-10-14 18:32:47.262585,2025-10-14 18:45:47.262585,13,,
bf332194-bc6e-40f9-98c3-ee16c97e29a7,VAC-1063,CAND-10063,HR,Зарегистрировать в HCM,Service Task,Марина_3,2025-10-14 19:05:47.262585,2025-10-14 19:32:47.262585,27,,
bf332194-bc6e-40f9-98c3-ee16c97e29a7,VAC-1063,CAND-10063,РЕКРУТЕР,Разместить вакансию,Task,Алексей_5,2025-10-14 20:02:47.262585,2025-10-14 21:11:47.262585,69,,
bf332194-bc6e-40f9-98c3-ee16c97e29a7,VAC-1063,CAND-10063,РЕКРУТЕР,Собирать резюме,Task,Дмитрий_2,2025-10-14 22:11:47.262585,2025-10-15 16:03:47.262585,1072,,
bf332194-bc6e-40f9-98c3-ee16c97e29a7,VAC-1063,CAND-10063,РЕКРУТЕР,Скрининг,Task,Дмитрий_2,2025-10-15 18:28:47.262585,2025-10-15 19:05:47.262585,37,passed,
bf332194-bc6e-40f9-98c3-ee16c97e29a7,VAC-1063,CAND-10063,ИНТЕРВЬЮЕРЫ,Назначить интервью,User Task,Андрей_1,2025-10-15 22:05:47.262585,2025-10-15 22:41:47.262585,36,,
bf332194-bc6e-40f9-98c3-ee16c97e29a7,VAC-1063,CAND-10063,ИНТЕРВЬЮЕРЫ,Интервью (раунд 1),User Task,Анна_9,2025-10-15 23:06:47.262585,2025-10-16 00:00:47.262585,54,passed,
bf332194-bc6e-40f9-98c3-ee16c97e29a7,VAC-1063,CAND-10063,ИНТЕРВЬЮЕРЫ,Финальное интервью,User Task,Сергей_5,2025-10-16 04:00:47.262585,2025-10-16 05:12:47.262585,72,passed,
bf332194-bc6e-40f9-98c3-ee16c97e29a7,VAC-1063,CAND-10063,HR (ОФФЕР),Согласовать условия,User Task,HR_Manager_4,2025-10-16 10:04:47.262585,2025-10-16 12:19:47.262585,135,,
bf332194-bc6e-40f9-98c3-ee16c97e29a7,VAC-1063,CAND-10063,HR (ОФФЕР),Сгенерировать оффер,Service Task,HR_Manager_8,2025-10-16 12:39:47.262585,2025-10-16 13:07:47.262585,28,,
bf332194-bc6e-40f9-98c3-ee16c97e29a7,VAC-1063,CAND-10063,HR (ОФФЕР),Отправить оффер,Send Task,HR_Manager_4,2025-10-16 13:12:47.262585,2025-10-16 13:22:47.262585,10,sent,
bf332194-bc6e-40f9-98c3-ee16c97e29a7,VAC-1063,CAND-10063,HR (ОФФЕР),Timer: ожидание ответа (дни),Timer,,2025-10-16 13:22:47.262585,2025-10-20 13:22:47.262585,5760,timer_elapsed,
bf332194-bc6e-40f9-98c3-ee16c97e29a7,VAC-1063,CAND-10063,HR (ОФФЕР),Переговоры / отказ,Task,HR_Manager_5,2025-10-20 15:22:47.262585,2025-10-21 01:47:47.262585,625,rejected,
c0f7fe74-246e-4022-8011-c5724db7fa4a,VAC-1169,CAND-10169,РУКОВОДИТЕЛЬ,Создать заявку,User Task,Иванов_9,2025-09-13 19:17:47.262585,2025-09-13 19:29:47.262585,12,,
c0f7fe74-246e-4022-8011-c5724db7fa4a,VAC-1169,CAND-10169,HR,Зарегистрировать в HCM,Service Task,Ольга_7,2025-09-13 19:49:47.262585,2025-09-13 20:19:47.262585,30,,
c0f7fe74-246e-4022-8011-c5724db7fa4a,VAC-1169,CAND-10169,РЕКРУТЕР,Разместить вакансию,Task,Екатерина_5,2025-09-13 20:49:47.262585,2025-09-13 22:27:47.262585,98,,
c0f7fe74-246e-4022-8011-c5724db7fa4a,VAC-1169,CAND-10169,РЕКРУТЕР,Собирать резюме,Task,Дмитрий_5,2025-09-13 23:27:47.262585,2025-09-15 02:19:47.262585,1612,,
c0f7fe74-246e-4022-8011-c5724db7fa4a,VAC-1169,CAND-10169,РЕКРУТЕР,Скрининг,Task,Екатерина_7,2025-09-15 03:14:47.262585,2025-09-15 03:32:47.262585,18,passed,
c0f7fe74-246e-4022-8011-c5724db7fa4a,VAC-1169,CAND-10169,ИНТЕРВЬЮЕРЫ,Назначить интервью,User Task,Анна_4,2025-09-15 06:32:47.262585,2025-09-15 07:03:47.262585,31,,
c0f7fe74-246e-4022-8011-c5724db7fa4a,VAC-1169,CAND-10169,ИНТЕРВЬЮЕРЫ,Интервью (раунд 1),User Task,Анна_3,2025-09-15 07:47:47.262585,2025-09-15 09:38:47.262585,111,passed,
c0f7fe74-246e-4022-8011-c5724db7fa4a,VAC-1169,CAND-10169,ИНТЕРВЬЮЕРЫ,Интервью (раунд 2),User Task,Андрей_2,2025-09-15 10:38:47.262585,2025-09-15 12:33:47.262585,115,passed,
c0f7fe74-246e-4022-8011-c5724db7fa4a,VAC-1169,CAND-10169,ИНТЕРВЬЮЕРЫ,Финальное интервью,User Task,Анна_2,2025-09-15 16:33:47.262585,2025-09-15 17:19:47.262585,46,passed,
c0f7fe74-246e-4022-8011-c5724db7fa4a,VAC-1169,CAND-10169,HR (ОФФЕР),Согласовать условия,User Task,HR_Manager_4,2025-09-15 21:14:47.262585,2025-09-16 06:50:47.262585,576,,
c0f7fe74-246e-4022-8011-c5724db7fa4a,VAC-1169,CAND-10169,HR (ОФФЕР),Сгенерировать оффер,Service Task,HR_Manager_5,2025-09-16 07:10:47.262585,2025-09-16 07:38:47.262585,28,,
c0f7fe74-246e-4022-8011-c5724db7fa4a,VAC-1169,CAND-10169,HR (ОФФЕР),Отправить оффер,Send Task,HR_Manager_1,2025-09-16 07:43:47.262585,2025-09-16 07:53:47.262585,10,sent,
c0f7fe74-246e-4022-8011-c5724db7fa4a,VAC-1169,CAND-10169,HR (ОФФЕР),Timer: ожидание ответа (дни),Timer,,2025-09-16 07:53:47.262585,2025-09-17 07:53:47.262585,1440,timer_elapsed,
c0f7fe74-246e-4022-8011-c5724db7fa4a,VAC-1169,CAND-10169,SECURITY,Background Check,Call Activity,Служба_БД_2,2025-09-17 10:53:47.262585,2025-09-21 02:24:47.262585,5251,report_ready,
c0f7fe74-246e-4022-8011-c5724db7fa4a,VAC-1169,CAND-10169,IT,Выдача оборудования,Task,IT_Specialist_3,2025-09-21 03:24:47.262585,2025-09-21 04:54:47.262585,90,,
c0f7fe74-246e-4022-8011-c5724db7fa4a,VAC-1169,CAND-10169,IT,Создать доступы,Task,IT_Specialist_2,2025-09-21 05:24:47.262585,2025-09-21 07:30:47.262585,126,,
c0f7fe74-246e-4022-8011-c5724db7fa4a,VAC-1169,CAND-10169,IT,HR/Training: Вводное обучение,Service Task,Наталья_5,2025-09-21 09:30:47.262585,2025-09-21 18:26:47.262585,536,,
c0f7fe74-246e-4022-8011-c5724db7fa4a,VAC-1169,CAND-10169,HR,Назначить ментора,Task,Ольга_2,2025-09-21 19:26:47.262585,2025-09-21 21:11:47.262585,105,,
c0f7fe74-246e-4022-8011-c5724db7fa4a,VAC-1169,CAND-10169,HR,Message: уведомить всех,Message,system,2025-09-21 21:31:47.262585,2025-09-21 21:36:47.262585,5,notified,
c0f7fe74-246e-4022-8011-c5724db7fa4a,VAC-1169,CAND-10169,HR,Обновить статус в HCM,Service Task,Марина_8,2025-09-21 22:06:47.262585,2025-09-21 22:26:47.262585,20,,
c0f7fe74-246e-4022-8011-c5724db7fa4a,VAC-1169,CAND-10169,HR,Payroll / учет,Service Task,Ольга_7,2025-09-21 22:56:47.262585,2025-09-21 23:16:47.262585,20,,
c0f7fe74-246e-4022-8011-c5724db7fa4a,VAC-1169,CAND-10169,HR,Закрыть вакансию на порталах,Service Task,Марина_6,2025-09-21 23:36:47.262585,2025-09-21 23:41:47.262585,5,,
c294f4c0-8077-4444-b814-93ec43759f1b,VAC-1185,CAND-10185,РУКОВОДИТЕЛЬ,Создать заявку,User Task,Сидоров_8,2025-09-27 18:55:47.262585,2025-09-27 19:46:47.262585,51,,
c294f4c0-8077-4444-b814-93ec43759f1b,VAC-1185,CAND-10185,HR,Зарегистрировать в HCM,Service Task,Ольга_3,2025-09-27 20:06:47.262585,2025-09-27 20:44:47.262585,38,,
c294f4c0-8077-4444-b814-93ec43759f1b,VAC-1185,CAND-10185,РЕКРУТЕР,Разместить вакансию,Task,Екатерина_8,2025-09-27 21:14:47.262585,2025-09-27 22:46:47.262585,92,,
c294f4c0-8077-4444-b814-93ec43759f1b,VAC-1185,CAND-10185,РЕКРУТЕР,Собирать резюме,Task,Екатерина_2,2025-09-27 23:46:47.262585,2025-09-29 02:53:47.262585,1627,,
c294f4c0-8077-4444-b814-93ec43759f1b,VAC-1185,CAND-10185,РЕКРУТЕР,Скрининг,Task,Алексей_3,2025-09-29 05:25:47.262585,2025-09-29 06:03:47.262585,38,passed,
c294f4c0-8077-4444-b814-93ec43759f1b,VAC-1185,CAND-10185,ИНТЕРВЬЮЕРЫ,Назначить интервью,User Task,Сергей_1,2025-09-29 09:03:47.262585,2025-09-29 09:16:47.262585,13,,
c294f4c0-8077-4444-b814-93ec43759f1b,VAC-1185,CAND-10185,ИНТЕРВЬЮЕРЫ,Интервью (раунд 1),User Task,Сергей_1,2025-09-29 10:04:47.262585,2025-09-29 11:46:47.262585,102,passed,
c294f4c0-8077-4444-b814-93ec43759f1b,VAC-1185,CAND-10185,ИНТЕРВЬЮЕРЫ,Интервью (раунд 2),User Task,Сергей_4,2025-09-29 12:30:47.262585,2025-09-29 14:29:47.262585,119,passed,
c294f4c0-8077-4444-b814-93ec43759f1b,VAC-1185,CAND-10185,ИНТЕРВЬЮЕРЫ,Финальное интервью,User Task,Сергей_2,2025-09-29 18:29:47.262585,2025-09-29 19:16:47.262585,47,passed,
c294f4c0-8077-4444-b814-93ec43759f1b,VAC-1185,CAND-10185,HR (ОФФЕР),Согласовать условия,User Task,HR_Manager_8,2025-09-29 22:27:47.262585,2025-09-30 07:10:47.262585,523,,
c294f4c0-8077-4444-b814-93ec43759f1b,VAC-1185,CAND-10185,HR (ОФФЕР),Сгенерировать оффер,Service Task,HR_Manager_6,2025-09-30 07:30:47.262585,2025-09-30 07:45:47.262585,15,,
c294f4c0-8077-4444-b814-93ec43759f1b,VAC-1185,CAND-10185,HR (ОФФЕР),Отправить оффер,Send Task,HR_Manager_3,2025-09-30 07:50:47.262585,2025-09-30 08:00:47.262585,10,sent,
c294f4c0-8077-4444-b814-93ec43759f1b,VAC-1185,CAND-10185,HR (ОФФЕР),Timer: ожидание ответа (дни),Timer,,2025-09-30 08:00:47.262585,2025-10-04 08:00:47.262585,5760,timer_elapsed,
c294f4c0-8077-4444-b814-93ec43759f1b,VAC-1185,CAND-10185,SECURITY,Background Check,Call Activity,Служба_БД_5,2025-10-04 11:00:47.262585,2025-10-11 16:48:47.262585,10428,report_ready,
c294f4c0-8077-4444-b814-93ec43759f1b,VAC-1185,CAND-10185,IT,Выдача оборудования,Task,IT_Specialist_9,2025-10-11 17:48:47.262585,2025-10-11 20:06:47.262585,138,,
c294f4c0-8077-4444-b814-93ec43759f1b,VAC-1185,CAND-10185,IT,Создать доступы,Task,IT_Specialist_8,2025-10-11 20:36:47.262585,2025-10-11 21:28:47.262585,52,,
c294f4c0-8077-4444-b814-93ec43759f1b,VAC-1185,CAND-10185,IT,HR/Training: Вводное обучение,Service Task,Ольга_8,2025-10-11 23:28:47.262585,2025-10-12 08:47:47.262585,559,,
c294f4c0-8077-4444-b814-93ec43759f1b,VAC-1185,CAND-10185,HR,Назначить ментора,Task,Наталья_7,2025-10-12 09:47:47.262585,2025-10-12 11:30:47.262585,103,,
c294f4c0-8077-4444-b814-93ec43759f1b,VAC-1185,CAND-10185,HR,Message: уведомить всех,Message,system,2025-10-12 11:50:47.262585,2025-10-12 11:55:47.262585,5,notified,
c294f4c0-8077-4444-b814-93ec43759f1b,VAC-1185,CAND-10185,HR,Обновить статус в HCM,Service Task,Марина_7,2025-10-12 12:25:47.262585,2025-10-12 12:45:47.262585,20,,
c294f4c0-8077-4444-b814-93ec43759f1b,VAC-1185,CAND-10185,HR,Payroll / учет,Service Task,Наталья_2,2025-10-12 13:15:47.262585,2025-10-12 13:35:47.262585,20,,
c294f4c0-8077-4444-b814-93ec43759f1b,VAC-1185,CAND-10185,HR,Закрыть вакансию на порталах,Service Task,Наталья_4,2025-10-12 13:55:47.262585,2025-10-12 14:00:47.262585,5,,
c2c6bbef-aa9a-41dc-b511-e2bae81e67cd,VAC-1071,CAND-10071,РУКОВОДИТЕЛЬ,Создать заявку,User Task,Сидоров_7,2025-10-13 13:54:47.262585,2025-10-13 14:28:47.262585,34,,
c2c6bbef-aa9a-41dc-b511-e2bae81e67cd,VAC-1071,CAND-10071,HR,Зарегистрировать в HCM,Service Task,Наталья_4,2025-10-13 14:48:47.262585,2025-10-13 15:09:47.262585,21,,
c2c6bbef-aa9a-41dc-b511-e2bae81e67cd,VAC-1071,CAND-10071,РЕКРУТЕР,Разместить вакансию,Task,Екатерина_3,2025-10-13 15:39:47.262585,2025-10-13 17:14:47.262585,95,,
c2c6bbef-aa9a-41dc-b511-e2bae81e67cd,VAC-1071,CAND-10071,РЕКРУТЕР,Собирать резюме,Task,Алексей_8,2025-10-13 18:14:47.262585,2025-10-15 11:47:47.262585,2493,,
c2c6bbef-aa9a-41dc-b511-e2bae81e67cd,VAC-1071,CAND-10071,РЕКРУТЕР,Скрининг,Task,Дмитрий_2,2025-10-15 13:10:47.262585,2025-10-15 13:34:47.262585,24,rejected,некорректное резюме
c51f1b31-af99-46ba-8c23-650c0456303f,VAC-1102,CAND-10102,РУКОВОДИТЕЛЬ,Создать заявку,User Task,Иванов_4,2025-10-21 16:59:47.262585,2025-10-21 17:33:47.262585,34,,
c51f1b31-af99-46ba-8c23-650c0456303f,VAC-1102,CAND-10102,HR,Зарегистрировать в HCM,Service Task,Марина_4,2025-10-21 17:53:47.262585,2025-10-21 18:13:47.262585,20,,
c51f1b31-af99-46ba-8c23-650c0456303f,VAC-1102,CAND-10102,РЕКРУТЕР,Разместить вакансию,Task,Екатерина_8,2025-10-21 18:43:47.262585,2025-10-21 20:30:47.262585,107,,
c51f1b31-af99-46ba-8c23-650c0456303f,VAC-1102,CAND-10102,РЕКРУТЕР,Собирать резюме,Task,Екатерина_5,2025-10-21 21:30:47.262585,2025-10-23 01:58:47.262585,1708,,
c51f1b31-af99-46ba-8c23-650c0456303f,VAC-1102,CAND-10102,РЕКРУТЕР,Скрининг,Task,Екатерина_9,2025-10-23 03:11:47.262585,2025-10-23 03:47:47.262585,36,passed,
c51f1b31-af99-46ba-8c23-650c0456303f,VAC-1102,CAND-10102,ИНТЕРВЬЮЕРЫ,Назначить интервью,User Task,Сергей_3,2025-10-23 06:47:47.262585,2025-10-23 07:00:47.262585,13,,
c51f1b31-af99-46ba-8c23-650c0456303f,VAC-1102,CAND-10102,ИНТЕРВЬЮЕРЫ,Интервью (раунд 1),User Task,Андрей_6,2025-10-23 07:43:47.262585,2025-10-23 09:10:47.262585,87,passed,
c51f1b31-af99-46ba-8c23-650c0456303f,VAC-1102,CAND-10102,ИНТЕРВЬЮЕРЫ,Интервью (раунд 2),User Task,Сергей_6,2025-10-23 09:58:47.262585,2025-10-23 11:22:47.262585,84,passed,
c51f1b31-af99-46ba-8c23-650c0456303f,VAC-1102,CAND-10102,ИНТЕРВЬЮЕРЫ,Финальное интервью,User Task,Сергей_2,2025-10-23 15:22:47.262585,2025-10-23 16:40:47.262585,78,passed,
c51f1b31-af99-46ba-8c23-650c0456303f,VAC-1102,CAND-10102,HR (ОФФЕР),Согласовать условия,User Task,HR_Manager_8,2025-10-23 19:40:47.262585,2025-10-23 22:34:47.262585,174,,
c51f1b31-af99-46ba-8c23-650c0456303f,VAC-1102,CAND-10102,HR (ОФФЕР),Сгенерировать оффер,Service Task,HR_Manager_7,2025-10-23 22:54:47.262585,2025-10-23 23:05:47.262585,11,,
c51f1b31-af99-46ba-8c23-650c0456303f,VAC-1102,CAND-10102,HR (ОФФЕР),Отправить оффер,Send Task,HR_Manager_7,2025-10-23 23:10:47.262585,2025-10-23 23:20:47.262585,10,sent,
c51f1b31-af99-46ba-8c23-650c0456303f,VAC-1102,CAND-10102,HR (ОФФЕР),Timer: ожидание ответа (дни),Timer,,2025-10-23 23:20:47.262585,2025-10-24 23:20:47.262585,1440,timer_elapsed,
c51f1b31-af99-46ba-8c23-650c0456303f,VAC-1102,CAND-10102,HR (ОФФЕР),Переговоры / отказ,Task,HR_Manager_4,2025-10-25 01:20:47.262585,2025-10-25 04:54:47.262585,214,rejected,
c99e1607-0d6b-4ff9-b8f8-d947e4e1da08,VAC-1173,CAND-10173,РУКОВОДИТЕЛЬ,Создать заявку,User Task,Кузнецов_9,2025-09-18 11:47:47.262585,2025-09-18 12:38:47.262585,51,,
c99e1607-0d6b-4ff9-b8f8-d947e4e1da08,VAC-1173,CAND-10173,HR,Зарегистрировать в HCM,Service Task,Марина_4,2025-09-18 12:58:47.262585,2025-09-18 13:12:47.262585,14,,
c99e1607-0d6b-4ff9-b8f8-d947e4e1da08,VAC-1173,CAND-10173,РЕКРУТЕР,Разместить вакансию,Task,Алексей_3,2025-09-18 13:42:47.262585,2025-09-18 14:11:47.262585,29,,
c99e1607-0d6b-4ff9-b8f8-d947e4e1da08,VAC-1173,CAND-10173,РЕКРУТЕР,Собирать резюме,Task,Екатерина_1,2025-09-18 15:11:47.262585,2025-09-20 04:33:47.262585,2242,,
c99e1607-0d6b-4ff9-b8f8-d947e4e1da08,VAC-1173,CAND-10173,РЕКРУТЕР,Скрининг,Task,Екатерина_1,2025-09-20 07:03:47.262585,2025-09-20 07:42:47.262585,39,passed,
c99e1607-0d6b-4ff9-b8f8-d947e4e1da08,VAC-1173,CAND-10173,ИНТЕРВЬЮЕРЫ,Назначить интервью,User Task,Андрей_1,2025-09-20 10:42:47.262585,2025-09-20 11:12:47.262585,30,,
c99e1607-0d6b-4ff9-b8f8-d947e4e1da08,VAC-1173,CAND-10173,ИНТЕРВЬЮЕРЫ,Интервью (раунд 1),User Task,Андрей_8,2025-09-20 11:38:47.262585,2025-09-20 13:02:47.262585,84,rejected,культурный профиль
ce01d7ef-ffd1-410b-9842-51a1f51acf71,VAC-1049,CAND-10049,РУКОВОДИТЕЛЬ,Создать заявку,User Task,Сидоров_4,2025-09-02 14:44:47.262585,2025-09-02 15:04:47.262585,20,,
ce01d7ef-ffd1-410b-9842-51a1f51acf71,VAC-1049,CAND-10049,HR,Зарегистрировать в HCM,Service Task,Марина_5,2025-09-02 15:24:47.262585,2025-09-02 15:45:47.262585,21,,
ce01d7ef-ffd1-410b-9842-51a1f51acf71,VAC-1049,CAND-10049,РЕКРУТЕР,Разместить вакансию,Task,Дмитрий_4,2025-09-02 16:15:47.262585,2025-09-02 16:45:47.262585,30,,
ce01d7ef-ffd1-410b-9842-51a1f51acf71,VAC-1049,CAND-10049,РЕКРУТЕР,Собирать резюме,Task,Екатерина_5,2025-09-02 17:45:47.262585,2025-09-04 17:06:47.262585,2841,,
ce01d7ef-ffd1-410b-9842-51a1f51acf71,VAC-1049,CAND-10049,РЕКРУТЕР,Скрининг,Task,Дмитрий_9,2025-09-04 18:08:47.262585,2025-09-04 18:38:47.262585,30,passed,
ce01d7ef-ffd1-410b-9842-51a1f51acf71,VAC-1049,CAND-10049,ИНТЕРВЬЮЕРЫ,Назначить интервью,User Task,Андрей_3,2025-09-04 21:38:47.262585,2025-09-04 22:08:47.262585,30,,
ce01d7ef-ffd1-410b-9842-51a1f51acf71,VAC-1049,CAND-10049,ИНТЕРВЬЮЕРЫ,Интервью (раунд 1),User Task,Андрей_2,2025-09-04 23:11:47.262585,2025-09-05 01:08:47.262585,117,passed,
ce01d7ef-ffd1-410b-9842-51a1f51acf71,VAC-1049,CAND-10049,ИНТЕРВЬЮЕРЫ,Финальное интервью,User Task,Анна_5,2025-09-05 05:08:47.262585,2025-09-05 05:58:47.262585,50,rejected,финал не пройден
d06b7ca0-9331-408b-b082-58e1132b7b02,VAC-1119,CAND-10119,РУКОВОДИТЕЛЬ,Создать заявку,User Task,Сидоров_3,2025-09-01 17:24:47.262585,2025-09-01 18:08:47.262585,44,,
d06b7ca0-9331-408b-b082-58e1132b7b02,VAC-1119,CAND-10119,HR,Зарегистрировать в HCM,Service Task,Марина_6,2025-09-01 18:28:47.262585,2025-09-01 18:47:47.262585,19,,
d06b7ca0-9331-408b-b082-58e1132b7b02,VAC-1119,CAND-10119,РЕКРУТЕР,Разместить вакансию,Task,Екатерина_9,2025-09-01 19:17:47.262585,2025-09-01 19:38:47.262585,21,,
d06b7ca0-9331-408b-b082-58e1132b7b02,VAC-1119,CAND-10119,РЕКРУТЕР,Собирать резюме,Task,Алексей_1,2025-09-01 20:38:47.262585,2025-09-02 10:17:47.262585,819,,
d06b7ca0-9331-408b-b082-58e1132b7b02,VAC-1119,CAND-10119,РЕКРУТЕР,Скрининг,Task,Екатерина_7,2025-09-02 10:48:47.262585,2025-09-02 11:16:47.262585,28,passed,
d06b7ca0-9331-408b-b082-58e1132b7b02,VAC-1119,CAND-10119,ИНТЕРВЬЮЕРЫ,Назначить интервью,User Task,Андрей_5,2025-09-02 14:16:47.262585,2025-09-02 14:56:47.262585,40,,
d06b7ca0-9331-408b-b082-58e1132b7b02,VAC-1119,CAND-10119,ИНТЕРВЬЮЕРЫ,Интервью (раунд 1),User Task,Анна_9,2025-09-02 16:00:47.262585,2025-09-02 17:12:47.262585,72,passed,
d06b7ca0-9331-408b-b082-58e1132b7b02,VAC-1119,CAND-10119,ИНТЕРВЬЮЕРЫ,Финальное интервью,User Task,Андрей_5,2025-09-02 21:12:47.262585,2025-09-02 22:15:47.262585,63,passed,
d06b7ca0-9331-408b-b082-58e1132b7b02,VAC-1119,CAND-10119,HR (ОФФЕР),Согласовать условия,User Task,HR_Manager_1,2025-09-03 00:04:47.262585,2025-09-03 04:01:47.262585,237,,
d06b7ca0-9331-408b-b082-58e1132b7b02,VAC-1119,CAND-10119,HR (ОФФЕР),Сгенерировать оффер,Service Task,HR_Manager_9,2025-09-03 04:21:47.262585,2025-09-03 04:50:47.262585,29,,
d06b7ca0-9331-408b-b082-58e1132b7b02,VAC-1119,CAND-10119,HR (ОФФЕР),Отправить оффер,Send Task,HR_Manager_5,2025-09-03 04:55:47.262585,2025-09-03 05:05:47.262585,10,sent,
d06b7ca0-9331-408b-b082-58e1132b7b02,VAC-1119,CAND-10119,HR (ОФФЕР),Timer: ожидание ответа (дни),Timer,,2025-09-03 05:05:47.262585,2025-09-04 05:05:47.262585,1440,timer_elapsed,
d06b7ca0-9331-408b-b082-58e1132b7b02,VAC-1119,CAND-10119,SECURITY,Background Check,Call Activity,Служба_БД_6,2025-09-04 08:05:47.262585,2025-09-09 13:59:47.262585,7554,report_ready,
d06b7ca0-9331-408b-b082-58e1132b7b02,VAC-1119,CAND-10119,IT,Выдача оборудования,Task,IT_Specialist_2,2025-09-09 14:59:47.262585,2025-09-09 18:50:47.262585,231,,
d06b7ca0-9331-408b-b082-58e1132b7b02,VAC-1119,CAND-10119,IT,Создать доступы,Task,IT_Specialist_4,2025-09-09 19:20:47.262585,2025-09-09 21:02:47.262585,102,,
d06b7ca0-9331-408b-b082-58e1132b7b02,VAC-1119,CAND-10119,IT,HR/Training: Вводное обучение,Service Task,Ольга_8,2025-09-09 23:02:47.262585,2025-09-10 04:44:47.262585,342,,
d06b7ca0-9331-408b-b082-58e1132b7b02,VAC-1119,CAND-10119,HR,Назначить ментора,Task,Марина_5,2025-09-10 05:44:47.262585,2025-09-10 07:38:47.262585,114,,
d06b7ca0-9331-408b-b082-58e1132b7b02,VAC-1119,CAND-10119,HR,Message: уведомить всех,Message,system,2025-09-10 07:58:47.262585,2025-09-10 08:03:47.262585,5,notified,
d06b7ca0-9331-408b-b082-58e1132b7b02,VAC-1119,CAND-10119,HR,Обновить статус в HCM,Service Task,Марина_3,2025-09-10 08:33:47.262585,2025-09-10 08:53:47.262585,20,,
d06b7ca0-9331-408b-b082-58e1132b7b02,VAC-1119,CAND-10119,HR,Payroll / учет,Service Task,Марина_6,2025-09-10 09:23:47.262585,2025-09-10 09:43:47.262585,20,,
d06b7ca0-9331-408b-b082-58e1132b7b02,VAC-1119,CAND-10119,HR,Закрыть вакансию на порталах,Service Task,Ольга_7,2025-09-10 10:03:47.262585,2025-09-10 10:08:47.262585,5,,
d23cc6e8-3758-4e7c-9e31-501f2a5d733a,VAC-1176,CAND-10176,РУКОВОДИТЕЛЬ,Создать заявку,User Task,Петров_1,2025-10-17 18:05:47.262585,2025-10-17 18:26:47.262585,21,,
d23cc6e8-3758-4e7c-9e31-501f2a5d733a,VAC-1176,CAND-10176,HR,Зарегистрировать в HCM,Service Task,Марина_6,2025-10-17 18:46:47.262585,2025-10-17 18:57:47.262585,11,,
d23cc6e8-3758-4e7c-9e31-501f2a5d733a,VAC-1176,CAND-10176,РЕКРУТЕР,Разместить вакансию,Task,Алексей_7,2025-10-17 19:27:47.262585,2025-10-17 20:23:47.262585,56,,
d23cc6e8-3758-4e7c-9e31-501f2a5d733a,VAC-1176,CAND-10176,РЕКРУТЕР,Собирать резюме,Task,Дмитрий_8,2025-10-17 21:23:47.262585,2025-10-18 18:32:47.262585,1269,,
d23cc6e8-3758-4e7c-9e31-501f2a5d733a,VAC-1176,CAND-10176,РЕКРУТЕР,Скрининг,Task,Екатерина_1,2025-10-18 19:13:47.262585,2025-10-18 19:26:47.262585,13,rejected,не соотв. опыту
d3f763bc-ff27-415a-83d4-5fda95c04d9d,VAC-1192,CAND-10192,РУКОВОДИТЕЛЬ,Создать заявку,User Task,Кузнецов_8,2025-10-23 16:56:47.262585,2025-10-23 17:36:47.262585,40,,
d3f763bc-ff27-415a-83d4-5fda95c04d9d,VAC-1192,CAND-10192,HR,Зарегистрировать в HCM,Service Task,Ольга_3,2025-10-23 17:56:47.262585,2025-10-23 18:22:47.262585,26,,
d3f763bc-ff27-415a-83d4-5fda95c04d9d,VAC-1192,CAND-10192,РЕКРУТЕР,Разместить вакансию,Task,Дмитрий_2,2025-10-23 18:52:47.262585,2025-10-23 20:50:47.262585,118,,
d3f763bc-ff27-415a-83d4-5fda95c04d9d,VAC-1192,CAND-10192,РЕКРУТЕР,Собирать резюме,Task,Дмитрий_8,2025-10-23 21:50:47.262585,2025-10-24 10:10:47.262585,740,,
d3f763bc-ff27-415a-83d4-5fda95c04d9d,VAC-1192,CAND-10192,РЕКРУТЕР,Скрининг,Task,Екатерина_3,2025-10-24 12:47:47.262585,2025-10-24 13:04:47.262585,17,passed,
d3f763bc-ff27-415a-83d4-5fda95c04d9d,VAC-1192,CAND-10192,ИНТЕРВЬЮЕРЫ,Назначить интервью,User Task,Андрей_2,2025-10-24 16:04:47.262585,2025-10-24 16:37:47.262585,33,,
d3f763bc-ff27-415a-83d4-5fda95c04d9d,VAC-1192,CAND-10192,ИНТЕРВЬЮЕРЫ,Интервью (раунд 1),User Task,Анна_6,2025-10-24 17:00:47.262585,2025-10-24 18:07:47.262585,67,passed,
d3f763bc-ff27-415a-83d4-5fda95c04d9d,VAC-1192,CAND-10192,ИНТЕРВЬЮЕРЫ,Интервью (раунд 2),User Task,Андрей_2,2025-10-24 18:46:47.262585,2025-10-24 20:09:47.262585,83,passed,
d3f763bc-ff27-415a-83d4-5fda95c04d9d,VAC-1192,CAND-10192,ИНТЕРВЬЮЕРЫ,Финальное интервью,User Task,Сергей_4,2025-10-25 00:09:47.262585,2025-10-25 02:00:47.262585,111,passed,
d3f763bc-ff27-415a-83d4-5fda95c04d9d,VAC-1192,CAND-10192,HR (ОФФЕР),Согласовать условия,User Task,HR_Manager_9,2025-10-25 04:15:47.262585,2025-10-25 14:44:47.262585,629,,
d3f763bc-ff27-415a-83d4-5fda95c04d9d,VAC-1192,CAND-10192,HR (ОФФЕР),Сгенерировать оффер,Service Task,HR_Manager_9,2025-10-25 15:04:47.262585,2025-10-25 15:17:47.262585,13,,
d3f763bc-ff27-415a-83d4-5fda95c04d9d,VAC-1192,CAND-10192,HR (ОФФЕР),Отправить оффер,Send Task,HR_Manager_1,2025-10-25 15:22:47.262585,2025-10-25 15:32:47.262585,10,sent,
d3f763bc-ff27-415a-83d4-5fda95c04d9d,VAC-1192,CAND-10192,HR (ОФФЕР),Timer: ожидание ответа (дни),Timer,,2025-10-25 15:32:47.262585,2025-10-29 15:32:47.262585,5760,timer_elapsed,
d3f763bc-ff27-415a-83d4-5fda95c04d9d,VAC-1192,CAND-10192,HR (ОФФЕР),Переговоры / отказ,Task,HR_Manager_8,2025-10-29 17:32:47.262585,2025-10-29 20:33:47.262585,181,rejected,
d4a11668-31cd-452a-9f34-eebcfba00f34,VAC-1074,CAND-10074,РУКОВОДИТЕЛЬ,Создать заявку,User Task,Иванов_5,2025-10-13 16:40:47.262585,2025-10-13 16:50:47.262585,10,,
d4a11668-31cd-452a-9f34-eebcfba00f34,VAC-1074,CAND-10074,HR,Зарегистрировать в HCM,Service Task,Марина_9,2025-10-13 17:10:47.262585,2025-10-13 17:27:47.262585,17,,
d4a11668-31cd-452a-9f34-eebcfba00f34,VAC-1074,CAND-10074,РЕКРУТЕР,Разместить вакансию,Task,Екатерина_4,2025-10-13 17:57:47.262585,2025-10-13 19:28:47.262585,91,,
d4a11668-31cd-452a-9f34-eebcfba00f34,VAC-1074,CAND-10074,РЕКРУТЕР,Собирать резюме,Task,Дмитрий_7,2025-10-13 20:28:47.262585,2025-10-15 06:53:47.262585,2065,,
d4a11668-31cd-452a-9f34-eebcfba00f34,VAC-1074,CAND-10074,РЕКРУТЕР,Скрининг,Task,Екатерина_9,2025-10-15 09:21:47.262585,2025-10-15 09:55:47.262585,34,passed,
d4a11668-31cd-452a-9f34-eebcfba00f34,VAC-1074,CAND-10074,ИНТЕРВЬЮЕРЫ,Назначить интервью,User Task,Сергей_2,2025-10-15 12:55:47.262585,2025-10-15 13:05:47.262585,10,,
d4a11668-31cd-452a-9f34-eebcfba00f34,VAC-1074,CAND-10074,ИНТЕРВЬЮЕРЫ,Интервью (раунд 1),User Task,Анна_3,2025-10-15 13:35:47.262585,2025-10-15 14:34:47.262585,59,rejected,поведенческий
d4ae9b9f-b8cf-40a3-a83d-669e24b5db4e,VAC-1093,CAND-10093,РУКОВОДИТЕЛЬ,Создать заявку,User Task,Иванов_4,2025-09-08 20:49:47.262585,2025-09-08 21:16:47.262585,27,,
d4ae9b9f-b8cf-40a3-a83d-669e24b5db4e,VAC-1093,CAND-10093,HR,Зарегистрировать в HCM,Service Task,Ольга_6,2025-09-08 21:36:47.262585,2025-09-08 22:04:47.262585,28,,
d4ae9b9f-b8cf-40a3-a83d-669e24b5db4e,VAC-1093,CAND-10093,РЕКРУТЕР,Разместить вакансию,Task,Алексей_4,2025-09-08 22:34:47.262585,2025-09-08 23:16:47.262585,42,,
d4ae9b9f-b8cf-40a3-a83d-669e24b5db4e,VAC-1093,CAND-10093,РЕКРУТЕР,Собирать резюме,Task,Дмитрий_6,2025-09-09 00:16:47.262585,2025-09-10 20:42:47.262585,2666,,
d4ae9b9f-b8cf-40a3-a83d-669e24b5db4e,VAC-1093,CAND-10093,РЕКРУТЕР,Скрининг,Task,Екатерина_6,2025-09-10 21:19:47.262585,2025-09-10 21:51:47.262585,32,rejected,не прошёл тест
d5405ee0-965a-4ea8-951a-0ad85eaa2733,VAC-1112,CAND-10112,РУКОВОДИТЕЛЬ,Создать заявку,User Task,Сидоров_8,2025-09-28 20:12:47.262585,2025-09-28 20:52:47.262585,40,,
d5405ee0-965a-4ea8-951a-0ad85eaa2733,VAC-1112,CAND-10112,HR,Зарегистрировать в HCM,Service Task,Наталья_4,2025-09-28 21:12:47.262585,2025-09-28 21:25:47.262585,13,,
d5405ee0-965a-4ea8-951a-0ad85eaa2733,VAC-1112,CAND-10112,РЕКРУТЕР,Разместить вакансию,Task,Дмитрий_6,2025-09-28 21:55:47.262585,2025-09-28 22:15:47.262585,20,,
d5405ee0-965a-4ea8-951a-0ad85eaa2733,VAC-1112,CAND-10112,РЕКРУТЕР,Собирать резюме,Task,Дмитрий_9,2025-09-28 23:15:47.262585,2025-09-30 22:30:47.262585,2835,,
d5405ee0-965a-4ea8-951a-0ad85eaa2733,VAC-1112,CAND-10112,РЕКРУТЕР,Скрининг,Task,Екатерина_2,2025-10-01 01:13:47.262585,2025-10-01 01:34:47.262585,21,passed,
d5405ee0-965a-4ea8-951a-0ad85eaa2733,VAC-1112,CAND-10112,ИНТЕРВЬЮЕРЫ,Назначить интервью,User Task,Сергей_3,2025-10-01 04:34:47.262585,2025-10-01 04:49:47.262585,15,,
d5405ee0-965a-4ea8-951a-0ad85eaa2733,VAC-1112,CAND-10112,ИНТЕРВЬЮЕРЫ,Интервью (раунд 1),User Task,Андрей_4,2025-10-01 06:01:47.262585,2025-10-01 06:59:47.262585,58,passed,
d5405ee0-965a-4ea8-951a-0ad85eaa2733,VAC-1112,CAND-10112,ИНТЕРВЬЮЕРЫ,Интервью (раунд 2),User Task,Андрей_6,2025-10-01 07:34:47.262585,2025-10-01 09:09:47.262585,95,passed,
d5405ee0-965a-4ea8-951a-0ad85eaa2733,VAC-1112,CAND-10112,ИНТЕРВЬЮЕРЫ,Интервью (раунд 3),User Task,Анна_2,2025-10-01 09:42:47.262585,2025-10-01 11:20:47.262585,98,passed,
d5405ee0-965a-4ea8-951a-0ad85eaa2733,VAC-1112,CAND-10112,ИНТЕРВЬЮЕРЫ,Финальное интервью,User Task,Анна_9,2025-10-01 15:20:47.262585,2025-10-01 17:02:47.262585,102,passed,
d5405ee0-965a-4ea8-951a-0ad85eaa2733,VAC-1112,CAND-10112,HR (ОФФЕР),Согласовать условия,User Task,HR_Manager_9,2025-10-01 18:36:47.262585,2025-10-02 05:06:47.262585,630,,
d5405ee0-965a-4ea8-951a-0ad85eaa2733,VAC-1112,CAND-10112,HR (ОФФЕР),Сгенерировать оффер,Service Task,HR_Manager_9,2025-10-02 05:26:47.262585,2025-10-02 05:54:47.262585,28,,
d5405ee0-965a-4ea8-951a-0ad85eaa2733,VAC-1112,CAND-10112,HR (ОФФЕР),Отправить оффер,Send Task,HR_Manager_8,2025-10-02 05:59:47.262585,2025-10-02 06:09:47.262585,10,sent,
d5405ee0-965a-4ea8-951a-0ad85eaa2733,VAC-1112,CAND-10112,HR (ОФФЕР),Timer: ожидание ответа (дни),Timer,,2025-10-02 06:09:47.262585,2025-10-04 06:09:47.262585,2880,timer_elapsed,
d5405ee0-965a-4ea8-951a-0ad85eaa2733,VAC-1112,CAND-10112,SECURITY,Background Check,Call Activity,Служба_БД_2,2025-10-04 09:09:47.262585,2025-10-09 08:34:47.262585,7165,report_ready,
d5405ee0-965a-4ea8-951a-0ad85eaa2733,VAC-1112,CAND-10112,IT,Выдача оборудования,Task,IT_Specialist_9,2025-10-09 09:34:47.262585,2025-10-09 13:07:47.262585,213,,
d5405ee0-965a-4ea8-951a-0ad85eaa2733,VAC-1112,CAND-10112,IT,Создать доступы,Task,IT_Specialist_4,2025-10-09 13:37:47.262585,2025-10-09 15:45:47.262585,128,,
d5405ee0-965a-4ea8-951a-0ad85eaa2733,VAC-1112,CAND-10112,IT,HR/Training: Вводное обучение,Service Task,Ольга_6,2025-10-09 17:45:47.262585,2025-10-09 23:05:47.262585,320,,
d5405ee0-965a-4ea8-951a-0ad85eaa2733,VAC-1112,CAND-10112,HR,Назначить ментора,Task,Ольга_3,2025-10-10 00:05:47.262585,2025-10-10 01:50:47.262585,105,,
d5405ee0-965a-4ea8-951a-0ad85eaa2733,VAC-1112,CAND-10112,HR,Message: уведомить всех,Message,system,2025-10-10 02:10:47.262585,2025-10-10 02:15:47.262585,5,notified,
d5405ee0-965a-4ea8-951a-0ad85eaa2733,VAC-1112,CAND-10112,HR,Обновить статус в HCM,Service Task,Наталья_7,2025-10-10 02:45:47.262585,2025-10-10 03:05:47.262585,20,,
d5405ee0-965a-4ea8-951a-0ad85eaa2733,VAC-1112,CAND-10112,HR,Payroll / учет,Service Task,Марина_9,2025-10-10 03:35:47.262585,2025-10-10 03:55:47.262585,20,,
d5405ee0-965a-4ea8-951a-0ad85eaa2733,VAC-1112,CAND-10112,HR,Закрыть вакансию на порталах,Service Task,Ольга_9,2025-10-10 04:15:47.262585,2025-10-10 04:20:47.262585,5,,
d604f848-4e84-4bad-b0f8-5c7ce471dd68,VAC-1086,CAND-10086,РУКОВОДИТЕЛЬ,Создать заявку,User Task,Петров_1,2025-09-16 17:32:47.262585,2025-09-16 17:51:47.262585,19,,
d604f848-4e84-4bad-b0f8-5c7ce471dd68,VAC-1086,CAND-10086,HR,Зарегистрировать в HCM,Service Task,Марина_7,2025-09-16 18:11:47.262585,2025-09-16 18:38:47.262585,27,,
d604f848-4e84-4bad-b0f8-5c7ce471dd68,VAC-1086,CAND-10086,РЕКРУТЕР,Разместить вакансию,Task,Дмитрий_4,2025-09-16 19:08:47.262585,2025-09-16 19:56:47.262585,48,,
d604f848-4e84-4bad-b0f8-5c7ce471dd68,VAC-1086,CAND-10086,РЕКРУТЕР,Собирать резюме,Task,Екатерина_6,2025-09-16 20:56:47.262585,2025-09-18 05:20:47.262585,1944,,
d604f848-4e84-4bad-b0f8-5c7ce471dd68,VAC-1086,CAND-10086,РЕКРУТЕР,Скрининг,Task,Алексей_6,2025-09-18 06:59:47.262585,2025-09-18 07:35:47.262585,36,passed,
d604f848-4e84-4bad-b0f8-5c7ce471dd68,VAC-1086,CAND-10086,ИНТЕРВЬЮЕРЫ,Назначить интервью,User Task,Андрей_3,2025-09-18 10:35:47.262585,2025-09-18 11:06:47.262585,31,,
d604f848-4e84-4bad-b0f8-5c7ce471dd68,VAC-1086,CAND-10086,ИНТЕРВЬЮЕРЫ,Интервью (раунд 1),User Task,Андрей_8,2025-09-18 12:32:47.262585,2025-09-18 13:22:47.262585,50,rejected,поведенческий
d7c78f35-18a8-4c5a-8f35-ed974b86d740,VAC-1177,CAND-10177,РУКОВОДИТЕЛЬ,Создать заявку,User Task,Иванов_2,2025-09-03 11:05:47.262585,2025-09-03 11:47:47.262585,42,,
d7c78f35-18a8-4c5a-8f35-ed974b86d740,VAC-1177,CAND-10177,HR,Зарегистрировать в HCM,Service Task,Наталья_8,2025-09-03 12:07:47.262585,2025-09-03 12:45:47.262585,38,,
d7c78f35-18a8-4c5a-8f35-ed974b86d740,VAC-1177,CAND-10177,РЕКРУТЕР,Разместить вакансию,Task,Екатерина_6,2025-09-03 13:15:47.262585,2025-09-03 14:50:47.262585,95,,
d7c78f35-18a8-4c5a-8f35-ed974b86d740,VAC-1177,CAND-10177,РЕКРУТЕР,Собирать резюме,Task,Алексей_6,2025-09-03 15:50:47.262585,2025-09-05 00:26:47.262585,1956,,
d7c78f35-18a8-4c5a-8f35-ed974b86d740,VAC-1177,CAND-10177,РЕКРУТЕР,Скрининг,Task,Алексей_6,2025-09-05 01:54:47.262585,2025-09-05 02:28:47.262585,34,passed,
d7c78f35-18a8-4c5a-8f35-ed974b86d740,VAC-1177,CAND-10177,ИНТЕРВЬЮЕРЫ,Назначить интервью,User Task,Анна_7,2025-09-05 05:28:47.262585,2025-09-05 05:45:47.262585,17,,
d7c78f35-18a8-4c5a-8f35-ed974b86d740,VAC-1177,CAND-10177,ИНТЕРВЬЮЕРЫ,Интервью (раунд 1),User Task,Анна_8,2025-09-05 06:53:47.262585,2025-09-05 08:06:47.262585,73,passed,
d7c78f35-18a8-4c5a-8f35-ed974b86d740,VAC-1177,CAND-10177,ИНТЕРВЬЮЕРЫ,Интервью (раунд 2),User Task,Анна_8,2025-09-05 08:32:47.262585,2025-09-05 10:12:47.262585,100,passed,
d7c78f35-18a8-4c5a-8f35-ed974b86d740,VAC-1177,CAND-10177,ИНТЕРВЬЮЕРЫ,Интервью (раунд 3),User Task,Сергей_4,2025-09-05 10:54:47.262585,2025-09-05 12:28:47.262585,94,passed,
d7c78f35-18a8-4c5a-8f35-ed974b86d740,VAC-1177,CAND-10177,ИНТЕРВЬЮЕРЫ,Финальное интервью,User Task,Андрей_6,2025-09-05 16:28:47.262585,2025-09-05 17:58:47.262585,90,rejected,финал не пройден
d83e5303-b0da-4124-884c-c31e12c4a8ca,VAC-1110,CAND-10110,РУКОВОДИТЕЛЬ,Создать заявку,User Task,Петров_6,2025-09-09 20:54:47.262585,2025-09-09 21:04:47.262585,10,,
d83e5303-b0da-4124-884c-c31e12c4a8ca,VAC-1110,CAND-10110,HR,Зарегистрировать в HCM,Service Task,Марина_2,2025-09-09 21:24:47.262585,2025-09-09 21:50:47.262585,26,,
d83e5303-b0da-4124-884c-c31e12c4a8ca,VAC-1110,CAND-10110,РЕКРУТЕР,Разместить вакансию,Task,Екатерина_4,2025-09-09 22:20:47.262585,2025-09-09 23:35:47.262585,75,,
d83e5303-b0da-4124-884c-c31e12c4a8ca,VAC-1110,CAND-10110,РЕКРУТЕР,Собирать резюме,Task,Дмитрий_7,2025-09-10 00:35:47.262585,2025-09-11 13:28:47.262585,2213,,
d83e5303-b0da-4124-884c-c31e12c4a8ca,VAC-1110,CAND-10110,РЕКРУТЕР,Скрининг,Task,Екатерина_1,2025-09-11 14:36:47.262585,2025-09-11 15:12:47.262585,36,passed,
d83e5303-b0da-4124-884c-c31e12c4a8ca,VAC-1110,CAND-10110,ИНТЕРВЬЮЕРЫ,Назначить интервью,User Task,Андрей_9,2025-09-11 18:12:47.262585,2025-09-11 18:51:47.262585,39,,
d83e5303-b0da-4124-884c-c31e12c4a8ca,VAC-1110,CAND-10110,ИНТЕРВЬЮЕРЫ,Интервью (раунд 1),User Task,Сергей_6,2025-09-11 20:14:47.262585,2025-09-11 21:20:47.262585,66,passed,
d83e5303-b0da-4124-884c-c31e12c4a8ca,VAC-1110,CAND-10110,ИНТЕРВЬЮЕРЫ,Интервью (раунд 2),User Task,Андрей_9,2025-09-11 22:10:47.262585,2025-09-11 23:37:47.262585,87,rejected,недостаточно навыков
d8f275c3-744d-4e06-a391-798e17676d4b,VAC-1020,CAND-10020,РУКОВОДИТЕЛЬ,Создать заявку,User Task,Петров_9,2025-10-05 11:44:47.262585,2025-10-05 12:09:47.262585,25,,
d8f275c3-744d-4e06-a391-798e17676d4b,VAC-1020,CAND-10020,HR,Зарегистрировать в HCM,Service Task,Наталья_1,2025-10-05 12:29:47.262585,2025-10-05 12:41:47.262585,12,,
d8f275c3-744d-4e06-a391-798e17676d4b,VAC-1020,CAND-10020,РЕКРУТЕР,Разместить вакансию,Task,Дмитрий_8,2025-10-05 13:11:47.262585,2025-10-05 14:23:47.262585,72,,
d8f275c3-744d-4e06-a391-798e17676d4b,VAC-1020,CAND-10020,РЕКРУТЕР,Собирать резюме,Task,Алексей_4,2025-10-05 15:23:47.262585,2025-10-06 15:15:47.262585,1432,,
d8f275c3-744d-4e06-a391-798e17676d4b,VAC-1020,CAND-10020,РЕКРУТЕР,Скрининг,Task,Дмитрий_8,2025-10-06 16:58:47.262585,2025-10-06 17:30:47.262585,32,passed,
d8f275c3-744d-4e06-a391-798e17676d4b,VAC-1020,CAND-10020,ИНТЕРВЬЮЕРЫ,Назначить интервью,User Task,Сергей_4,2025-10-06 20:30:47.262585,2025-10-06 20:47:47.262585,17,,
d8f275c3-744d-4e06-a391-798e17676d4b,VAC-1020,CAND-10020,ИНТЕРВЬЮЕРЫ,Интервью (раунд 1),User Task,Сергей_3,2025-10-06 22:16:47.262585,2025-10-06 23:29:47.262585,73,passed,
d8f275c3-744d-4e06-a391-798e17676d4b,VAC-1020,CAND-10020,ИНТЕРВЬЮЕРЫ,Интервью (раунд 2),User Task,Сергей_5,2025-10-06 23:58:47.262585,2025-10-07 00:50:47.262585,52,passed,
d8f275c3-744d-4e06-a391-798e17676d4b,VAC-1020,CAND-10020,ИНТЕРВЬЮЕРЫ,Финальное интервью,User Task,Анна_5,2025-10-07 04:50:47.262585,2025-10-07 06:31:47.262585,101,passed,
d8f275c3-744d-4e06-a391-798e17676d4b,VAC-1020,CAND-10020,HR (ОФФЕР),Согласовать условия,User Task,HR_Manager_9,2025-10-07 10:30:47.262585,2025-10-07 19:22:47.262585,532,,
d8f275c3-744d-4e06-a391-798e17676d4b,VAC-1020,CAND-10020,HR (ОФФЕР),Сгенерировать оффер,Service Task,HR_Manager_8,2025-10-07 19:42:47.262585,2025-10-07 20:04:47.262585,22,,
d8f275c3-744d-4e06-a391-798e17676d4b,VAC-1020,CAND-10020,HR (ОФФЕР),Отправить оффер,Send Task,HR_Manager_1,2025-10-07 20:09:47.262585,2025-10-07 20:19:47.262585,10,sent,
d8f275c3-744d-4e06-a391-798e17676d4b,VAC-1020,CAND-10020,HR (ОФФЕР),Timer: ожидание ответа (дни),Timer,,2025-10-07 20:19:47.262585,2025-10-11 20:19:47.262585,5760,timer_elapsed,
d8f275c3-744d-4e06-a391-798e17676d4b,VAC-1020,CAND-10020,SECURITY,Background Check,Call Activity,Служба_БД_1,2025-10-11 23:19:47.262585,2025-10-21 20:10:47.262585,14211,report_ready,
d8f275c3-744d-4e06-a391-798e17676d4b,VAC-1020,CAND-10020,IT,Выдача оборудования,Task,IT_Specialist_5,2025-10-21 21:10:47.262585,2025-10-22 01:02:47.262585,232,,
d8f275c3-744d-4e06-a391-798e17676d4b,VAC-1020,CAND-10020,IT,Создать доступы,Task,IT_Specialist_3,2025-10-22 01:32:47.262585,2025-10-22 04:29:47.262585,177,,
d8f275c3-744d-4e06-a391-798e17676d4b,VAC-1020,CAND-10020,IT,HR/Training: Вводное обучение,Service Task,Марина_8,2025-10-22 06:29:47.262585,2025-10-22 13:29:47.262585,420,,
d8f275c3-744d-4e06-a391-798e17676d4b,VAC-1020,CAND-10020,HR,Назначить ментора,Task,Наталья_7,2025-10-22 14:29:47.262585,2025-10-22 16:10:47.262585,101,,
d8f275c3-744d-4e06-a391-798e17676d4b,VAC-1020,CAND-10020,HR,Message: уведомить всех,Message,system,2025-10-22 16:30:47.262585,2025-10-22 16:35:47.262585,5,notified,
d8f275c3-744d-4e06-a391-798e17676d4b,VAC-1020,CAND-10020,HR,Обновить статус в HCM,Service Task,Марина_8,2025-10-22 17:05:47.262585,2025-10-22 17:25:47.262585,20,,
d8f275c3-744d-4e06-a391-798e17676d4b,VAC-1020,CAND-10020,HR,Payroll / учет,Service Task,Наталья_8,2025-10-22 17:55:47.262585,2025-10-22 18:15:47.262585,20,,
d8f275c3-744d-4e06-a391-798e17676d4b,VAC-1020,CAND-10020,HR,Закрыть вакансию на порталах,Service Task,Ольга_7,2025-10-22 18:35:47.262585,2025-10-22 18:40:47.262585,5,,
db02c01e-92ea-4498-9479-5924348609cf,VAC-1165,CAND-10165,РУКОВОДИТЕЛЬ,Создать заявку,User Task,Кузнецов_9,2025-10-01 17:13:47.262585,2025-10-01 17:34:47.262585,21,,
db02c01e-92ea-4498-9479-5924348609cf,VAC-1165,CAND-10165,HR,Зарегистрировать в HCM,Service Task,Марина_8,2025-10-01 17:54:47.262585,2025-10-01 18:17:47.262585,23,,
db02c01e-92ea-4498-9479-5924348609cf,VAC-1165,CAND-10165,РЕКРУТЕР,Разместить вакансию,Task,Дмитрий_4,2025-10-01 18:47:47.262585,2025-10-01 19:56:47.262585,69,,
db02c01e-92ea-4498-9479-5924348609cf,VAC-1165,CAND-10165,РЕКРУТЕР,Собирать резюме,Task,Дмитрий_1,2025-10-01 20:56:47.262585,2025-10-02 13:37:47.262585,1001,,
db02c01e-92ea-4498-9479-5924348609cf,VAC-1165,CAND-10165,РЕКРУТЕР,Скрининг,Task,Екатерина_4,2025-10-02 16:34:47.262585,2025-10-02 16:59:47.262585,25,rejected,некорректное резюме
db77ea1e-9831-4373-a939-bc2a494f8b75,VAC-1191,CAND-10191,РУКОВОДИТЕЛЬ,Создать заявку,User Task,Петров_2,2025-10-07 19:40:47.262585,2025-10-07 20:37:47.262585,57,,
db77ea1e-9831-4373-a939-bc2a494f8b75,VAC-1191,CAND-10191,HR,Зарегистрировать в HCM,Service Task,Наталья_6,2025-10-07 20:57:47.262585,2025-10-07 21:18:47.262585,21,,
db77ea1e-9831-4373-a939-bc2a494f8b75,VAC-1191,CAND-10191,РЕКРУТЕР,Разместить вакансию,Task,Екатерина_7,2025-10-07 21:48:47.262585,2025-10-07 22:33:47.262585,45,,
db77ea1e-9831-4373-a939-bc2a494f8b75,VAC-1191,CAND-10191,РЕКРУТЕР,Собирать резюме,Task,Алексей_7,2025-10-07 23:33:47.262585,2025-10-08 11:55:47.262585,742,,
db77ea1e-9831-4373-a939-bc2a494f8b75,VAC-1191,CAND-10191,РЕКРУТЕР,Скрининг,Task,Екатерина_5,2025-10-08 14:32:47.262585,2025-10-08 14:50:47.262585,18,rejected,не прошёл тест
dba97327-c532-4373-bedc-8381cf1ea3cb,VAC-1081,CAND-10081,РУКОВОДИТЕЛЬ,Создать заявку,User Task,Иванов_4,2025-10-04 12:19:47.262585,2025-10-04 12:35:47.262585,16,,
dba97327-c532-4373-bedc-8381cf1ea3cb,VAC-1081,CAND-10081,HR,Зарегистрировать в HCM,Service Task,Наталья_3,2025-10-04 12:55:47.262585,2025-10-04 13:20:47.262585,25,,
dba97327-c532-4373-bedc-8381cf1ea3cb,VAC-1081,CAND-10081,РЕКРУТЕР,Разместить вакансию,Task,Алексей_9,2025-10-04 13:50:47.262585,2025-10-04 15:25:47.262585,95,,
dba97327-c532-4373-bedc-8381cf1ea3cb,VAC-1081,CAND-10081,РЕКРУТЕР,Собирать резюме,Task,Алексей_1,2025-10-04 16:25:47.262585,2025-10-06 02:47:47.262585,2062,,
dba97327-c532-4373-bedc-8381cf1ea3cb,VAC-1081,CAND-10081,РЕКРУТЕР,Скрининг,Task,Алексей_7,2025-10-06 04:44:47.262585,2025-10-06 05:20:47.262585,36,passed,
dba97327-c532-4373-bedc-8381cf1ea3cb,VAC-1081,CAND-10081,ИНТЕРВЬЮЕРЫ,Назначить интервью,User Task,Андрей_4,2025-10-06 08:20:47.262585,2025-10-06 08:45:47.262585,25,,
dba97327-c532-4373-bedc-8381cf1ea3cb,VAC-1081,CAND-10081,ИНТЕРВЬЮЕРЫ,Интервью (раунд 1),User Task,Сергей_3,2025-10-06 09:18:47.262585,2025-10-06 10:16:47.262585,58,passed,
dba97327-c532-4373-bedc-8381cf1ea3cb,VAC-1081,CAND-10081,ИНТЕРВЬЮЕРЫ,Интервью (раунд 2),User Task,Анна_3,2025-10-06 11:24:47.262585,2025-10-06 12:26:47.262585,62,passed,
dba97327-c532-4373-bedc-8381cf1ea3cb,VAC-1081,CAND-10081,ИНТЕРВЬЮЕРЫ,Финальное интервью,User Task,Андрей_3,2025-10-06 16:26:47.262585,2025-10-06 17:19:47.262585,53,passed,
dba97327-c532-4373-bedc-8381cf1ea3cb,VAC-1081,CAND-10081,HR (ОФФЕР),Согласовать условия,User Task,HR_Manager_3,2025-10-06 20:11:47.262585,2025-10-07 04:10:47.262585,479,,
dba97327-c532-4373-bedc-8381cf1ea3cb,VAC-1081,CAND-10081,HR (ОФФЕР),Сгенерировать оффер,Service Task,HR_Manager_4,2025-10-07 04:30:47.262585,2025-10-07 04:48:47.262585,18,,
dba97327-c532-4373-bedc-8381cf1ea3cb,VAC-1081,CAND-10081,HR (ОФФЕР),Отправить оффер,Send Task,HR_Manager_2,2025-10-07 04:53:47.262585,2025-10-07 05:03:47.262585,10,sent,
dba97327-c532-4373-bedc-8381cf1ea3cb,VAC-1081,CAND-10081,HR (ОФФЕР),Timer: ожидание ответа (дни),Timer,,2025-10-07 05:03:47.262585,2025-10-09 05:03:47.262585,2880,timer_elapsed,
dba97327-c532-4373-bedc-8381cf1ea3cb,VAC-1081,CAND-10081,SECURITY,Background Check,Call Activity,Служба_БД_6,2025-10-09 08:03:47.262585,2025-10-19 01:02:47.262585,13979,report_ready,
dba97327-c532-4373-bedc-8381cf1ea3cb,VAC-1081,CAND-10081,SECURITY,Решение руководителя по BG,User Task,Петров_5,2025-10-19 03:02:47.262585,2025-10-19 09:24:47.262585,382,reject_by_manager,
dc0e6c34-ee38-4102-a28a-b46f0a31bd5a,VAC-1126,CAND-10126,РУКОВОДИТЕЛЬ,Создать заявку,User Task,Кузнецов_3,2025-10-11 14:00:47.262585,2025-10-11 14:45:47.262585,45,,
dc0e6c34-ee38-4102-a28a-b46f0a31bd5a,VAC-1126,CAND-10126,HR,Зарегистрировать в HCM,Service Task,Марина_9,2025-10-11 15:05:47.262585,2025-10-11 15:26:47.262585,21,,
dc0e6c34-ee38-4102-a28a-b46f0a31bd5a,VAC-1126,CAND-10126,РЕКРУТЕР,Разместить вакансию,Task,Дмитрий_5,2025-10-11 15:56:47.262585,2025-10-11 17:17:47.262585,81,,
dc0e6c34-ee38-4102-a28a-b46f0a31bd5a,VAC-1126,CAND-10126,РЕКРУТЕР,Собирать резюме,Task,Дмитрий_7,2025-10-11 18:17:47.262585,2025-10-13 13:43:47.262585,2606,,
dc0e6c34-ee38-4102-a28a-b46f0a31bd5a,VAC-1126,CAND-10126,РЕКРУТЕР,Скрининг,Task,Екатерина_2,2025-10-13 14:48:47.262585,2025-10-13 15:25:47.262585,37,rejected,некорректное резюме
dc90d413-fa3b-42a0-9832-386d7c844d4c,VAC-1089,CAND-10089,РУКОВОДИТЕЛЬ,Создать заявку,User Task,Кузнецов_2,2025-09-30 12:06:47.262585,2025-09-30 12:24:47.262585,18,,
dc90d413-fa3b-42a0-9832-386d7c844d4c,VAC-1089,CAND-10089,HR,Зарегистрировать в HCM,Service Task,Марина_1,2025-09-30 12:44:47.262585,2025-09-30 13:12:47.262585,28,,
dc90d413-fa3b-42a0-9832-386d7c844d4c,VAC-1089,CAND-10089,РЕКРУТЕР,Разместить вакансию,Task,Екатерина_3,2025-09-30 13:42:47.262585,2025-09-30 14:57:47.262585,75,,
dc90d413-fa3b-42a0-9832-386d7c844d4c,VAC-1089,CAND-10089,РЕКРУТЕР,Собирать резюме,Task,Дмитрий_5,2025-09-30 15:57:47.262585,2025-10-01 12:06:47.262585,1209,,
dc90d413-fa3b-42a0-9832-386d7c844d4c,VAC-1089,CAND-10089,РЕКРУТЕР,Скрининг,Task,Дмитрий_6,2025-10-01 13:56:47.262585,2025-10-01 14:35:47.262585,39,passed,
dc90d413-fa3b-42a0-9832-386d7c844d4c,VAC-1089,CAND-10089,ИНТЕРВЬЮЕРЫ,Назначить интервью,User Task,Андрей_2,2025-10-01 17:35:47.262585,2025-10-01 17:53:47.262585,18,,
dc90d413-fa3b-42a0-9832-386d7c844d4c,VAC-1089,CAND-10089,ИНТЕРВЬЮЕРЫ,Интервью (раунд 1),User Task,Андрей_3,2025-10-01 18:30:47.262585,2025-10-01 20:29:47.262585,119,passed,
dc90d413-fa3b-42a0-9832-386d7c844d4c,VAC-1089,CAND-10089,ИНТЕРВЬЮЕРЫ,Интервью (раунд 2),User Task,Андрей_9,2025-10-01 21:46:47.262585,2025-10-01 23:30:47.262585,104,passed,
dc90d413-fa3b-42a0-9832-386d7c844d4c,VAC-1089,CAND-10089,ИНТЕРВЬЮЕРЫ,Интервью (раунд 3),User Task,Сергей_5,2025-10-02 00:35:47.262585,2025-10-02 01:46:47.262585,71,passed,
dc90d413-fa3b-42a0-9832-386d7c844d4c,VAC-1089,CAND-10089,ИНТЕРВЬЮЕРЫ,Финальное интервью,User Task,Анна_5,2025-10-02 05:46:47.262585,2025-10-02 06:46:47.262585,60,passed,
dc90d413-fa3b-42a0-9832-386d7c844d4c,VAC-1089,CAND-10089,HR (ОФФЕР),Согласовать условия,User Task,HR_Manager_6,2025-10-02 11:17:47.262585,2025-10-02 13:58:47.262585,161,,
dc90d413-fa3b-42a0-9832-386d7c844d4c,VAC-1089,CAND-10089,HR (ОФФЕР),Сгенерировать оффер,Service Task,HR_Manager_4,2025-10-02 14:18:47.262585,2025-10-02 14:27:47.262585,9,,
dc90d413-fa3b-42a0-9832-386d7c844d4c,VAC-1089,CAND-10089,HR (ОФФЕР),Отправить оффер,Send Task,HR_Manager_7,2025-10-02 14:32:47.262585,2025-10-02 14:42:47.262585,10,sent,
dc90d413-fa3b-42a0-9832-386d7c844d4c,VAC-1089,CAND-10089,HR (ОФФЕР),Timer: ожидание ответа (дни),Timer,,2025-10-02 14:42:47.262585,2025-10-03 14:42:47.262585,1440,timer_elapsed,
dc90d413-fa3b-42a0-9832-386d7c844d4c,VAC-1089,CAND-10089,SECURITY,Background Check,Call Activity,Служба_БД_1,2025-10-03 17:42:47.262585,2025-10-09 16:44:47.262585,8582,report_ready,
dc90d413-fa3b-42a0-9832-386d7c844d4c,VAC-1089,CAND-10089,SECURITY,Решение руководителя по BG,User Task,Иванов_8,2025-10-09 18:44:47.262585,2025-10-10 03:27:47.262585,523,reject_by_manager,
dc94c279-4e86-4d58-ae36-8c24807a1cbb,VAC-1003,CAND-10003,РУКОВОДИТЕЛЬ,Создать заявку,User Task,Петров_3,2025-09-12 21:06:47.262585,2025-09-12 21:54:47.262585,48,,
dc94c279-4e86-4d58-ae36-8c24807a1cbb,VAC-1003,CAND-10003,HR,Зарегистрировать в HCM,Service Task,Наталья_9,2025-09-12 22:14:47.262585,2025-09-12 22:35:47.262585,21,,
dc94c279-4e86-4d58-ae36-8c24807a1cbb,VAC-1003,CAND-10003,РЕКРУТЕР,Разместить вакансию,Task,Екатерина_1,2025-09-12 23:05:47.262585,2025-09-13 01:04:47.262585,119,,
dc94c279-4e86-4d58-ae36-8c24807a1cbb,VAC-1003,CAND-10003,РЕКРУТЕР,Собирать резюме,Task,Дмитрий_8,2025-09-13 02:04:47.262585,2025-09-14 22:57:47.262585,2693,,
dc94c279-4e86-4d58-ae36-8c24807a1cbb,VAC-1003,CAND-10003,РЕКРУТЕР,Скрининг,Task,Дмитрий_5,2025-09-14 23:31:47.262585,2025-09-14 23:44:47.262585,13,passed,
dc94c279-4e86-4d58-ae36-8c24807a1cbb,VAC-1003,CAND-10003,ИНТЕРВЬЮЕРЫ,Назначить интервью,User Task,Анна_2,2025-09-15 02:44:47.262585,2025-09-15 03:01:47.262585,17,,
dc94c279-4e86-4d58-ae36-8c24807a1cbb,VAC-1003,CAND-10003,ИНТЕРВЬЮЕРЫ,Интервью (раунд 1),User Task,Анна_3,2025-09-15 04:23:47.262585,2025-09-15 05:16:47.262585,53,rejected,недостаточно навыков
dce22266-8ff0-4d20-b14c-48d8b81e78a1,VAC-1006,CAND-10006,РУКОВОДИТЕЛЬ,Создать заявку,User Task,Петров_2,2025-09-03 11:06:47.262585,2025-09-03 11:21:47.262585,15,,
dce22266-8ff0-4d20-b14c-48d8b81e78a1,VAC-1006,CAND-10006,HR,Зарегистрировать в HCM,Service Task,Наталья_4,2025-09-03 11:41:47.262585,2025-09-03 12:10:47.262585,29,,
dce22266-8ff0-4d20-b14c-48d8b81e78a1,VAC-1006,CAND-10006,РЕКРУТЕР,Разместить вакансию,Task,Алексей_4,2025-09-03 12:40:47.262585,2025-09-03 13:51:47.262585,71,,
dce22266-8ff0-4d20-b14c-48d8b81e78a1,VAC-1006,CAND-10006,РЕКРУТЕР,Собирать резюме,Task,Екатерина_1,2025-09-03 14:51:47.262585,2025-09-05 10:22:47.262585,2611,,
dce22266-8ff0-4d20-b14c-48d8b81e78a1,VAC-1006,CAND-10006,РЕКРУТЕР,Скрининг,Task,Екатерина_9,2025-09-05 11:12:47.262585,2025-09-05 11:35:47.262585,23,passed,
dce22266-8ff0-4d20-b14c-48d8b81e78a1,VAC-1006,CAND-10006,ИНТЕРВЬЮЕРЫ,Назначить интервью,User Task,Андрей_6,2025-09-05 14:35:47.262585,2025-09-05 14:53:47.262585,18,,
dce22266-8ff0-4d20-b14c-48d8b81e78a1,VAC-1006,CAND-10006,ИНТЕРВЬЮЕРЫ,Интервью (раунд 1),User Task,Сергей_8,2025-09-05 16:03:47.262585,2025-09-05 17:04:47.262585,61,passed,
dce22266-8ff0-4d20-b14c-48d8b81e78a1,VAC-1006,CAND-10006,ИНТЕРВЬЮЕРЫ,Финальное интервью,User Task,Андрей_1,2025-09-05 21:04:47.262585,2025-09-05 22:29:47.262585,85,rejected,финал не пройден
dd71b73c-f991-47e9-948c-231534749752,VAC-1095,CAND-10095,РУКОВОДИТЕЛЬ,Создать заявку,User Task,Иванов_1,2025-10-08 13:32:47.262585,2025-10-08 14:02:47.262585,30,,
dd71b73c-f991-47e9-948c-231534749752,VAC-1095,CAND-10095,HR,Зарегистрировать в HCM,Service Task,Марина_3,2025-10-08 14:22:47.262585,2025-10-08 14:36:47.262585,14,,
dd71b73c-f991-47e9-948c-231534749752,VAC-1095,CAND-10095,РЕКРУТЕР,Разместить вакансию,Task,Алексей_9,2025-10-08 15:06:47.262585,2025-10-08 17:05:47.262585,119,,
dd71b73c-f991-47e9-948c-231534749752,VAC-1095,CAND-10095,РЕКРУТЕР,Собирать резюме,Task,Алексей_6,2025-10-08 18:05:47.262585,2025-10-09 22:59:47.262585,1734,,
dd71b73c-f991-47e9-948c-231534749752,VAC-1095,CAND-10095,РЕКРУТЕР,Скрининг,Task,Алексей_6,2025-10-10 01:10:47.262585,2025-10-10 01:38:47.262585,28,passed,
dd71b73c-f991-47e9-948c-231534749752,VAC-1095,CAND-10095,ИНТЕРВЬЮЕРЫ,Назначить интервью,User Task,Андрей_7,2025-10-10 04:38:47.262585,2025-10-10 04:52:47.262585,14,,
dd71b73c-f991-47e9-948c-231534749752,VAC-1095,CAND-10095,ИНТЕРВЬЮЕРЫ,Интервью (раунд 1),User Task,Анна_6,2025-10-10 06:14:47.262585,2025-10-10 07:39:47.262585,85,passed,
dd71b73c-f991-47e9-948c-231534749752,VAC-1095,CAND-10095,ИНТЕРВЬЮЕРЫ,Интервью (раунд 2),User Task,Сергей_5,2025-10-10 08:27:47.262585,2025-10-10 10:27:47.262585,120,rejected,культурный профиль
df5560a1-4d1b-4c31-8a94-5739b8029723,VAC-1085,CAND-10085,РУКОВОДИТЕЛЬ,Создать заявку,User Task,Иванов_5,2025-09-27 15:59:47.262585,2025-09-27 16:46:47.262585,47,,
df5560a1-4d1b-4c31-8a94-5739b8029723,VAC-1085,CAND-10085,HR,Зарегистрировать в HCM,Service Task,Ольга_4,2025-09-27 17:06:47.262585,2025-09-27 17:38:47.262585,32,,
df5560a1-4d1b-4c31-8a94-5739b8029723,VAC-1085,CAND-10085,РЕКРУТЕР,Разместить вакансию,Task,Алексей_2,2025-09-27 18:08:47.262585,2025-09-27 18:35:47.262585,27,,
df5560a1-4d1b-4c31-8a94-5739b8029723,VAC-1085,CAND-10085,РЕКРУТЕР,Собирать резюме,Task,Алексей_8,2025-09-27 19:35:47.262585,2025-09-29 05:14:47.262585,2019,,
df5560a1-4d1b-4c31-8a94-5739b8029723,VAC-1085,CAND-10085,РЕКРУТЕР,Скрининг,Task,Екатерина_3,2025-09-29 05:58:47.262585,2025-09-29 06:17:47.262585,19,passed,
df5560a1-4d1b-4c31-8a94-5739b8029723,VAC-1085,CAND-10085,ИНТЕРВЬЮЕРЫ,Назначить интервью,User Task,Андрей_1,2025-09-29 09:17:47.262585,2025-09-29 09:49:47.262585,32,,
df5560a1-4d1b-4c31-8a94-5739b8029723,VAC-1085,CAND-10085,ИНТЕРВЬЮЕРЫ,Интервью (раунд 1),User Task,Анна_5,2025-09-29 10:53:47.262585,2025-09-29 12:44:47.262585,111,passed,
df5560a1-4d1b-4c31-8a94-5739b8029723,VAC-1085,CAND-10085,ИНТЕРВЬЮЕРЫ,Финальное интервью,User Task,Анна_5,2025-09-29 16:44:47.262585,2025-09-29 17:50:47.262585,66,passed,
df5560a1-4d1b-4c31-8a94-5739b8029723,VAC-1085,CAND-10085,HR (ОФФЕР),Согласовать условия,User Task,HR_Manager_6,2025-09-29 21:57:47.262585,2025-09-30 01:57:47.262585,240,,
df5560a1-4d1b-4c31-8a94-5739b8029723,VAC-1085,CAND-10085,HR (ОФФЕР),Сгенерировать оффер,Service Task,HR_Manager_5,2025-09-30 02:17:47.262585,2025-09-30 02:47:47.262585,30,,
df5560a1-4d1b-4c31-8a94-5739b8029723,VAC-1085,CAND-10085,HR (ОФФЕР),Отправить оффер,Send Task,HR_Manager_5,2025-09-30 02:52:47.262585,2025-09-30 03:02:47.262585,10,sent,
df5560a1-4d1b-4c31-8a94-5739b8029723,VAC-1085,CAND-10085,HR (ОФФЕР),Timer: ожидание ответа (дни),Timer,,2025-09-30 03:02:47.262585,2025-10-01 03:02:47.262585,1440,timer_elapsed,
df5560a1-4d1b-4c31-8a94-5739b8029723,VAC-1085,CAND-10085,SECURITY,Background Check,Call Activity,Служба_БД_1,2025-10-01 06:02:47.262585,2025-10-10 01:30:47.262585,12688,report_ready,
df5560a1-4d1b-4c31-8a94-5739b8029723,VAC-1085,CAND-10085,IT,Выдача оборудования,Task,IT_Specialist_6,2025-10-10 02:30:47.262585,2025-10-10 05:55:47.262585,205,,
df5560a1-4d1b-4c31-8a94-5739b8029723,VAC-1085,CAND-10085,IT,Создать доступы,Task,IT_Specialist_2,2025-10-10 06:25:47.262585,2025-10-10 07:35:47.262585,70,,
df5560a1-4d1b-4c31-8a94-5739b8029723,VAC-1085,CAND-10085,IT,HR/Training: Вводное обучение,Service Task,Марина_2,2025-10-10 09:35:47.262585,2025-10-10 17:28:47.262585,473,,
df5560a1-4d1b-4c31-8a94-5739b8029723,VAC-1085,CAND-10085,HR,Назначить ментора,Task,Марина_9,2025-10-10 18:28:47.262585,2025-10-10 19:56:47.262585,88,,
df5560a1-4d1b-4c31-8a94-5739b8029723,VAC-1085,CAND-10085,HR,Message: уведомить всех,Message,system,2025-10-10 20:16:47.262585,2025-10-10 20:21:47.262585,5,notified,
df5560a1-4d1b-4c31-8a94-5739b8029723,VAC-1085,CAND-10085,HR,Обновить статус в HCM,Service Task,Наталья_1,2025-10-10 20:51:47.262585,2025-10-10 21:11:47.262585,20,,
df5560a1-4d1b-4c31-8a94-5739b8029723,VAC-1085,CAND-10085,HR,Payroll / учет,Service Task,Наталья_4,2025-10-10 21:41:47.262585,2025-10-10 22:01:47.262585,20,,
df5560a1-4d1b-4c31-8a94-5739b8029723,VAC-1085,CAND-10085,HR,Закрыть вакансию на порталах,Service Task,Наталья_8,2025-10-10 22:21:47.262585,2025-10-10 22:26:47.262585,5,,
e19334b4-3e4d-4b90-8583-593836e0d012,VAC-1054,CAND-10054,РУКОВОДИТЕЛЬ,Создать заявку,User Task,Петров_6,2025-09-22 13:12:47.262585,2025-09-22 13:54:47.262585,42,,
e19334b4-3e4d-4b90-8583-593836e0d012,VAC-1054,CAND-10054,HR,Зарегистрировать в HCM,Service Task,Марина_6,2025-09-22 14:14:47.262585,2025-09-22 14:53:47.262585,39,,
e19334b4-3e4d-4b90-8583-593836e0d012,VAC-1054,CAND-10054,РЕКРУТЕР,Разместить вакансию,Task,Дмитрий_5,2025-09-22 15:23:47.262585,2025-09-22 16:03:47.262585,40,,
e19334b4-3e4d-4b90-8583-593836e0d012,VAC-1054,CAND-10054,РЕКРУТЕР,Собирать резюме,Task,Дмитрий_9,2025-09-22 17:03:47.262585,2025-09-24 13:34:47.262585,2671,,
e19334b4-3e4d-4b90-8583-593836e0d012,VAC-1054,CAND-10054,РЕКРУТЕР,Скрининг,Task,Дмитрий_5,2025-09-24 16:14:47.262585,2025-09-24 16:41:47.262585,27,passed,
e19334b4-3e4d-4b90-8583-593836e0d012,VAC-1054,CAND-10054,ИНТЕРВЬЮЕРЫ,Назначить интервью,User Task,Сергей_6,2025-09-24 19:41:47.262585,2025-09-24 19:51:47.262585,10,,
e19334b4-3e4d-4b90-8583-593836e0d012,VAC-1054,CAND-10054,ИНТЕРВЬЮЕРЫ,Интервью (раунд 1),User Task,Анна_1,2025-09-24 21:04:47.262585,2025-09-24 23:03:47.262585,119,passed,
e19334b4-3e4d-4b90-8583-593836e0d012,VAC-1054,CAND-10054,ИНТЕРВЬЮЕРЫ,Интервью (раунд 2),User Task,Анна_4,2025-09-25 00:23:47.262585,2025-09-25 01:41:47.262585,78,rejected,культурный профиль
e35d9639-a86a-4f8f-bca8-c21f5f038ce2,VAC-1155,CAND-10155,РУКОВОДИТЕЛЬ,Создать заявку,User Task,Петров_5,2025-08-27 12:00:47.262585,2025-08-27 12:21:47.262585,21,,
e35d9639-a86a-4f8f-bca8-c21f5f038ce2,VAC-1155,CAND-10155,HR,Зарегистрировать в HCM,Service Task,Марина_9,2025-08-27 12:41:47.262585,2025-08-27 13:10:47.262585,29,,
e35d9639-a86a-4f8f-bca8-c21f5f038ce2,VAC-1155,CAND-10155,РЕКРУТЕР,Разместить вакансию,Task,Дмитрий_6,2025-08-27 13:40:47.262585,2025-08-27 14:22:47.262585,42,,
e35d9639-a86a-4f8f-bca8-c21f5f038ce2,VAC-1155,CAND-10155,РЕКРУТЕР,Собирать резюме,Task,Алексей_5,2025-08-27 15:22:47.262585,2025-08-27 21:48:47.262585,386,,
e35d9639-a86a-4f8f-bca8-c21f5f038ce2,VAC-1155,CAND-10155,РЕКРУТЕР,Скрининг,Task,Дмитрий_2,2025-08-27 23:40:47.262585,2025-08-28 00:01:47.262585,21,rejected,не прошёл тест
e47d940f-875b-46d3-a728-3df82b3da959,VAC-1157,CAND-10157,РУКОВОДИТЕЛЬ,Создать заявку,User Task,Сидоров_7,2025-10-09 20:33:47.262585,2025-10-09 21:33:47.262585,60,,
e47d940f-875b-46d3-a728-3df82b3da959,VAC-1157,CAND-10157,HR,Зарегистрировать в HCM,Service Task,Ольга_5,2025-10-09 21:53:47.262585,2025-10-09 22:22:47.262585,29,,
e47d940f-875b-46d3-a728-3df82b3da959,VAC-1157,CAND-10157,РЕКРУТЕР,Разместить вакансию,Task,Екатерина_6,2025-10-09 22:52:47.262585,2025-10-10 00:19:47.262585,87,,
e47d940f-875b-46d3-a728-3df82b3da959,VAC-1157,CAND-10157,РЕКРУТЕР,Собирать резюме,Task,Екатерина_8,2025-10-10 01:19:47.262585,2025-10-10 14:10:47.262585,771,,
e47d940f-875b-46d3-a728-3df82b3da959,VAC-1157,CAND-10157,РЕКРУТЕР,Скрининг,Task,Екатерина_8,2025-10-10 16:53:47.262585,2025-10-10 17:26:47.262585,33,passed,
e47d940f-875b-46d3-a728-3df82b3da959,VAC-1157,CAND-10157,ИНТЕРВЬЮЕРЫ,Назначить интервью,User Task,Анна_4,2025-10-10 20:26:47.262585,2025-10-10 20:41:47.262585,15,,
e47d940f-875b-46d3-a728-3df82b3da959,VAC-1157,CAND-10157,ИНТЕРВЬЮЕРЫ,Интервью (раунд 1),User Task,Сергей_2,2025-10-10 21:25:47.262585,2025-10-10 22:10:47.262585,45,passed,
e47d940f-875b-46d3-a728-3df82b3da959,VAC-1157,CAND-10157,ИНТЕРВЬЮЕРЫ,Интервью (раунд 2),User Task,Сергей_6,2025-10-10 22:56:47.262585,2025-10-11 00:34:47.262585,98,passed,
e47d940f-875b-46d3-a728-3df82b3da959,VAC-1157,CAND-10157,ИНТЕРВЬЮЕРЫ,Финальное интервью,User Task,Андрей_1,2025-10-11 04:34:47.262585,2025-10-11 06:30:47.262585,116,passed,
e47d940f-875b-46d3-a728-3df82b3da959,VAC-1157,CAND-10157,HR (ОФФЕР),Согласовать условия,User Task,HR_Manager_5,2025-10-11 10:13:47.262585,2025-10-11 15:39:47.262585,326,,
e47d940f-875b-46d3-a728-3df82b3da959,VAC-1157,CAND-10157,HR (ОФФЕР),Сгенерировать оффер,Service Task,HR_Manager_5,2025-10-11 15:59:47.262585,2025-10-11 16:29:47.262585,30,,
e47d940f-875b-46d3-a728-3df82b3da959,VAC-1157,CAND-10157,HR (ОФФЕР),Отправить оффер,Send Task,HR_Manager_9,2025-10-11 16:34:47.262585,2025-10-11 16:44:47.262585,10,sent,
e47d940f-875b-46d3-a728-3df82b3da959,VAC-1157,CAND-10157,HR (ОФФЕР),Timer: ожидание ответа (дни),Timer,,2025-10-11 16:44:47.262585,2025-10-14 16:44:47.262585,4320,timer_elapsed,
e47d940f-875b-46d3-a728-3df82b3da959,VAC-1157,CAND-10157,SECURITY,Background Check,Call Activity,Служба_БД_6,2025-10-14 19:44:47.262585,2025-10-19 02:49:47.262585,6185,report_ready,
e47d940f-875b-46d3-a728-3df82b3da959,VAC-1157,CAND-10157,IT,Выдача оборудования,Task,IT_Specialist_3,2025-10-19 03:49:47.262585,2025-10-19 07:14:47.262585,205,,
e47d940f-875b-46d3-a728-3df82b3da959,VAC-1157,CAND-10157,IT,Создать доступы,Task,IT_Specialist_6,2025-10-19 07:44:47.262585,2025-10-19 09:03:47.262585,79,,
e47d940f-875b-46d3-a728-3df82b3da959,VAC-1157,CAND-10157,IT,HR/Training: Вводное обучение,Service Task,Ольга_8,2025-10-19 11:03:47.262585,2025-10-19 19:47:47.262585,524,,
e47d940f-875b-46d3-a728-3df82b3da959,VAC-1157,CAND-10157,HR,Назначить ментора,Task,Марина_3,2025-10-19 20:47:47.262585,2025-10-19 21:26:47.262585,39,,
e47d940f-875b-46d3-a728-3df82b3da959,VAC-1157,CAND-10157,HR,Message: уведомить всех,Message,system,2025-10-19 21:46:47.262585,2025-10-19 21:51:47.262585,5,notified,
e47d940f-875b-46d3-a728-3df82b3da959,VAC-1157,CAND-10157,HR,Обновить статус в HCM,Service Task,Ольга_3,2025-10-19 22:21:47.262585,2025-10-19 22:41:47.262585,20,,
e47d940f-875b-46d3-a728-3df82b3da959,VAC-1157,CAND-10157,HR,Payroll / учет,Service Task,Марина_8,2025-10-19 23:11:47.262585,2025-10-19 23:31:47.262585,20,,
e47d940f-875b-46d3-a728-3df82b3da959,VAC-1157,CAND-10157,HR,Закрыть вакансию на порталах,Service Task,Марина_6,2025-10-19 23:51:47.262585,2025-10-19 23:56:47.262585,5,,
e57bdefc-206b-48fe-8741-b4387d83d16e,VAC-1158,CAND-10158,РУКОВОДИТЕЛЬ,Создать заявку,User Task,Иванов_9,2025-09-22 17:33:47.262585,2025-09-22 18:30:47.262585,57,,
e57bdefc-206b-48fe-8741-b4387d83d16e,VAC-1158,CAND-10158,HR,Зарегистрировать в HCM,Service Task,Марина_6,2025-09-22 18:50:47.262585,2025-09-22 19:09:47.262585,19,,
e57bdefc-206b-48fe-8741-b4387d83d16e,VAC-1158,CAND-10158,РЕКРУТЕР,Разместить вакансию,Task,Екатерина_1,2025-09-22 19:39:47.262585,2025-09-22 21:10:47.262585,91,,
e57bdefc-206b-48fe-8741-b4387d83d16e,VAC-1158,CAND-10158,РЕКРУТЕР,Собирать резюме,Task,Екатерина_6,2025-09-22 22:10:47.262585,2025-09-23 16:23:47.262585,1093,,
e57bdefc-206b-48fe-8741-b4387d83d16e,VAC-1158,CAND-10158,РЕКРУТЕР,Скрининг,Task,Алексей_5,2025-09-23 18:23:47.262585,2025-09-23 18:35:47.262585,12,rejected,некорректное резюме
e5aa8dc6-19b7-4872-a208-442b0e049c3b,VAC-1187,CAND-10187,РУКОВОДИТЕЛЬ,Создать заявку,User Task,Иванов_3,2025-10-10 17:48:47.262585,2025-10-10 17:59:47.262585,11,,
e5aa8dc6-19b7-4872-a208-442b0e049c3b,VAC-1187,CAND-10187,HR,Зарегистрировать в HCM,Service Task,Ольга_8,2025-10-10 18:19:47.262585,2025-10-10 18:37:47.262585,18,,
e5aa8dc6-19b7-4872-a208-442b0e049c3b,VAC-1187,CAND-10187,РЕКРУТЕР,Разместить вакансию,Task,Екатерина_5,2025-10-10 19:07:47.262585,2025-10-10 19:42:47.262585,35,,
e5aa8dc6-19b7-4872-a208-442b0e049c3b,VAC-1187,CAND-10187,РЕКРУТЕР,Собирать резюме,Task,Алексей_8,2025-10-10 20:42:47.262585,2025-10-12 05:10:47.262585,1948,,
e5aa8dc6-19b7-4872-a208-442b0e049c3b,VAC-1187,CAND-10187,РЕКРУТЕР,Скрининг,Task,Алексей_5,2025-10-12 06:42:47.262585,2025-10-12 06:52:47.262585,10,passed,
e5aa8dc6-19b7-4872-a208-442b0e049c3b,VAC-1187,CAND-10187,ИНТЕРВЬЮЕРЫ,Назначить интервью,User Task,Анна_6,2025-10-12 09:52:47.262585,2025-10-12 10:04:47.262585,12,,
e5aa8dc6-19b7-4872-a208-442b0e049c3b,VAC-1187,CAND-10187,ИНТЕРВЬЮЕРЫ,Интервью (раунд 1),User Task,Сергей_2,2025-10-12 11:19:47.262585,2025-10-12 12:37:47.262585,78,passed,
e5aa8dc6-19b7-4872-a208-442b0e049c3b,VAC-1187,CAND-10187,ИНТЕРВЬЮЕРЫ,Интервью (раунд 2),User Task,Андрей_5,2025-10-12 13:44:47.262585,2025-10-12 15:34:47.262585,110,rejected,недостаточно навыков
e74f8b7c-b707-47e0-bf5c-f0bc7e957813,VAC-1120,CAND-10120,РУКОВОДИТЕЛЬ,Создать заявку,User Task,Петров_7,2025-09-03 10:54:47.262585,2025-09-03 11:19:47.262585,25,,
e74f8b7c-b707-47e0-bf5c-f0bc7e957813,VAC-1120,CAND-10120,HR,Зарегистрировать в HCM,Service Task,Ольга_3,2025-09-03 11:39:47.262585,2025-09-03 11:57:47.262585,18,,
e74f8b7c-b707-47e0-bf5c-f0bc7e957813,VAC-1120,CAND-10120,РЕКРУТЕР,Разместить вакансию,Task,Екатерина_6,2025-09-03 12:27:47.262585,2025-09-03 14:13:47.262585,106,,
e74f8b7c-b707-47e0-bf5c-f0bc7e957813,VAC-1120,CAND-10120,РЕКРУТЕР,Собирать резюме,Task,Дмитрий_8,2025-09-03 15:13:47.262585,2025-09-05 03:58:47.262585,2205,,
e74f8b7c-b707-47e0-bf5c-f0bc7e957813,VAC-1120,CAND-10120,РЕКРУТЕР,Скрининг,Task,Дмитрий_8,2025-09-05 05:59:47.262585,2025-09-05 06:33:47.262585,34,passed,
e74f8b7c-b707-47e0-bf5c-f0bc7e957813,VAC-1120,CAND-10120,ИНТЕРВЬЮЕРЫ,Назначить интервью,User Task,Анна_2,2025-09-05 09:33:47.262585,2025-09-05 09:48:47.262585,15,,
e74f8b7c-b707-47e0-bf5c-f0bc7e957813,VAC-1120,CAND-10120,ИНТЕРВЬЮЕРЫ,Интервью (раунд 1),User Task,Анна_2,2025-09-05 10:25:47.262585,2025-09-05 12:18:47.262585,113,passed,
e74f8b7c-b707-47e0-bf5c-f0bc7e957813,VAC-1120,CAND-10120,ИНТЕРВЬЮЕРЫ,Интервью (раунд 2),User Task,Анна_1,2025-09-05 12:47:47.262585,2025-09-05 13:34:47.262585,47,rejected,культурный профиль
e7766703-3aa5-40b2-a72c-7c8a33150024,VAC-1140,CAND-10140,РУКОВОДИТЕЛЬ,Создать заявку,User Task,Кузнецов_9,2025-08-26 20:15:47.262585,2025-08-26 20:49:47.262585,34,,
e7766703-3aa5-40b2-a72c-7c8a33150024,VAC-1140,CAND-10140,HR,Зарегистрировать в HCM,Service Task,Марина_5,2025-08-26 21:09:47.262585,2025-08-26 21:38:47.262585,29,,
e7766703-3aa5-40b2-a72c-7c8a33150024,VAC-1140,CAND-10140,РЕКРУТЕР,Разместить вакансию,Task,Дмитрий_4,2025-08-26 22:08:47.262585,2025-08-26 22:34:47.262585,26,,
e7766703-3aa5-40b2-a72c-7c8a33150024,VAC-1140,CAND-10140,РЕКРУТЕР,Собирать резюме,Task,Екатерина_2,2025-08-26 23:34:47.262585,2025-08-28 20:55:47.262585,2721,,
e7766703-3aa5-40b2-a72c-7c8a33150024,VAC-1140,CAND-10140,РЕКРУТЕР,Скрининг,Task,Алексей_8,2025-08-28 21:28:47.262585,2025-08-28 22:07:47.262585,39,rejected,не соотв. опыту
e936150d-d502-4f4c-8817-820b86a9e78e,VAC-1123,CAND-10123,РУКОВОДИТЕЛЬ,Создать заявку,User Task,Кузнецов_8,2025-09-19 16:20:47.262585,2025-09-19 16:37:47.262585,17,,
e936150d-d502-4f4c-8817-820b86a9e78e,VAC-1123,CAND-10123,HR,Зарегистрировать в HCM,Service Task,Наталья_3,2025-09-19 16:57:47.262585,2025-09-19 17:22:47.262585,25,,
e936150d-d502-4f4c-8817-820b86a9e78e,VAC-1123,CAND-10123,РЕКРУТЕР,Разместить вакансию,Task,Дмитрий_1,2025-09-19 17:52:47.262585,2025-09-19 19:34:47.262585,102,,
e936150d-d502-4f4c-8817-820b86a9e78e,VAC-1123,CAND-10123,РЕКРУТЕР,Собирать резюме,Task,Алексей_3,2025-09-19 20:34:47.262585,2025-09-20 17:12:47.262585,1238,,
e936150d-d502-4f4c-8817-820b86a9e78e,VAC-1123,CAND-10123,РЕКРУТЕР,Скрининг,Task,Алексей_3,2025-09-20 20:08:47.262585,2025-09-20 20:36:47.262585,28,passed,
e936150d-d502-4f4c-8817-820b86a9e78e,VAC-1123,CAND-10123,ИНТЕРВЬЮЕРЫ,Назначить интервью,User Task,Анна_3,2025-09-20 23:36:47.262585,2025-09-20 23:47:47.262585,11,,
e936150d-d502-4f4c-8817-820b86a9e78e,VAC-1123,CAND-10123,ИНТЕРВЬЮЕРЫ,Интервью (раунд 1),User Task,Сергей_1,2025-09-21 00:40:47.262585,2025-09-21 01:48:47.262585,68,passed,
e936150d-d502-4f4c-8817-820b86a9e78e,VAC-1123,CAND-10123,ИНТЕРВЬЮЕРЫ,Финальное интервью,User Task,Андрей_8,2025-09-21 05:48:47.262585,2025-09-21 07:09:47.262585,81,rejected,финал не пройден
ea9c070f-458f-4750-af5d-3f78e71c9d58,VAC-1131,CAND-10131,РУКОВОДИТЕЛЬ,Создать заявку,User Task,Кузнецов_8,2025-09-07 19:42:47.262585,2025-09-07 19:55:47.262585,13,,
ea9c070f-458f-4750-af5d-3f78e71c9d58,VAC-1131,CAND-10131,HR,Зарегистрировать в HCM,Service Task,Марина_1,2025-09-07 20:15:47.262585,2025-09-07 20:55:47.262585,40,,
ea9c070f-458f-4750-af5d-3f78e71c9d58,VAC-1131,CAND-10131,РЕКРУТЕР,Разместить вакансию,Task,Дмитрий_7,2025-09-07 21:25:47.262585,2025-09-07 22:49:47.262585,84,,
ea9c070f-458f-4750-af5d-3f78e71c9d58,VAC-1131,CAND-10131,РЕКРУТЕР,Собирать резюме,Task,Дмитрий_2,2025-09-07 23:49:47.262585,2025-09-08 15:44:47.262585,955,,
ea9c070f-458f-4750-af5d-3f78e71c9d58,VAC-1131,CAND-10131,РЕКРУТЕР,Скрининг,Task,Дмитрий_1,2025-09-08 18:26:47.262585,2025-09-08 18:50:47.262585,24,passed,
ea9c070f-458f-4750-af5d-3f78e71c9d58,VAC-1131,CAND-10131,ИНТЕРВЬЮЕРЫ,Назначить интервью,User Task,Сергей_2,2025-09-08 21:50:47.262585,2025-09-08 22:06:47.262585,16,,
ea9c070f-458f-4750-af5d-3f78e71c9d58,VAC-1131,CAND-10131,ИНТЕРВЬЮЕРЫ,Интервью (раунд 1),User Task,Андрей_5,2025-09-08 22:59:47.262585,2025-09-09 00:07:47.262585,68,passed,
ea9c070f-458f-4750-af5d-3f78e71c9d58,VAC-1131,CAND-10131,ИНТЕРВЬЮЕРЫ,Интервью (раунд 2),User Task,Сергей_7,2025-09-09 01:27:47.262585,2025-09-09 02:55:47.262585,88,passed,
ea9c070f-458f-4750-af5d-3f78e71c9d58,VAC-1131,CAND-10131,ИНТЕРВЬЮЕРЫ,Финальное интервью,User Task,Сергей_6,2025-09-09 06:55:47.262585,2025-09-09 08:06:47.262585,71,passed,
ea9c070f-458f-4750-af5d-3f78e71c9d58,VAC-1131,CAND-10131,HR (ОФФЕР),Согласовать условия,User Task,HR_Manager_8,2025-09-09 12:44:47.262585,2025-09-09 21:34:47.262585,530,,
ea9c070f-458f-4750-af5d-3f78e71c9d58,VAC-1131,CAND-10131,HR (ОФФЕР),Сгенерировать оффер,Service Task,HR_Manager_4,2025-09-09 21:54:47.262585,2025-09-09 22:04:47.262585,10,,
ea9c070f-458f-4750-af5d-3f78e71c9d58,VAC-1131,CAND-10131,HR (ОФФЕР),Отправить оффер,Send Task,HR_Manager_5,2025-09-09 22:09:47.262585,2025-09-09 22:19:47.262585,10,sent,
ea9c070f-458f-4750-af5d-3f78e71c9d58,VAC-1131,CAND-10131,HR (ОФФЕР),Timer: ожидание ответа (дни),Timer,,2025-09-09 22:19:47.262585,2025-09-11 22:19:47.262585,2880,timer_elapsed,
ea9c070f-458f-4750-af5d-3f78e71c9d58,VAC-1131,CAND-10131,SECURITY,Background Check,Call Activity,Служба_БД_4,2025-09-12 01:19:47.262585,2025-09-24 19:08:47.262585,18349,report_ready,
ea9c070f-458f-4750-af5d-3f78e71c9d58,VAC-1131,CAND-10131,IT,Выдача оборудования,Task,IT_Specialist_8,2025-09-24 20:08:47.262585,2025-09-25 00:17:47.262585,249,,
ea9c070f-458f-4750-af5d-3f78e71c9d58,VAC-1131,CAND-10131,IT,Создать доступы,Task,IT_Specialist_3,2025-09-25 00:47:47.262585,2025-09-25 04:43:47.262585,236,,
ea9c070f-458f-4750-af5d-3f78e71c9d58,VAC-1131,CAND-10131,IT,HR/Training: Вводное обучение,Service Task,Ольга_3,2025-09-25 06:43:47.262585,2025-09-25 13:18:47.262585,395,,
ea9c070f-458f-4750-af5d-3f78e71c9d58,VAC-1131,CAND-10131,HR,Назначить ментора,Task,Марина_6,2025-09-25 14:18:47.262585,2025-09-25 17:00:47.262585,162,,
ea9c070f-458f-4750-af5d-3f78e71c9d58,VAC-1131,CAND-10131,HR,Message: уведомить всех,Message,system,2025-09-25 17:20:47.262585,2025-09-25 17:25:47.262585,5,notified,
ea9c070f-458f-4750-af5d-3f78e71c9d58,VAC-1131,CAND-10131,HR,Обновить статус в HCM,Service Task,Ольга_5,2025-09-25 17:55:47.262585,2025-09-25 18:15:47.262585,20,,
ea9c070f-458f-4750-af5d-3f78e71c9d58,VAC-1131,CAND-10131,HR,Payroll / учет,Service Task,Ольга_9,2025-09-25 18:45:47.262585,2025-09-25 19:05:47.262585,20,,
ea9c070f-458f-4750-af5d-3f78e71c9d58,VAC-1131,CAND-10131,HR,Закрыть вакансию на порталах,Service Task,Марина_1,2025-09-25 19:25:47.262585,2025-09-25 19:30:47.262585,5,,
ec1cd63e-221f-4bb8-bd3a-a912744f4a87,VAC-1009,CAND-10009,РУКОВОДИТЕЛЬ,Создать заявку,User Task,Кузнецов_4,2025-10-13 11:58:47.262585,2025-10-13 12:10:47.262585,12,,
ec1cd63e-221f-4bb8-bd3a-a912744f4a87,VAC-1009,CAND-10009,HR,Зарегистрировать в HCM,Service Task,Ольга_6,2025-10-13 12:30:47.262585,2025-10-13 12:46:47.262585,16,,
ec1cd63e-221f-4bb8-bd3a-a912744f4a87,VAC-1009,CAND-10009,РЕКРУТЕР,Разместить вакансию,Task,Алексей_4,2025-10-13 13:16:47.262585,2025-10-13 14:15:47.262585,59,,
ec1cd63e-221f-4bb8-bd3a-a912744f4a87,VAC-1009,CAND-10009,РЕКРУТЕР,Собирать резюме,Task,Екатерина_4,2025-10-13 15:15:47.262585,2025-10-13 20:51:47.262585,336,,
ec1cd63e-221f-4bb8-bd3a-a912744f4a87,VAC-1009,CAND-10009,РЕКРУТЕР,Скрининг,Task,Дмитрий_2,2025-10-13 23:03:47.262585,2025-10-13 23:23:47.262585,20,rejected,некорректное резюме
ecb89899-d9bb-48ae-8923-89c88b1508af,VAC-1057,CAND-10057,РУКОВОДИТЕЛЬ,Создать заявку,User Task,Сидоров_8,2025-09-11 11:56:47.262585,2025-09-11 12:34:47.262585,38,,
ecb89899-d9bb-48ae-8923-89c88b1508af,VAC-1057,CAND-10057,HR,Зарегистрировать в HCM,Service Task,Наталья_9,2025-09-11 12:54:47.262585,2025-09-11 13:10:47.262585,16,,
ecb89899-d9bb-48ae-8923-89c88b1508af,VAC-1057,CAND-10057,РЕКРУТЕР,Разместить вакансию,Task,Екатерина_5,2025-09-11 13:40:47.262585,2025-09-11 14:34:47.262585,54,,
ecb89899-d9bb-48ae-8923-89c88b1508af,VAC-1057,CAND-10057,РЕКРУТЕР,Собирать резюме,Task,Алексей_4,2025-09-11 15:34:47.262585,2025-09-12 04:56:47.262585,802,,
ecb89899-d9bb-48ae-8923-89c88b1508af,VAC-1057,CAND-10057,РЕКРУТЕР,Скрининг,Task,Екатерина_9,2025-09-12 06:28:47.262585,2025-09-12 06:39:47.262585,11,passed,
ecb89899-d9bb-48ae-8923-89c88b1508af,VAC-1057,CAND-10057,ИНТЕРВЬЮЕРЫ,Назначить интервью,User Task,Андрей_2,2025-09-12 09:39:47.262585,2025-09-12 09:56:47.262585,17,,
ecb89899-d9bb-48ae-8923-89c88b1508af,VAC-1057,CAND-10057,ИНТЕРВЬЮЕРЫ,Интервью (раунд 1),User Task,Андрей_1,2025-09-12 11:16:47.262585,2025-09-12 12:13:47.262585,57,passed,
ecb89899-d9bb-48ae-8923-89c88b1508af,VAC-1057,CAND-10057,ИНТЕРВЬЮЕРЫ,Интервью (раунд 2),User Task,Сергей_8,2025-09-12 13:43:47.262585,2025-09-12 14:48:47.262585,65,passed,
ecb89899-d9bb-48ae-8923-89c88b1508af,VAC-1057,CAND-10057,ИНТЕРВЬЮЕРЫ,Финальное интервью,User Task,Сергей_6,2025-09-12 18:48:47.262585,2025-09-12 19:58:47.262585,70,passed,
ecb89899-d9bb-48ae-8923-89c88b1508af,VAC-1057,CAND-10057,HR (ОФФЕР),Согласовать условия,User Task,HR_Manager_4,2025-09-12 22:11:47.262585,2025-09-13 01:11:47.262585,180,,
ecb89899-d9bb-48ae-8923-89c88b1508af,VAC-1057,CAND-10057,HR (ОФФЕР),Сгенерировать оффер,Service Task,HR_Manager_3,2025-09-13 01:31:47.262585,2025-09-13 01:53:47.262585,22,,
ecb89899-d9bb-48ae-8923-89c88b1508af,VAC-1057,CAND-10057,HR (ОФФЕР),Отправить оффер,Send Task,HR_Manager_3,2025-09-13 01:58:47.262585,2025-09-13 02:08:47.262585,10,sent,
ecb89899-d9bb-48ae-8923-89c88b1508af,VAC-1057,CAND-10057,HR (ОФФЕР),Timer: ожидание ответа (дни),Timer,,2025-09-13 02:08:47.262585,2025-09-14 02:08:47.262585,1440,timer_elapsed,
ecb89899-d9bb-48ae-8923-89c88b1508af,VAC-1057,CAND-10057,HR (ОФФЕР),Переговоры / отказ,Task,HR_Manager_3,2025-09-14 04:08:47.262585,2025-09-14 11:54:47.262585,466,rejected,
edb4cf9a-ee68-4267-9fc3-104c9d640b60,VAC-1136,CAND-10136,РУКОВОДИТЕЛЬ,Создать заявку,User Task,Кузнецов_2,2025-10-16 12:37:47.262585,2025-10-16 13:04:47.262585,27,,
edb4cf9a-ee68-4267-9fc3-104c9d640b60,VAC-1136,CAND-10136,HR,Зарегистрировать в HCM,Service Task,Ольга_3,2025-10-16 13:24:47.262585,2025-10-16 13:51:47.262585,27,,
edb4cf9a-ee68-4267-9fc3-104c9d640b60,VAC-1136,CAND-10136,РЕКРУТЕР,Разместить вакансию,Task,Дмитрий_7,2025-10-16 14:21:47.262585,2025-10-16 15:05:47.262585,44,,
edb4cf9a-ee68-4267-9fc3-104c9d640b60,VAC-1136,CAND-10136,РЕКРУТЕР,Собирать резюме,Task,Алексей_4,2025-10-16 16:05:47.262585,2025-10-16 20:56:47.262585,291,,
edb4cf9a-ee68-4267-9fc3-104c9d640b60,VAC-1136,CAND-10136,РЕКРУТЕР,Скрининг,Task,Дмитрий_4,2025-10-16 23:04:47.262585,2025-10-16 23:38:47.262585,34,rejected,не соотв. опыту
eea3ab12-e92d-4566-9599-bee292108be8,VAC-1167,CAND-10167,РУКОВОДИТЕЛЬ,Создать заявку,User Task,Сидоров_7,2025-10-20 18:10:47.262585,2025-10-20 19:06:47.262585,56,,
eea3ab12-e92d-4566-9599-bee292108be8,VAC-1167,CAND-10167,HR,Зарегистрировать в HCM,Service Task,Ольга_5,2025-10-20 19:26:47.262585,2025-10-20 19:47:47.262585,21,,
eea3ab12-e92d-4566-9599-bee292108be8,VAC-1167,CAND-10167,РЕКРУТЕР,Разместить вакансию,Task,Алексей_5,2025-10-20 20:17:47.262585,2025-10-20 20:58:47.262585,41,,
eea3ab12-e92d-4566-9599-bee292108be8,VAC-1167,CAND-10167,РЕКРУТЕР,Собирать резюме,Task,Дмитрий_1,2025-10-20 21:58:47.262585,2025-10-22 16:26:47.262585,2548,,
eea3ab12-e92d-4566-9599-bee292108be8,VAC-1167,CAND-10167,РЕКРУТЕР,Скрининг,Task,Алексей_1,2025-10-22 18:57:47.262585,2025-10-22 19:25:47.262585,28,passed,
eea3ab12-e92d-4566-9599-bee292108be8,VAC-1167,CAND-10167,ИНТЕРВЬЮЕРЫ,Назначить интервью,User Task,Анна_1,2025-10-22 22:25:47.262585,2025-10-22 22:44:47.262585,19,,
eea3ab12-e92d-4566-9599-bee292108be8,VAC-1167,CAND-10167,ИНТЕРВЬЮЕРЫ,Интервью (раунд 1),User Task,Сергей_5,2025-10-22 23:14:47.262585,2025-10-23 00:15:47.262585,61,passed,
eea3ab12-e92d-4566-9599-bee292108be8,VAC-1167,CAND-10167,ИНТЕРВЬЮЕРЫ,Финальное интервью,User Task,Сергей_5,2025-10-23 04:15:47.262585,2025-10-23 05:16:47.262585,61,passed,
eea3ab12-e92d-4566-9599-bee292108be8,VAC-1167,CAND-10167,HR (ОФФЕР),Согласовать условия,User Task,HR_Manager_3,2025-10-23 06:19:47.262585,2025-10-23 10:13:47.262585,234,,
eea3ab12-e92d-4566-9599-bee292108be8,VAC-1167,CAND-10167,HR (ОФФЕР),Сгенерировать оффер,Service Task,HR_Manager_6,2025-10-23 10:33:47.262585,2025-10-23 10:59:47.262585,26,,
eea3ab12-e92d-4566-9599-bee292108be8,VAC-1167,CAND-10167,HR (ОФФЕР),Отправить оффер,Send Task,HR_Manager_5,2025-10-23 11:04:47.262585,2025-10-23 11:14:47.262585,10,sent,
eea3ab12-e92d-4566-9599-bee292108be8,VAC-1167,CAND-10167,HR (ОФФЕР),Timer: ожидание ответа (дни),Timer,,2025-10-23 11:14:47.262585,2025-10-25 11:14:47.262585,2880,timer_elapsed,
eea3ab12-e92d-4566-9599-bee292108be8,VAC-1167,CAND-10167,SECURITY,Background Check,Call Activity,Служба_БД_6,2025-10-25 14:14:47.262585,2025-11-06 16:30:47.262585,17416,report_ready,
eea3ab12-e92d-4566-9599-bee292108be8,VAC-1167,CAND-10167,SECURITY,Решение руководителя по BG,User Task,Кузнецов_7,2025-11-06 18:30:47.262585,2025-11-06 21:58:47.262585,208,reject_by_manager,
eeb04b4f-b34f-40be-81ce-b3c324bf3be9,VAC-1125,CAND-10125,РУКОВОДИТЕЛЬ,Создать заявку,User Task,Сидоров_7,2025-08-24 17:15:47.262585,2025-08-24 17:38:47.262585,23,,
eeb04b4f-b34f-40be-81ce-b3c324bf3be9,VAC-1125,CAND-10125,HR,Зарегистрировать в HCM,Service Task,Наталья_3,2025-08-24 17:58:47.262585,2025-08-24 18:19:47.262585,21,,
eeb04b4f-b34f-40be-81ce-b3c324bf3be9,VAC-1125,CAND-10125,РЕКРУТЕР,Разместить вакансию,Task,Екатерина_5,2025-08-24 18:49:47.262585,2025-08-24 20:03:47.262585,74,,
eeb04b4f-b34f-40be-81ce-b3c324bf3be9,VAC-1125,CAND-10125,РЕКРУТЕР,Собирать резюме,Task,Екатерина_7,2025-08-24 21:03:47.262585,2025-08-25 18:53:47.262585,1310,,
eeb04b4f-b34f-40be-81ce-b3c324bf3be9,VAC-1125,CAND-10125,РЕКРУТЕР,Скрининг,Task,Екатерина_5,2025-08-25 21:47:47.262585,2025-08-25 22:08:47.262585,21,rejected,некорректное резюме
eee652f1-dfb2-4e11-8774-717f5555aa0f,VAC-1109,CAND-10109,РУКОВОДИТЕЛЬ,Создать заявку,User Task,Петров_2,2025-10-17 18:25:47.262585,2025-10-17 19:01:47.262585,36,,
eee652f1-dfb2-4e11-8774-717f5555aa0f,VAC-1109,CAND-10109,HR,Зарегистрировать в HCM,Service Task,Марина_1,2025-10-17 19:21:47.262585,2025-10-17 19:35:47.262585,14,,
eee652f1-dfb2-4e11-8774-717f5555aa0f,VAC-1109,CAND-10109,РЕКРУТЕР,Разместить вакансию,Task,Алексей_7,2025-10-17 20:05:47.262585,2025-10-17 20:45:47.262585,40,,
eee652f1-dfb2-4e11-8774-717f5555aa0f,VAC-1109,CAND-10109,РЕКРУТЕР,Собирать резюме,Task,Дмитрий_8,2025-10-17 21:45:47.262585,2025-10-19 18:04:47.262585,2659,,
eee652f1-dfb2-4e11-8774-717f5555aa0f,VAC-1109,CAND-10109,РЕКРУТЕР,Скрининг,Task,Дмитрий_6,2025-10-19 19:20:47.262585,2025-10-19 19:49:47.262585,29,passed,
eee652f1-dfb2-4e11-8774-717f5555aa0f,VAC-1109,CAND-10109,ИНТЕРВЬЮЕРЫ,Назначить интервью,User Task,Анна_3,2025-10-19 22:49:47.262585,2025-10-19 23:26:47.262585,37,,
eee652f1-dfb2-4e11-8774-717f5555aa0f,VAC-1109,CAND-10109,ИНТЕРВЬЮЕРЫ,Интервью (раунд 1),User Task,Сергей_1,2025-10-20 00:48:47.262585,2025-10-20 01:47:47.262585,59,rejected,недостаточно навыков
ef3498f3-ca55-43f2-b6f4-9c02e0a72a5a,VAC-1171,CAND-10171,РУКОВОДИТЕЛЬ,Создать заявку,User Task,Иванов_7,2025-10-04 13:45:47.262585,2025-10-04 14:30:47.262585,45,,
ef3498f3-ca55-43f2-b6f4-9c02e0a72a5a,VAC-1171,CAND-10171,HR,Зарегистрировать в HCM,Service Task,Наталья_5,2025-10-04 14:50:47.262585,2025-10-04 15:21:47.262585,31,,
ef3498f3-ca55-43f2-b6f4-9c02e0a72a5a,VAC-1171,CAND-10171,РЕКРУТЕР,Разместить вакансию,Task,Дмитрий_2,2025-10-04 15:51:47.262585,2025-10-04 17:40:47.262585,109,,
ef3498f3-ca55-43f2-b6f4-9c02e0a72a5a,VAC-1171,CAND-10171,РЕКРУТЕР,Собирать резюме,Task,Екатерина_6,2025-10-04 18:40:47.262585,2025-10-06 17:43:47.262585,2823,,
ef3498f3-ca55-43f2-b6f4-9c02e0a72a5a,VAC-1171,CAND-10171,РЕКРУТЕР,Скрининг,Task,Екатерина_8,2025-10-06 20:17:47.262585,2025-10-06 20:29:47.262585,12,rejected,не соотв. опыту
f060bc65-d326-4e78-9943-c4d711e6091c,VAC-1094,CAND-10094,РУКОВОДИТЕЛЬ,Создать заявку,User Task,Сидоров_3,2025-09-02 19:46:47.262585,2025-09-02 20:27:47.262585,41,,
f060bc65-d326-4e78-9943-c4d711e6091c,VAC-1094,CAND-10094,HR,Зарегистрировать в HCM,Service Task,Наталья_2,2025-09-02 20:47:47.262585,2025-09-02 21:12:47.262585,25,,
f060bc65-d326-4e78-9943-c4d711e6091c,VAC-1094,CAND-10094,РЕКРУТЕР,Разместить вакансию,Task,Алексей_4,2025-09-02 21:42:47.262585,2025-09-02 22:09:47.262585,27,,
f060bc65-d326-4e78-9943-c4d711e6091c,VAC-1094,CAND-10094,РЕКРУТЕР,Собирать резюме,Task,Екатерина_8,2025-09-02 23:09:47.262585,2025-09-03 04:30:47.262585,321,,
f060bc65-d326-4e78-9943-c4d711e6091c,VAC-1094,CAND-10094,РЕКРУТЕР,Скрининг,Task,Екатерина_4,2025-09-03 05:00:47.262585,2025-09-03 05:20:47.262585,20,rejected,некорректное резюме
f19c4d3e-835f-4217-905e-752e7392bf9a,VAC-1186,CAND-10186,РУКОВОДИТЕЛЬ,Создать заявку,User Task,Сидоров_2,2025-09-12 18:29:47.262585,2025-09-12 19:12:47.262585,43,,
f19c4d3e-835f-4217-905e-752e7392bf9a,VAC-1186,CAND-10186,HR,Зарегистрировать в HCM,Service Task,Марина_7,2025-09-12 19:32:47.262585,2025-09-12 20:11:47.262585,39,,
f19c4d3e-835f-4217-905e-752e7392bf9a,VAC-1186,CAND-10186,РЕКРУТЕР,Разместить вакансию,Task,Алексей_7,2025-09-12 20:41:47.262585,2025-09-12 21:12:47.262585,31,,
f19c4d3e-835f-4217-905e-752e7392bf9a,VAC-1186,CAND-10186,РЕКРУТЕР,Собирать резюме,Task,Дмитрий_7,2025-09-12 22:12:47.262585,2025-09-14 21:48:47.262585,2856,,
f19c4d3e-835f-4217-905e-752e7392bf9a,VAC-1186,CAND-10186,РЕКРУТЕР,Скрининг,Task,Дмитрий_3,2025-09-14 23:02:47.262585,2025-09-14 23:29:47.262585,27,passed,
f19c4d3e-835f-4217-905e-752e7392bf9a,VAC-1186,CAND-10186,ИНТЕРВЬЮЕРЫ,Назначить интервью,User Task,Сергей_5,2025-09-15 02:29:47.262585,2025-09-15 03:05:47.262585,36,,
f19c4d3e-835f-4217-905e-752e7392bf9a,VAC-1186,CAND-10186,ИНТЕРВЬЮЕРЫ,Интервью (раунд 1),User Task,Сергей_8,2025-09-15 03:30:47.262585,2025-09-15 04:53:47.262585,83,rejected,культурный профиль
f257f75a-2fc1-4b85-a406-945008d11d4f,VAC-1043,CAND-10043,РУКОВОДИТЕЛЬ,Создать заявку,User Task,Иванов_6,2025-09-15 14:20:47.262585,2025-09-15 15:12:47.262585,52,,
f257f75a-2fc1-4b85-a406-945008d11d4f,VAC-1043,CAND-10043,HR,Зарегистрировать в HCM,Service Task,Наталья_6,2025-09-15 15:32:47.262585,2025-09-15 15:46:47.262585,14,,
f257f75a-2fc1-4b85-a406-945008d11d4f,VAC-1043,CAND-10043,РЕКРУТЕР,Разместить вакансию,Task,Дмитрий_3,2025-09-15 16:16:47.262585,2025-09-15 17:45:47.262585,89,,
f257f75a-2fc1-4b85-a406-945008d11d4f,VAC-1043,CAND-10043,РЕКРУТЕР,Собирать резюме,Task,Екатерина_8,2025-09-15 18:45:47.262585,2025-09-17 06:28:47.262585,2143,,
f257f75a-2fc1-4b85-a406-945008d11d4f,VAC-1043,CAND-10043,РЕКРУТЕР,Скрининг,Task,Алексей_2,2025-09-17 07:44:47.262585,2025-09-17 08:19:47.262585,35,rejected,некорректное резюме
f43efb2a-d673-473b-be99-3b81672e52b8,VAC-1178,CAND-10178,РУКОВОДИТЕЛЬ,Создать заявку,User Task,Иванов_5,2025-09-01 11:18:47.262585,2025-09-01 12:04:47.262585,46,,
f43efb2a-d673-473b-be99-3b81672e52b8,VAC-1178,CAND-10178,HR,Зарегистрировать в HCM,Service Task,Наталья_8,2025-09-01 12:24:47.262585,2025-09-01 12:38:47.262585,14,,
f43efb2a-d673-473b-be99-3b81672e52b8,VAC-1178,CAND-10178,РЕКРУТЕР,Разместить вакансию,Task,Дмитрий_3,2025-09-01 13:08:47.262585,2025-09-01 14:26:47.262585,78,,
f43efb2a-d673-473b-be99-3b81672e52b8,VAC-1178,CAND-10178,РЕКРУТЕР,Собирать резюме,Task,Алексей_5,2025-09-01 15:26:47.262585,2025-09-02 18:53:47.262585,1647,,
f43efb2a-d673-473b-be99-3b81672e52b8,VAC-1178,CAND-10178,РЕКРУТЕР,Скрининг,Task,Екатерина_3,2025-09-02 20:03:47.262585,2025-09-02 20:38:47.262585,35,passed,
f43efb2a-d673-473b-be99-3b81672e52b8,VAC-1178,CAND-10178,ИНТЕРВЬЮЕРЫ,Назначить интервью,User Task,Андрей_2,2025-09-02 23:38:47.262585,2025-09-03 00:05:47.262585,27,,
f43efb2a-d673-473b-be99-3b81672e52b8,VAC-1178,CAND-10178,ИНТЕРВЬЮЕРЫ,Интервью (раунд 1),User Task,Андрей_8,2025-09-03 01:31:47.262585,2025-09-03 03:18:47.262585,107,rejected,поведенческий
f5b58d2e-4c0d-44cb-bd9e-25ed79ccdc68,VAC-1038,CAND-10038,РУКОВОДИТЕЛЬ,Создать заявку,User Task,Кузнецов_4,2025-10-23 13:55:47.262585,2025-10-23 14:54:47.262585,59,,
f5b58d2e-4c0d-44cb-bd9e-25ed79ccdc68,VAC-1038,CAND-10038,HR,Зарегистрировать в HCM,Service Task,Наталья_3,2025-10-23 15:14:47.262585,2025-10-23 15:31:47.262585,17,,
f5b58d2e-4c0d-44cb-bd9e-25ed79ccdc68,VAC-1038,CAND-10038,РЕКРУТЕР,Разместить вакансию,Task,Дмитрий_2,2025-10-23 16:01:47.262585,2025-10-23 16:30:47.262585,29,,
f5b58d2e-4c0d-44cb-bd9e-25ed79ccdc68,VAC-1038,CAND-10038,РЕКРУТЕР,Собирать резюме,Task,Екатерина_9,2025-10-23 17:30:47.262585,2025-10-25 08:09:47.262585,2319,,
f5b58d2e-4c0d-44cb-bd9e-25ed79ccdc68,VAC-1038,CAND-10038,РЕКРУТЕР,Скрининг,Task,Дмитрий_3,2025-10-25 08:48:47.262585,2025-10-25 09:19:47.262585,31,passed,
f5b58d2e-4c0d-44cb-bd9e-25ed79ccdc68,VAC-1038,CAND-10038,ИНТЕРВЬЮЕРЫ,Назначить интервью,User Task,Андрей_3,2025-10-25 12:19:47.262585,2025-10-25 12:33:47.262585,14,,
f5b58d2e-4c0d-44cb-bd9e-25ed79ccdc68,VAC-1038,CAND-10038,ИНТЕРВЬЮЕРЫ,Интервью (раунд 1),User Task,Сергей_4,2025-10-25 13:14:47.262585,2025-10-25 14:55:47.262585,101,passed,
f5b58d2e-4c0d-44cb-bd9e-25ed79ccdc68,VAC-1038,CAND-10038,ИНТЕРВЬЮЕРЫ,Интервью (раунд 2),User Task,Сергей_4,2025-10-25 16:11:47.262585,2025-10-25 17:32:47.262585,81,rejected,культурный профиль
f8e599da-7b6e-4491-b154-abc93a765918,VAC-1142,CAND-10142,РУКОВОДИТЕЛЬ,Создать заявку,User Task,Петров_3,2025-09-22 21:01:47.262585,2025-09-22 21:17:47.262585,16,,
f8e599da-7b6e-4491-b154-abc93a765918,VAC-1142,CAND-10142,HR,Зарегистрировать в HCM,Service Task,Ольга_9,2025-09-22 21:37:47.262585,2025-09-22 22:04:47.262585,27,,
f8e599da-7b6e-4491-b154-abc93a765918,VAC-1142,CAND-10142,РЕКРУТЕР,Разместить вакансию,Task,Екатерина_3,2025-09-22 22:34:47.262585,2025-09-22 23:37:47.262585,63,,
f8e599da-7b6e-4491-b154-abc93a765918,VAC-1142,CAND-10142,РЕКРУТЕР,Собирать резюме,Task,Екатерина_8,2025-09-23 00:37:47.262585,2025-09-24 17:03:47.262585,2426,,
f8e599da-7b6e-4491-b154-abc93a765918,VAC-1142,CAND-10142,РЕКРУТЕР,Скрининг,Task,Дмитрий_9,2025-09-24 19:03:47.262585,2025-09-24 19:41:47.262585,38,rejected,некорректное резюме
f96b6c34-0e2e-4616-9fa9-fc136ed46184,VAC-1042,CAND-10042,РУКОВОДИТЕЛЬ,Создать заявку,User Task,Кузнецов_8,2025-10-07 13:22:47.262585,2025-10-07 14:17:47.262585,55,,
f96b6c34-0e2e-4616-9fa9-fc136ed46184,VAC-1042,CAND-10042,HR,Зарегистрировать в HCM,Service Task,Наталья_2,2025-10-07 14:37:47.262585,2025-10-07 15:06:47.262585,29,,
f96b6c34-0e2e-4616-9fa9-fc136ed46184,VAC-1042,CAND-10042,РЕКРУТЕР,Разместить вакансию,Task,Дмитрий_4,2025-10-07 15:36:47.262585,2025-10-07 15:58:47.262585,22,,
f96b6c34-0e2e-4616-9fa9-fc136ed46184,VAC-1042,CAND-10042,РЕКРУТЕР,Собирать резюме,Task,Екатерина_9,2025-10-07 16:58:47.262585,2025-10-08 07:10:47.262585,852,,
f96b6c34-0e2e-4616-9fa9-fc136ed46184,VAC-1042,CAND-10042,РЕКРУТЕР,Скрининг,Task,Дмитрий_4,2025-10-08 09:28:47.262585,2025-10-08 09:41:47.262585,13,passed,
f96b6c34-0e2e-4616-9fa9-fc136ed46184,VAC-1042,CAND-10042,ИНТЕРВЬЮЕРЫ,Назначить интервью,User Task,Андрей_7,2025-10-08 12:41:47.262585,2025-10-08 12:52:47.262585,11,,
f96b6c34-0e2e-4616-9fa9-fc136ed46184,VAC-1042,CAND-10042,ИНТЕРВЬЮЕРЫ,Интервью (раунд 1),User Task,Сергей_9,2025-10-08 14:10:47.262585,2025-10-08 15:03:47.262585,53,passed,
f96b6c34-0e2e-4616-9fa9-fc136ed46184,VAC-1042,CAND-10042,ИНТЕРВЬЮЕРЫ,Интервью (раунд 2),User Task,Анна_3,2025-10-08 15:25:47.262585,2025-10-08 17:15:47.262585,110,passed,
f96b6c34-0e2e-4616-9fa9-fc136ed46184,VAC-1042,CAND-10042,ИНТЕРВЬЮЕРЫ,Финальное интервью,User Task,Анна_6,2025-10-08 21:15:47.262585,2025-10-08 22:37:47.262585,82,passed,
f96b6c34-0e2e-4616-9fa9-fc136ed46184,VAC-1042,CAND-10042,HR (ОФФЕР),Согласовать условия,User Task,HR_Manager_3,2025-10-09 00:38:47.262585,2025-10-09 12:22:47.262585,704,,
f96b6c34-0e2e-4616-9fa9-fc136ed46184,VAC-1042,CAND-10042,HR (ОФФЕР),Сгенерировать оффер,Service Task,HR_Manager_9,2025-10-09 12:42:47.262585,2025-10-09 13:08:47.262585,26,,
f96b6c34-0e2e-4616-9fa9-fc136ed46184,VAC-1042,CAND-10042,HR (ОФФЕР),Отправить оффер,Send Task,HR_Manager_2,2025-10-09 13:13:47.262585,2025-10-09 13:23:47.262585,10,sent,
f96b6c34-0e2e-4616-9fa9-fc136ed46184,VAC-1042,CAND-10042,HR (ОФФЕР),Timer: ожидание ответа (дни),Timer,,2025-10-09 13:23:47.262585,2025-10-10 13:23:47.262585,1440,timer_elapsed,
f96b6c34-0e2e-4616-9fa9-fc136ed46184,VAC-1042,CAND-10042,SECURITY,Background Check,Call Activity,Служба_БД_7,2025-10-10 16:23:47.262585,2025-10-19 00:45:47.262585,12022,report_ready,
f96b6c34-0e2e-4616-9fa9-fc136ed46184,VAC-1042,CAND-10042,SECURITY,Решение руководителя по BG,User Task,Сидоров_2,2025-10-19 02:45:47.262585,2025-10-19 08:04:47.262585,319,reject_by_manager,
f9d6a017-1d6a-46d8-b44f-df49e98cc02f,VAC-1084,CAND-10084,РУКОВОДИТЕЛЬ,Создать заявку,User Task,Кузнецов_7,2025-09-25 15:14:47.262585,2025-09-25 16:09:47.262585,55,,
f9d6a017-1d6a-46d8-b44f-df49e98cc02f,VAC-1084,CAND-10084,HR,Зарегистрировать в HCM,Service Task,Ольга_2,2025-09-25 16:29:47.262585,2025-09-25 17:01:47.262585,32,,
f9d6a017-1d6a-46d8-b44f-df49e98cc02f,VAC-1084,CAND-10084,РЕКРУТЕР,Разместить вакансию,Task,Екатерина_9,2025-09-25 17:31:47.262585,2025-09-25 19:12:47.262585,101,,
f9d6a017-1d6a-46d8-b44f-df49e98cc02f,VAC-1084,CAND-10084,РЕКРУТЕР,Собирать резюме,Task,Алексей_5,2025-09-25 20:12:47.262585,2025-09-27 18:15:47.262585,2763,,
f9d6a017-1d6a-46d8-b44f-df49e98cc02f,VAC-1084,CAND-10084,РЕКРУТЕР,Скрининг,Task,Алексей_9,2025-09-27 19:06:47.262585,2025-09-27 19:25:47.262585,19,rejected,не соотв. опыту
f9f0a7e5-af4d-477b-b3fa-21b0d92e0c93,VAC-1164,CAND-10164,РУКОВОДИТЕЛЬ,Создать заявку,User Task,Петров_3,2025-10-16 16:43:47.262585,2025-10-16 17:11:47.262585,28,,
f9f0a7e5-af4d-477b-b3fa-21b0d92e0c93,VAC-1164,CAND-10164,HR,Зарегистрировать в HCM,Service Task,Наталья_1,2025-10-16 17:31:47.262585,2025-10-16 17:41:47.262585,10,,
f9f0a7e5-af4d-477b-b3fa-21b0d92e0c93,VAC-1164,CAND-10164,РЕКРУТЕР,Разместить вакансию,Task,Екатерина_8,2025-10-16 18:11:47.262585,2025-10-16 18:49:47.262585,38,,
f9f0a7e5-af4d-477b-b3fa-21b0d92e0c93,VAC-1164,CAND-10164,РЕКРУТЕР,Собирать резюме,Task,Алексей_2,2025-10-16 19:49:47.262585,2025-10-18 05:37:47.262585,2028,,
f9f0a7e5-af4d-477b-b3fa-21b0d92e0c93,VAC-1164,CAND-10164,РЕКРУТЕР,Скрининг,Task,Дмитрий_8,2025-10-18 06:42:47.262585,2025-10-18 07:12:47.262585,30,rejected,не прошёл тест
fdd58a0d-7d2f-4876-bb16-3f7e62eda4cd,VAC-1026,CAND-10026,РУКОВОДИТЕЛЬ,Создать заявку,User Task,Кузнецов_5,2025-09-21 16:11:47.262585,2025-09-21 16:40:47.262585,29,,
fdd58a0d-7d2f-4876-bb16-3f7e62eda4cd,VAC-1026,CAND-10026,HR,Зарегистрировать в HCM,Service Task,Ольга_4,2025-09-21 17:00:47.262585,2025-09-21 17:24:47.262585,24,,
fdd58a0d-7d2f-4876-bb16-3f7e62eda4cd,VAC-1026,CAND-10026,РЕКРУТЕР,Разместить вакансию,Task,Дмитрий_2,2025-09-21 17:54:47.262585,2025-09-21 19:03:47.262585,69,,
fdd58a0d-7d2f-4876-bb16-3f7e62eda4cd,VAC-1026,CAND-10026,РЕКРУТЕР,Собирать резюме,Task,Дмитрий_6,2025-09-21 20:03:47.262585,2025-09-22 16:14:47.262585,1211,,
fdd58a0d-7d2f-4876-bb16-3f7e62eda4cd,VAC-1026,CAND-10026,РЕКРУТЕР,Скрининг,Task,Екатерина_5,2025-09-22 19:11:47.262585,2025-09-22 19:30:47.262585,19,passed,
fdd58a0d-7d2f-4876-bb16-3f7e62eda4cd,VAC-1026,CAND-10026,ИНТЕРВЬЮЕРЫ,Назначить интервью,User Task,Анна_7,2025-09-22 22:30:47.262585,2025-09-22 23:06:47.262585,36,,
fdd58a0d-7d2f-4876-bb16-3f7e62eda4cd,VAC-1026,CAND-10026,ИНТЕРВЬЮЕРЫ,Интервью (раунд 1),User Task,Сергей_4,2025-09-22 23:32:47.262585,2025-09-23 01:20:47.262585,108,rejected,культурный профиль
feedd174-68e1-4e6d-9674-c6819b977454,VAC-1127,CAND-10127,РУКОВОДИТЕЛЬ,Создать заявку,User Task,Кузнецов_6,2025-10-13 12:40:47.262585,2025-10-13 13:03:47.262585,23,,
feedd174-68e1-4e6d-9674-c6819b977454,VAC-1127,CAND-10127,HR,Зарегистрировать в HCM,Service Task,Марина_1,2025-10-13 13:23:47.262585,2025-10-13 13:58:47.262585,35,,
feedd174-68e1-4e6d-9674-c6819b977454,VAC-1127,CAND-10127,РЕКРУТЕР,Разместить вакансию,Task,Дмитрий_1,2025-10-13 14:28:47.262585,2025-10-13 15:08:47.262585,40,,
feedd174-68e1-4e6d-9674-c6819b977454,VAC-1127,CAND-10127,РЕКРУТЕР,Собирать резюме,Task,Алексей_8,2025-10-13 16:08:47.262585,2025-10-14 02:21:47.262585,613,,
feedd174-68e1-4e6d-9674-c6819b977454,VAC-1127,CAND-10127,РЕКРУТЕР,Скрининг,Task,Алексей_5,2025-10-14 04:42:47.262585,2025-10-14 04:54:47.262585,12,passed,
feedd174-68e1-4e6d-9674-c6819b977454,VAC-1127,CAND-10127,ИНТЕРВЬЮЕРЫ,Назначить интервью,User Task,Анна_1,2025-10-14 07:54:47.262585,2025-10-14 08:06:47.262585,12,,
feedd174-68e1-4e6d-9674-c6819b977454,VAC-1127,CAND-10127,ИНТЕРВЬЮЕРЫ,Интервью (раунд 1),User Task,Анна_1,2025-10-14 09:17:47.262585,2025-10-14 11:08:47.262585,111,passed,
feedd174-68e1-4e6d-9674-c6819b977454,VAC-1127,CAND-10127,ИНТЕРВЬЮЕРЫ,Интервью (раунд 2),User Task,Андрей_9,2025-10-14 11:50:47.262585,2025-10-14 13:38:47.262585,108,passed,
feedd174-68e1-4e6d-9674-c6819b977454,VAC-1127,CAND-10127,ИНТЕРВЬЮЕРЫ,Финальное интервью,User Task,Анна_9,2025-10-14 17:38:47.262585,2025-10-14 18:59:47.262585,81,passed,
feedd174-68e1-4e6d-9674-c6819b977454,VAC-1127,CAND-10127,HR (ОФФЕР),Согласовать условия,User Task,HR_Manager_1,2025-10-14 22:11:47.262585,2025-10-15 04:08:47.262585,357,,
feedd174-68e1-4e6d-9674-c6819b977454,VAC-1127,CAND-10127,HR (ОФФЕР),Сгенерировать оффер,Service Task,HR_Manager_1,2025-10-15 04:28:47.262585,2025-10-15 04:44:47.262585,16,,
feedd174-68e1-4e6d-9674-c6819b977454,VAC-1127,CAND-10127,HR (ОФФЕР),Отправить оффер,Send Task,HR_Manager_2,2025-10-15 04:49:47.262585,2025-10-15 04:59:47.262585,10,sent,
feedd174-68e1-4e6d-9674-c6819b977454,VAC-1127,CAND-10127,HR (ОФФЕР),Timer: ожидание ответа (дни),Timer,,2025-10-15 04:59:47.262585,2025-10-18 04:59:47.262585,4320,timer_elapsed,
feedd174-68e1-4e6d-9674-c6819b977454,VAC-1127,CAND-10127,SECURITY,Background Check,Call Activity,Служба_БД_7,2025-10-18 07:59:47.262585,2025-10-25 08:24:47.262585,10105,report_ready,
feedd174-68e1-4e6d-9674-c6819b977454,VAC-1127,CAND-10127,IT,Выдача оборудования,Task,IT_Specialist_2,2025-10-25 09:24:47.262585,2025-10-25 12:36:47.262585,192,,
feedd174-68e1-4e6d-9674-c6819b977454,VAC-1127,CAND-10127,IT,Создать доступы,Task,IT_Specialist_9,2025-10-25 13:06:47.262585,2025-10-25 13:59:47.262585,53,,
feedd174-68e1-4e6d-9674-c6819b977454,VAC-1127,CAND-10127,IT,HR/Training: Вводное обучение,Service Task,Ольга_6,2025-10-25 15:59:47.262585,2025-10-25 23:57:47.262585,478,,
feedd174-68e1-4e6d-9674-c6819b977454,VAC-1127,CAND-10127,HR,Назначить ментора,Task,Наталья_4,2025-10-26 00:57:47.262585,2025-10-26 02:37:47.262585,100,,
feedd174-68e1-4e6d-9674-c6819b977454,VAC-1127,CAND-10127,HR,Message: уведомить всех,Message,system,2025-10-26 02:57:47.262585,2025-10-26 03:02:47.262585,5,notified,
feedd174-68e1-4e6d-9674-c6819b977454,VAC-1127,CAND-10127,HR,Обновить статус в HCM,Service Task,Ольга_7,2025-10-26 03:32:47.262585,2025-10-26 03:52:47.262585,20,,
feedd174-68e1-4e6d-9674-c6819b977454,VAC-1127,CAND-10127,HR,Payroll / учет,Service Task,Марина_1,2025-10-26 04:22:47.262585,2025-10-26 04:42:47.262585,20,,
feedd174-68e1-4e6d-9674-c6819b977454,VAC-1127,CAND-10127,HR,Закрыть вакансию на порталах,Service Task,Ольга_3,2025-10-26 05:02:47.262585,2025-10-26 05:07:47.262585,5,,
