case_id,vacancy_id,candidate_id,lane,activity,activity_type,is_wait_time,assignee,start_time,end_time,duration_min,outcome,notes
05bf8926-4da2-44fe-8947-ddbf57446cf9,VAC-1068,CAND-10068,РУКОВОДИТЕЛЬ,Создать заявку,User Task,no,Иванов_9,2025-09-16 12:45:04.498795,2025-09-16 13:31:04.498795,46,,
05bf8926-4da2-44fe-8947-ddbf57446cf9,VAC-1068,CAND-10068,СИСТЕМА,Ожидание обработки,Wait,yes,,2025-09-16 13:31:04.498795,2025-09-16 14:14:04.498795,43,,
05bf8926-4da2-44fe-8947-ddbf57446cf9,VAC-1068,CAND-10068,HR,Зарегистрировать в HCM,Service Task,no,Марина_1,2025-09-16 14:14:04.498795,2025-09-16 14:45:04.498795,31,,
05bf8926-4da2-44fe-8947-ddbf57446cf9,VAC-1068,CAND-10068,РЕКРУТЕР,Разместить вакансию,Task,no,Алексей_8,2025-09-16 17:13:04.498795,2025-09-16 19:03:04.498795,110,,
05bf8926-4da2-44fe-8947-ddbf57446cf9,VAC-1068,CAND-10068,РЕКРУТЕР,Собирать резюме,Task,no,Екатерина_2,2025-09-16 20:03:04.498795,2025-09-18 15:56:04.498795,2633,,
05bf8926-4da2-44fe-8947-ddbf57446cf9,VAC-1068,CAND-10068,СИСТЕМА,Ожидание проверки резюме,Wait,yes,,2025-09-18 15:56:04.498795,2025-09-19 01:54:04.498795,598,,
05bf8926-4da2-44fe-8947-ddbf57446cf9,VAC-1068,CAND-10068,РЕКРУТЕР,Скрининг,Task,no,Дмитрий_3,2025-09-19 01:54:04.498795,2025-09-19 02:25:04.498795,31,passed,
05bf8926-4da2-44fe-8947-ddbf57446cf9,VAC-1068,CAND-10068,СИСТЕМА,Ожидание назначения интервью,Wait,yes,,2025-09-19 02:25:04.498795,2025-09-20 10:40:04.498795,1935,,
05bf8926-4da2-44fe-8947-ddbf57446cf9,VAC-1068,CAND-10068,ИНТЕРВЬЮЕРЫ,Назначить интервью,User Task,no,Анна_3,2025-09-20 10:40:04.498795,2025-09-20 10:58:04.498795,18,,
05bf8926-4da2-44fe-8947-ddbf57446cf9,VAC-1068,CAND-10068,СИСТЕМА,Ожидание интервью (раунд 1),Wait,yes,,2025-09-20 10:58:04.498795,2025-09-21 08:26:04.498795,1288,,
05bf8926-4da2-44fe-8947-ddbf57446cf9,VAC-1068,CAND-10068,ИНТЕРВЬЮЕРЫ,Интервью (раунд 1),User Task,no,Анна_8,2025-09-21 08:26:04.498795,2025-09-21 09:59:04.498795,93,passed,
05bf8926-4da2-44fe-8947-ddbf57446cf9,VAC-1068,CAND-10068,СИСТЕМА,Ожидание интервью (раунд 2),Wait,yes,,2025-09-21 09:59:04.498795,2025-09-22 03:55:04.498795,1076,,
05bf8926-4da2-44fe-8947-ddbf57446cf9,VAC-1068,CAND-10068,ИНТЕРВЬЮЕРЫ,Интервью (раунд 2),User Task,no,Анна_7,2025-09-22 03:55:04.498795,2025-09-22 05:31:04.498795,96,passed,
05bf8926-4da2-44fe-8947-ddbf57446cf9,VAC-1068,CAND-10068,ИНТЕРВЬЮЕРЫ,Финальное интервью,User Task,no,Сергей_9,2025-09-22 22:47:04.498795,2025-09-22 23:36:04.498795,49,passed,
05bf8926-4da2-44fe-8947-ddbf57446cf9,VAC-1068,CAND-10068,HR (ОФФЕР),Согласовать условия,User Task,no,Наталья_2,2025-09-23 03:08:04.498795,2025-09-23 06:51:04.498795,223,,
05bf8926-4da2-44fe-8947-ddbf57446cf9,VAC-1068,CAND-10068,HR (ОФФЕР),Сгенерировать оффер,Service Task,no,Наталья_6,2025-09-23 07:11:04.498795,2025-09-23 07:40:04.498795,29,,
05bf8926-4da2-44fe-8947-ddbf57446cf9,VAC-1068,CAND-10068,HR (ОФФЕР),Отправить оффер,Send Task,no,Наталья_1,2025-09-23 07:45:04.498795,2025-09-23 07:55:04.498795,10,sent,
05bf8926-4da2-44fe-8947-ddbf57446cf9,VAC-1068,CAND-10068,HR (ОФФЕР),Ожидание ответа (3д),Timer,yes,,2025-09-23 07:55:04.498795,2025-09-26 07:55:04.498795,4320,timer_elapsed,
05bf8926-4da2-44fe-8947-ddbf57446cf9,VAC-1068,CAND-10068,HR (ОФФЕР),Переговоры / отказ,Task,no,Марина_7,2025-09-26 09:55:04.498795,2025-09-26 13:48:04.498795,233,rejected,
0a7cd065-d30d-4b76-89e1-d64a35748658,VAC-1197,CAND-10197,РУКОВОДИТЕЛЬ,Создать заявку,User Task,no,Петров_6,2025-09-13 20:05:04.498795,2025-09-13 20:19:04.498795,14,,
0a7cd065-d30d-4b76-89e1-d64a35748658,VAC-1197,CAND-10197,СИСТЕМА,Ожидание обработки,Wait,yes,,2025-09-13 20:19:04.498795,2025-09-13 22:04:04.498795,105,,
0a7cd065-d30d-4b76-89e1-d64a35748658,VAC-1197,CAND-10197,HR,Зарегистрировать в HCM,Service Task,no,Наталья_7,2025-09-13 22:04:04.498795,2025-09-13 22:35:04.498795,31,,
0a7cd065-d30d-4b76-89e1-d64a35748658,VAC-1197,CAND-10197,РЕКРУТЕР,Разместить вакансию,Task,no,Алексей_9,2025-09-13 23:40:04.498795,2025-09-14 00:30:04.498795,50,,
0a7cd065-d30d-4b76-89e1-d64a35748658,VAC-1197,CAND-10197,РЕКРУТЕР,Собирать резюме,Task,no,Екатерина_9,2025-09-14 01:30:04.498795,2025-09-15 09:44:04.498795,1934,,
0a7cd065-d30d-4b76-89e1-d64a35748658,VAC-1197,CAND-10197,СИСТЕМА,Ожидание проверки резюме,Wait,yes,,2025-09-15 09:44:04.498795,2025-09-15 17:01:04.498795,437,,
0a7cd065-d30d-4b76-89e1-d64a35748658,VAC-1197,CAND-10197,РЕКРУТЕР,Скрининг,Task,no,Алексей_4,2025-09-15 17:01:04.498795,2025-09-15 17:26:04.498795,25,passed,
0a7cd065-d30d-4b76-89e1-d64a35748658,VAC-1197,CAND-10197,СИСТЕМА,Ожидание назначения интервью,Wait,yes,,2025-09-15 17:26:04.498795,2025-09-17 04:07:04.498795,2081,,
0a7cd065-d30d-4b76-89e1-d64a35748658,VAC-1197,CAND-10197,ИНТЕРВЬЮЕРЫ,Назначить интервью,User Task,no,Анна_7,2025-09-17 04:07:04.498795,2025-09-17 04:27:04.498795,20,,
0a7cd065-d30d-4b76-89e1-d64a35748658,VAC-1197,CAND-10197,СИСТЕМА,Ожидание интервью (раунд 1),Wait,yes,,2025-09-17 04:27:04.498795,2025-09-18 01:08:04.498795,1241,,
0a7cd065-d30d-4b76-89e1-d64a35748658,VAC-1197,CAND-10197,ИНТЕРВЬЮЕРЫ,Интервью (раунд 1),User Task,no,Андрей_3,2025-09-18 01:08:04.498795,2025-09-18 02:23:04.498795,75,rejected,недостаточно навыков
0b9c1161-37b1-499b-a495-ca6b82acd9b3,VAC-1022,CAND-10022,РУКОВОДИТЕЛЬ,Создать заявку,User Task,no,Петров_7,2025-10-15 17:51:04.498795,2025-10-15 18:31:04.498795,40,,
0b9c1161-37b1-499b-a495-ca6b82acd9b3,VAC-1022,CAND-10022,СИСТЕМА,Ожидание обработки,Wait,yes,,2025-10-15 18:31:04.498795,2025-10-15 19:33:04.498795,62,,
0b9c1161-37b1-499b-a495-ca6b82acd9b3,VAC-1022,CAND-10022,HR,Зарегистрировать в HCM,Service Task,no,Марина_2,2025-10-15 19:33:04.498795,2025-10-15 19:53:04.498795,20,,
0b9c1161-37b1-499b-a495-ca6b82acd9b3,VAC-1022,CAND-10022,РЕКРУТЕР,Разместить вакансию,Task,no,Дмитрий_8,2025-10-15 21:04:04.498795,2025-10-15 22:06:04.498795,62,,
0b9c1161-37b1-499b-a495-ca6b82acd9b3,VAC-1022,CAND-10022,РЕКРУТЕР,Собирать резюме,Task,no,Екатерина_7,2025-10-15 23:06:04.498795,2025-10-17 18:46:04.498795,2620,,
0b9c1161-37b1-499b-a495-ca6b82acd9b3,VAC-1022,CAND-10022,СИСТЕМА,Ожидание проверки резюме,Wait,yes,,2025-10-17 18:46:04.498795,2025-10-17 22:23:04.498795,217,,
0b9c1161-37b1-499b-a495-ca6b82acd9b3,VAC-1022,CAND-10022,РЕКРУТЕР,Скрининг,Task,no,Алексей_6,2025-10-17 22:23:04.498795,2025-10-17 22:47:04.498795,24,passed,
0b9c1161-37b1-499b-a495-ca6b82acd9b3,VAC-1022,CAND-10022,СИСТЕМА,Ожидание назначения интервью,Wait,yes,,2025-10-17 22:47:04.498795,2025-10-19 02:44:04.498795,1677,,
0b9c1161-37b1-499b-a495-ca6b82acd9b3,VAC-1022,CAND-10022,ИНТЕРВЬЮЕРЫ,Назначить интервью,User Task,no,Сергей_9,2025-10-19 02:44:04.498795,2025-10-19 03:18:04.498795,34,,
0b9c1161-37b1-499b-a495-ca6b82acd9b3,VAC-1022,CAND-10022,СИСТЕМА,Ожидание интервью (раунд 1),Wait,yes,,2025-10-19 03:18:04.498795,2025-10-19 11:19:04.498795,481,,
0b9c1161-37b1-499b-a495-ca6b82acd9b3,VAC-1022,CAND-10022,ИНТЕРВЬЮЕРЫ,Интервью (раунд 1),User Task,no,Андрей_4,2025-10-19 11:19:04.498795,2025-10-19 13:13:04.498795,114,passed,
0b9c1161-37b1-499b-a495-ca6b82acd9b3,VAC-1022,CAND-10022,СИСТЕМА,Ожидание интервью (раунд 2),Wait,yes,,2025-10-19 13:13:04.498795,2025-10-20 06:03:04.498795,1010,,
0b9c1161-37b1-499b-a495-ca6b82acd9b3,VAC-1022,CAND-10022,ИНТЕРВЬЮЕРЫ,Интервью (раунд 2),User Task,no,Сергей_8,2025-10-20 06:03:04.498795,2025-10-20 07:34:04.498795,91,passed,
0b9c1161-37b1-499b-a495-ca6b82acd9b3,VAC-1022,CAND-10022,СИСТЕМА,Ожидание интервью (раунд 3),Wait,yes,,2025-10-20 07:34:04.498795,2025-10-21 04:32:04.498795,1258,,
0b9c1161-37b1-499b-a495-ca6b82acd9b3,VAC-1022,CAND-10022,ИНТЕРВЬЮЕРЫ,Интервью (раунд 3),User Task,no,Анна_3,2025-10-21 04:32:04.498795,2025-10-21 05:23:04.498795,51,passed,
0b9c1161-37b1-499b-a495-ca6b82acd9b3,VAC-1022,CAND-10022,ИНТЕРВЬЮЕРЫ,Финальное интервью,User Task,no,Анна_8,2025-10-22 05:12:04.498795,2025-10-22 06:33:04.498795,81,passed,
0b9c1161-37b1-499b-a495-ca6b82acd9b3,VAC-1022,CAND-10022,HR (ОФФЕР),Согласовать условия,User Task,no,Марина_4,2025-10-22 08:04:04.498795,2025-10-22 09:11:04.498795,67,,
0b9c1161-37b1-499b-a495-ca6b82acd9b3,VAC-1022,CAND-10022,HR (ОФФЕР),Сгенерировать оффер,Service Task,no,Наталья_5,2025-10-22 09:31:04.498795,2025-10-22 09:58:04.498795,27,,
0b9c1161-37b1-499b-a495-ca6b82acd9b3,VAC-1022,CAND-10022,HR (ОФФЕР),Отправить оффер,Send Task,no,Марина_1,2025-10-22 10:03:04.498795,2025-10-22 10:13:04.498795,10,sent,
0b9c1161-37b1-499b-a495-ca6b82acd9b3,VAC-1022,CAND-10022,HR (ОФФЕР),Ожидание ответа (3д),Timer,yes,,2025-10-22 10:13:04.498795,2025-10-25 10:13:04.498795,4320,timer_elapsed,
0b9c1161-37b1-499b-a495-ca6b82acd9b3,VAC-1022,CAND-10022,SECURITY,Background Check,Call Activity,no,Служба_БД_8,2025-10-25 13:13:04.498795,2025-10-28 19:53:04.498795,4720,report_ready,
0b9c1161-37b1-499b-a495-ca6b82acd9b3,VAC-1022,CAND-10022,SECURITY,Решение руководителя по BG,User Task,no,Петров_5,2025-10-28 21:53:04.498795,2025-10-29 01:38:04.498795,225,reject_by_manager,
0d0c2228-c528-4362-a345-7914a97f8d19,VAC-1076,CAND-10076,РУКОВОДИТЕЛЬ,Создать заявку,User Task,no,Сидоров_6,2025-09-01 13:01:04.498795,2025-09-01 13:20:04.498795,19,,
0d0c2228-c528-4362-a345-7914a97f8d19,VAC-1076,CAND-10076,СИСТЕМА,Ожидание обработки,Wait,yes,,2025-09-01 13:20:04.498795,2025-09-01 14:11:04.498795,51,,
0d0c2228-c528-4362-a345-7914a97f8d19,VAC-1076,CAND-10076,HR,Зарегистрировать в HCM,Service Task,no,Марина_7,2025-09-01 14:11:04.498795,2025-09-01 14:45:04.498795,34,,
0d0c2228-c528-4362-a345-7914a97f8d19,VAC-1076,CAND-10076,РЕКРУТЕР,Разместить вакансию,Task,no,Екатерина_5,2025-09-01 17:20:04.498795,2025-09-01 17:58:04.498795,38,,
0d0c2228-c528-4362-a345-7914a97f8d19,VAC-1076,CAND-10076,РЕКРУТЕР,Собирать резюме,Task,no,Дмитрий_7,2025-09-01 18:58:04.498795,2025-09-04 13:49:04.498795,4011,,
0d0c2228-c528-4362-a345-7914a97f8d19,VAC-1076,CAND-10076,СИСТЕМА,Ожидание проверки резюме,Wait,yes,,2025-09-04 13:49:04.498795,2025-09-05 00:31:04.498795,642,,
0d0c2228-c528-4362-a345-7914a97f8d19,VAC-1076,CAND-10076,РЕКРУТЕР,Скрининг,Task,no,Екатерина_2,2025-09-05 00:31:04.498795,2025-09-05 00:43:04.498795,12,passed,
0d0c2228-c528-4362-a345-7914a97f8d19,VAC-1076,CAND-10076,СИСТЕМА,Ожидание назначения интервью,Wait,yes,,2025-09-05 00:43:04.498795,2025-09-06 10:12:04.498795,2009,,
0d0c2228-c528-4362-a345-7914a97f8d19,VAC-1076,CAND-10076,ИНТЕРВЬЮЕРЫ,Назначить интервью,User Task,no,Сергей_8,2025-09-06 10:12:04.498795,2025-09-06 10:44:04.498795,32,,
0d0c2228-c528-4362-a345-7914a97f8d19,VAC-1076,CAND-10076,СИСТЕМА,Ожидание интервью (раунд 1),Wait,yes,,2025-09-06 10:44:04.498795,2025-09-07 00:19:04.498795,815,,
0d0c2228-c528-4362-a345-7914a97f8d19,VAC-1076,CAND-10076,ИНТЕРВЬЮЕРЫ,Интервью (раунд 1),User Task,no,Анна_2,2025-09-07 00:19:04.498795,2025-09-07 02:18:04.498795,119,passed,
0d0c2228-c528-4362-a345-7914a97f8d19,VAC-1076,CAND-10076,СИСТЕМА,Ожидание интервью (раунд 2),Wait,yes,,2025-09-07 02:18:04.498795,2025-09-07 22:46:04.498795,1228,,
0d0c2228-c528-4362-a345-7914a97f8d19,VAC-1076,CAND-10076,ИНТЕРВЬЮЕРЫ,Интервью (раунд 2),User Task,no,Анна_6,2025-09-07 22:46:04.498795,2025-09-08 00:29:04.498795,103,passed,
0d0c2228-c528-4362-a345-7914a97f8d19,VAC-1076,CAND-10076,СИСТЕМА,Ожидание интервью (раунд 3),Wait,yes,,2025-09-08 00:29:04.498795,2025-09-08 22:59:04.498795,1350,,
0d0c2228-c528-4362-a345-7914a97f8d19,VAC-1076,CAND-10076,ИНТЕРВЬЮЕРЫ,Интервью (раунд 3),User Task,no,Сергей_4,2025-09-08 22:59:04.498795,2025-09-08 23:52:04.498795,53,rejected,поведенческий
0f3f5f4b-4b60-493c-8600-4cadbf564bf5,VAC-1136,CAND-10136,РУКОВОДИТЕЛЬ,Создать заявку,User Task,no,Петров_8,2025-10-10 19:19:04.498795,2025-10-10 19:36:04.498795,17,,
0f3f5f4b-4b60-493c-8600-4cadbf564bf5,VAC-1136,CAND-10136,СИСТЕМА,Ожидание обработки,Wait,yes,,2025-10-10 19:36:04.498795,2025-10-10 21:17:04.498795,101,,
0f3f5f4b-4b60-493c-8600-4cadbf564bf5,VAC-1136,CAND-10136,HR,Зарегистрировать в HCM,Service Task,no,Наталья_6,2025-10-10 21:17:04.498795,2025-10-10 21:36:04.498795,19,,
0f3f5f4b-4b60-493c-8600-4cadbf564bf5,VAC-1136,CAND-10136,РЕКРУТЕР,Разместить вакансию,Task,no,Алексей_2,2025-10-10 22:19:04.498795,2025-10-11 00:04:04.498795,105,,
0f3f5f4b-4b60-493c-8600-4cadbf564bf5,VAC-1136,CAND-10136,РЕКРУТЕР,Собирать резюме,Task,no,Екатерина_7,2025-10-11 01:04:04.498795,2025-10-12 17:10:04.498795,2406,,
0f3f5f4b-4b60-493c-8600-4cadbf564bf5,VAC-1136,CAND-10136,СИСТЕМА,Ожидание проверки резюме,Wait,yes,,2025-10-12 17:10:04.498795,2025-10-13 01:42:04.498795,512,,
0f3f5f4b-4b60-493c-8600-4cadbf564bf5,VAC-1136,CAND-10136,РЕКРУТЕР,Скрининг,Task,no,Алексей_5,2025-10-13 01:42:04.498795,2025-10-13 01:52:04.498795,10,passed,
0f3f5f4b-4b60-493c-8600-4cadbf564bf5,VAC-1136,CAND-10136,СИСТЕМА,Ожидание назначения интервью,Wait,yes,,2025-10-13 01:52:04.498795,2025-10-14 15:22:04.498795,2250,,
0f3f5f4b-4b60-493c-8600-4cadbf564bf5,VAC-1136,CAND-10136,ИНТЕРВЬЮЕРЫ,Назначить интервью,User Task,no,Андрей_1,2025-10-14 15:22:04.498795,2025-10-14 15:57:04.498795,35,,
0f3f5f4b-4b60-493c-8600-4cadbf564bf5,VAC-1136,CAND-10136,СИСТЕМА,Ожидание интервью (раунд 1),Wait,yes,,2025-10-14 15:57:04.498795,2025-10-15 09:52:04.498795,1075,,
0f3f5f4b-4b60-493c-8600-4cadbf564bf5,VAC-1136,CAND-10136,ИНТЕРВЬЮЕРЫ,Интервью (раунд 1),User Task,no,Андрей_6,2025-10-15 09:52:04.498795,2025-10-15 11:37:04.498795,105,passed,
0f3f5f4b-4b60-493c-8600-4cadbf564bf5,VAC-1136,CAND-10136,СИСТЕМА,Ожидание интервью (раунд 2),Wait,yes,,2025-10-15 11:37:04.498795,2025-10-16 08:46:04.498795,1269,,
0f3f5f4b-4b60-493c-8600-4cadbf564bf5,VAC-1136,CAND-10136,ИНТЕРВЬЮЕРЫ,Интервью (раунд 2),User Task,no,Сергей_2,2025-10-16 08:46:04.498795,2025-10-16 09:42:04.498795,56,passed,
0f3f5f4b-4b60-493c-8600-4cadbf564bf5,VAC-1136,CAND-10136,СИСТЕМА,Ожидание интервью (раунд 3),Wait,yes,,2025-10-16 09:42:04.498795,2025-10-17 05:24:04.498795,1182,,
0f3f5f4b-4b60-493c-8600-4cadbf564bf5,VAC-1136,CAND-10136,ИНТЕРВЬЮЕРЫ,Интервью (раунд 3),User Task,no,Анна_1,2025-10-17 05:24:04.498795,2025-10-17 06:52:04.498795,88,rejected,недостаточно навыков
0fc43ec2-2a0c-49a0-aae6-5df7e268b39c,VAC-1084,CAND-10084,РУКОВОДИТЕЛЬ,Создать заявку,User Task,no,Петров_1,2025-09-06 19:01:04.498795,2025-09-06 19:37:04.498795,36,,
0fc43ec2-2a0c-49a0-aae6-5df7e268b39c,VAC-1084,CAND-10084,СИСТЕМА,Ожидание обработки,Wait,yes,,2025-09-06 19:37:04.498795,2025-09-06 20:15:04.498795,38,,
0fc43ec2-2a0c-49a0-aae6-5df7e268b39c,VAC-1084,CAND-10084,HR,Зарегистрировать в HCM,Service Task,no,Ольга_2,2025-09-06 20:15:04.498795,2025-09-06 20:47:04.498795,32,,
0fc43ec2-2a0c-49a0-aae6-5df7e268b39c,VAC-1084,CAND-10084,РЕКРУТЕР,Разместить вакансию,Task,no,Екатерина_7,2025-09-06 21:28:04.498795,2025-09-06 22:17:04.498795,49,,
0fc43ec2-2a0c-49a0-aae6-5df7e268b39c,VAC-1084,CAND-10084,РЕКРУТЕР,Собирать резюме,Task,no,Дмитрий_8,2025-09-06 23:17:04.498795,2025-09-09 23:07:04.498795,4310,,
0fc43ec2-2a0c-49a0-aae6-5df7e268b39c,VAC-1084,CAND-10084,СИСТЕМА,Ожидание проверки резюме,Wait,yes,,2025-09-09 23:07:04.498795,2025-09-10 03:33:04.498795,266,,
0fc43ec2-2a0c-49a0-aae6-5df7e268b39c,VAC-1084,CAND-10084,РЕКРУТЕР,Скрининг,Task,no,Алексей_9,2025-09-10 03:33:04.498795,2025-09-10 04:01:04.498795,28,passed,
0fc43ec2-2a0c-49a0-aae6-5df7e268b39c,VAC-1084,CAND-10084,СИСТЕМА,Ожидание назначения интервью,Wait,yes,,2025-09-10 04:01:04.498795,2025-09-11 17:28:04.498795,2247,,
0fc43ec2-2a0c-49a0-aae6-5df7e268b39c,VAC-1084,CAND-10084,ИНТЕРВЬЮЕРЫ,Назначить интервью,User Task,no,Анна_1,2025-09-11 17:28:04.498795,2025-09-11 17:40:04.498795,12,,
0fc43ec2-2a0c-49a0-aae6-5df7e268b39c,VAC-1084,CAND-10084,СИСТЕМА,Ожидание интервью (раунд 1),Wait,yes,,2025-09-11 17:40:04.498795,2025-09-12 03:53:04.498795,613,,
0fc43ec2-2a0c-49a0-aae6-5df7e268b39c,VAC-1084,CAND-10084,ИНТЕРВЬЮЕРЫ,Интервью (раунд 1),User Task,no,Сергей_7,2025-09-12 03:53:04.498795,2025-09-12 05:08:04.498795,75,passed,
0fc43ec2-2a0c-49a0-aae6-5df7e268b39c,VAC-1084,CAND-10084,СИСТЕМА,Ожидание интервью (раунд 2),Wait,yes,,2025-09-12 05:08:04.498795,2025-09-13 01:05:04.498795,1197,,
0fc43ec2-2a0c-49a0-aae6-5df7e268b39c,VAC-1084,CAND-10084,ИНТЕРВЬЮЕРЫ,Интервью (раунд 2),User Task,no,Сергей_4,2025-09-13 01:05:04.498795,2025-09-13 02:31:04.498795,86,passed,
0fc43ec2-2a0c-49a0-aae6-5df7e268b39c,VAC-1084,CAND-10084,ИНТЕРВЬЮЕРЫ,Финальное интервью,User Task,no,Анна_2,2025-09-13 11:47:04.498795,2025-09-13 12:57:04.498795,70,passed,
0fc43ec2-2a0c-49a0-aae6-5df7e268b39c,VAC-1084,CAND-10084,HR (ОФФЕР),Согласовать условия,User Task,no,Наталья_8,2025-09-13 14:36:04.498795,2025-09-13 16:03:04.498795,87,,
0fc43ec2-2a0c-49a0-aae6-5df7e268b39c,VAC-1084,CAND-10084,HR (ОФФЕР),Сгенерировать оффер,Service Task,no,Ольга_7,2025-09-13 16:23:04.498795,2025-09-13 16:42:04.498795,19,,
0fc43ec2-2a0c-49a0-aae6-5df7e268b39c,VAC-1084,CAND-10084,HR (ОФФЕР),Отправить оффер,Send Task,no,Наталья_9,2025-09-13 16:47:04.498795,2025-09-13 16:57:04.498795,10,sent,
0fc43ec2-2a0c-49a0-aae6-5df7e268b39c,VAC-1084,CAND-10084,HR (ОФФЕР),Ожидание ответа (2д),Timer,yes,,2025-09-13 16:57:04.498795,2025-09-15 16:57:04.498795,2880,timer_elapsed,
0fc43ec2-2a0c-49a0-aae6-5df7e268b39c,VAC-1084,CAND-10084,HR (ОФФЕР),Переговоры / отказ,Task,no,Ольга_5,2025-09-15 18:57:04.498795,2025-09-15 20:50:04.498795,113,rejected,
10941b73-2723-4bbb-96bd-875b75e520ed,VAC-1135,CAND-10135,РУКОВОДИТЕЛЬ,Создать заявку,User Task,no,Иванов_1,2025-09-14 12:39:04.498795,2025-09-14 13:37:04.498795,58,,
10941b73-2723-4bbb-96bd-875b75e520ed,VAC-1135,CAND-10135,СИСТЕМА,Ожидание обработки,Wait,yes,,2025-09-14 13:37:04.498795,2025-09-14 14:31:04.498795,54,,
10941b73-2723-4bbb-96bd-875b75e520ed,VAC-1135,CAND-10135,HR,Зарегистрировать в HCM,Service Task,no,Ольга_2,2025-09-14 14:31:04.498795,2025-09-14 15:05:04.498795,34,,
10941b73-2723-4bbb-96bd-875b75e520ed,VAC-1135,CAND-10135,РЕКРУТЕР,Разместить вакансию,Task,no,Алексей_4,2025-09-14 17:54:04.498795,2025-09-14 19:14:04.498795,80,,
10941b73-2723-4bbb-96bd-875b75e520ed,VAC-1135,CAND-10135,РЕКРУТЕР,Собирать резюме,Task,no,Дмитрий_1,2025-09-14 20:14:04.498795,2025-09-16 13:18:04.498795,2464,,
10941b73-2723-4bbb-96bd-875b75e520ed,VAC-1135,CAND-10135,СИСТЕМА,Ожидание проверки резюме,Wait,yes,,2025-09-16 13:18:04.498795,2025-09-16 18:22:04.498795,304,,
10941b73-2723-4bbb-96bd-875b75e520ed,VAC-1135,CAND-10135,РЕКРУТЕР,Скрининг,Task,no,Екатерина_4,2025-09-16 18:22:04.498795,2025-09-16 18:56:04.498795,34,passed,
10941b73-2723-4bbb-96bd-875b75e520ed,VAC-1135,CAND-10135,СИСТЕМА,Ожидание назначения интервью,Wait,yes,,2025-09-16 18:56:04.498795,2025-09-18 10:03:04.498795,2347,,
10941b73-2723-4bbb-96bd-875b75e520ed,VAC-1135,CAND-10135,ИНТЕРВЬЮЕРЫ,Назначить интервью,User Task,no,Анна_1,2025-09-18 10:03:04.498795,2025-09-18 10:20:04.498795,17,,
10941b73-2723-4bbb-96bd-875b75e520ed,VAC-1135,CAND-10135,СИСТЕМА,Ожидание интервью (раунд 1),Wait,yes,,2025-09-18 10:20:04.498795,2025-09-19 06:52:04.498795,1232,,
10941b73-2723-4bbb-96bd-875b75e520ed,VAC-1135,CAND-10135,ИНТЕРВЬЮЕРЫ,Интервью (раунд 1),User Task,no,Андрей_8,2025-09-19 06:52:04.498795,2025-09-19 07:49:04.498795,57,passed,
10941b73-2723-4bbb-96bd-875b75e520ed,VAC-1135,CAND-10135,ИНТЕРВЬЮЕРЫ,Финальное интервью,User Task,no,Андрей_1,2025-09-19 22:27:04.498795,2025-09-19 23:51:04.498795,84,rejected,финал не пройден
11aacce9-9fac-4c03-9268-5c2bd26ccc8f,VAC-1014,CAND-10014,РУКОВОДИТЕЛЬ,Создать заявку,User Task,no,Иванов_7,2025-10-21 13:25:04.498795,2025-10-21 14:09:04.498795,44,,
11aacce9-9fac-4c03-9268-5c2bd26ccc8f,VAC-1014,CAND-10014,СИСТЕМА,Ожидание обработки,Wait,yes,,2025-10-21 14:09:04.498795,2025-10-21 15:44:04.498795,95,,
11aacce9-9fac-4c03-9268-5c2bd26ccc8f,VAC-1014,CAND-10014,HR,Зарегистрировать в HCM,Service Task,no,Марина_1,2025-10-21 15:44:04.498795,2025-10-21 16:12:04.498795,28,,
11aacce9-9fac-4c03-9268-5c2bd26ccc8f,VAC-1014,CAND-10014,РЕКРУТЕР,Разместить вакансию,Task,no,Дмитрий_3,2025-10-21 17:03:04.498795,2025-10-21 18:45:04.498795,102,,
11aacce9-9fac-4c03-9268-5c2bd26ccc8f,VAC-1014,CAND-10014,РЕКРУТЕР,Собирать резюме,Task,no,Алексей_1,2025-10-21 19:45:04.498795,2025-10-24 03:16:04.498795,3331,,
11aacce9-9fac-4c03-9268-5c2bd26ccc8f,VAC-1014,CAND-10014,СИСТЕМА,Ожидание проверки резюме,Wait,yes,,2025-10-24 03:16:04.498795,2025-10-24 10:42:04.498795,446,,
11aacce9-9fac-4c03-9268-5c2bd26ccc8f,VAC-1014,CAND-10014,РЕКРУТЕР,Скрининг,Task,no,Дмитрий_4,2025-10-24 10:42:04.498795,2025-10-24 11:04:04.498795,22,passed,
11aacce9-9fac-4c03-9268-5c2bd26ccc8f,VAC-1014,CAND-10014,СИСТЕМА,Ожидание назначения интервью,Wait,yes,,2025-10-24 11:04:04.498795,2025-10-25 22:35:04.498795,2131,,
11aacce9-9fac-4c03-9268-5c2bd26ccc8f,VAC-1014,CAND-10014,ИНТЕРВЬЮЕРЫ,Назначить интервью,User Task,no,Сергей_5,2025-10-25 22:35:04.498795,2025-10-25 23:09:04.498795,34,,
11aacce9-9fac-4c03-9268-5c2bd26ccc8f,VAC-1014,CAND-10014,СИСТЕМА,Ожидание интервью (раунд 1),Wait,yes,,2025-10-25 23:09:04.498795,2025-10-26 21:20:04.498795,1331,,
11aacce9-9fac-4c03-9268-5c2bd26ccc8f,VAC-1014,CAND-10014,ИНТЕРВЬЮЕРЫ,Интервью (раунд 1),User Task,no,Андрей_8,2025-10-26 21:20:04.498795,2025-10-26 22:58:04.498795,98,passed,
11aacce9-9fac-4c03-9268-5c2bd26ccc8f,VAC-1014,CAND-10014,СИСТЕМА,Ожидание интервью (раунд 2),Wait,yes,,2025-10-26 22:58:04.498795,2025-10-27 07:17:04.498795,499,,
11aacce9-9fac-4c03-9268-5c2bd26ccc8f,VAC-1014,CAND-10014,ИНТЕРВЬЮЕРЫ,Интервью (раунд 2),User Task,no,Сергей_4,2025-10-27 07:17:04.498795,2025-10-27 09:11:04.498795,114,passed,
11aacce9-9fac-4c03-9268-5c2bd26ccc8f,VAC-1014,CAND-10014,СИСТЕМА,Ожидание интервью (раунд 3),Wait,yes,,2025-10-27 09:11:04.498795,2025-10-28 04:16:04.498795,1145,,
11aacce9-9fac-4c03-9268-5c2bd26ccc8f,VAC-1014,CAND-10014,ИНТЕРВЬЮЕРЫ,Интервью (раунд 3),User Task,no,Анна_1,2025-10-28 04:16:04.498795,2025-10-28 05:09:04.498795,53,rejected,недостаточно навыков
13c757cc-3197-4817-9df5-2900ef119a17,VAC-1099,CAND-10099,РУКОВОДИТЕЛЬ,Создать заявку,User Task,no,Иванов_4,2025-10-06 11:26:04.498795,2025-10-06 12:22:04.498795,56,,
13c757cc-3197-4817-9df5-2900ef119a17,VAC-1099,CAND-10099,СИСТЕМА,Ожидание обработки,Wait,yes,,2025-10-06 12:22:04.498795,2025-10-06 14:10:04.498795,108,,
13c757cc-3197-4817-9df5-2900ef119a17,VAC-1099,CAND-10099,HR,Зарегистрировать в HCM,Service Task,no,Ольга_5,2025-10-06 14:10:04.498795,2025-10-06 14:48:04.498795,38,,
13c757cc-3197-4817-9df5-2900ef119a17,VAC-1099,CAND-10099,РЕКРУТЕР,Разместить вакансию,Task,no,Дмитрий_9,2025-10-06 15:51:04.498795,2025-10-06 16:24:04.498795,33,,
13c757cc-3197-4817-9df5-2900ef119a17,VAC-1099,CAND-10099,РЕКРУТЕР,Собирать резюме,Task,no,Дмитрий_3,2025-10-06 17:24:04.498795,2025-10-09 09:35:04.498795,3851,,
13c757cc-3197-4817-9df5-2900ef119a17,VAC-1099,CAND-10099,СИСТЕМА,Ожидание проверки резюме,Wait,yes,,2025-10-09 09:35:04.498795,2025-10-09 13:41:04.498795,246,,
13c757cc-3197-4817-9df5-2900ef119a17,VAC-1099,CAND-10099,РЕКРУТЕР,Скрининг,Task,no,Алексей_5,2025-10-09 13:41:04.498795,2025-10-09 14:17:04.498795,36,rejected,некорректное резюме
14fe95fa-9114-4dc2-8866-eb1493f3b6ab,VAC-1066,CAND-10066,РУКОВОДИТЕЛЬ,Создать заявку,User Task,no,Иванов_7,2025-10-20 14:22:04.498795,2025-10-20 15:05:04.498795,43,,
14fe95fa-9114-4dc2-8866-eb1493f3b6ab,VAC-1066,CAND-10066,СИСТЕМА,Ожидание обработки,Wait,yes,,2025-10-20 15:05:04.498795,2025-10-20 15:46:04.498795,41,,
14fe95fa-9114-4dc2-8866-eb1493f3b6ab,VAC-1066,CAND-10066,HR,Зарегистрировать в HCM,Service Task,no,Ольга_5,2025-10-20 15:46:04.498795,2025-10-20 16:00:04.498795,14,,
14fe95fa-9114-4dc2-8866-eb1493f3b6ab,VAC-1066,CAND-10066,РЕКРУТЕР,Разместить вакансию,Task,no,Алексей_2,2025-10-20 17:38:04.498795,2025-10-20 19:01:04.498795,83,,
14fe95fa-9114-4dc2-8866-eb1493f3b6ab,VAC-1066,CAND-10066,РЕКРУТЕР,Собирать резюме,Task,no,Дмитрий_5,2025-10-20 20:01:04.498795,2025-10-22 07:25:04.498795,2124,,
14fe95fa-9114-4dc2-8866-eb1493f3b6ab,VAC-1066,CAND-10066,СИСТЕМА,Ожидание проверки резюме,Wait,yes,,2025-10-22 07:25:04.498795,2025-10-22 17:36:04.498795,611,,
14fe95fa-9114-4dc2-8866-eb1493f3b6ab,VAC-1066,CAND-10066,РЕКРУТЕР,Скрининг,Task,no,Дмитрий_2,2025-10-22 17:36:04.498795,2025-10-22 17:55:04.498795,19,passed,
14fe95fa-9114-4dc2-8866-eb1493f3b6ab,VAC-1066,CAND-10066,СИСТЕМА,Ожидание назначения интервью,Wait,yes,,2025-10-22 17:55:04.498795,2025-10-24 02:20:04.498795,1945,,
14fe95fa-9114-4dc2-8866-eb1493f3b6ab,VAC-1066,CAND-10066,ИНТЕРВЬЮЕРЫ,Назначить интервью,User Task,no,Анна_8,2025-10-24 02:20:04.498795,2025-10-24 02:53:04.498795,33,,
14fe95fa-9114-4dc2-8866-eb1493f3b6ab,VAC-1066,CAND-10066,СИСТЕМА,Ожидание интервью (раунд 1),Wait,yes,,2025-10-24 02:53:04.498795,2025-10-24 14:13:04.498795,680,,
14fe95fa-9114-4dc2-8866-eb1493f3b6ab,VAC-1066,CAND-10066,ИНТЕРВЬЮЕРЫ,Интервью (раунд 1),User Task,no,Сергей_1,2025-10-24 14:13:04.498795,2025-10-24 15:56:04.498795,103,passed,
14fe95fa-9114-4dc2-8866-eb1493f3b6ab,VAC-1066,CAND-10066,СИСТЕМА,Ожидание интервью (раунд 2),Wait,yes,,2025-10-24 15:56:04.498795,2025-10-25 06:41:04.498795,885,,
14fe95fa-9114-4dc2-8866-eb1493f3b6ab,VAC-1066,CAND-10066,ИНТЕРВЬЮЕРЫ,Интервью (раунд 2),User Task,no,Сергей_6,2025-10-25 06:41:04.498795,2025-10-25 08:08:04.498795,87,rejected,поведенческий
1635807e-95a8-47c0-9c6c-e84c6b94f235,VAC-1165,CAND-10165,РУКОВОДИТЕЛЬ,Создать заявку,User Task,no,Петров_7,2025-10-05 12:26:04.498795,2025-10-05 13:05:04.498795,39,,
1635807e-95a8-47c0-9c6c-e84c6b94f235,VAC-1165,CAND-10165,СИСТЕМА,Ожидание обработки,Wait,yes,,2025-10-05 13:05:04.498795,2025-10-05 14:53:04.498795,108,,
1635807e-95a8-47c0-9c6c-e84c6b94f235,VAC-1165,CAND-10165,HR,Зарегистрировать в HCM,Service Task,no,Марина_6,2025-10-05 14:53:04.498795,2025-10-05 15:31:04.498795,38,,
1635807e-95a8-47c0-9c6c-e84c6b94f235,VAC-1165,CAND-10165,РЕКРУТЕР,Разместить вакансию,Task,no,Алексей_5,2025-10-05 17:06:04.498795,2025-10-05 17:46:04.498795,40,,
1635807e-95a8-47c0-9c6c-e84c6b94f235,VAC-1165,CAND-10165,РЕКРУТЕР,Собирать резюме,Task,no,Дмитрий_7,2025-10-05 18:46:04.498795,2025-10-06 23:01:04.498795,1695,,
1635807e-95a8-47c0-9c6c-e84c6b94f235,VAC-1165,CAND-10165,СИСТЕМА,Ожидание проверки резюме,Wait,yes,,2025-10-06 23:01:04.498795,2025-10-07 07:41:04.498795,520,,
1635807e-95a8-47c0-9c6c-e84c6b94f235,VAC-1165,CAND-10165,РЕКРУТЕР,Скрининг,Task,no,Дмитрий_5,2025-10-07 07:41:04.498795,2025-10-07 07:52:04.498795,11,passed,
1635807e-95a8-47c0-9c6c-e84c6b94f235,VAC-1165,CAND-10165,СИСТЕМА,Ожидание назначения интервью,Wait,yes,,2025-10-07 07:52:04.498795,2025-10-08 10:14:04.498795,1582,,
1635807e-95a8-47c0-9c6c-e84c6b94f235,VAC-1165,CAND-10165,ИНТЕРВЬЮЕРЫ,Назначить интервью,User Task,no,Андрей_7,2025-10-08 10:14:04.498795,2025-10-08 10:39:04.498795,25,,
1635807e-95a8-47c0-9c6c-e84c6b94f235,VAC-1165,CAND-10165,СИСТЕМА,Ожидание интервью (раунд 1),Wait,yes,,2025-10-08 10:39:04.498795,2025-10-09 03:02:04.498795,983,,
1635807e-95a8-47c0-9c6c-e84c6b94f235,VAC-1165,CAND-10165,ИНТЕРВЬЮЕРЫ,Интервью (раунд 1),User Task,no,Сергей_4,2025-10-09 03:02:04.498795,2025-10-09 04:00:04.498795,58,passed,
1635807e-95a8-47c0-9c6c-e84c6b94f235,VAC-1165,CAND-10165,ИНТЕРВЬЮЕРЫ,Финальное интервью,User Task,no,Анна_5,2025-10-09 22:28:04.498795,2025-10-09 23:26:04.498795,58,rejected,финал не пройден
195155f2-faf7-44b0-af29-8b67a53ef696,VAC-1126,CAND-10126,РУКОВОДИТЕЛЬ,Создать заявку,User Task,no,Сидоров_4,2025-09-06 20:03:04.498795,2025-09-06 20:24:04.498795,21,,
195155f2-faf7-44b0-af29-8b67a53ef696,VAC-1126,CAND-10126,СИСТЕМА,Ожидание обработки,Wait,yes,,2025-09-06 20:24:04.498795,2025-09-06 21:47:04.498795,83,,
195155f2-faf7-44b0-af29-8b67a53ef696,VAC-1126,CAND-10126,HR,Зарегистрировать в HCM,Service Task,no,Наталья_4,2025-09-06 21:47:04.498795,2025-09-06 22:20:04.498795,33,,
195155f2-faf7-44b0-af29-8b67a53ef696,VAC-1126,CAND-10126,РЕКРУТЕР,Разместить вакансию,Task,no,Алексей_4,2025-09-06 23:51:04.498795,2025-09-07 00:44:04.498795,53,,
195155f2-faf7-44b0-af29-8b67a53ef696,VAC-1126,CAND-10126,РЕКРУТЕР,Собирать резюме,Task,no,Алексей_6,2025-09-07 01:44:04.498795,2025-09-08 15:34:04.498795,2270,,
195155f2-faf7-44b0-af29-8b67a53ef696,VAC-1126,CAND-10126,СИСТЕМА,Ожидание проверки резюме,Wait,yes,,2025-09-08 15:34:04.498795,2025-09-08 21:13:04.498795,339,,
195155f2-faf7-44b0-af29-8b67a53ef696,VAC-1126,CAND-10126,РЕКРУТЕР,Скрининг,Task,no,Алексей_2,2025-09-08 21:13:04.498795,2025-09-08 21:47:04.498795,34,rejected,не прошёл тест
1a6a67b4-e763-4114-b52c-6394f229f440,VAC-1167,CAND-10167,РУКОВОДИТЕЛЬ,Создать заявку,User Task,no,Петров_8,2025-08-24 19:31:04.498795,2025-08-24 20:30:04.498795,59,,
1a6a67b4-e763-4114-b52c-6394f229f440,VAC-1167,CAND-10167,СИСТЕМА,Ожидание обработки,Wait,yes,,2025-08-24 20:30:04.498795,2025-08-24 21:45:04.498795,75,,
1a6a67b4-e763-4114-b52c-6394f229f440,VAC-1167,CAND-10167,HR,Зарегистрировать в HCM,Service Task,no,Марина_2,2025-08-24 21:45:04.498795,2025-08-24 22:07:04.498795,22,,
1a6a67b4-e763-4114-b52c-6394f229f440,VAC-1167,CAND-10167,РЕКРУТЕР,Разместить вакансию,Task,no,Алексей_7,2025-08-25 00:55:04.498795,2025-08-25 01:43:04.498795,48,,
1a6a67b4-e763-4114-b52c-6394f229f440,VAC-1167,CAND-10167,РЕКРУТЕР,Собирать резюме,Task,no,Дмитрий_2,2025-08-25 02:43:04.498795,2025-08-28 01:46:04.498795,4263,,
1a6a67b4-e763-4114-b52c-6394f229f440,VAC-1167,CAND-10167,СИСТЕМА,Ожидание проверки резюме,Wait,yes,,2025-08-28 01:46:04.498795,2025-08-28 10:53:04.498795,547,,
1a6a67b4-e763-4114-b52c-6394f229f440,VAC-1167,CAND-10167,РЕКРУТЕР,Скрининг,Task,no,Екатерина_5,2025-08-28 10:53:04.498795,2025-08-28 11:13:04.498795,20,passed,
1a6a67b4-e763-4114-b52c-6394f229f440,VAC-1167,CAND-10167,СИСТЕМА,Ожидание назначения интервью,Wait,yes,,2025-08-28 11:13:04.498795,2025-08-30 08:47:04.498795,2734,,
1a6a67b4-e763-4114-b52c-6394f229f440,VAC-1167,CAND-10167,ИНТЕРВЬЮЕРЫ,Назначить интервью,User Task,no,Анна_2,2025-08-30 08:47:04.498795,2025-08-30 09:27:04.498795,40,,
1a6a67b4-e763-4114-b52c-6394f229f440,VAC-1167,CAND-10167,СИСТЕМА,Ожидание интервью (раунд 1),Wait,yes,,2025-08-30 09:27:04.498795,2025-08-31 08:00:04.498795,1353,,
1a6a67b4-e763-4114-b52c-6394f229f440,VAC-1167,CAND-10167,ИНТЕРВЬЮЕРЫ,Интервью (раунд 1),User Task,no,Сергей_5,2025-08-31 08:00:04.498795,2025-08-31 09:28:04.498795,88,passed,
1a6a67b4-e763-4114-b52c-6394f229f440,VAC-1167,CAND-10167,СИСТЕМА,Ожидание интервью (раунд 2),Wait,yes,,2025-08-31 09:28:04.498795,2025-09-01 04:31:04.498795,1143,,
1a6a67b4-e763-4114-b52c-6394f229f440,VAC-1167,CAND-10167,ИНТЕРВЬЮЕРЫ,Интервью (раунд 2),User Task,no,Андрей_7,2025-09-01 04:31:04.498795,2025-09-01 05:41:04.498795,70,passed,
1a6a67b4-e763-4114-b52c-6394f229f440,VAC-1167,CAND-10167,ИНТЕРВЬЮЕРЫ,Финальное интервью,User Task,no,Сергей_2,2025-09-02 00:57:04.498795,2025-09-02 02:06:04.498795,69,passed,
1a6a67b4-e763-4114-b52c-6394f229f440,VAC-1167,CAND-10167,HR (ОФФЕР),Согласовать условия,User Task,no,Ольга_8,2025-09-02 05:47:04.498795,2025-09-02 09:43:04.498795,236,,
1a6a67b4-e763-4114-b52c-6394f229f440,VAC-1167,CAND-10167,HR (ОФФЕР),Сгенерировать оффер,Service Task,no,Марина_8,2025-09-02 10:03:04.498795,2025-09-02 10:10:04.498795,7,,
1a6a67b4-e763-4114-b52c-6394f229f440,VAC-1167,CAND-10167,HR (ОФФЕР),Отправить оффер,Send Task,no,Марина_4,2025-09-02 10:15:04.498795,2025-09-02 10:25:04.498795,10,sent,
1a6a67b4-e763-4114-b52c-6394f229f440,VAC-1167,CAND-10167,HR (ОФФЕР),Ожидание ответа (1д),Timer,yes,,2025-09-02 10:25:04.498795,2025-09-03 10:25:04.498795,1440,timer_elapsed,
1a6a67b4-e763-4114-b52c-6394f229f440,VAC-1167,CAND-10167,SECURITY,Background Check,Call Activity,no,Служба_БД_8,2025-09-03 13:25:04.498795,2025-09-05 16:52:04.498795,3087,report_ready,
1a6a67b4-e763-4114-b52c-6394f229f440,VAC-1167,CAND-10167,IT,Выдача оборудования,Task,no,IT_Specialist_8,2025-09-05 17:52:04.498795,2025-09-05 20:33:04.498795,161,,
1a6a67b4-e763-4114-b52c-6394f229f440,VAC-1167,CAND-10167,IT,Создать доступы,Task,no,IT_Specialist_1,2025-09-05 21:03:04.498795,2025-09-05 22:41:04.498795,98,,
1a6a67b4-e763-4114-b52c-6394f229f440,VAC-1167,CAND-10167,IT,Вводное обучение,Service Task,no,Ольга_1,2025-09-06 00:41:04.498795,2025-09-06 03:59:04.498795,198,,
1a6a67b4-e763-4114-b52c-6394f229f440,VAC-1167,CAND-10167,HR,Назначить ментора,Task,no,Марина_1,2025-09-06 04:59:04.498795,2025-09-06 05:50:04.498795,51,,
1a6a67b4-e763-4114-b52c-6394f229f440,VAC-1167,CAND-10167,HR,Уведомить всех,Message,no,system,2025-09-06 06:10:04.498795,2025-09-06 06:15:04.498795,5,notified,
1a6a67b4-e763-4114-b52c-6394f229f440,VAC-1167,CAND-10167,HR,Обновить HCM,Service Task,no,Ольга_2,2025-09-06 06:45:04.498795,2025-09-06 07:05:04.498795,20,,
1a6a67b4-e763-4114-b52c-6394f229f440,VAC-1167,CAND-10167,HR,Payroll,Service Task,no,Наталья_9,2025-09-06 07:35:04.498795,2025-09-06 07:55:04.498795,20,,
1a6a67b4-e763-4114-b52c-6394f229f440,VAC-1167,CAND-10167,HR,Закрыть вакансию,Service Task,no,Ольга_9,2025-09-06 08:15:04.498795,2025-09-06 08:20:04.498795,5,,
1b5e35a2-57ec-4b24-b870-d9da5ff818e9,VAC-1088,CAND-10088,РУКОВОДИТЕЛЬ,Создать заявку,User Task,no,Иванов_6,2025-10-08 21:11:04.498795,2025-10-08 21:58:04.498795,47,,
1b5e35a2-57ec-4b24-b870-d9da5ff818e9,VAC-1088,CAND-10088,СИСТЕМА,Ожидание обработки,Wait,yes,,2025-10-08 21:58:04.498795,2025-10-08 22:56:04.498795,58,,
1b5e35a2-57ec-4b24-b870-d9da5ff818e9,VAC-1088,CAND-10088,HR,Зарегистрировать в HCM,Service Task,no,Наталья_3,2025-10-08 22:56:04.498795,2025-10-08 23:16:04.498795,20,,
1b5e35a2-57ec-4b24-b870-d9da5ff818e9,VAC-1088,CAND-10088,РЕКРУТЕР,Разместить вакансию,Task,no,Дмитрий_6,2025-10-09 01:37:04.498795,2025-10-09 03:18:04.498795,101,,
1b5e35a2-57ec-4b24-b870-d9da5ff818e9,VAC-1088,CAND-10088,РЕКРУТЕР,Собирать резюме,Task,no,Екатерина_9,2025-10-09 04:18:04.498795,2025-10-10 16:11:04.498795,2153,,
1b5e35a2-57ec-4b24-b870-d9da5ff818e9,VAC-1088,CAND-10088,СИСТЕМА,Ожидание проверки резюме,Wait,yes,,2025-10-10 16:11:04.498795,2025-10-11 01:16:04.498795,545,,
1b5e35a2-57ec-4b24-b870-d9da5ff818e9,VAC-1088,CAND-10088,РЕКРУТЕР,Скрининг,Task,no,Екатерина_3,2025-10-11 01:16:04.498795,2025-10-11 01:33:04.498795,17,passed,
1b5e35a2-57ec-4b24-b870-d9da5ff818e9,VAC-1088,CAND-10088,СИСТЕМА,Ожидание назначения интервью,Wait,yes,,2025-10-11 01:33:04.498795,2025-10-13 01:03:04.498795,2850,,
1b5e35a2-57ec-4b24-b870-d9da5ff818e9,VAC-1088,CAND-10088,ИНТЕРВЬЮЕРЫ,Назначить интервью,User Task,no,Андрей_3,2025-10-13 01:03:04.498795,2025-10-13 01:22:04.498795,19,,
1b5e35a2-57ec-4b24-b870-d9da5ff818e9,VAC-1088,CAND-10088,СИСТЕМА,Ожидание интервью (раунд 1),Wait,yes,,2025-10-13 01:22:04.498795,2025-10-13 21:20:04.498795,1198,,
1b5e35a2-57ec-4b24-b870-d9da5ff818e9,VAC-1088,CAND-10088,ИНТЕРВЬЮЕРЫ,Интервью (раунд 1),User Task,no,Анна_1,2025-10-13 21:20:04.498795,2025-10-13 23:18:04.498795,118,passed,
1b5e35a2-57ec-4b24-b870-d9da5ff818e9,VAC-1088,CAND-10088,СИСТЕМА,Ожидание интервью (раунд 2),Wait,yes,,2025-10-13 23:18:04.498795,2025-10-14 10:24:04.498795,666,,
1b5e35a2-57ec-4b24-b870-d9da5ff818e9,VAC-1088,CAND-10088,ИНТЕРВЬЮЕРЫ,Интервью (раунд 2),User Task,no,Анна_4,2025-10-14 10:24:04.498795,2025-10-14 11:49:04.498795,85,rejected,культурный профиль
1cd9546b-67a3-4238-a118-fcfe2bd86edd,VAC-1069,CAND-10069,РУКОВОДИТЕЛЬ,Создать заявку,User Task,no,Иванов_1,2025-10-11 16:36:04.498795,2025-10-11 17:13:04.498795,37,,
1cd9546b-67a3-4238-a118-fcfe2bd86edd,VAC-1069,CAND-10069,СИСТЕМА,Ожидание обработки,Wait,yes,,2025-10-11 17:13:04.498795,2025-10-11 17:45:04.498795,32,,
1cd9546b-67a3-4238-a118-fcfe2bd86edd,VAC-1069,CAND-10069,HR,Зарегистрировать в HCM,Service Task,no,Наталья_9,2025-10-11 17:45:04.498795,2025-10-11 18:03:04.498795,18,,
1cd9546b-67a3-4238-a118-fcfe2bd86edd,VAC-1069,CAND-10069,РЕКРУТЕР,Разместить вакансию,Task,no,Екатерина_4,2025-10-11 20:45:04.498795,2025-10-11 22:16:04.498795,91,,
1cd9546b-67a3-4238-a118-fcfe2bd86edd,VAC-1069,CAND-10069,РЕКРУТЕР,Собирать резюме,Task,no,Дмитрий_7,2025-10-11 23:16:04.498795,2025-10-14 05:41:04.498795,3265,,
1cd9546b-67a3-4238-a118-fcfe2bd86edd,VAC-1069,CAND-10069,СИСТЕМА,Ожидание проверки резюме,Wait,yes,,2025-10-14 05:41:04.498795,2025-10-14 16:35:04.498795,654,,
1cd9546b-67a3-4238-a118-fcfe2bd86edd,VAC-1069,CAND-10069,РЕКРУТЕР,Скрининг,Task,no,Екатерина_9,2025-10-14 16:35:04.498795,2025-10-14 17:09:04.498795,34,passed,
1cd9546b-67a3-4238-a118-fcfe2bd86edd,VAC-1069,CAND-10069,СИСТЕМА,Ожидание назначения интервью,Wait,yes,,2025-10-14 17:09:04.498795,2025-10-15 17:59:04.498795,1490,,
1cd9546b-67a3-4238-a118-fcfe2bd86edd,VAC-1069,CAND-10069,ИНТЕРВЬЮЕРЫ,Назначить интервью,User Task,no,Андрей_5,2025-10-15 17:59:04.498795,2025-10-15 18:24:04.498795,25,,
1cd9546b-67a3-4238-a118-fcfe2bd86edd,VAC-1069,CAND-10069,СИСТЕМА,Ожидание интервью (раунд 1),Wait,yes,,2025-10-15 18:24:04.498795,2025-10-16 03:51:04.498795,567,,
1cd9546b-67a3-4238-a118-fcfe2bd86edd,VAC-1069,CAND-10069,ИНТЕРВЬЮЕРЫ,Интервью (раунд 1),User Task,no,Анна_3,2025-10-16 03:51:04.498795,2025-10-16 04:50:04.498795,59,rejected,поведенческий
211f0dd0-d033-4103-9966-1ca50339f5df,VAC-1030,CAND-10030,РУКОВОДИТЕЛЬ,Создать заявку,User Task,no,Иванов_5,2025-09-16 12:36:04.498795,2025-09-16 13:11:04.498795,35,,
211f0dd0-d033-4103-9966-1ca50339f5df,VAC-1030,CAND-10030,СИСТЕМА,Ожидание обработки,Wait,yes,,2025-09-16 13:11:04.498795,2025-09-16 14:39:04.498795,88,,
211f0dd0-d033-4103-9966-1ca50339f5df,VAC-1030,CAND-10030,HR,Зарегистрировать в HCM,Service Task,no,Ольга_6,2025-09-16 14:39:04.498795,2025-09-16 14:52:04.498795,13,,
211f0dd0-d033-4103-9966-1ca50339f5df,VAC-1030,CAND-10030,РЕКРУТЕР,Разместить вакансию,Task,no,Дмитрий_6,2025-09-16 16:29:04.498795,2025-09-16 18:03:04.498795,94,,
211f0dd0-d033-4103-9966-1ca50339f5df,VAC-1030,CAND-10030,РЕКРУТЕР,Собирать резюме,Task,no,Екатерина_4,2025-09-16 19:03:04.498795,2025-09-18 02:26:04.498795,1883,,
211f0dd0-d033-4103-9966-1ca50339f5df,VAC-1030,CAND-10030,СИСТЕМА,Ожидание проверки резюме,Wait,yes,,2025-09-18 02:26:04.498795,2025-09-18 13:28:04.498795,662,,
211f0dd0-d033-4103-9966-1ca50339f5df,VAC-1030,CAND-10030,РЕКРУТЕР,Скрининг,Task,no,Екатерина_9,2025-09-18 13:28:04.498795,2025-09-18 13:38:04.498795,10,passed,
211f0dd0-d033-4103-9966-1ca50339f5df,VAC-1030,CAND-10030,СИСТЕМА,Ожидание назначения интервью,Wait,yes,,2025-09-18 13:38:04.498795,2025-09-20 10:27:04.498795,2689,,
211f0dd0-d033-4103-9966-1ca50339f5df,VAC-1030,CAND-10030,ИНТЕРВЬЮЕРЫ,Назначить интервью,User Task,no,Анна_2,2025-09-20 10:27:04.498795,2025-09-20 10:44:04.498795,17,,
211f0dd0-d033-4103-9966-1ca50339f5df,VAC-1030,CAND-10030,СИСТЕМА,Ожидание интервью (раунд 1),Wait,yes,,2025-09-20 10:44:04.498795,2025-09-21 02:39:04.498795,955,,
211f0dd0-d033-4103-9966-1ca50339f5df,VAC-1030,CAND-10030,ИНТЕРВЬЮЕРЫ,Интервью (раунд 1),User Task,no,Андрей_3,2025-09-21 02:39:04.498795,2025-09-21 04:02:04.498795,83,passed,
211f0dd0-d033-4103-9966-1ca50339f5df,VAC-1030,CAND-10030,СИСТЕМА,Ожидание интервью (раунд 2),Wait,yes,,2025-09-21 04:02:04.498795,2025-09-21 12:48:04.498795,526,,
211f0dd0-d033-4103-9966-1ca50339f5df,VAC-1030,CAND-10030,ИНТЕРВЬЮЕРЫ,Интервью (раунд 2),User Task,no,Сергей_2,2025-09-21 12:48:04.498795,2025-09-21 13:37:04.498795,49,passed,
211f0dd0-d033-4103-9966-1ca50339f5df,VAC-1030,CAND-10030,ИНТЕРВЬЮЕРЫ,Финальное интервью,User Task,no,Андрей_7,2025-09-21 23:16:04.498795,2025-09-22 00:31:04.498795,75,rejected,финал не пройден
21479b46-2343-4eff-8d62-3970c768404d,VAC-1100,CAND-10100,РУКОВОДИТЕЛЬ,Создать заявку,User Task,no,Петров_7,2025-10-09 19:24:04.498795,2025-10-09 20:07:04.498795,43,,
21479b46-2343-4eff-8d62-3970c768404d,VAC-1100,CAND-10100,СИСТЕМА,Ожидание обработки,Wait,yes,,2025-10-09 20:07:04.498795,2025-10-09 21:54:04.498795,107,,
21479b46-2343-4eff-8d62-3970c768404d,VAC-1100,CAND-10100,HR,Зарегистрировать в HCM,Service Task,no,Ольга_8,2025-10-09 21:54:04.498795,2025-10-09 22:08:04.498795,14,,
21479b46-2343-4eff-8d62-3970c768404d,VAC-1100,CAND-10100,РЕКРУТЕР,Разместить вакансию,Task,no,Алексей_3,2025-10-10 00:09:04.498795,2025-10-10 02:05:04.498795,116,,
21479b46-2343-4eff-8d62-3970c768404d,VAC-1100,CAND-10100,РЕКРУТЕР,Собирать резюме,Task,no,Алексей_4,2025-10-10 03:05:04.498795,2025-10-12 06:37:04.498795,3092,,
21479b46-2343-4eff-8d62-3970c768404d,VAC-1100,CAND-10100,СИСТЕМА,Ожидание проверки резюме,Wait,yes,,2025-10-12 06:37:04.498795,2025-10-12 13:26:04.498795,409,,
21479b46-2343-4eff-8d62-3970c768404d,VAC-1100,CAND-10100,РЕКРУТЕР,Скрининг,Task,no,Алексей_4,2025-10-12 13:26:04.498795,2025-10-12 13:59:04.498795,33,rejected,не прошёл тест
25fdb910-0def-437d-b8d0-2ed3850f522d,VAC-1134,CAND-10134,РУКОВОДИТЕЛЬ,Создать заявку,User Task,no,Сидоров_8,2025-09-04 13:04:04.498795,2025-09-04 13:21:04.498795,17,,
25fdb910-0def-437d-b8d0-2ed3850f522d,VAC-1134,CAND-10134,СИСТЕМА,Ожидание обработки,Wait,yes,,2025-09-04 13:21:04.498795,2025-09-04 15:00:04.498795,99,,
25fdb910-0def-437d-b8d0-2ed3850f522d,VAC-1134,CAND-10134,HR,Зарегистрировать в HCM,Service Task,no,Ольга_8,2025-09-04 15:00:04.498795,2025-09-04 15:24:04.498795,24,,
25fdb910-0def-437d-b8d0-2ed3850f522d,VAC-1134,CAND-10134,РЕКРУТЕР,Разместить вакансию,Task,no,Алексей_3,2025-09-04 16:42:04.498795,2025-09-04 17:43:04.498795,61,,
25fdb910-0def-437d-b8d0-2ed3850f522d,VAC-1134,CAND-10134,РЕКРУТЕР,Собирать резюме,Task,no,Екатерина_1,2025-09-04 18:43:04.498795,2025-09-05 22:06:04.498795,1643,,
25fdb910-0def-437d-b8d0-2ed3850f522d,VAC-1134,CAND-10134,СИСТЕМА,Ожидание проверки резюме,Wait,yes,,2025-09-05 22:06:04.498795,2025-09-06 04:16:04.498795,370,,
25fdb910-0def-437d-b8d0-2ed3850f522d,VAC-1134,CAND-10134,РЕКРУТЕР,Скрининг,Task,no,Дмитрий_5,2025-09-06 04:16:04.498795,2025-09-06 04:29:04.498795,13,passed,
25fdb910-0def-437d-b8d0-2ed3850f522d,VAC-1134,CAND-10134,СИСТЕМА,Ожидание назначения интервью,Wait,yes,,2025-09-06 04:29:04.498795,2025-09-07 19:26:04.498795,2337,,
25fdb910-0def-437d-b8d0-2ed3850f522d,VAC-1134,CAND-10134,ИНТЕРВЬЮЕРЫ,Назначить интервью,User Task,no,Андрей_4,2025-09-07 19:26:04.498795,2025-09-07 19:59:04.498795,33,,
25fdb910-0def-437d-b8d0-2ed3850f522d,VAC-1134,CAND-10134,СИСТЕМА,Ожидание интервью (раунд 1),Wait,yes,,2025-09-07 19:59:04.498795,2025-09-08 04:14:04.498795,495,,
25fdb910-0def-437d-b8d0-2ed3850f522d,VAC-1134,CAND-10134,ИНТЕРВЬЮЕРЫ,Интервью (раунд 1),User Task,no,Сергей_5,2025-09-08 04:14:04.498795,2025-09-08 06:02:04.498795,108,passed,
25fdb910-0def-437d-b8d0-2ed3850f522d,VAC-1134,CAND-10134,ИНТЕРВЬЮЕРЫ,Финальное интервью,User Task,no,Сергей_1,2025-09-09 03:26:04.498795,2025-09-09 05:14:04.498795,108,rejected,финал не пройден
282ad290-e7c9-4e8e-acd8-4eeab70050bc,VAC-1038,CAND-10038,РУКОВОДИТЕЛЬ,Создать заявку,User Task,no,Иванов_4,2025-10-21 15:51:04.498795,2025-10-21 16:28:04.498795,37,,
282ad290-e7c9-4e8e-acd8-4eeab70050bc,VAC-1038,CAND-10038,СИСТЕМА,Ожидание обработки,Wait,yes,,2025-10-21 16:28:04.498795,2025-10-21 17:43:04.498795,75,,
282ad290-e7c9-4e8e-acd8-4eeab70050bc,VAC-1038,CAND-10038,HR,Зарегистрировать в HCM,Service Task,no,Ольга_9,2025-10-21 17:43:04.498795,2025-10-21 18:11:04.498795,28,,
282ad290-e7c9-4e8e-acd8-4eeab70050bc,VAC-1038,CAND-10038,РЕКРУТЕР,Разместить вакансию,Task,no,Дмитрий_6,2025-10-21 19:01:04.498795,2025-10-21 20:11:04.498795,70,,
282ad290-e7c9-4e8e-acd8-4eeab70050bc,VAC-1038,CAND-10038,РЕКРУТЕР,Собирать резюме,Task,no,Дмитрий_3,2025-10-21 21:11:04.498795,2025-10-23 12:18:04.498795,2347,,
282ad290-e7c9-4e8e-acd8-4eeab70050bc,VAC-1038,CAND-10038,СИСТЕМА,Ожидание проверки резюме,Wait,yes,,2025-10-23 12:18:04.498795,2025-10-23 16:36:04.498795,258,,
282ad290-e7c9-4e8e-acd8-4eeab70050bc,VAC-1038,CAND-10038,РЕКРУТЕР,Скрининг,Task,no,Екатерина_2,2025-10-23 16:36:04.498795,2025-10-23 17:02:04.498795,26,passed,
282ad290-e7c9-4e8e-acd8-4eeab70050bc,VAC-1038,CAND-10038,СИСТЕМА,Ожидание назначения интервью,Wait,yes,,2025-10-23 17:02:04.498795,2025-10-24 23:39:04.498795,1837,,
282ad290-e7c9-4e8e-acd8-4eeab70050bc,VAC-1038,CAND-10038,ИНТЕРВЬЮЕРЫ,Назначить интервью,User Task,no,Сергей_6,2025-10-24 23:39:04.498795,2025-10-25 00:17:04.498795,38,,
282ad290-e7c9-4e8e-acd8-4eeab70050bc,VAC-1038,CAND-10038,СИСТЕМА,Ожидание интервью (раунд 1),Wait,yes,,2025-10-25 00:17:04.498795,2025-10-25 22:15:04.498795,1318,,
282ad290-e7c9-4e8e-acd8-4eeab70050bc,VAC-1038,CAND-10038,ИНТЕРВЬЮЕРЫ,Интервью (раунд 1),User Task,no,Андрей_5,2025-10-25 22:15:04.498795,2025-10-25 23:18:04.498795,63,passed,
282ad290-e7c9-4e8e-acd8-4eeab70050bc,VAC-1038,CAND-10038,СИСТЕМА,Ожидание интервью (раунд 2),Wait,yes,,2025-10-25 23:18:04.498795,2025-10-26 10:40:04.498795,682,,
282ad290-e7c9-4e8e-acd8-4eeab70050bc,VAC-1038,CAND-10038,ИНТЕРВЬЮЕРЫ,Интервью (раунд 2),User Task,no,Анна_2,2025-10-26 10:40:04.498795,2025-10-26 11:47:04.498795,67,passed,
282ad290-e7c9-4e8e-acd8-4eeab70050bc,VAC-1038,CAND-10038,ИНТЕРВЬЮЕРЫ,Финальное интервью,User Task,no,Анна_8,2025-10-26 22:48:04.498795,2025-10-27 00:36:04.498795,108,passed,
282ad290-e7c9-4e8e-acd8-4eeab70050bc,VAC-1038,CAND-10038,HR (ОФФЕР),Согласовать условия,User Task,no,Марина_6,2025-10-27 04:30:04.498795,2025-10-27 07:54:04.498795,204,,
282ad290-e7c9-4e8e-acd8-4eeab70050bc,VAC-1038,CAND-10038,HR (ОФФЕР),Сгенерировать оффер,Service Task,no,Ольга_3,2025-10-27 08:14:04.498795,2025-10-27 08:39:04.498795,25,,
282ad290-e7c9-4e8e-acd8-4eeab70050bc,VAC-1038,CAND-10038,HR (ОФФЕР),Отправить оффер,Send Task,no,Ольга_2,2025-10-27 08:44:04.498795,2025-10-27 08:54:04.498795,10,sent,
282ad290-e7c9-4e8e-acd8-4eeab70050bc,VAC-1038,CAND-10038,HR (ОФФЕР),Ожидание ответа (2д),Timer,yes,,2025-10-27 08:54:04.498795,2025-10-29 08:54:04.498795,2880,timer_elapsed,
282ad290-e7c9-4e8e-acd8-4eeab70050bc,VAC-1038,CAND-10038,SECURITY,Background Check,Call Activity,no,Служба_БД_1,2025-10-29 11:54:04.498795,2025-11-02 05:14:04.498795,5360,report_ready,
282ad290-e7c9-4e8e-acd8-4eeab70050bc,VAC-1038,CAND-10038,IT,Выдача оборудования,Task,no,IT_Specialist_8,2025-11-02 06:14:04.498795,2025-11-02 07:23:04.498795,69,,
282ad290-e7c9-4e8e-acd8-4eeab70050bc,VAC-1038,CAND-10038,IT,Создать доступы,Task,no,IT_Specialist_1,2025-11-02 07:53:04.498795,2025-11-02 09:20:04.498795,87,,
282ad290-e7c9-4e8e-acd8-4eeab70050bc,VAC-1038,CAND-10038,IT,Вводное обучение,Service Task,no,Ольга_2,2025-11-02 11:20:04.498795,2025-11-02 17:28:04.498795,368,,
282ad290-e7c9-4e8e-acd8-4eeab70050bc,VAC-1038,CAND-10038,HR,Назначить ментора,Task,no,Наталья_9,2025-11-02 18:28:04.498795,2025-11-02 19:39:04.498795,71,,
282ad290-e7c9-4e8e-acd8-4eeab70050bc,VAC-1038,CAND-10038,HR,Уведомить всех,Message,no,system,2025-11-02 19:59:04.498795,2025-11-02 20:04:04.498795,5,notified,
282ad290-e7c9-4e8e-acd8-4eeab70050bc,VAC-1038,CAND-10038,HR,Обновить HCM,Service Task,no,Ольга_8,2025-11-02 20:34:04.498795,2025-11-02 20:54:04.498795,20,,
282ad290-e7c9-4e8e-acd8-4eeab70050bc,VAC-1038,CAND-10038,HR,Payroll,Service Task,no,Марина_9,2025-11-02 21:24:04.498795,2025-11-02 21:44:04.498795,20,,
282ad290-e7c9-4e8e-acd8-4eeab70050bc,VAC-1038,CAND-10038,HR,Закрыть вакансию,Service Task,no,Марина_1,2025-11-02 22:04:04.498795,2025-11-02 22:09:04.498795,5,,
290c78dd-b93a-40f1-a4f7-a687435937bd,VAC-1104,CAND-10104,РУКОВОДИТЕЛЬ,Создать заявку,User Task,no,Иванов_2,2025-09-25 18:40:04.498795,2025-09-25 19:21:04.498795,41,,
290c78dd-b93a-40f1-a4f7-a687435937bd,VAC-1104,CAND-10104,СИСТЕМА,Ожидание обработки,Wait,yes,,2025-09-25 19:21:04.498795,2025-09-25 21:17:04.498795,116,,
290c78dd-b93a-40f1-a4f7-a687435937bd,VAC-1104,CAND-10104,HR,Зарегистрировать в HCM,Service Task,no,Ольга_4,2025-09-25 21:17:04.498795,2025-09-25 21:42:04.498795,25,,
290c78dd-b93a-40f1-a4f7-a687435937bd,VAC-1104,CAND-10104,РЕКРУТЕР,Разместить вакансию,Task,no,Алексей_9,2025-09-25 23:36:04.498795,2025-09-26 00:31:04.498795,55,,
290c78dd-b93a-40f1-a4f7-a687435937bd,VAC-1104,CAND-10104,РЕКРУТЕР,Собирать резюме,Task,no,Екатерина_7,2025-09-26 01:31:04.498795,2025-09-27 16:43:04.498795,2352,,
290c78dd-b93a-40f1-a4f7-a687435937bd,VAC-1104,CAND-10104,СИСТЕМА,Ожидание проверки резюме,Wait,yes,,2025-09-27 16:43:04.498795,2025-09-28 02:35:04.498795,592,,
290c78dd-b93a-40f1-a4f7-a687435937bd,VAC-1104,CAND-10104,РЕКРУТЕР,Скрининг,Task,no,Алексей_2,2025-09-28 02:35:04.498795,2025-09-28 03:11:04.498795,36,passed,
290c78dd-b93a-40f1-a4f7-a687435937bd,VAC-1104,CAND-10104,СИСТЕМА,Ожидание назначения интервью,Wait,yes,,2025-09-28 03:11:04.498795,2025-09-29 22:44:04.498795,2613,,
290c78dd-b93a-40f1-a4f7-a687435937bd,VAC-1104,CAND-10104,ИНТЕРВЬЮЕРЫ,Назначить интервью,User Task,no,Андрей_8,2025-09-29 22:44:04.498795,2025-09-29 23:08:04.498795,24,,
290c78dd-b93a-40f1-a4f7-a687435937bd,VAC-1104,CAND-10104,СИСТЕМА,Ожидание интервью (раунд 1),Wait,yes,,2025-09-29 23:08:04.498795,2025-09-30 09:09:04.498795,601,,
290c78dd-b93a-40f1-a4f7-a687435937bd,VAC-1104,CAND-10104,ИНТЕРВЬЮЕРЫ,Интервью (раунд 1),User Task,no,Андрей_2,2025-09-30 09:09:04.498795,2025-09-30 10:57:04.498795,108,passed,
290c78dd-b93a-40f1-a4f7-a687435937bd,VAC-1104,CAND-10104,СИСТЕМА,Ожидание интервью (раунд 2),Wait,yes,,2025-09-30 10:57:04.498795,2025-10-01 01:50:04.498795,893,,
290c78dd-b93a-40f1-a4f7-a687435937bd,VAC-1104,CAND-10104,ИНТЕРВЬЮЕРЫ,Интервью (раунд 2),User Task,no,Анна_1,2025-10-01 01:50:04.498795,2025-10-01 03:27:04.498795,97,passed,
290c78dd-b93a-40f1-a4f7-a687435937bd,VAC-1104,CAND-10104,ИНТЕРВЬЮЕРЫ,Финальное интервью,User Task,no,Анна_5,2025-10-02 01:32:04.498795,2025-10-02 02:28:04.498795,56,passed,
290c78dd-b93a-40f1-a4f7-a687435937bd,VAC-1104,CAND-10104,HR (ОФФЕР),Согласовать условия,User Task,no,Марина_4,2025-10-02 07:15:04.498795,2025-10-02 10:25:04.498795,190,,
290c78dd-b93a-40f1-a4f7-a687435937bd,VAC-1104,CAND-10104,HR (ОФФЕР),Сгенерировать оффер,Service Task,no,Марина_8,2025-10-02 10:45:04.498795,2025-10-02 11:10:04.498795,25,,
290c78dd-b93a-40f1-a4f7-a687435937bd,VAC-1104,CAND-10104,HR (ОФФЕР),Отправить оффер,Send Task,no,Ольга_6,2025-10-02 11:15:04.498795,2025-10-02 11:25:04.498795,10,sent,
290c78dd-b93a-40f1-a4f7-a687435937bd,VAC-1104,CAND-10104,HR (ОФФЕР),Ожидание ответа (1д),Timer,yes,,2025-10-02 11:25:04.498795,2025-10-03 11:25:04.498795,1440,timer_elapsed,
290c78dd-b93a-40f1-a4f7-a687435937bd,VAC-1104,CAND-10104,HR (ОФФЕР),Переговоры / отказ,Task,no,Ольга_9,2025-10-03 13:25:04.498795,2025-10-03 16:21:04.498795,176,rejected,
2a395691-9db3-466a-9626-d84ad40b4d1b,VAC-1031,CAND-10031,РУКОВОДИТЕЛЬ,Создать заявку,User Task,no,Сидоров_9,2025-09-22 16:28:04.498795,2025-09-22 17:25:04.498795,57,,
2a395691-9db3-466a-9626-d84ad40b4d1b,VAC-1031,CAND-10031,СИСТЕМА,Ожидание обработки,Wait,yes,,2025-09-22 17:25:04.498795,2025-09-22 18:38:04.498795,73,,
2a395691-9db3-466a-9626-d84ad40b4d1b,VAC-1031,CAND-10031,HR,Зарегистрировать в HCM,Service Task,no,Марина_3,2025-09-22 18:38:04.498795,2025-09-22 19:06:04.498795,28,,
2a395691-9db3-466a-9626-d84ad40b4d1b,VAC-1031,CAND-10031,РЕКРУТЕР,Разместить вакансию,Task,no,Алексей_8,2025-09-22 21:22:04.498795,2025-09-22 23:05:04.498795,103,,
2a395691-9db3-466a-9626-d84ad40b4d1b,VAC-1031,CAND-10031,РЕКРУТЕР,Собирать резюме,Task,no,Дмитрий_5,2025-09-23 00:05:04.498795,2025-09-25 18:06:04.498795,3961,,
2a395691-9db3-466a-9626-d84ad40b4d1b,VAC-1031,CAND-10031,СИСТЕМА,Ожидание проверки резюме,Wait,yes,,2025-09-25 18:06:04.498795,2025-09-25 21:39:04.498795,213,,
2a395691-9db3-466a-9626-d84ad40b4d1b,VAC-1031,CAND-10031,РЕКРУТЕР,Скрининг,Task,no,Дмитрий_4,2025-09-25 21:39:04.498795,2025-09-25 22:11:04.498795,32,passed,
2a395691-9db3-466a-9626-d84ad40b4d1b,VAC-1031,CAND-10031,СИСТЕМА,Ожидание назначения интервью,Wait,yes,,2025-09-25 22:11:04.498795,2025-09-27 06:14:04.498795,1923,,
2a395691-9db3-466a-9626-d84ad40b4d1b,VAC-1031,CAND-10031,ИНТЕРВЬЮЕРЫ,Назначить интервью,User Task,no,Сергей_2,2025-09-27 06:14:04.498795,2025-09-27 06:51:04.498795,37,,
2a395691-9db3-466a-9626-d84ad40b4d1b,VAC-1031,CAND-10031,СИСТЕМА,Ожидание интервью (раунд 1),Wait,yes,,2025-09-27 06:51:04.498795,2025-09-27 21:07:04.498795,856,,
2a395691-9db3-466a-9626-d84ad40b4d1b,VAC-1031,CAND-10031,ИНТЕРВЬЮЕРЫ,Интервью (раунд 1),User Task,no,Анна_6,2025-09-27 21:07:04.498795,2025-09-27 23:01:04.498795,114,rejected,недостаточно навыков
2a3cc383-43a1-48c3-afb4-e4cbf3e55901,VAC-1026,CAND-10026,РУКОВОДИТЕЛЬ,Создать заявку,User Task,no,Сидоров_5,2025-10-02 12:01:04.498795,2025-10-02 12:51:04.498795,50,,
2a3cc383-43a1-48c3-afb4-e4cbf3e55901,VAC-1026,CAND-10026,СИСТЕМА,Ожидание обработки,Wait,yes,,2025-10-02 12:51:04.498795,2025-10-02 13:40:04.498795,49,,
2a3cc383-43a1-48c3-afb4-e4cbf3e55901,VAC-1026,CAND-10026,HR,Зарегистрировать в HCM,Service Task,no,Наталья_7,2025-10-02 13:40:04.498795,2025-10-02 14:13:04.498795,33,,
2a3cc383-43a1-48c3-afb4-e4cbf3e55901,VAC-1026,CAND-10026,РЕКРУТЕР,Разместить вакансию,Task,no,Екатерина_2,2025-10-02 15:08:04.498795,2025-10-02 17:05:04.498795,117,,
2a3cc383-43a1-48c3-afb4-e4cbf3e55901,VAC-1026,CAND-10026,РЕКРУТЕР,Собирать резюме,Task,no,Алексей_5,2025-10-02 18:05:04.498795,2025-10-05 00:22:04.498795,3257,,
2a3cc383-43a1-48c3-afb4-e4cbf3e55901,VAC-1026,CAND-10026,СИСТЕМА,Ожидание проверки резюме,Wait,yes,,2025-10-05 00:22:04.498795,2025-10-05 03:51:04.498795,209,,
2a3cc383-43a1-48c3-afb4-e4cbf3e55901,VAC-1026,CAND-10026,РЕКРУТЕР,Скрининг,Task,no,Дмитрий_1,2025-10-05 03:51:04.498795,2025-10-05 04:02:04.498795,11,passed,
2a3cc383-43a1-48c3-afb4-e4cbf3e55901,VAC-1026,CAND-10026,СИСТЕМА,Ожидание назначения интервью,Wait,yes,,2025-10-05 04:02:04.498795,2025-10-06 16:49:04.498795,2207,,
2a3cc383-43a1-48c3-afb4-e4cbf3e55901,VAC-1026,CAND-10026,ИНТЕРВЬЮЕРЫ,Назначить интервью,User Task,no,Андрей_4,2025-10-06 16:49:04.498795,2025-10-06 17:12:04.498795,23,,
2a3cc383-43a1-48c3-afb4-e4cbf3e55901,VAC-1026,CAND-10026,СИСТЕМА,Ожидание интервью (раунд 1),Wait,yes,,2025-10-06 17:12:04.498795,2025-10-07 10:51:04.498795,1059,,
2a3cc383-43a1-48c3-afb4-e4cbf3e55901,VAC-1026,CAND-10026,ИНТЕРВЬЮЕРЫ,Интервью (раунд 1),User Task,no,Андрей_7,2025-10-07 10:51:04.498795,2025-10-07 11:59:04.498795,68,passed,
2a3cc383-43a1-48c3-afb4-e4cbf3e55901,VAC-1026,CAND-10026,СИСТЕМА,Ожидание интервью (раунд 2),Wait,yes,,2025-10-07 11:59:04.498795,2025-10-08 06:33:04.498795,1114,,
2a3cc383-43a1-48c3-afb4-e4cbf3e55901,VAC-1026,CAND-10026,ИНТЕРВЬЮЕРЫ,Интервью (раунд 2),User Task,no,Анна_3,2025-10-08 06:33:04.498795,2025-10-08 07:48:04.498795,75,passed,
2a3cc383-43a1-48c3-afb4-e4cbf3e55901,VAC-1026,CAND-10026,ИНТЕРВЬЮЕРЫ,Финальное интервью,User Task,no,Сергей_5,2025-10-08 19:45:04.498795,2025-10-08 21:29:04.498795,104,passed,
2a3cc383-43a1-48c3-afb4-e4cbf3e55901,VAC-1026,CAND-10026,HR (ОФФЕР),Согласовать условия,User Task,no,Ольга_5,2025-10-09 01:19:04.498795,2025-10-09 02:21:04.498795,62,,
2a3cc383-43a1-48c3-afb4-e4cbf3e55901,VAC-1026,CAND-10026,HR (ОФФЕР),Сгенерировать оффер,Service Task,no,Марина_3,2025-10-09 02:41:04.498795,2025-10-09 03:07:04.498795,26,,
2a3cc383-43a1-48c3-afb4-e4cbf3e55901,VAC-1026,CAND-10026,HR (ОФФЕР),Отправить оффер,Send Task,no,Наталья_8,2025-10-09 03:12:04.498795,2025-10-09 03:22:04.498795,10,sent,
2a3cc383-43a1-48c3-afb4-e4cbf3e55901,VAC-1026,CAND-10026,HR (ОФФЕР),Ожидание ответа (2д),Timer,yes,,2025-10-09 03:22:04.498795,2025-10-11 03:22:04.498795,2880,timer_elapsed,
2a3cc383-43a1-48c3-afb4-e4cbf3e55901,VAC-1026,CAND-10026,HR (ОФФЕР),Переговоры / отказ,Task,no,Марина_7,2025-10-11 05:22:04.498795,2025-10-11 07:38:04.498795,136,rejected,
2ab286fe-ff5f-4272-bf09-26b5cdb67899,VAC-1168,CAND-10168,РУКОВОДИТЕЛЬ,Создать заявку,User Task,no,Иванов_3,2025-09-02 20:00:04.498795,2025-09-02 20:14:04.498795,14,,
2ab286fe-ff5f-4272-bf09-26b5cdb67899,VAC-1168,CAND-10168,СИСТЕМА,Ожидание обработки,Wait,yes,,2025-09-02 20:14:04.498795,2025-09-02 21:36:04.498795,82,,
2ab286fe-ff5f-4272-bf09-26b5cdb67899,VAC-1168,CAND-10168,HR,Зарегистрировать в HCM,Service Task,no,Наталья_8,2025-09-02 21:36:04.498795,2025-09-02 22:06:04.498795,30,,
2ab286fe-ff5f-4272-bf09-26b5cdb67899,VAC-1168,CAND-10168,РЕКРУТЕР,Разместить вакансию,Task,no,Екатерина_3,2025-09-02 22:47:04.498795,2025-09-02 23:38:04.498795,51,,
2ab286fe-ff5f-4272-bf09-26b5cdb67899,VAC-1168,CAND-10168,РЕКРУТЕР,Собирать резюме,Task,no,Алексей_1,2025-09-03 00:38:04.498795,2025-09-04 01:36:04.498795,1498,,
2ab286fe-ff5f-4272-bf09-26b5cdb67899,VAC-1168,CAND-10168,СИСТЕМА,Ожидание проверки резюме,Wait,yes,,2025-09-04 01:36:04.498795,2025-09-04 09:50:04.498795,494,,
2ab286fe-ff5f-4272-bf09-26b5cdb67899,VAC-1168,CAND-10168,РЕКРУТЕР,Скрининг,Task,no,Алексей_8,2025-09-04 09:50:04.498795,2025-09-04 10:26:04.498795,36,passed,
2ab286fe-ff5f-4272-bf09-26b5cdb67899,VAC-1168,CAND-10168,СИСТЕМА,Ожидание назначения интервью,Wait,yes,,2025-09-04 10:26:04.498795,2025-09-06 06:36:04.498795,2650,,
2ab286fe-ff5f-4272-bf09-26b5cdb67899,VAC-1168,CAND-10168,ИНТЕРВЬЮЕРЫ,Назначить интервью,User Task,no,Андрей_2,2025-09-06 06:36:04.498795,2025-09-06 06:48:04.498795,12,,
2ab286fe-ff5f-4272-bf09-26b5cdb67899,VAC-1168,CAND-10168,СИСТЕМА,Ожидание интервью (раунд 1),Wait,yes,,2025-09-06 06:48:04.498795,2025-09-07 04:26:04.498795,1298,,
2ab286fe-ff5f-4272-bf09-26b5cdb67899,VAC-1168,CAND-10168,ИНТЕРВЬЮЕРЫ,Интервью (раунд 1),User Task,no,Андрей_7,2025-09-07 04:26:04.498795,2025-09-07 05:39:04.498795,73,passed,
2ab286fe-ff5f-4272-bf09-26b5cdb67899,VAC-1168,CAND-10168,СИСТЕМА,Ожидание интервью (раунд 2),Wait,yes,,2025-09-07 05:39:04.498795,2025-09-07 19:24:04.498795,825,,
2ab286fe-ff5f-4272-bf09-26b5cdb67899,VAC-1168,CAND-10168,ИНТЕРВЬЮЕРЫ,Интервью (раунд 2),User Task,no,Анна_9,2025-09-07 19:24:04.498795,2025-09-07 21:00:04.498795,96,passed,
2ab286fe-ff5f-4272-bf09-26b5cdb67899,VAC-1168,CAND-10168,ИНТЕРВЬЮЕРЫ,Финальное интервью,User Task,no,Андрей_1,2025-09-08 07:20:04.498795,2025-09-08 08:46:04.498795,86,passed,
2ab286fe-ff5f-4272-bf09-26b5cdb67899,VAC-1168,CAND-10168,HR (ОФФЕР),Согласовать условия,User Task,no,Ольга_2,2025-09-08 12:17:04.498795,2025-09-08 14:01:04.498795,104,,
2ab286fe-ff5f-4272-bf09-26b5cdb67899,VAC-1168,CAND-10168,HR (ОФФЕР),Сгенерировать оффер,Service Task,no,Ольга_3,2025-09-08 14:21:04.498795,2025-09-08 14:29:04.498795,8,,
2ab286fe-ff5f-4272-bf09-26b5cdb67899,VAC-1168,CAND-10168,HR (ОФФЕР),Отправить оффер,Send Task,no,Ольга_3,2025-09-08 14:34:04.498795,2025-09-08 14:44:04.498795,10,sent,
2ab286fe-ff5f-4272-bf09-26b5cdb67899,VAC-1168,CAND-10168,HR (ОФФЕР),Ожидание ответа (3д),Timer,yes,,2025-09-08 14:44:04.498795,2025-09-11 14:44:04.498795,4320,timer_elapsed,
2ab286fe-ff5f-4272-bf09-26b5cdb67899,VAC-1168,CAND-10168,SECURITY,Background Check,Call Activity,no,Служба_БД_4,2025-09-11 17:44:04.498795,2025-09-14 16:15:04.498795,4231,report_ready,
2ab286fe-ff5f-4272-bf09-26b5cdb67899,VAC-1168,CAND-10168,SECURITY,Решение руководителя по BG,User Task,no,Иванов_7,2025-09-14 18:15:04.498795,2025-09-14 19:25:04.498795,70,reject_by_manager,
2cb7cc67-8ee7-4bae-919f-97da786a5bfc,VAC-1079,CAND-10079,РУКОВОДИТЕЛЬ,Создать заявку,User Task,no,Сидоров_1,2025-10-04 20:55:04.498795,2025-10-04 21:09:04.498795,14,,
2cb7cc67-8ee7-4bae-919f-97da786a5bfc,VAC-1079,CAND-10079,СИСТЕМА,Ожидание обработки,Wait,yes,,2025-10-04 21:09:04.498795,2025-10-04 22:47:04.498795,98,,
2cb7cc67-8ee7-4bae-919f-97da786a5bfc,VAC-1079,CAND-10079,HR,Зарегистрировать в HCM,Service Task,no,Наталья_8,2025-10-04 22:47:04.498795,2025-10-04 23:17:04.498795,30,,
2cb7cc67-8ee7-4bae-919f-97da786a5bfc,VAC-1079,CAND-10079,РЕКРУТЕР,Разместить вакансию,Task,no,Алексей_3,2025-10-05 01:16:04.498795,2025-10-05 03:08:04.498795,112,,
2cb7cc67-8ee7-4bae-919f-97da786a5bfc,VAC-1079,CAND-10079,РЕКРУТЕР,Собирать резюме,Task,no,Екатерина_8,2025-10-05 04:08:04.498795,2025-10-07 08:14:04.498795,3126,,
2cb7cc67-8ee7-4bae-919f-97da786a5bfc,VAC-1079,CAND-10079,СИСТЕМА,Ожидание проверки резюме,Wait,yes,,2025-10-07 08:14:04.498795,2025-10-07 14:56:04.498795,402,,
2cb7cc67-8ee7-4bae-919f-97da786a5bfc,VAC-1079,CAND-10079,РЕКРУТЕР,Скрининг,Task,no,Алексей_3,2025-10-07 14:56:04.498795,2025-10-07 15:08:04.498795,12,rejected,не прошёл тест
2ce26337-2fe2-417d-8e81-474379817b49,VAC-1064,CAND-10064,РУКОВОДИТЕЛЬ,Создать заявку,User Task,no,Сидоров_3,2025-09-04 15:47:04.498795,2025-09-04 16:10:04.498795,23,,
2ce26337-2fe2-417d-8e81-474379817b49,VAC-1064,CAND-10064,СИСТЕМА,Ожидание обработки,Wait,yes,,2025-09-04 16:10:04.498795,2025-09-04 18:06:04.498795,116,,
2ce26337-2fe2-417d-8e81-474379817b49,VAC-1064,CAND-10064,HR,Зарегистрировать в HCM,Service Task,no,Марина_7,2025-09-04 18:06:04.498795,2025-09-04 18:42:04.498795,36,,
2ce26337-2fe2-417d-8e81-474379817b49,VAC-1064,CAND-10064,РЕКРУТЕР,Разместить вакансию,Task,no,Алексей_4,2025-09-04 19:31:04.498795,2025-09-04 20:29:04.498795,58,,
2ce26337-2fe2-417d-8e81-474379817b49,VAC-1064,CAND-10064,РЕКРУТЕР,Собирать резюме,Task,no,Дмитрий_9,2025-09-04 21:29:04.498795,2025-09-07 12:10:04.498795,3761,,
2ce26337-2fe2-417d-8e81-474379817b49,VAC-1064,CAND-10064,СИСТЕМА,Ожидание проверки резюме,Wait,yes,,2025-09-07 12:10:04.498795,2025-09-07 20:49:04.498795,519,,
2ce26337-2fe2-417d-8e81-474379817b49,VAC-1064,CAND-10064,РЕКРУТЕР,Скрининг,Task,no,Екатерина_3,2025-09-07 20:49:04.498795,2025-09-07 21:11:04.498795,22,rejected,не прошёл тест
2da8b515-2739-4d56-8b47-9ed7f5154d67,VAC-1151,CAND-10151,РУКОВОДИТЕЛЬ,Создать заявку,User Task,no,Петров_1,2025-09-04 12:49:04.498795,2025-09-04 13:40:04.498795,51,,
2da8b515-2739-4d56-8b47-9ed7f5154d67,VAC-1151,CAND-10151,СИСТЕМА,Ожидание обработки,Wait,yes,,2025-09-04 13:40:04.498795,2025-09-04 14:18:04.498795,38,,
2da8b515-2739-4d56-8b47-9ed7f5154d67,VAC-1151,CAND-10151,HR,Зарегистрировать в HCM,Service Task,no,Наталья_5,2025-09-04 14:18:04.498795,2025-09-04 14:55:04.498795,37,,
2da8b515-2739-4d56-8b47-9ed7f5154d67,VAC-1151,CAND-10151,РЕКРУТЕР,Разместить вакансию,Task,no,Алексей_2,2025-09-04 16:49:04.498795,2025-09-04 17:20:04.498795,31,,
2da8b515-2739-4d56-8b47-9ed7f5154d67,VAC-1151,CAND-10151,РЕКРУТЕР,Собирать резюме,Task,no,Алексей_3,2025-09-04 18:20:04.498795,2025-09-06 22:47:04.498795,3147,,
2da8b515-2739-4d56-8b47-9ed7f5154d67,VAC-1151,CAND-10151,СИСТЕМА,Ожидание проверки резюме,Wait,yes,,2025-09-06 22:47:04.498795,2025-09-07 06:38:04.498795,471,,
2da8b515-2739-4d56-8b47-9ed7f5154d67,VAC-1151,CAND-10151,РЕКРУТЕР,Скрининг,Task,no,Екатерина_9,2025-09-07 06:38:04.498795,2025-09-07 07:07:04.498795,29,passed,
2da8b515-2739-4d56-8b47-9ed7f5154d67,VAC-1151,CAND-10151,СИСТЕМА,Ожидание назначения интервью,Wait,yes,,2025-09-07 07:07:04.498795,2025-09-08 22:39:04.498795,2372,,
2da8b515-2739-4d56-8b47-9ed7f5154d67,VAC-1151,CAND-10151,ИНТЕРВЬЮЕРЫ,Назначить интервью,User Task,no,Анна_6,2025-09-08 22:39:04.498795,2025-09-08 23:12:04.498795,33,,
2da8b515-2739-4d56-8b47-9ed7f5154d67,VAC-1151,CAND-10151,СИСТЕМА,Ожидание интервью (раунд 1),Wait,yes,,2025-09-08 23:12:04.498795,2025-09-09 08:47:04.498795,575,,
2da8b515-2739-4d56-8b47-9ed7f5154d67,VAC-1151,CAND-10151,ИНТЕРВЬЮЕРЫ,Интервью (раунд 1),User Task,no,Сергей_2,2025-09-09 08:47:04.498795,2025-09-09 10:10:04.498795,83,passed,
2da8b515-2739-4d56-8b47-9ed7f5154d67,VAC-1151,CAND-10151,СИСТЕМА,Ожидание интервью (раунд 2),Wait,yes,,2025-09-09 10:10:04.498795,2025-09-10 07:06:04.498795,1256,,
2da8b515-2739-4d56-8b47-9ed7f5154d67,VAC-1151,CAND-10151,ИНТЕРВЬЮЕРЫ,Интервью (раунд 2),User Task,no,Андрей_5,2025-09-10 07:06:04.498795,2025-09-10 08:45:04.498795,99,rejected,поведенческий
2f871d0f-adff-4e4c-9d00-d52190368427,VAC-1198,CAND-10198,РУКОВОДИТЕЛЬ,Создать заявку,User Task,no,Петров_5,2025-09-04 14:03:04.498795,2025-09-04 14:41:04.498795,38,,
2f871d0f-adff-4e4c-9d00-d52190368427,VAC-1198,CAND-10198,СИСТЕМА,Ожидание обработки,Wait,yes,,2025-09-04 14:41:04.498795,2025-09-04 16:16:04.498795,95,,
2f871d0f-adff-4e4c-9d00-d52190368427,VAC-1198,CAND-10198,HR,Зарегистрировать в HCM,Service Task,no,Ольга_9,2025-09-04 16:16:04.498795,2025-09-04 16:27:04.498795,11,,
2f871d0f-adff-4e4c-9d00-d52190368427,VAC-1198,CAND-10198,РЕКРУТЕР,Разместить вакансию,Task,no,Алексей_6,2025-09-04 18:32:04.498795,2025-09-04 20:21:04.498795,109,,
2f871d0f-adff-4e4c-9d00-d52190368427,VAC-1198,CAND-10198,РЕКРУТЕР,Собирать резюме,Task,no,Дмитрий_8,2025-09-04 21:21:04.498795,2025-09-07 10:36:04.498795,3675,,
2f871d0f-adff-4e4c-9d00-d52190368427,VAC-1198,CAND-10198,СИСТЕМА,Ожидание проверки резюме,Wait,yes,,2025-09-07 10:36:04.498795,2025-09-07 17:48:04.498795,432,,
2f871d0f-adff-4e4c-9d00-d52190368427,VAC-1198,CAND-10198,РЕКРУТЕР,Скрининг,Task,no,Дмитрий_3,2025-09-07 17:48:04.498795,2025-09-07 18:28:04.498795,40,passed,
2f871d0f-adff-4e4c-9d00-d52190368427,VAC-1198,CAND-10198,СИСТЕМА,Ожидание назначения интервью,Wait,yes,,2025-09-07 18:28:04.498795,2025-09-09 07:01:04.498795,2193,,
2f871d0f-adff-4e4c-9d00-d52190368427,VAC-1198,CAND-10198,ИНТЕРВЬЮЕРЫ,Назначить интервью,User Task,no,Сергей_1,2025-09-09 07:01:04.498795,2025-09-09 07:37:04.498795,36,,
2f871d0f-adff-4e4c-9d00-d52190368427,VAC-1198,CAND-10198,СИСТЕМА,Ожидание интервью (раунд 1),Wait,yes,,2025-09-09 07:37:04.498795,2025-09-10 07:03:04.498795,1406,,
2f871d0f-adff-4e4c-9d00-d52190368427,VAC-1198,CAND-10198,ИНТЕРВЬЮЕРЫ,Интервью (раунд 1),User Task,no,Анна_1,2025-09-10 07:03:04.498795,2025-09-10 07:52:04.498795,49,rejected,культурный профиль
351df8b1-e83e-485d-9d6a-8d42f19bcfd9,VAC-1140,CAND-10140,РУКОВОДИТЕЛЬ,Создать заявку,User Task,no,Сидоров_9,2025-09-29 20:57:04.498795,2025-09-29 21:42:04.498795,45,,
351df8b1-e83e-485d-9d6a-8d42f19bcfd9,VAC-1140,CAND-10140,СИСТЕМА,Ожидание обработки,Wait,yes,,2025-09-29 21:42:04.498795,2025-09-29 22:55:04.498795,73,,
351df8b1-e83e-485d-9d6a-8d42f19bcfd9,VAC-1140,CAND-10140,HR,Зарегистрировать в HCM,Service Task,no,Наталья_6,2025-09-29 22:55:04.498795,2025-09-29 23:28:04.498795,33,,
351df8b1-e83e-485d-9d6a-8d42f19bcfd9,VAC-1140,CAND-10140,РЕКРУТЕР,Разместить вакансию,Task,no,Екатерина_7,2025-09-30 01:55:04.498795,2025-09-30 03:44:04.498795,109,,
351df8b1-e83e-485d-9d6a-8d42f19bcfd9,VAC-1140,CAND-10140,РЕКРУТЕР,Собирать резюме,Task,no,Алексей_3,2025-09-30 04:44:04.498795,2025-10-01 11:50:04.498795,1866,,
351df8b1-e83e-485d-9d6a-8d42f19bcfd9,VAC-1140,CAND-10140,СИСТЕМА,Ожидание проверки резюме,Wait,yes,,2025-10-01 11:50:04.498795,2025-10-01 21:41:04.498795,591,,
351df8b1-e83e-485d-9d6a-8d42f19bcfd9,VAC-1140,CAND-10140,РЕКРУТЕР,Скрининг,Task,no,Дмитрий_3,2025-10-01 21:41:04.498795,2025-10-01 22:07:04.498795,26,passed,
351df8b1-e83e-485d-9d6a-8d42f19bcfd9,VAC-1140,CAND-10140,СИСТЕМА,Ожидание назначения интервью,Wait,yes,,2025-10-01 22:07:04.498795,2025-10-03 18:35:04.498795,2668,,
351df8b1-e83e-485d-9d6a-8d42f19bcfd9,VAC-1140,CAND-10140,ИНТЕРВЬЮЕРЫ,Назначить интервью,User Task,no,Сергей_6,2025-10-03 18:35:04.498795,2025-10-03 18:59:04.498795,24,,
351df8b1-e83e-485d-9d6a-8d42f19bcfd9,VAC-1140,CAND-10140,СИСТЕМА,Ожидание интервью (раунд 1),Wait,yes,,2025-10-03 18:59:04.498795,2025-10-04 08:31:04.498795,812,,
351df8b1-e83e-485d-9d6a-8d42f19bcfd9,VAC-1140,CAND-10140,ИНТЕРВЬЮЕРЫ,Интервью (раунд 1),User Task,no,Анна_7,2025-10-04 08:31:04.498795,2025-10-04 10:03:04.498795,92,passed,
351df8b1-e83e-485d-9d6a-8d42f19bcfd9,VAC-1140,CAND-10140,СИСТЕМА,Ожидание интервью (раунд 2),Wait,yes,,2025-10-04 10:03:04.498795,2025-10-05 08:08:04.498795,1325,,
351df8b1-e83e-485d-9d6a-8d42f19bcfd9,VAC-1140,CAND-10140,ИНТЕРВЬЮЕРЫ,Интервью (раунд 2),User Task,no,Анна_9,2025-10-05 08:08:04.498795,2025-10-05 09:34:04.498795,86,passed,
351df8b1-e83e-485d-9d6a-8d42f19bcfd9,VAC-1140,CAND-10140,ИНТЕРВЬЮЕРЫ,Финальное интервью,User Task,no,Анна_5,2025-10-05 21:13:04.498795,2025-10-05 22:46:04.498795,93,passed,
351df8b1-e83e-485d-9d6a-8d42f19bcfd9,VAC-1140,CAND-10140,HR (ОФФЕР),Согласовать условия,User Task,no,Ольга_7,2025-10-06 01:18:04.498795,2025-10-06 04:13:04.498795,175,,
351df8b1-e83e-485d-9d6a-8d42f19bcfd9,VAC-1140,CAND-10140,HR (ОФФЕР),Сгенерировать оффер,Service Task,no,Марина_1,2025-10-06 04:33:04.498795,2025-10-06 04:38:04.498795,5,,
351df8b1-e83e-485d-9d6a-8d42f19bcfd9,VAC-1140,CAND-10140,HR (ОФФЕР),Отправить оффер,Send Task,no,Ольга_1,2025-10-06 04:43:04.498795,2025-10-06 04:53:04.498795,10,sent,
351df8b1-e83e-485d-9d6a-8d42f19bcfd9,VAC-1140,CAND-10140,HR (ОФФЕР),Ожидание ответа (3д),Timer,yes,,2025-10-06 04:53:04.498795,2025-10-09 04:53:04.498795,4320,timer_elapsed,
351df8b1-e83e-485d-9d6a-8d42f19bcfd9,VAC-1140,CAND-10140,SECURITY,Background Check,Call Activity,no,Служба_БД_5,2025-10-09 07:53:04.498795,2025-10-13 01:05:04.498795,5352,report_ready,
351df8b1-e83e-485d-9d6a-8d42f19bcfd9,VAC-1140,CAND-10140,SECURITY,Решение руководителя по BG,User Task,no,Иванов_5,2025-10-13 03:05:04.498795,2025-10-13 04:59:04.498795,114,proceed_with_conditions,
351df8b1-e83e-485d-9d6a-8d42f19bcfd9,VAC-1140,CAND-10140,IT,Выдача оборудования,Task,no,IT_Specialist_2,2025-10-13 05:59:04.498795,2025-10-13 08:56:04.498795,177,,
351df8b1-e83e-485d-9d6a-8d42f19bcfd9,VAC-1140,CAND-10140,IT,Создать доступы,Task,no,IT_Specialist_6,2025-10-13 09:26:04.498795,2025-10-13 10:00:04.498795,34,,
351df8b1-e83e-485d-9d6a-8d42f19bcfd9,VAC-1140,CAND-10140,IT,Вводное обучение,Service Task,no,Наталья_5,2025-10-13 12:00:04.498795,2025-10-13 16:19:04.498795,259,,
351df8b1-e83e-485d-9d6a-8d42f19bcfd9,VAC-1140,CAND-10140,HR,Назначить ментора,Task,no,Марина_4,2025-10-13 17:19:04.498795,2025-10-13 18:12:04.498795,53,,
351df8b1-e83e-485d-9d6a-8d42f19bcfd9,VAC-1140,CAND-10140,HR,Уведомить всех,Message,no,system,2025-10-13 18:32:04.498795,2025-10-13 18:37:04.498795,5,notified,
351df8b1-e83e-485d-9d6a-8d42f19bcfd9,VAC-1140,CAND-10140,HR,Обновить HCM,Service Task,no,Наталья_5,2025-10-13 19:07:04.498795,2025-10-13 19:27:04.498795,20,,
351df8b1-e83e-485d-9d6a-8d42f19bcfd9,VAC-1140,CAND-10140,HR,Payroll,Service Task,no,Ольга_2,2025-10-13 19:57:04.498795,2025-10-13 20:17:04.498795,20,,
351df8b1-e83e-485d-9d6a-8d42f19bcfd9,VAC-1140,CAND-10140,HR,Закрыть вакансию,Service Task,no,Марина_7,2025-10-13 20:37:04.498795,2025-10-13 20:42:04.498795,5,,
35c17146-2f6e-4d2b-85a3-0c87c81bc363,VAC-1058,CAND-10058,РУКОВОДИТЕЛЬ,Создать заявку,User Task,no,Иванов_7,2025-09-11 16:57:04.498795,2025-09-11 17:56:04.498795,59,,
35c17146-2f6e-4d2b-85a3-0c87c81bc363,VAC-1058,CAND-10058,СИСТЕМА,Ожидание обработки,Wait,yes,,2025-09-11 17:56:04.498795,2025-09-11 19:03:04.498795,67,,
35c17146-2f6e-4d2b-85a3-0c87c81bc363,VAC-1058,CAND-10058,HR,Зарегистрировать в HCM,Service Task,no,Ольга_8,2025-09-11 19:03:04.498795,2025-09-11 19:41:04.498795,38,,
35c17146-2f6e-4d2b-85a3-0c87c81bc363,VAC-1058,CAND-10058,РЕКРУТЕР,Разместить вакансию,Task,no,Алексей_9,2025-09-11 21:47:04.498795,2025-09-11 22:55:04.498795,68,,
35c17146-2f6e-4d2b-85a3-0c87c81bc363,VAC-1058,CAND-10058,РЕКРУТЕР,Собирать резюме,Task,no,Екатерина_6,2025-09-11 23:55:04.498795,2025-09-13 08:59:04.498795,1984,,
35c17146-2f6e-4d2b-85a3-0c87c81bc363,VAC-1058,CAND-10058,СИСТЕМА,Ожидание проверки резюме,Wait,yes,,2025-09-13 08:59:04.498795,2025-09-13 14:00:04.498795,301,,
35c17146-2f6e-4d2b-85a3-0c87c81bc363,VAC-1058,CAND-10058,РЕКРУТЕР,Скрининг,Task,no,Екатерина_7,2025-09-13 14:00:04.498795,2025-09-13 14:15:04.498795,15,passed,
35c17146-2f6e-4d2b-85a3-0c87c81bc363,VAC-1058,CAND-10058,СИСТЕМА,Ожидание назначения интервью,Wait,yes,,2025-09-13 14:15:04.498795,2025-09-14 21:51:04.498795,1896,,
35c17146-2f6e-4d2b-85a3-0c87c81bc363,VAC-1058,CAND-10058,ИНТЕРВЬЮЕРЫ,Назначить интервью,User Task,no,Андрей_1,2025-09-14 21:51:04.498795,2025-09-14 22:27:04.498795,36,,
35c17146-2f6e-4d2b-85a3-0c87c81bc363,VAC-1058,CAND-10058,СИСТЕМА,Ожидание интервью (раунд 1),Wait,yes,,2025-09-14 22:27:04.498795,2025-09-15 14:21:04.498795,954,,
35c17146-2f6e-4d2b-85a3-0c87c81bc363,VAC-1058,CAND-10058,ИНТЕРВЬЮЕРЫ,Интервью (раунд 1),User Task,no,Сергей_4,2025-09-15 14:21:04.498795,2025-09-15 16:15:04.498795,114,passed,
35c17146-2f6e-4d2b-85a3-0c87c81bc363,VAC-1058,CAND-10058,СИСТЕМА,Ожидание интервью (раунд 2),Wait,yes,,2025-09-15 16:15:04.498795,2025-09-16 04:28:04.498795,733,,
35c17146-2f6e-4d2b-85a3-0c87c81bc363,VAC-1058,CAND-10058,ИНТЕРВЬЮЕРЫ,Интервью (раунд 2),User Task,no,Сергей_4,2025-09-16 04:28:04.498795,2025-09-16 06:11:04.498795,103,passed,
35c17146-2f6e-4d2b-85a3-0c87c81bc363,VAC-1058,CAND-10058,СИСТЕМА,Ожидание интервью (раунд 3),Wait,yes,,2025-09-16 06:11:04.498795,2025-09-17 06:10:04.498795,1439,,
35c17146-2f6e-4d2b-85a3-0c87c81bc363,VAC-1058,CAND-10058,ИНТЕРВЬЮЕРЫ,Интервью (раунд 3),User Task,no,Анна_7,2025-09-17 06:10:04.498795,2025-09-17 07:09:04.498795,59,passed,
35c17146-2f6e-4d2b-85a3-0c87c81bc363,VAC-1058,CAND-10058,ИНТЕРВЬЮЕРЫ,Финальное интервью,User Task,no,Андрей_2,2025-09-18 01:38:04.498795,2025-09-18 02:25:04.498795,47,passed,
35c17146-2f6e-4d2b-85a3-0c87c81bc363,VAC-1058,CAND-10058,HR (ОФФЕР),Согласовать условия,User Task,no,Ольга_1,2025-09-18 05:57:04.498795,2025-09-18 07:05:04.498795,68,,
35c17146-2f6e-4d2b-85a3-0c87c81bc363,VAC-1058,CAND-10058,HR (ОФФЕР),Сгенерировать оффер,Service Task,no,Марина_1,2025-09-18 07:25:04.498795,2025-09-18 07:37:04.498795,12,,
35c17146-2f6e-4d2b-85a3-0c87c81bc363,VAC-1058,CAND-10058,HR (ОФФЕР),Отправить оффер,Send Task,no,Ольга_8,2025-09-18 07:42:04.498795,2025-09-18 07:52:04.498795,10,sent,
35c17146-2f6e-4d2b-85a3-0c87c81bc363,VAC-1058,CAND-10058,HR (ОФФЕР),Ожидание ответа (1д),Timer,yes,,2025-09-18 07:52:04.498795,2025-09-19 07:52:04.498795,1440,timer_elapsed,
35c17146-2f6e-4d2b-85a3-0c87c81bc363,VAC-1058,CAND-10058,SECURITY,Background Check,Call Activity,no,Служба_БД_9,2025-09-19 10:52:04.498795,2025-09-21 18:34:04.498795,3342,report_ready,
35c17146-2f6e-4d2b-85a3-0c87c81bc363,VAC-1058,CAND-10058,SECURITY,Решение руководителя по BG,User Task,no,Сидоров_6,2025-09-21 20:34:04.498795,2025-09-21 22:33:04.498795,119,proceed_with_conditions,
35c17146-2f6e-4d2b-85a3-0c87c81bc363,VAC-1058,CAND-10058,IT,Выдача оборудования,Task,no,IT_Specialist_3,2025-09-21 23:33:04.498795,2025-09-22 01:03:04.498795,90,,
35c17146-2f6e-4d2b-85a3-0c87c81bc363,VAC-1058,CAND-10058,IT,Создать доступы,Task,no,IT_Specialist_7,2025-09-22 01:33:04.498795,2025-09-22 03:27:04.498795,114,,
35c17146-2f6e-4d2b-85a3-0c87c81bc363,VAC-1058,CAND-10058,IT,Вводное обучение,Service Task,no,Ольга_1,2025-09-22 05:27:04.498795,2025-09-22 11:00:04.498795,333,,
35c17146-2f6e-4d2b-85a3-0c87c81bc363,VAC-1058,CAND-10058,HR,Назначить ментора,Task,no,Марина_3,2025-09-22 12:00:04.498795,2025-09-22 13:05:04.498795,65,,
35c17146-2f6e-4d2b-85a3-0c87c81bc363,VAC-1058,CAND-10058,HR,Уведомить всех,Message,no,system,2025-09-22 13:25:04.498795,2025-09-22 13:30:04.498795,5,notified,
35c17146-2f6e-4d2b-85a3-0c87c81bc363,VAC-1058,CAND-10058,HR,Обновить HCM,Service Task,no,Марина_7,2025-09-22 14:00:04.498795,2025-09-22 14:20:04.498795,20,,
35c17146-2f6e-4d2b-85a3-0c87c81bc363,VAC-1058,CAND-10058,HR,Payroll,Service Task,no,Марина_8,2025-09-22 14:50:04.498795,2025-09-22 15:10:04.498795,20,,
35c17146-2f6e-4d2b-85a3-0c87c81bc363,VAC-1058,CAND-10058,HR,Закрыть вакансию,Service Task,no,Наталья_6,2025-09-22 15:30:04.498795,2025-09-22 15:35:04.498795,5,,
35d31797-c8c1-4faf-8ba3-2b5d2a818131,VAC-1063,CAND-10063,РУКОВОДИТЕЛЬ,Создать заявку,User Task,no,Иванов_2,2025-10-15 12:27:04.498795,2025-10-15 13:18:04.498795,51,,
35d31797-c8c1-4faf-8ba3-2b5d2a818131,VAC-1063,CAND-10063,СИСТЕМА,Ожидание обработки,Wait,yes,,2025-10-15 13:18:04.498795,2025-10-15 14:29:04.498795,71,,
35d31797-c8c1-4faf-8ba3-2b5d2a818131,VAC-1063,CAND-10063,HR,Зарегистрировать в HCM,Service Task,no,Ольга_9,2025-10-15 14:29:04.498795,2025-10-15 14:51:04.498795,22,,
35d31797-c8c1-4faf-8ba3-2b5d2a818131,VAC-1063,CAND-10063,РЕКРУТЕР,Разместить вакансию,Task,no,Екатерина_1,2025-10-15 17:22:04.498795,2025-10-15 17:49:04.498795,27,,
35d31797-c8c1-4faf-8ba3-2b5d2a818131,VAC-1063,CAND-10063,РЕКРУТЕР,Собирать резюме,Task,no,Алексей_2,2025-10-15 18:49:04.498795,2025-10-18 18:47:04.498795,4318,,
35d31797-c8c1-4faf-8ba3-2b5d2a818131,VAC-1063,CAND-10063,СИСТЕМА,Ожидание проверки резюме,Wait,yes,,2025-10-18 18:47:04.498795,2025-10-19 06:18:04.498795,691,,
35d31797-c8c1-4faf-8ba3-2b5d2a818131,VAC-1063,CAND-10063,РЕКРУТЕР,Скрининг,Task,no,Дмитрий_6,2025-10-19 06:18:04.498795,2025-10-19 06:55:04.498795,37,passed,
35d31797-c8c1-4faf-8ba3-2b5d2a818131,VAC-1063,CAND-10063,СИСТЕМА,Ожидание назначения интервью,Wait,yes,,2025-10-19 06:55:04.498795,2025-10-20 10:10:04.498795,1635,,
35d31797-c8c1-4faf-8ba3-2b5d2a818131,VAC-1063,CAND-10063,ИНТЕРВЬЮЕРЫ,Назначить интервью,User Task,no,Анна_1,2025-10-20 10:10:04.498795,2025-10-20 10:48:04.498795,38,,
35d31797-c8c1-4faf-8ba3-2b5d2a818131,VAC-1063,CAND-10063,СИСТЕМА,Ожидание интервью (раунд 1),Wait,yes,,2025-10-20 10:48:04.498795,2025-10-21 10:10:04.498795,1402,,
35d31797-c8c1-4faf-8ba3-2b5d2a818131,VAC-1063,CAND-10063,ИНТЕРВЬЮЕРЫ,Интервью (раунд 1),User Task,no,Андрей_2,2025-10-21 10:10:04.498795,2025-10-21 12:07:04.498795,117,passed,
35d31797-c8c1-4faf-8ba3-2b5d2a818131,VAC-1063,CAND-10063,ИНТЕРВЬЮЕРЫ,Финальное интервью,User Task,no,Анна_1,2025-10-22 07:47:04.498795,2025-10-22 09:07:04.498795,80,rejected,финал не пройден
35e56812-ab8f-4baa-8e57-11e9c8ff8ac5,VAC-1074,CAND-10074,РУКОВОДИТЕЛЬ,Создать заявку,User Task,no,Иванов_5,2025-09-20 12:33:04.498795,2025-09-20 13:24:04.498795,51,,
35e56812-ab8f-4baa-8e57-11e9c8ff8ac5,VAC-1074,CAND-10074,СИСТЕМА,Ожидание обработки,Wait,yes,,2025-09-20 13:24:04.498795,2025-09-20 13:48:04.498795,24,,
35e56812-ab8f-4baa-8e57-11e9c8ff8ac5,VAC-1074,CAND-10074,HR,Зарегистрировать в HCM,Service Task,no,Ольга_6,2025-09-20 13:48:04.498795,2025-09-20 14:12:04.498795,24,,
35e56812-ab8f-4baa-8e57-11e9c8ff8ac5,VAC-1074,CAND-10074,РЕКРУТЕР,Разместить вакансию,Task,no,Алексей_4,2025-09-20 15:04:04.498795,2025-09-20 16:20:04.498795,76,,
35e56812-ab8f-4baa-8e57-11e9c8ff8ac5,VAC-1074,CAND-10074,РЕКРУТЕР,Собирать резюме,Task,no,Екатерина_6,2025-09-20 17:20:04.498795,2025-09-22 07:39:04.498795,2299,,
35e56812-ab8f-4baa-8e57-11e9c8ff8ac5,VAC-1074,CAND-10074,СИСТЕМА,Ожидание проверки резюме,Wait,yes,,2025-09-22 07:39:04.498795,2025-09-22 17:57:04.498795,618,,
35e56812-ab8f-4baa-8e57-11e9c8ff8ac5,VAC-1074,CAND-10074,РЕКРУТЕР,Скрининг,Task,no,Екатерина_3,2025-09-22 17:57:04.498795,2025-09-22 18:12:04.498795,15,rejected,не соотв. опыту
36502b22-e9e5-480d-9ab1-6965bc1414bf,VAC-1132,CAND-10132,РУКОВОДИТЕЛЬ,Создать заявку,User Task,no,Иванов_9,2025-10-22 15:21:04.498795,2025-10-22 15:59:04.498795,38,,
36502b22-e9e5-480d-9ab1-6965bc1414bf,VAC-1132,CAND-10132,СИСТЕМА,Ожидание обработки,Wait,yes,,2025-10-22 15:59:04.498795,2025-10-22 16:41:04.498795,42,,
36502b22-e9e5-480d-9ab1-6965bc1414bf,VAC-1132,CAND-10132,HR,Зарегистрировать в HCM,Service Task,no,Марина_8,2025-10-22 16:41:04.498795,2025-10-22 17:09:04.498795,28,,
36502b22-e9e5-480d-9ab1-6965bc1414bf,VAC-1132,CAND-10132,РЕКРУТЕР,Разместить вакансию,Task,no,Екатерина_9,2025-10-22 20:03:04.498795,2025-10-22 21:18:04.498795,75,,
36502b22-e9e5-480d-9ab1-6965bc1414bf,VAC-1132,CAND-10132,РЕКРУТЕР,Собирать резюме,Task,no,Дмитрий_8,2025-10-22 22:18:04.498795,2025-10-24 19:26:04.498795,2708,,
36502b22-e9e5-480d-9ab1-6965bc1414bf,VAC-1132,CAND-10132,СИСТЕМА,Ожидание проверки резюме,Wait,yes,,2025-10-24 19:26:04.498795,2025-10-25 02:18:04.498795,412,,
36502b22-e9e5-480d-9ab1-6965bc1414bf,VAC-1132,CAND-10132,РЕКРУТЕР,Скрининг,Task,no,Алексей_8,2025-10-25 02:18:04.498795,2025-10-25 02:53:04.498795,35,passed,
36502b22-e9e5-480d-9ab1-6965bc1414bf,VAC-1132,CAND-10132,СИСТЕМА,Ожидание назначения интервью,Wait,yes,,2025-10-25 02:53:04.498795,2025-10-26 16:57:04.498795,2284,,
36502b22-e9e5-480d-9ab1-6965bc1414bf,VAC-1132,CAND-10132,ИНТЕРВЬЮЕРЫ,Назначить интервью,User Task,no,Андрей_5,2025-10-26 16:57:04.498795,2025-10-26 17:15:04.498795,18,,
36502b22-e9e5-480d-9ab1-6965bc1414bf,VAC-1132,CAND-10132,СИСТЕМА,Ожидание интервью (раунд 1),Wait,yes,,2025-10-26 17:15:04.498795,2025-10-27 10:10:04.498795,1015,,
36502b22-e9e5-480d-9ab1-6965bc1414bf,VAC-1132,CAND-10132,ИНТЕРВЬЮЕРЫ,Интервью (раунд 1),User Task,no,Сергей_9,2025-10-27 10:10:04.498795,2025-10-27 11:12:04.498795,62,passed,
36502b22-e9e5-480d-9ab1-6965bc1414bf,VAC-1132,CAND-10132,ИНТЕРВЬЮЕРЫ,Финальное интервью,User Task,no,Сергей_5,2025-10-27 19:20:04.498795,2025-10-27 21:07:04.498795,107,rejected,финал не пройден
38790def-0e92-4559-81d4-d268aa7382e1,VAC-1002,CAND-10002,РУКОВОДИТЕЛЬ,Создать заявку,User Task,no,Сидоров_5,2025-09-01 14:33:04.498795,2025-09-01 15:18:04.498795,45,,
38790def-0e92-4559-81d4-d268aa7382e1,VAC-1002,CAND-10002,СИСТЕМА,Ожидание обработки,Wait,yes,,2025-09-01 15:18:04.498795,2025-09-01 17:13:04.498795,115,,
38790def-0e92-4559-81d4-d268aa7382e1,VAC-1002,CAND-10002,HR,Зарегистрировать в HCM,Service Task,no,Ольга_7,2025-09-01 17:13:04.498795,2025-09-01 17:41:04.498795,28,,
38790def-0e92-4559-81d4-d268aa7382e1,VAC-1002,CAND-10002,РЕКРУТЕР,Разместить вакансию,Task,no,Алексей_9,2025-09-01 19:43:04.498795,2025-09-01 20:31:04.498795,48,,
38790def-0e92-4559-81d4-d268aa7382e1,VAC-1002,CAND-10002,РЕКРУТЕР,Собирать резюме,Task,no,Алексей_1,2025-09-01 21:31:04.498795,2025-09-04 07:12:04.498795,3461,,
38790def-0e92-4559-81d4-d268aa7382e1,VAC-1002,CAND-10002,СИСТЕМА,Ожидание проверки резюме,Wait,yes,,2025-09-04 07:12:04.498795,2025-09-04 12:04:04.498795,292,,
38790def-0e92-4559-81d4-d268aa7382e1,VAC-1002,CAND-10002,РЕКРУТЕР,Скрининг,Task,no,Екатерина_3,2025-09-04 12:04:04.498795,2025-09-04 12:18:04.498795,14,rejected,некорректное резюме
3c308ed5-8d46-4412-9fd2-f713a2c60777,VAC-1054,CAND-10054,РУКОВОДИТЕЛЬ,Создать заявку,User Task,no,Сидоров_8,2025-10-14 12:07:04.498795,2025-10-14 12:27:04.498795,20,,
3c308ed5-8d46-4412-9fd2-f713a2c60777,VAC-1054,CAND-10054,СИСТЕМА,Ожидание обработки,Wait,yes,,2025-10-14 12:27:04.498795,2025-10-14 14:09:04.498795,102,,
3c308ed5-8d46-4412-9fd2-f713a2c60777,VAC-1054,CAND-10054,HR,Зарегистрировать в HCM,Service Task,no,Марина_3,2025-10-14 14:09:04.498795,2025-10-14 14:27:04.498795,18,,
3c308ed5-8d46-4412-9fd2-f713a2c60777,VAC-1054,CAND-10054,РЕКРУТЕР,Разместить вакансию,Task,no,Дмитрий_5,2025-10-14 15:00:04.498795,2025-10-14 16:54:04.498795,114,,
3c308ed5-8d46-4412-9fd2-f713a2c60777,VAC-1054,CAND-10054,РЕКРУТЕР,Собирать резюме,Task,no,Екатерина_4,2025-10-14 17:54:04.498795,2025-10-17 08:39:04.498795,3765,,
3c308ed5-8d46-4412-9fd2-f713a2c60777,VAC-1054,CAND-10054,СИСТЕМА,Ожидание проверки резюме,Wait,yes,,2025-10-17 08:39:04.498795,2025-10-17 14:38:04.498795,359,,
3c308ed5-8d46-4412-9fd2-f713a2c60777,VAC-1054,CAND-10054,РЕКРУТЕР,Скрининг,Task,no,Екатерина_7,2025-10-17 14:38:04.498795,2025-10-17 15:07:04.498795,29,rejected,не прошёл тест
3d86c88f-1de3-41e0-9739-01fc7d1aa594,VAC-1052,CAND-10052,РУКОВОДИТЕЛЬ,Создать заявку,User Task,no,Сидоров_5,2025-09-27 16:29:04.498795,2025-09-27 17:28:04.498795,59,,
3d86c88f-1de3-41e0-9739-01fc7d1aa594,VAC-1052,CAND-10052,СИСТЕМА,Ожидание обработки,Wait,yes,,2025-09-27 17:28:04.498795,2025-09-27 19:06:04.498795,98,,
3d86c88f-1de3-41e0-9739-01fc7d1aa594,VAC-1052,CAND-10052,HR,Зарегистрировать в HCM,Service Task,no,Наталья_4,2025-09-27 19:06:04.498795,2025-09-27 19:31:04.498795,25,,
3d86c88f-1de3-41e0-9739-01fc7d1aa594,VAC-1052,CAND-10052,РЕКРУТЕР,Разместить вакансию,Task,no,Дмитрий_4,2025-09-27 21:12:04.498795,2025-09-27 22:43:04.498795,91,,
3d86c88f-1de3-41e0-9739-01fc7d1aa594,VAC-1052,CAND-10052,РЕКРУТЕР,Собирать резюме,Task,no,Дмитрий_4,2025-09-27 23:43:04.498795,2025-09-29 20:02:04.498795,2659,,
3d86c88f-1de3-41e0-9739-01fc7d1aa594,VAC-1052,CAND-10052,СИСТЕМА,Ожидание проверки резюме,Wait,yes,,2025-09-29 20:02:04.498795,2025-09-30 07:22:04.498795,680,,
3d86c88f-1de3-41e0-9739-01fc7d1aa594,VAC-1052,CAND-10052,РЕКРУТЕР,Скрининг,Task,no,Дмитрий_6,2025-09-30 07:22:04.498795,2025-09-30 07:42:04.498795,20,passed,
3d86c88f-1de3-41e0-9739-01fc7d1aa594,VAC-1052,CAND-10052,СИСТЕМА,Ожидание назначения интервью,Wait,yes,,2025-09-30 07:42:04.498795,2025-10-01 17:02:04.498795,2000,,
3d86c88f-1de3-41e0-9739-01fc7d1aa594,VAC-1052,CAND-10052,ИНТЕРВЬЮЕРЫ,Назначить интервью,User Task,no,Андрей_9,2025-10-01 17:02:04.498795,2025-10-01 17:21:04.498795,19,,
3d86c88f-1de3-41e0-9739-01fc7d1aa594,VAC-1052,CAND-10052,СИСТЕМА,Ожидание интервью (раунд 1),Wait,yes,,2025-10-01 17:21:04.498795,2025-10-02 08:05:04.498795,884,,
3d86c88f-1de3-41e0-9739-01fc7d1aa594,VAC-1052,CAND-10052,ИНТЕРВЬЮЕРЫ,Интервью (раунд 1),User Task,no,Андрей_5,2025-10-02 08:05:04.498795,2025-10-02 09:34:04.498795,89,rejected,недостаточно навыков
3fa85cdb-e1a8-4628-a062-527cc8898bc5,VAC-1182,CAND-10182,РУКОВОДИТЕЛЬ,Создать заявку,User Task,no,Петров_8,2025-09-30 18:22:04.498795,2025-09-30 18:59:04.498795,37,,
3fa85cdb-e1a8-4628-a062-527cc8898bc5,VAC-1182,CAND-10182,СИСТЕМА,Ожидание обработки,Wait,yes,,2025-09-30 18:59:04.498795,2025-09-30 20:47:04.498795,108,,
3fa85cdb-e1a8-4628-a062-527cc8898bc5,VAC-1182,CAND-10182,HR,Зарегистрировать в HCM,Service Task,no,Наталья_6,2025-09-30 20:47:04.498795,2025-09-30 21:23:04.498795,36,,
3fa85cdb-e1a8-4628-a062-527cc8898bc5,VAC-1182,CAND-10182,РЕКРУТЕР,Разместить вакансию,Task,no,Екатерина_1,2025-10-01 00:04:04.498795,2025-10-01 01:57:04.498795,113,,
3fa85cdb-e1a8-4628-a062-527cc8898bc5,VAC-1182,CAND-10182,РЕКРУТЕР,Собирать резюме,Task,no,Алексей_1,2025-10-01 02:57:04.498795,2025-10-02 20:40:04.498795,2503,,
3fa85cdb-e1a8-4628-a062-527cc8898bc5,VAC-1182,CAND-10182,СИСТЕМА,Ожидание проверки резюме,Wait,yes,,2025-10-02 20:40:04.498795,2025-10-03 02:09:04.498795,329,,
3fa85cdb-e1a8-4628-a062-527cc8898bc5,VAC-1182,CAND-10182,РЕКРУТЕР,Скрининг,Task,no,Дмитрий_3,2025-10-03 02:09:04.498795,2025-10-03 02:29:04.498795,20,passed,
3fa85cdb-e1a8-4628-a062-527cc8898bc5,VAC-1182,CAND-10182,СИСТЕМА,Ожидание назначения интервью,Wait,yes,,2025-10-03 02:29:04.498795,2025-10-04 04:17:04.498795,1548,,
3fa85cdb-e1a8-4628-a062-527cc8898bc5,VAC-1182,CAND-10182,ИНТЕРВЬЮЕРЫ,Назначить интервью,User Task,no,Сергей_7,2025-10-04 04:17:04.498795,2025-10-04 04:35:04.498795,18,,
3fa85cdb-e1a8-4628-a062-527cc8898bc5,VAC-1182,CAND-10182,СИСТЕМА,Ожидание интервью (раунд 1),Wait,yes,,2025-10-04 04:35:04.498795,2025-10-04 18:39:04.498795,844,,
3fa85cdb-e1a8-4628-a062-527cc8898bc5,VAC-1182,CAND-10182,ИНТЕРВЬЮЕРЫ,Интервью (раунд 1),User Task,no,Анна_2,2025-10-04 18:39:04.498795,2025-10-04 19:30:04.498795,51,passed,
3fa85cdb-e1a8-4628-a062-527cc8898bc5,VAC-1182,CAND-10182,СИСТЕМА,Ожидание интервью (раунд 2),Wait,yes,,2025-10-04 19:30:04.498795,2025-10-05 12:16:04.498795,1006,,
3fa85cdb-e1a8-4628-a062-527cc8898bc5,VAC-1182,CAND-10182,ИНТЕРВЬЮЕРЫ,Интервью (раунд 2),User Task,no,Андрей_2,2025-10-05 12:16:04.498795,2025-10-05 13:25:04.498795,69,rejected,культурный профиль
4062a2a6-78f6-4e99-9802-4d6de78ff6d6,VAC-1118,CAND-10118,РУКОВОДИТЕЛЬ,Создать заявку,User Task,no,Петров_4,2025-10-23 15:48:04.498795,2025-10-23 16:12:04.498795,24,,
4062a2a6-78f6-4e99-9802-4d6de78ff6d6,VAC-1118,CAND-10118,СИСТЕМА,Ожидание обработки,Wait,yes,,2025-10-23 16:12:04.498795,2025-10-23 16:40:04.498795,28,,
4062a2a6-78f6-4e99-9802-4d6de78ff6d6,VAC-1118,CAND-10118,HR,Зарегистрировать в HCM,Service Task,no,Ольга_4,2025-10-23 16:40:04.498795,2025-10-23 16:58:04.498795,18,,
4062a2a6-78f6-4e99-9802-4d6de78ff6d6,VAC-1118,CAND-10118,РЕКРУТЕР,Разместить вакансию,Task,no,Алексей_9,2025-10-23 17:38:04.498795,2025-10-23 19:23:04.498795,105,,
4062a2a6-78f6-4e99-9802-4d6de78ff6d6,VAC-1118,CAND-10118,РЕКРУТЕР,Собирать резюме,Task,no,Дмитрий_8,2025-10-23 20:23:04.498795,2025-10-25 21:02:04.498795,2919,,
4062a2a6-78f6-4e99-9802-4d6de78ff6d6,VAC-1118,CAND-10118,СИСТЕМА,Ожидание проверки резюме,Wait,yes,,2025-10-25 21:02:04.498795,2025-10-26 07:47:04.498795,645,,
4062a2a6-78f6-4e99-9802-4d6de78ff6d6,VAC-1118,CAND-10118,РЕКРУТЕР,Скрининг,Task,no,Алексей_1,2025-10-26 07:47:04.498795,2025-10-26 08:25:04.498795,38,rejected,некорректное резюме
4122838c-1de3-48ba-a08e-f61498462bf3,VAC-1016,CAND-10016,РУКОВОДИТЕЛЬ,Создать заявку,User Task,no,Петров_6,2025-10-13 11:08:04.498795,2025-10-13 11:52:04.498795,44,,
4122838c-1de3-48ba-a08e-f61498462bf3,VAC-1016,CAND-10016,СИСТЕМА,Ожидание обработки,Wait,yes,,2025-10-13 11:52:04.498795,2025-10-13 12:20:04.498795,28,,
4122838c-1de3-48ba-a08e-f61498462bf3,VAC-1016,CAND-10016,HR,Зарегистрировать в HCM,Service Task,no,Марина_6,2025-10-13 12:20:04.498795,2025-10-13 12:46:04.498795,26,,
4122838c-1de3-48ba-a08e-f61498462bf3,VAC-1016,CAND-10016,РЕКРУТЕР,Разместить вакансию,Task,no,Дмитрий_2,2025-10-13 13:19:04.498795,2025-10-13 14:32:04.498795,73,,
4122838c-1de3-48ba-a08e-f61498462bf3,VAC-1016,CAND-10016,РЕКРУТЕР,Собирать резюме,Task,no,Дмитрий_8,2025-10-13 15:32:04.498795,2025-10-15 21:07:04.498795,3215,,
4122838c-1de3-48ba-a08e-f61498462bf3,VAC-1016,CAND-10016,СИСТЕМА,Ожидание проверки резюме,Wait,yes,,2025-10-15 21:07:04.498795,2025-10-16 02:43:04.498795,336,,
4122838c-1de3-48ba-a08e-f61498462bf3,VAC-1016,CAND-10016,РЕКРУТЕР,Скрининг,Task,no,Алексей_9,2025-10-16 02:43:04.498795,2025-10-16 03:06:04.498795,23,rejected,некорректное резюме
41293a3f-cd54-436b-9b44-3806a0932fed,VAC-1077,CAND-10077,РУКОВОДИТЕЛЬ,Создать заявку,User Task,no,Петров_5,2025-10-15 14:17:04.498795,2025-10-15 14:44:04.498795,27,,
41293a3f-cd54-436b-9b44-3806a0932fed,VAC-1077,CAND-10077,СИСТЕМА,Ожидание обработки,Wait,yes,,2025-10-15 14:44:04.498795,2025-10-15 15:47:04.498795,63,,
41293a3f-cd54-436b-9b44-3806a0932fed,VAC-1077,CAND-10077,HR,Зарегистрировать в HCM,Service Task,no,Марина_3,2025-10-15 15:47:04.498795,2025-10-15 16:14:04.498795,27,,
41293a3f-cd54-436b-9b44-3806a0932fed,VAC-1077,CAND-10077,РЕКРУТЕР,Разместить вакансию,Task,no,Дмитрий_1,2025-10-15 19:08:04.498795,2025-10-15 20:30:04.498795,82,,
41293a3f-cd54-436b-9b44-3806a0932fed,VAC-1077,CAND-10077,РЕКРУТЕР,Собирать резюме,Task,no,Алексей_8,2025-10-15 21:30:04.498795,2025-10-17 00:38:04.498795,1628,,
41293a3f-cd54-436b-9b44-3806a0932fed,VAC-1077,CAND-10077,СИСТЕМА,Ожидание проверки резюме,Wait,yes,,2025-10-17 00:38:04.498795,2025-10-17 03:54:04.498795,196,,
41293a3f-cd54-436b-9b44-3806a0932fed,VAC-1077,CAND-10077,РЕКРУТЕР,Скрининг,Task,no,Алексей_8,2025-10-17 03:54:04.498795,2025-10-17 04:07:04.498795,13,passed,
41293a3f-cd54-436b-9b44-3806a0932fed,VAC-1077,CAND-10077,СИСТЕМА,Ожидание назначения интервью,Wait,yes,,2025-10-17 04:07:04.498795,2025-10-18 18:43:04.498795,2316,,
41293a3f-cd54-436b-9b44-3806a0932fed,VAC-1077,CAND-10077,ИНТЕРВЬЮЕРЫ,Назначить интервью,User Task,no,Анна_3,2025-10-18 18:43:04.498795,2025-10-18 18:59:04.498795,16,,
41293a3f-cd54-436b-9b44-3806a0932fed,VAC-1077,CAND-10077,СИСТЕМА,Ожидание интервью (раунд 1),Wait,yes,,2025-10-18 18:59:04.498795,2025-10-19 08:08:04.498795,789,,
41293a3f-cd54-436b-9b44-3806a0932fed,VAC-1077,CAND-10077,ИНТЕРВЬЮЕРЫ,Интервью (раунд 1),User Task,no,Сергей_2,2025-10-19 08:08:04.498795,2025-10-19 09:13:04.498795,65,rejected,культурный профиль
47784d55-e828-4a2f-aee6-3bf625b45412,VAC-1048,CAND-10048,РУКОВОДИТЕЛЬ,Создать заявку,User Task,no,Сидоров_9,2025-09-10 13:26:04.498795,2025-09-10 13:55:04.498795,29,,
47784d55-e828-4a2f-aee6-3bf625b45412,VAC-1048,CAND-10048,СИСТЕМА,Ожидание обработки,Wait,yes,,2025-09-10 13:55:04.498795,2025-09-10 14:26:04.498795,31,,
47784d55-e828-4a2f-aee6-3bf625b45412,VAC-1048,CAND-10048,HR,Зарегистрировать в HCM,Service Task,no,Марина_3,2025-09-10 14:26:04.498795,2025-09-10 14:52:04.498795,26,,
47784d55-e828-4a2f-aee6-3bf625b45412,VAC-1048,CAND-10048,РЕКРУТЕР,Разместить вакансию,Task,no,Алексей_6,2025-09-10 17:50:04.498795,2025-09-10 18:29:04.498795,39,,
47784d55-e828-4a2f-aee6-3bf625b45412,VAC-1048,CAND-10048,РЕКРУТЕР,Собирать резюме,Task,no,Алексей_1,2025-09-10 19:29:04.498795,2025-09-13 09:57:04.498795,3748,,
47784d55-e828-4a2f-aee6-3bf625b45412,VAC-1048,CAND-10048,СИСТЕМА,Ожидание проверки резюме,Wait,yes,,2025-09-13 09:57:04.498795,2025-09-13 14:20:04.498795,263,,
47784d55-e828-4a2f-aee6-3bf625b45412,VAC-1048,CAND-10048,РЕКРУТЕР,Скрининг,Task,no,Екатерина_5,2025-09-13 14:20:04.498795,2025-09-13 14:31:04.498795,11,passed,
47784d55-e828-4a2f-aee6-3bf625b45412,VAC-1048,CAND-10048,СИСТЕМА,Ожидание назначения интервью,Wait,yes,,2025-09-13 14:31:04.498795,2025-09-15 10:02:04.498795,2611,,
47784d55-e828-4a2f-aee6-3bf625b45412,VAC-1048,CAND-10048,ИНТЕРВЬЮЕРЫ,Назначить интервью,User Task,no,Анна_1,2025-09-15 10:02:04.498795,2025-09-15 10:25:04.498795,23,,
47784d55-e828-4a2f-aee6-3bf625b45412,VAC-1048,CAND-10048,СИСТЕМА,Ожидание интервью (раунд 1),Wait,yes,,2025-09-15 10:25:04.498795,2025-09-16 05:07:04.498795,1122,,
47784d55-e828-4a2f-aee6-3bf625b45412,VAC-1048,CAND-10048,ИНТЕРВЬЮЕРЫ,Интервью (раунд 1),User Task,no,Сергей_8,2025-09-16 05:07:04.498795,2025-09-16 07:01:04.498795,114,passed,
47784d55-e828-4a2f-aee6-3bf625b45412,VAC-1048,CAND-10048,СИСТЕМА,Ожидание интервью (раунд 2),Wait,yes,,2025-09-16 07:01:04.498795,2025-09-16 19:11:04.498795,730,,
47784d55-e828-4a2f-aee6-3bf625b45412,VAC-1048,CAND-10048,ИНТЕРВЬЮЕРЫ,Интервью (раунд 2),User Task,no,Андрей_1,2025-09-16 19:11:04.498795,2025-09-16 20:47:04.498795,96,passed,
47784d55-e828-4a2f-aee6-3bf625b45412,VAC-1048,CAND-10048,ИНТЕРВЬЮЕРЫ,Финальное интервью,User Task,no,Сергей_4,2025-09-17 07:28:04.498795,2025-09-17 09:09:04.498795,101,passed,
47784d55-e828-4a2f-aee6-3bf625b45412,VAC-1048,CAND-10048,HR (ОФФЕР),Согласовать условия,User Task,no,Наталья_6,2025-09-17 11:36:04.498795,2025-09-17 15:11:04.498795,215,,
47784d55-e828-4a2f-aee6-3bf625b45412,VAC-1048,CAND-10048,HR (ОФФЕР),Сгенерировать оффер,Service Task,no,Ольга_6,2025-09-17 15:31:04.498795,2025-09-17 15:58:04.498795,27,,
47784d55-e828-4a2f-aee6-3bf625b45412,VAC-1048,CAND-10048,HR (ОФФЕР),Отправить оффер,Send Task,no,Ольга_3,2025-09-17 16:03:04.498795,2025-09-17 16:13:04.498795,10,sent,
47784d55-e828-4a2f-aee6-3bf625b45412,VAC-1048,CAND-10048,HR (ОФФЕР),Ожидание ответа (2д),Timer,yes,,2025-09-17 16:13:04.498795,2025-09-19 16:13:04.498795,2880,timer_elapsed,
47784d55-e828-4a2f-aee6-3bf625b45412,VAC-1048,CAND-10048,SECURITY,Background Check,Call Activity,no,Служба_БД_4,2025-09-19 19:13:04.498795,2025-09-22 09:42:04.498795,3749,report_ready,
47784d55-e828-4a2f-aee6-3bf625b45412,VAC-1048,CAND-10048,IT,Выдача оборудования,Task,no,IT_Specialist_4,2025-09-22 10:42:04.498795,2025-09-22 12:16:04.498795,94,,
47784d55-e828-4a2f-aee6-3bf625b45412,VAC-1048,CAND-10048,IT,Создать доступы,Task,no,IT_Specialist_1,2025-09-22 12:46:04.498795,2025-09-22 13:34:04.498795,48,,
47784d55-e828-4a2f-aee6-3bf625b45412,VAC-1048,CAND-10048,IT,Вводное обучение,Service Task,no,Ольга_7,2025-09-22 15:34:04.498795,2025-09-22 21:02:04.498795,328,,
47784d55-e828-4a2f-aee6-3bf625b45412,VAC-1048,CAND-10048,HR,Назначить ментора,Task,no,Наталья_6,2025-09-22 22:02:04.498795,2025-09-22 22:47:04.498795,45,,
47784d55-e828-4a2f-aee6-3bf625b45412,VAC-1048,CAND-10048,HR,Уведомить всех,Message,no,system,2025-09-22 23:07:04.498795,2025-09-22 23:12:04.498795,5,notified,
47784d55-e828-4a2f-aee6-3bf625b45412,VAC-1048,CAND-10048,HR,Обновить HCM,Service Task,no,Марина_6,2025-09-22 23:42:04.498795,2025-09-23 00:02:04.498795,20,,
47784d55-e828-4a2f-aee6-3bf625b45412,VAC-1048,CAND-10048,HR,Payroll,Service Task,no,Наталья_3,2025-09-23 00:32:04.498795,2025-09-23 00:52:04.498795,20,,
47784d55-e828-4a2f-aee6-3bf625b45412,VAC-1048,CAND-10048,HR,Закрыть вакансию,Service Task,no,Ольга_9,2025-09-23 01:12:04.498795,2025-09-23 01:17:04.498795,5,,
48e5ab2f-cff3-4c61-98a1-ac4cc5d44969,VAC-1143,CAND-10143,РУКОВОДИТЕЛЬ,Создать заявку,User Task,no,Сидоров_3,2025-08-29 17:18:04.498795,2025-08-29 17:55:04.498795,37,,
48e5ab2f-cff3-4c61-98a1-ac4cc5d44969,VAC-1143,CAND-10143,СИСТЕМА,Ожидание обработки,Wait,yes,,2025-08-29 17:55:04.498795,2025-08-29 19:52:04.498795,117,,
48e5ab2f-cff3-4c61-98a1-ac4cc5d44969,VAC-1143,CAND-10143,HR,Зарегистрировать в HCM,Service Task,no,Ольга_9,2025-08-29 19:52:04.498795,2025-08-29 20:06:04.498795,14,,
48e5ab2f-cff3-4c61-98a1-ac4cc5d44969,VAC-1143,CAND-10143,РЕКРУТЕР,Разместить вакансию,Task,no,Дмитрий_4,2025-08-29 21:26:04.498795,2025-08-29 22:48:04.498795,82,,
48e5ab2f-cff3-4c61-98a1-ac4cc5d44969,VAC-1143,CAND-10143,РЕКРУТЕР,Собирать резюме,Task,no,Екатерина_9,2025-08-29 23:48:04.498795,2025-09-01 14:06:04.498795,3738,,
48e5ab2f-cff3-4c61-98a1-ac4cc5d44969,VAC-1143,CAND-10143,СИСТЕМА,Ожидание проверки резюме,Wait,yes,,2025-09-01 14:06:04.498795,2025-09-01 21:18:04.498795,432,,
48e5ab2f-cff3-4c61-98a1-ac4cc5d44969,VAC-1143,CAND-10143,РЕКРУТЕР,Скрининг,Task,no,Алексей_5,2025-09-01 21:18:04.498795,2025-09-01 21:35:04.498795,17,rejected,некорректное резюме
490ccaff-52ed-4724-b90a-4df059436d36,VAC-1034,CAND-10034,РУКОВОДИТЕЛЬ,Создать заявку,User Task,no,Петров_8,2025-10-19 19:32:04.498795,2025-10-19 19:55:04.498795,23,,
490ccaff-52ed-4724-b90a-4df059436d36,VAC-1034,CAND-10034,СИСТЕМА,Ожидание обработки,Wait,yes,,2025-10-19 19:55:04.498795,2025-10-19 20:44:04.498795,49,,
490ccaff-52ed-4724-b90a-4df059436d36,VAC-1034,CAND-10034,HR,Зарегистрировать в HCM,Service Task,no,Ольга_8,2025-10-19 20:44:04.498795,2025-10-19 21:07:04.498795,23,,
490ccaff-52ed-4724-b90a-4df059436d36,VAC-1034,CAND-10034,РЕКРУТЕР,Разместить вакансию,Task,no,Екатерина_2,2025-10-19 23:19:04.498795,2025-10-20 00:32:04.498795,73,,
490ccaff-52ed-4724-b90a-4df059436d36,VAC-1034,CAND-10034,РЕКРУТЕР,Собирать резюме,Task,no,Дмитрий_6,2025-10-20 01:32:04.498795,2025-10-21 22:52:04.498795,2720,,
490ccaff-52ed-4724-b90a-4df059436d36,VAC-1034,CAND-10034,СИСТЕМА,Ожидание проверки резюме,Wait,yes,,2025-10-21 22:52:04.498795,2025-10-22 06:13:04.498795,441,,
490ccaff-52ed-4724-b90a-4df059436d36,VAC-1034,CAND-10034,РЕКРУТЕР,Скрининг,Task,no,Алексей_8,2025-10-22 06:13:04.498795,2025-10-22 06:34:04.498795,21,passed,
490ccaff-52ed-4724-b90a-4df059436d36,VAC-1034,CAND-10034,СИСТЕМА,Ожидание назначения интервью,Wait,yes,,2025-10-22 06:34:04.498795,2025-10-23 09:28:04.498795,1614,,
490ccaff-52ed-4724-b90a-4df059436d36,VAC-1034,CAND-10034,ИНТЕРВЬЮЕРЫ,Назначить интервью,User Task,no,Сергей_2,2025-10-23 09:28:04.498795,2025-10-23 09:40:04.498795,12,,
490ccaff-52ed-4724-b90a-4df059436d36,VAC-1034,CAND-10034,СИСТЕМА,Ожидание интервью (раунд 1),Wait,yes,,2025-10-23 09:40:04.498795,2025-10-24 00:01:04.498795,861,,
490ccaff-52ed-4724-b90a-4df059436d36,VAC-1034,CAND-10034,ИНТЕРВЬЮЕРЫ,Интервью (раунд 1),User Task,no,Анна_9,2025-10-24 00:01:04.498795,2025-10-24 01:02:04.498795,61,passed,
490ccaff-52ed-4724-b90a-4df059436d36,VAC-1034,CAND-10034,СИСТЕМА,Ожидание интервью (раунд 2),Wait,yes,,2025-10-24 01:02:04.498795,2025-10-24 18:37:04.498795,1055,,
490ccaff-52ed-4724-b90a-4df059436d36,VAC-1034,CAND-10034,ИНТЕРВЬЮЕРЫ,Интервью (раунд 2),User Task,no,Сергей_6,2025-10-24 18:37:04.498795,2025-10-24 20:04:04.498795,87,rejected,культурный профиль
49a5a8e0-d1c4-4382-9ede-52b212b58647,VAC-1148,CAND-10148,РУКОВОДИТЕЛЬ,Создать заявку,User Task,no,Иванов_6,2025-09-20 13:27:04.498795,2025-09-20 14:13:04.498795,46,,
49a5a8e0-d1c4-4382-9ede-52b212b58647,VAC-1148,CAND-10148,СИСТЕМА,Ожидание обработки,Wait,yes,,2025-09-20 14:13:04.498795,2025-09-20 14:41:04.498795,28,,
49a5a8e0-d1c4-4382-9ede-52b212b58647,VAC-1148,CAND-10148,HR,Зарегистрировать в HCM,Service Task,no,Марина_2,2025-09-20 14:41:04.498795,2025-09-20 15:08:04.498795,27,,
49a5a8e0-d1c4-4382-9ede-52b212b58647,VAC-1148,CAND-10148,РЕКРУТЕР,Разместить вакансию,Task,no,Алексей_1,2025-09-20 16:25:04.498795,2025-09-20 17:25:04.498795,60,,
49a5a8e0-d1c4-4382-9ede-52b212b58647,VAC-1148,CAND-10148,РЕКРУТЕР,Собирать резюме,Task,no,Дмитрий_7,2025-09-20 18:25:04.498795,2025-09-22 16:10:04.498795,2745,,
49a5a8e0-d1c4-4382-9ede-52b212b58647,VAC-1148,CAND-10148,СИСТЕМА,Ожидание проверки резюме,Wait,yes,,2025-09-22 16:10:04.498795,2025-09-23 00:20:04.498795,490,,
49a5a8e0-d1c4-4382-9ede-52b212b58647,VAC-1148,CAND-10148,РЕКРУТЕР,Скрининг,Task,no,Екатерина_5,2025-09-23 00:20:04.498795,2025-09-23 00:44:04.498795,24,passed,
49a5a8e0-d1c4-4382-9ede-52b212b58647,VAC-1148,CAND-10148,СИСТЕМА,Ожидание назначения интервью,Wait,yes,,2025-09-23 00:44:04.498795,2025-09-24 07:08:04.498795,1824,,
49a5a8e0-d1c4-4382-9ede-52b212b58647,VAC-1148,CAND-10148,ИНТЕРВЬЮЕРЫ,Назначить интервью,User Task,no,Андрей_3,2025-09-24 07:08:04.498795,2025-09-24 07:21:04.498795,13,,
49a5a8e0-d1c4-4382-9ede-52b212b58647,VAC-1148,CAND-10148,СИСТЕМА,Ожидание интервью (раунд 1),Wait,yes,,2025-09-24 07:21:04.498795,2025-09-25 01:47:04.498795,1106,,
49a5a8e0-d1c4-4382-9ede-52b212b58647,VAC-1148,CAND-10148,ИНТЕРВЬЮЕРЫ,Интервью (раунд 1),User Task,no,Анна_4,2025-09-25 01:47:04.498795,2025-09-25 03:06:04.498795,79,passed,
49a5a8e0-d1c4-4382-9ede-52b212b58647,VAC-1148,CAND-10148,ИНТЕРВЬЮЕРЫ,Финальное интервью,User Task,no,Андрей_6,2025-09-25 21:16:04.498795,2025-09-25 22:30:04.498795,74,passed,
49a5a8e0-d1c4-4382-9ede-52b212b58647,VAC-1148,CAND-10148,HR (ОФФЕР),Согласовать условия,User Task,no,Ольга_3,2025-09-25 23:50:04.498795,2025-09-26 03:46:04.498795,236,,
49a5a8e0-d1c4-4382-9ede-52b212b58647,VAC-1148,CAND-10148,HR (ОФФЕР),Сгенерировать оффер,Service Task,no,Марина_8,2025-09-26 04:06:04.498795,2025-09-26 04:27:04.498795,21,,
49a5a8e0-d1c4-4382-9ede-52b212b58647,VAC-1148,CAND-10148,HR (ОФФЕР),Отправить оффер,Send Task,no,Марина_6,2025-09-26 04:32:04.498795,2025-09-26 04:42:04.498795,10,sent,
49a5a8e0-d1c4-4382-9ede-52b212b58647,VAC-1148,CAND-10148,HR (ОФФЕР),Ожидание ответа (1д),Timer,yes,,2025-09-26 04:42:04.498795,2025-09-27 04:42:04.498795,1440,timer_elapsed,
49a5a8e0-d1c4-4382-9ede-52b212b58647,VAC-1148,CAND-10148,HR (ОФФЕР),Переговоры / отказ,Task,no,Ольга_3,2025-09-27 06:42:04.498795,2025-09-27 09:47:04.498795,185,rejected,
4b1dd217-dd0c-464a-9977-90ec3b2f2765,VAC-1188,CAND-10188,РУКОВОДИТЕЛЬ,Создать заявку,User Task,no,Петров_2,2025-09-20 14:18:04.498795,2025-09-20 14:42:04.498795,24,,
4b1dd217-dd0c-464a-9977-90ec3b2f2765,VAC-1188,CAND-10188,СИСТЕМА,Ожидание обработки,Wait,yes,,2025-09-20 14:42:04.498795,2025-09-20 16:39:04.498795,117,,
4b1dd217-dd0c-464a-9977-90ec3b2f2765,VAC-1188,CAND-10188,HR,Зарегистрировать в HCM,Service Task,no,Наталья_8,2025-09-20 16:39:04.498795,2025-09-20 16:59:04.498795,20,,
4b1dd217-dd0c-464a-9977-90ec3b2f2765,VAC-1188,CAND-10188,РЕКРУТЕР,Разместить вакансию,Task,no,Алексей_8,2025-09-20 17:57:04.498795,2025-09-20 19:23:04.498795,86,,
4b1dd217-dd0c-464a-9977-90ec3b2f2765,VAC-1188,CAND-10188,РЕКРУТЕР,Собирать резюме,Task,no,Екатерина_5,2025-09-20 20:23:04.498795,2025-09-22 21:02:04.498795,2919,,
4b1dd217-dd0c-464a-9977-90ec3b2f2765,VAC-1188,CAND-10188,СИСТЕМА,Ожидание проверки резюме,Wait,yes,,2025-09-22 21:02:04.498795,2025-09-23 00:43:04.498795,221,,
4b1dd217-dd0c-464a-9977-90ec3b2f2765,VAC-1188,CAND-10188,РЕКРУТЕР,Скрининг,Task,no,Дмитрий_8,2025-09-23 00:43:04.498795,2025-09-23 00:55:04.498795,12,passed,
4b1dd217-dd0c-464a-9977-90ec3b2f2765,VAC-1188,CAND-10188,СИСТЕМА,Ожидание назначения интервью,Wait,yes,,2025-09-23 00:55:04.498795,2025-09-24 10:35:04.498795,2020,,
4b1dd217-dd0c-464a-9977-90ec3b2f2765,VAC-1188,CAND-10188,ИНТЕРВЬЮЕРЫ,Назначить интервью,User Task,no,Анна_5,2025-09-24 10:35:04.498795,2025-09-24 10:59:04.498795,24,,
4b1dd217-dd0c-464a-9977-90ec3b2f2765,VAC-1188,CAND-10188,СИСТЕМА,Ожидание интервью (раунд 1),Wait,yes,,2025-09-24 10:59:04.498795,2025-09-25 09:20:04.498795,1341,,
4b1dd217-dd0c-464a-9977-90ec3b2f2765,VAC-1188,CAND-10188,ИНТЕРВЬЮЕРЫ,Интервью (раунд 1),User Task,no,Сергей_5,2025-09-25 09:20:04.498795,2025-09-25 11:01:04.498795,101,passed,
4b1dd217-dd0c-464a-9977-90ec3b2f2765,VAC-1188,CAND-10188,СИСТЕМА,Ожидание интервью (раунд 2),Wait,yes,,2025-09-25 11:01:04.498795,2025-09-26 09:36:04.498795,1355,,
4b1dd217-dd0c-464a-9977-90ec3b2f2765,VAC-1188,CAND-10188,ИНТЕРВЬЮЕРЫ,Интервью (раунд 2),User Task,no,Андрей_8,2025-09-26 09:36:04.498795,2025-09-26 11:15:04.498795,99,passed,
4b1dd217-dd0c-464a-9977-90ec3b2f2765,VAC-1188,CAND-10188,ИНТЕРВЬЮЕРЫ,Финальное интервью,User Task,no,Анна_8,2025-09-27 06:50:04.498795,2025-09-27 08:22:04.498795,92,passed,
4b1dd217-dd0c-464a-9977-90ec3b2f2765,VAC-1188,CAND-10188,HR (ОФФЕР),Согласовать условия,User Task,no,Ольга_8,2025-09-27 12:14:04.498795,2025-09-27 13:40:04.498795,86,,
4b1dd217-dd0c-464a-9977-90ec3b2f2765,VAC-1188,CAND-10188,HR (ОФФЕР),Сгенерировать оффер,Service Task,no,Марина_2,2025-09-27 14:00:04.498795,2025-09-27 14:21:04.498795,21,,
4b1dd217-dd0c-464a-9977-90ec3b2f2765,VAC-1188,CAND-10188,HR (ОФФЕР),Отправить оффер,Send Task,no,Наталья_3,2025-09-27 14:26:04.498795,2025-09-27 14:36:04.498795,10,sent,
4b1dd217-dd0c-464a-9977-90ec3b2f2765,VAC-1188,CAND-10188,HR (ОФФЕР),Ожидание ответа (2д),Timer,yes,,2025-09-27 14:36:04.498795,2025-09-29 14:36:04.498795,2880,timer_elapsed,
4b1dd217-dd0c-464a-9977-90ec3b2f2765,VAC-1188,CAND-10188,SECURITY,Background Check,Call Activity,no,Служба_БД_2,2025-09-29 17:36:04.498795,2025-10-02 07:29:04.498795,3713,report_ready,
4b1dd217-dd0c-464a-9977-90ec3b2f2765,VAC-1188,CAND-10188,IT,Выдача оборудования,Task,no,IT_Specialist_4,2025-10-02 08:29:04.498795,2025-10-02 09:54:04.498795,85,,
4b1dd217-dd0c-464a-9977-90ec3b2f2765,VAC-1188,CAND-10188,IT,Создать доступы,Task,no,IT_Specialist_2,2025-10-02 10:24:04.498795,2025-10-02 12:10:04.498795,106,,
4b1dd217-dd0c-464a-9977-90ec3b2f2765,VAC-1188,CAND-10188,IT,Вводное обучение,Service Task,no,Ольга_8,2025-10-02 14:10:04.498795,2025-10-02 19:09:04.498795,299,,
4b1dd217-dd0c-464a-9977-90ec3b2f2765,VAC-1188,CAND-10188,HR,Назначить ментора,Task,no,Марина_5,2025-10-02 20:09:04.498795,2025-10-02 20:56:04.498795,47,,
4b1dd217-dd0c-464a-9977-90ec3b2f2765,VAC-1188,CAND-10188,HR,Уведомить всех,Message,no,system,2025-10-02 21:16:04.498795,2025-10-02 21:21:04.498795,5,notified,
4b1dd217-dd0c-464a-9977-90ec3b2f2765,VAC-1188,CAND-10188,HR,Обновить HCM,Service Task,no,Марина_7,2025-10-02 21:51:04.498795,2025-10-02 22:11:04.498795,20,,
4b1dd217-dd0c-464a-9977-90ec3b2f2765,VAC-1188,CAND-10188,HR,Payroll,Service Task,no,Ольга_8,2025-10-02 22:41:04.498795,2025-10-02 23:01:04.498795,20,,
4b1dd217-dd0c-464a-9977-90ec3b2f2765,VAC-1188,CAND-10188,HR,Закрыть вакансию,Service Task,no,Марина_7,2025-10-02 23:21:04.498795,2025-10-02 23:26:04.498795,5,,
4d6c2459-1246-4656-a51d-6ede26a8460e,VAC-1010,CAND-10010,РУКОВОДИТЕЛЬ,Создать заявку,User Task,no,Иванов_7,2025-10-22 14:41:04.498795,2025-10-22 15:01:04.498795,20,,
4d6c2459-1246-4656-a51d-6ede26a8460e,VAC-1010,CAND-10010,СИСТЕМА,Ожидание обработки,Wait,yes,,2025-10-22 15:01:04.498795,2025-10-22 15:24:04.498795,23,,
4d6c2459-1246-4656-a51d-6ede26a8460e,VAC-1010,CAND-10010,HR,Зарегистрировать в HCM,Service Task,no,Марина_6,2025-10-22 15:24:04.498795,2025-10-22 15:39:04.498795,15,,
4d6c2459-1246-4656-a51d-6ede26a8460e,VAC-1010,CAND-10010,РЕКРУТЕР,Разместить вакансию,Task,no,Екатерина_4,2025-10-22 17:54:04.498795,2025-10-22 19:39:04.498795,105,,
4d6c2459-1246-4656-a51d-6ede26a8460e,VAC-1010,CAND-10010,РЕКРУТЕР,Собирать резюме,Task,no,Алексей_2,2025-10-22 20:39:04.498795,2025-10-24 14:51:04.498795,2532,,
4d6c2459-1246-4656-a51d-6ede26a8460e,VAC-1010,CAND-10010,СИСТЕМА,Ожидание проверки резюме,Wait,yes,,2025-10-24 14:51:04.498795,2025-10-25 00:22:04.498795,571,,
4d6c2459-1246-4656-a51d-6ede26a8460e,VAC-1010,CAND-10010,РЕКРУТЕР,Скрининг,Task,no,Алексей_8,2025-10-25 00:22:04.498795,2025-10-25 00:59:04.498795,37,passed,
4d6c2459-1246-4656-a51d-6ede26a8460e,VAC-1010,CAND-10010,СИСТЕМА,Ожидание назначения интервью,Wait,yes,,2025-10-25 00:59:04.498795,2025-10-26 16:41:04.498795,2382,,
4d6c2459-1246-4656-a51d-6ede26a8460e,VAC-1010,CAND-10010,ИНТЕРВЬЮЕРЫ,Назначить интервью,User Task,no,Сергей_4,2025-10-26 16:41:04.498795,2025-10-26 17:02:04.498795,21,,
4d6c2459-1246-4656-a51d-6ede26a8460e,VAC-1010,CAND-10010,СИСТЕМА,Ожидание интервью (раунд 1),Wait,yes,,2025-10-26 17:02:04.498795,2025-10-27 12:17:04.498795,1155,,
4d6c2459-1246-4656-a51d-6ede26a8460e,VAC-1010,CAND-10010,ИНТЕРВЬЮЕРЫ,Интервью (раунд 1),User Task,no,Сергей_2,2025-10-27 12:17:04.498795,2025-10-27 13:26:04.498795,69,passed,
4d6c2459-1246-4656-a51d-6ede26a8460e,VAC-1010,CAND-10010,ИНТЕРВЬЮЕРЫ,Финальное интервью,User Task,no,Анна_7,2025-10-28 10:37:04.498795,2025-10-28 11:57:04.498795,80,passed,
4d6c2459-1246-4656-a51d-6ede26a8460e,VAC-1010,CAND-10010,HR (ОФФЕР),Согласовать условия,User Task,no,Ольга_1,2025-10-28 15:50:04.498795,2025-10-28 19:07:04.498795,197,,
4d6c2459-1246-4656-a51d-6ede26a8460e,VAC-1010,CAND-10010,HR (ОФФЕР),Сгенерировать оффер,Service Task,no,Ольга_3,2025-10-28 19:27:04.498795,2025-10-28 19:35:04.498795,8,,
4d6c2459-1246-4656-a51d-6ede26a8460e,VAC-1010,CAND-10010,HR (ОФФЕР),Отправить оффер,Send Task,no,Марина_5,2025-10-28 19:40:04.498795,2025-10-28 19:50:04.498795,10,sent,
4d6c2459-1246-4656-a51d-6ede26a8460e,VAC-1010,CAND-10010,HR (ОФФЕР),Ожидание ответа (1д),Timer,yes,,2025-10-28 19:50:04.498795,2025-10-29 19:50:04.498795,1440,timer_elapsed,
4d6c2459-1246-4656-a51d-6ede26a8460e,VAC-1010,CAND-10010,SECURITY,Background Check,Call Activity,no,Служба_БД_6,2025-10-29 22:50:04.498795,2025-11-03 10:09:04.498795,6439,report_ready,
4d6c2459-1246-4656-a51d-6ede26a8460e,VAC-1010,CAND-10010,IT,Выдача оборудования,Task,no,IT_Specialist_7,2025-11-03 11:09:04.498795,2025-11-03 13:14:04.498795,125,,
4d6c2459-1246-4656-a51d-6ede26a8460e,VAC-1010,CAND-10010,IT,Создать доступы,Task,no,IT_Specialist_5,2025-11-03 13:44:04.498795,2025-11-03 15:27:04.498795,103,,
4d6c2459-1246-4656-a51d-6ede26a8460e,VAC-1010,CAND-10010,IT,Вводное обучение,Service Task,no,Марина_7,2025-11-03 17:27:04.498795,2025-11-03 20:49:04.498795,202,,
4d6c2459-1246-4656-a51d-6ede26a8460e,VAC-1010,CAND-10010,HR,Назначить ментора,Task,no,Марина_9,2025-11-03 21:49:04.498795,2025-11-03 22:19:04.498795,30,,
4d6c2459-1246-4656-a51d-6ede26a8460e,VAC-1010,CAND-10010,HR,Уведомить всех,Message,no,system,2025-11-03 22:39:04.498795,2025-11-03 22:44:04.498795,5,notified,
4d6c2459-1246-4656-a51d-6ede26a8460e,VAC-1010,CAND-10010,HR,Обновить HCM,Service Task,no,Марина_4,2025-11-03 23:14:04.498795,2025-11-03 23:34:04.498795,20,,
4d6c2459-1246-4656-a51d-6ede26a8460e,VAC-1010,CAND-10010,HR,Payroll,Service Task,no,Ольга_7,2025-11-04 00:04:04.498795,2025-11-04 00:24:04.498795,20,,
4d6c2459-1246-4656-a51d-6ede26a8460e,VAC-1010,CAND-10010,HR,Закрыть вакансию,Service Task,no,Наталья_6,2025-11-04 00:44:04.498795,2025-11-04 00:49:04.498795,5,,
4d7178b7-dec9-40df-8ede-d8fcc1a3095c,VAC-1141,CAND-10141,РУКОВОДИТЕЛЬ,Создать заявку,User Task,no,Сидоров_6,2025-09-29 14:32:04.498795,2025-09-29 14:46:04.498795,14,,
4d7178b7-dec9-40df-8ede-d8fcc1a3095c,VAC-1141,CAND-10141,СИСТЕМА,Ожидание обработки,Wait,yes,,2025-09-29 14:46:04.498795,2025-09-29 16:07:04.498795,81,,
4d7178b7-dec9-40df-8ede-d8fcc1a3095c,VAC-1141,CAND-10141,HR,Зарегистрировать в HCM,Service Task,no,Ольга_2,2025-09-29 16:07:04.498795,2025-09-29 16:22:04.498795,15,,
4d7178b7-dec9-40df-8ede-d8fcc1a3095c,VAC-1141,CAND-10141,РЕКРУТЕР,Разместить вакансию,Task,no,Екатерина_7,2025-09-29 18:08:04.498795,2025-09-29 18:32:04.498795,24,,
4d7178b7-dec9-40df-8ede-d8fcc1a3095c,VAC-1141,CAND-10141,РЕКРУТЕР,Собирать резюме,Task,no,Алексей_6,2025-09-29 19:32:04.498795,2025-10-01 00:53:04.498795,1761,,
4d7178b7-dec9-40df-8ede-d8fcc1a3095c,VAC-1141,CAND-10141,СИСТЕМА,Ожидание проверки резюме,Wait,yes,,2025-10-01 00:53:04.498795,2025-10-01 09:49:04.498795,536,,
4d7178b7-dec9-40df-8ede-d8fcc1a3095c,VAC-1141,CAND-10141,РЕКРУТЕР,Скрининг,Task,no,Дмитрий_7,2025-10-01 09:49:04.498795,2025-10-01 10:27:04.498795,38,rejected,не соотв. опыту
4e9444d2-ea71-4203-a1be-1be0db926d43,VAC-1019,CAND-10019,РУКОВОДИТЕЛЬ,Создать заявку,User Task,no,Петров_2,2025-10-23 14:26:04.498795,2025-10-23 14:49:04.498795,23,,
4e9444d2-ea71-4203-a1be-1be0db926d43,VAC-1019,CAND-10019,СИСТЕМА,Ожидание обработки,Wait,yes,,2025-10-23 14:49:04.498795,2025-10-23 15:29:04.498795,40,,
4e9444d2-ea71-4203-a1be-1be0db926d43,VAC-1019,CAND-10019,HR,Зарегистрировать в HCM,Service Task,no,Наталья_9,2025-10-23 15:29:04.498795,2025-10-23 15:46:04.498795,17,,
4e9444d2-ea71-4203-a1be-1be0db926d43,VAC-1019,CAND-10019,РЕКРУТЕР,Разместить вакансию,Task,no,Алексей_7,2025-10-23 16:35:04.498795,2025-10-23 17:15:04.498795,40,,
4e9444d2-ea71-4203-a1be-1be0db926d43,VAC-1019,CAND-10019,РЕКРУТЕР,Собирать резюме,Task,no,Екатерина_8,2025-10-23 18:15:04.498795,2025-10-26 01:00:04.498795,3285,,
4e9444d2-ea71-4203-a1be-1be0db926d43,VAC-1019,CAND-10019,СИСТЕМА,Ожидание проверки резюме,Wait,yes,,2025-10-26 01:00:04.498795,2025-10-26 08:58:04.498795,478,,
4e9444d2-ea71-4203-a1be-1be0db926d43,VAC-1019,CAND-10019,РЕКРУТЕР,Скрининг,Task,no,Алексей_5,2025-10-26 08:58:04.498795,2025-10-26 09:09:04.498795,11,rejected,не прошёл тест
4f03f4e3-4c75-465f-b2f4-3accb4cc9b44,VAC-1003,CAND-10003,РУКОВОДИТЕЛЬ,Создать заявку,User Task,no,Сидоров_8,2025-10-01 12:10:04.498795,2025-10-01 12:44:04.498795,34,,
4f03f4e3-4c75-465f-b2f4-3accb4cc9b44,VAC-1003,CAND-10003,СИСТЕМА,Ожидание обработки,Wait,yes,,2025-10-01 12:44:04.498795,2025-10-01 14:11:04.498795,87,,
4f03f4e3-4c75-465f-b2f4-3accb4cc9b44,VAC-1003,CAND-10003,HR,Зарегистрировать в HCM,Service Task,no,Марина_1,2025-10-01 14:11:04.498795,2025-10-01 14:29:04.498795,18,,
4f03f4e3-4c75-465f-b2f4-3accb4cc9b44,VAC-1003,CAND-10003,РЕКРУТЕР,Разместить вакансию,Task,no,Екатерина_5,2025-10-01 15:28:04.498795,2025-10-01 17:15:04.498795,107,,
4f03f4e3-4c75-465f-b2f4-3accb4cc9b44,VAC-1003,CAND-10003,РЕКРУТЕР,Собирать резюме,Task,no,Дмитрий_2,2025-10-01 18:15:04.498795,2025-10-04 14:00:04.498795,4065,,
4f03f4e3-4c75-465f-b2f4-3accb4cc9b44,VAC-1003,CAND-10003,СИСТЕМА,Ожидание проверки резюме,Wait,yes,,2025-10-04 14:00:04.498795,2025-10-04 22:00:04.498795,480,,
4f03f4e3-4c75-465f-b2f4-3accb4cc9b44,VAC-1003,CAND-10003,РЕКРУТЕР,Скрининг,Task,no,Алексей_8,2025-10-04 22:00:04.498795,2025-10-04 22:23:04.498795,23,passed,
4f03f4e3-4c75-465f-b2f4-3accb4cc9b44,VAC-1003,CAND-10003,СИСТЕМА,Ожидание назначения интервью,Wait,yes,,2025-10-04 22:23:04.498795,2025-10-06 07:22:04.498795,1979,,
4f03f4e3-4c75-465f-b2f4-3accb4cc9b44,VAC-1003,CAND-10003,ИНТЕРВЬЮЕРЫ,Назначить интервью,User Task,no,Андрей_9,2025-10-06 07:22:04.498795,2025-10-06 07:48:04.498795,26,,
4f03f4e3-4c75-465f-b2f4-3accb4cc9b44,VAC-1003,CAND-10003,СИСТЕМА,Ожидание интервью (раунд 1),Wait,yes,,2025-10-06 07:48:04.498795,2025-10-07 06:39:04.498795,1371,,
4f03f4e3-4c75-465f-b2f4-3accb4cc9b44,VAC-1003,CAND-10003,ИНТЕРВЬЮЕРЫ,Интервью (раунд 1),User Task,no,Анна_4,2025-10-07 06:39:04.498795,2025-10-07 08:02:04.498795,83,rejected,недостаточно навыков
4f38db76-b967-4414-9cab-b8c73c63d44f,VAC-1037,CAND-10037,РУКОВОДИТЕЛЬ,Создать заявку,User Task,no,Иванов_9,2025-09-01 17:20:04.498795,2025-09-01 18:15:04.498795,55,,
4f38db76-b967-4414-9cab-b8c73c63d44f,VAC-1037,CAND-10037,СИСТЕМА,Ожидание обработки,Wait,yes,,2025-09-01 18:15:04.498795,2025-09-01 19:46:04.498795,91,,
4f38db76-b967-4414-9cab-b8c73c63d44f,VAC-1037,CAND-10037,HR,Зарегистрировать в HCM,Service Task,no,Марина_6,2025-09-01 19:46:04.498795,2025-09-01 20:22:04.498795,36,,
4f38db76-b967-4414-9cab-b8c73c63d44f,VAC-1037,CAND-10037,РЕКРУТЕР,Разместить вакансию,Task,no,Екатерина_1,2025-09-01 21:10:04.498795,2025-09-01 22:20:04.498795,70,,
4f38db76-b967-4414-9cab-b8c73c63d44f,VAC-1037,CAND-10037,РЕКРУТЕР,Собирать резюме,Task,no,Алексей_8,2025-09-01 23:20:04.498795,2025-09-04 05:06:04.498795,3226,,
4f38db76-b967-4414-9cab-b8c73c63d44f,VAC-1037,CAND-10037,СИСТЕМА,Ожидание проверки резюме,Wait,yes,,2025-09-04 05:06:04.498795,2025-09-04 09:25:04.498795,259,,
4f38db76-b967-4414-9cab-b8c73c63d44f,VAC-1037,CAND-10037,РЕКРУТЕР,Скрининг,Task,no,Дмитрий_7,2025-09-04 09:25:04.498795,2025-09-04 10:02:04.498795,37,passed,
4f38db76-b967-4414-9cab-b8c73c63d44f,VAC-1037,CAND-10037,СИСТЕМА,Ожидание назначения интервью,Wait,yes,,2025-09-04 10:02:04.498795,2025-09-06 07:53:04.498795,2751,,
4f38db76-b967-4414-9cab-b8c73c63d44f,VAC-1037,CAND-10037,ИНТЕРВЬЮЕРЫ,Назначить интервью,User Task,no,Сергей_2,2025-09-06 07:53:04.498795,2025-09-06 08:16:04.498795,23,,
4f38db76-b967-4414-9cab-b8c73c63d44f,VAC-1037,CAND-10037,СИСТЕМА,Ожидание интервью (раунд 1),Wait,yes,,2025-09-06 08:16:04.498795,2025-09-06 21:48:04.498795,812,,
4f38db76-b967-4414-9cab-b8c73c63d44f,VAC-1037,CAND-10037,ИНТЕРВЬЮЕРЫ,Интервью (раунд 1),User Task,no,Анна_8,2025-09-06 21:48:04.498795,2025-09-06 22:54:04.498795,66,rejected,культурный профиль
4ff256ff-b7e1-4e19-9857-b5683ae53dc4,VAC-1119,CAND-10119,РУКОВОДИТЕЛЬ,Создать заявку,User Task,no,Сидоров_5,2025-08-30 19:26:04.498795,2025-08-30 19:53:04.498795,27,,
4ff256ff-b7e1-4e19-9857-b5683ae53dc4,VAC-1119,CAND-10119,СИСТЕМА,Ожидание обработки,Wait,yes,,2025-08-30 19:53:04.498795,2025-08-30 21:27:04.498795,94,,
4ff256ff-b7e1-4e19-9857-b5683ae53dc4,VAC-1119,CAND-10119,HR,Зарегистрировать в HCM,Service Task,no,Марина_3,2025-08-30 21:27:04.498795,2025-08-30 21:54:04.498795,27,,
4ff256ff-b7e1-4e19-9857-b5683ae53dc4,VAC-1119,CAND-10119,РЕКРУТЕР,Разместить вакансию,Task,no,Дмитрий_6,2025-08-31 00:00:04.498795,2025-08-31 01:43:04.498795,103,,
4ff256ff-b7e1-4e19-9857-b5683ae53dc4,VAC-1119,CAND-10119,РЕКРУТЕР,Собирать резюме,Task,no,Екатерина_2,2025-08-31 02:43:04.498795,2025-09-02 18:50:04.498795,3847,,
4ff256ff-b7e1-4e19-9857-b5683ae53dc4,VAC-1119,CAND-10119,СИСТЕМА,Ожидание проверки резюме,Wait,yes,,2025-09-02 18:50:04.498795,2025-09-03 06:39:04.498795,709,,
4ff256ff-b7e1-4e19-9857-b5683ae53dc4,VAC-1119,CAND-10119,РЕКРУТЕР,Скрининг,Task,no,Дмитрий_4,2025-09-03 06:39:04.498795,2025-09-03 06:57:04.498795,18,passed,
4ff256ff-b7e1-4e19-9857-b5683ae53dc4,VAC-1119,CAND-10119,СИСТЕМА,Ожидание назначения интервью,Wait,yes,,2025-09-03 06:57:04.498795,2025-09-04 18:59:04.498795,2162,,
4ff256ff-b7e1-4e19-9857-b5683ae53dc4,VAC-1119,CAND-10119,ИНТЕРВЬЮЕРЫ,Назначить интервью,User Task,no,Сергей_8,2025-09-04 18:59:04.498795,2025-09-04 19:35:04.498795,36,,
4ff256ff-b7e1-4e19-9857-b5683ae53dc4,VAC-1119,CAND-10119,СИСТЕМА,Ожидание интервью (раунд 1),Wait,yes,,2025-09-04 19:35:04.498795,2025-09-05 18:43:04.498795,1388,,
4ff256ff-b7e1-4e19-9857-b5683ae53dc4,VAC-1119,CAND-10119,ИНТЕРВЬЮЕРЫ,Интервью (раунд 1),User Task,no,Андрей_8,2025-09-05 18:43:04.498795,2025-09-05 19:28:04.498795,45,passed,
4ff256ff-b7e1-4e19-9857-b5683ae53dc4,VAC-1119,CAND-10119,СИСТЕМА,Ожидание интервью (раунд 2),Wait,yes,,2025-09-05 19:28:04.498795,2025-09-06 06:17:04.498795,649,,
4ff256ff-b7e1-4e19-9857-b5683ae53dc4,VAC-1119,CAND-10119,ИНТЕРВЬЮЕРЫ,Интервью (раунд 2),User Task,no,Анна_5,2025-09-06 06:17:04.498795,2025-09-06 07:31:04.498795,74,passed,
4ff256ff-b7e1-4e19-9857-b5683ae53dc4,VAC-1119,CAND-10119,СИСТЕМА,Ожидание интервью (раунд 3),Wait,yes,,2025-09-06 07:31:04.498795,2025-09-06 19:07:04.498795,696,,
4ff256ff-b7e1-4e19-9857-b5683ae53dc4,VAC-1119,CAND-10119,ИНТЕРВЬЮЕРЫ,Интервью (раунд 3),User Task,no,Сергей_2,2025-09-06 19:07:04.498795,2025-09-06 20:11:04.498795,64,passed,
4ff256ff-b7e1-4e19-9857-b5683ae53dc4,VAC-1119,CAND-10119,ИНТЕРВЬЮЕРЫ,Финальное интервью,User Task,no,Сергей_2,2025-09-07 15:27:04.498795,2025-09-07 16:41:04.498795,74,passed,
4ff256ff-b7e1-4e19-9857-b5683ae53dc4,VAC-1119,CAND-10119,HR (ОФФЕР),Согласовать условия,User Task,no,Ольга_8,2025-09-07 19:44:04.498795,2025-09-07 23:36:04.498795,232,,
4ff256ff-b7e1-4e19-9857-b5683ae53dc4,VAC-1119,CAND-10119,HR (ОФФЕР),Сгенерировать оффер,Service Task,no,Марина_3,2025-09-07 23:56:04.498795,2025-09-08 00:07:04.498795,11,,
4ff256ff-b7e1-4e19-9857-b5683ae53dc4,VAC-1119,CAND-10119,HR (ОФФЕР),Отправить оффер,Send Task,no,Марина_7,2025-09-08 00:12:04.498795,2025-09-08 00:22:04.498795,10,sent,
4ff256ff-b7e1-4e19-9857-b5683ae53dc4,VAC-1119,CAND-10119,HR (ОФФЕР),Ожидание ответа (1д),Timer,yes,,2025-09-08 00:22:04.498795,2025-09-09 00:22:04.498795,1440,timer_elapsed,
4ff256ff-b7e1-4e19-9857-b5683ae53dc4,VAC-1119,CAND-10119,SECURITY,Background Check,Call Activity,no,Служба_БД_3,2025-09-09 03:22:04.498795,2025-09-11 20:49:04.498795,3927,report_ready,
4ff256ff-b7e1-4e19-9857-b5683ae53dc4,VAC-1119,CAND-10119,IT,Выдача оборудования,Task,no,IT_Specialist_1,2025-09-11 21:49:04.498795,2025-09-11 22:54:04.498795,65,,
4ff256ff-b7e1-4e19-9857-b5683ae53dc4,VAC-1119,CAND-10119,IT,Создать доступы,Task,no,IT_Specialist_3,2025-09-11 23:24:04.498795,2025-09-12 00:15:04.498795,51,,
4ff256ff-b7e1-4e19-9857-b5683ae53dc4,VAC-1119,CAND-10119,IT,Вводное обучение,Service Task,no,Ольга_1,2025-09-12 02:15:04.498795,2025-09-12 09:39:04.498795,444,,
4ff256ff-b7e1-4e19-9857-b5683ae53dc4,VAC-1119,CAND-10119,HR,Назначить ментора,Task,no,Марина_5,2025-09-12 10:39:04.498795,2025-09-12 12:05:04.498795,86,,
4ff256ff-b7e1-4e19-9857-b5683ae53dc4,VAC-1119,CAND-10119,HR,Уведомить всех,Message,no,system,2025-09-12 12:25:04.498795,2025-09-12 12:30:04.498795,5,notified,
4ff256ff-b7e1-4e19-9857-b5683ae53dc4,VAC-1119,CAND-10119,HR,Обновить HCM,Service Task,no,Наталья_4,2025-09-12 13:00:04.498795,2025-09-12 13:20:04.498795,20,,
4ff256ff-b7e1-4e19-9857-b5683ae53dc4,VAC-1119,CAND-10119,HR,Payroll,Service Task,no,Ольга_8,2025-09-12 13:50:04.498795,2025-09-12 14:10:04.498795,20,,
4ff256ff-b7e1-4e19-9857-b5683ae53dc4,VAC-1119,CAND-10119,HR,Закрыть вакансию,Service Task,no,Ольга_3,2025-09-12 14:30:04.498795,2025-09-12 14:35:04.498795,5,,
504b02e4-b474-4e03-8692-844f407da580,VAC-1067,CAND-10067,РУКОВОДИТЕЛЬ,Создать заявку,User Task,no,Сидоров_3,2025-09-14 17:38:04.498795,2025-09-14 18:29:04.498795,51,,
504b02e4-b474-4e03-8692-844f407da580,VAC-1067,CAND-10067,СИСТЕМА,Ожидание обработки,Wait,yes,,2025-09-14 18:29:04.498795,2025-09-14 19:27:04.498795,58,,
504b02e4-b474-4e03-8692-844f407da580,VAC-1067,CAND-10067,HR,Зарегистрировать в HCM,Service Task,no,Марина_4,2025-09-14 19:27:04.498795,2025-09-14 19:47:04.498795,20,,
504b02e4-b474-4e03-8692-844f407da580,VAC-1067,CAND-10067,РЕКРУТЕР,Разместить вакансию,Task,no,Алексей_7,2025-09-14 22:19:04.498795,2025-09-14 23:19:04.498795,60,,
504b02e4-b474-4e03-8692-844f407da580,VAC-1067,CAND-10067,РЕКРУТЕР,Собирать резюме,Task,no,Дмитрий_8,2025-09-15 00:19:04.498795,2025-09-16 22:06:04.498795,2747,,
504b02e4-b474-4e03-8692-844f407da580,VAC-1067,CAND-10067,СИСТЕМА,Ожидание проверки резюме,Wait,yes,,2025-09-16 22:06:04.498795,2025-09-17 05:14:04.498795,428,,
504b02e4-b474-4e03-8692-844f407da580,VAC-1067,CAND-10067,РЕКРУТЕР,Скрининг,Task,no,Дмитрий_5,2025-09-17 05:14:04.498795,2025-09-17 05:34:04.498795,20,rejected,некорректное резюме
506e5ed8-3db5-4a58-9a89-91e0d6a5b2c6,VAC-1147,CAND-10147,РУКОВОДИТЕЛЬ,Создать заявку,User Task,no,Иванов_3,2025-10-19 11:21:04.498795,2025-10-19 11:48:04.498795,27,,
506e5ed8-3db5-4a58-9a89-91e0d6a5b2c6,VAC-1147,CAND-10147,СИСТЕМА,Ожидание обработки,Wait,yes,,2025-10-19 11:48:04.498795,2025-10-19 12:51:04.498795,63,,
506e5ed8-3db5-4a58-9a89-91e0d6a5b2c6,VAC-1147,CAND-10147,HR,Зарегистрировать в HCM,Service Task,no,Ольга_3,2025-10-19 12:51:04.498795,2025-10-19 13:29:04.498795,38,,
506e5ed8-3db5-4a58-9a89-91e0d6a5b2c6,VAC-1147,CAND-10147,РЕКРУТЕР,Разместить вакансию,Task,no,Дмитрий_9,2025-10-19 14:21:04.498795,2025-10-19 16:14:04.498795,113,,
506e5ed8-3db5-4a58-9a89-91e0d6a5b2c6,VAC-1147,CAND-10147,РЕКРУТЕР,Собирать резюме,Task,no,Екатерина_4,2025-10-19 17:14:04.498795,2025-10-22 15:31:04.498795,4217,,
506e5ed8-3db5-4a58-9a89-91e0d6a5b2c6,VAC-1147,CAND-10147,СИСТЕМА,Ожидание проверки резюме,Wait,yes,,2025-10-22 15:31:04.498795,2025-10-23 01:38:04.498795,607,,
506e5ed8-3db5-4a58-9a89-91e0d6a5b2c6,VAC-1147,CAND-10147,РЕКРУТЕР,Скрининг,Task,no,Екатерина_3,2025-10-23 01:38:04.498795,2025-10-23 01:55:04.498795,17,passed,
506e5ed8-3db5-4a58-9a89-91e0d6a5b2c6,VAC-1147,CAND-10147,СИСТЕМА,Ожидание назначения интервью,Wait,yes,,2025-10-23 01:55:04.498795,2025-10-24 12:34:04.498795,2079,,
506e5ed8-3db5-4a58-9a89-91e0d6a5b2c6,VAC-1147,CAND-10147,ИНТЕРВЬЮЕРЫ,Назначить интервью,User Task,no,Анна_6,2025-10-24 12:34:04.498795,2025-10-24 13:13:04.498795,39,,
506e5ed8-3db5-4a58-9a89-91e0d6a5b2c6,VAC-1147,CAND-10147,СИСТЕМА,Ожидание интервью (раунд 1),Wait,yes,,2025-10-24 13:13:04.498795,2025-10-24 23:27:04.498795,614,,
506e5ed8-3db5-4a58-9a89-91e0d6a5b2c6,VAC-1147,CAND-10147,ИНТЕРВЬЮЕРЫ,Интервью (раунд 1),User Task,no,Анна_9,2025-10-24 23:27:04.498795,2025-10-25 00:38:04.498795,71,passed,
506e5ed8-3db5-4a58-9a89-91e0d6a5b2c6,VAC-1147,CAND-10147,СИСТЕМА,Ожидание интервью (раунд 2),Wait,yes,,2025-10-25 00:38:04.498795,2025-10-25 20:18:04.498795,1180,,
506e5ed8-3db5-4a58-9a89-91e0d6a5b2c6,VAC-1147,CAND-10147,ИНТЕРВЬЮЕРЫ,Интервью (раунд 2),User Task,no,Сергей_9,2025-10-25 20:18:04.498795,2025-10-25 21:28:04.498795,70,rejected,недостаточно навыков
519821cb-72df-47b6-b8f4-6e66e69206ad,VAC-1091,CAND-10091,РУКОВОДИТЕЛЬ,Создать заявку,User Task,no,Сидоров_4,2025-09-19 19:29:04.498795,2025-09-19 20:09:04.498795,40,,
519821cb-72df-47b6-b8f4-6e66e69206ad,VAC-1091,CAND-10091,СИСТЕМА,Ожидание обработки,Wait,yes,,2025-09-19 20:09:04.498795,2025-09-19 21:29:04.498795,80,,
519821cb-72df-47b6-b8f4-6e66e69206ad,VAC-1091,CAND-10091,HR,Зарегистрировать в HCM,Service Task,no,Наталья_7,2025-09-19 21:29:04.498795,2025-09-19 21:48:04.498795,19,,
519821cb-72df-47b6-b8f4-6e66e69206ad,VAC-1091,CAND-10091,РЕКРУТЕР,Разместить вакансию,Task,no,Екатерина_9,2025-09-19 22:26:04.498795,2025-09-19 23:50:04.498795,84,,
519821cb-72df-47b6-b8f4-6e66e69206ad,VAC-1091,CAND-10091,РЕКРУТЕР,Собирать резюме,Task,no,Екатерина_3,2025-09-20 00:50:04.498795,2025-09-22 15:50:04.498795,3780,,
519821cb-72df-47b6-b8f4-6e66e69206ad,VAC-1091,CAND-10091,СИСТЕМА,Ожидание проверки резюме,Wait,yes,,2025-09-22 15:50:04.498795,2025-09-22 20:53:04.498795,303,,
519821cb-72df-47b6-b8f4-6e66e69206ad,VAC-1091,CAND-10091,РЕКРУТЕР,Скрининг,Task,no,Дмитрий_3,2025-09-22 20:53:04.498795,2025-09-22 21:33:04.498795,40,rejected,не соотв. опыту
51ee1358-8258-417a-8400-0b60cae64848,VAC-1160,CAND-10160,РУКОВОДИТЕЛЬ,Создать заявку,User Task,no,Иванов_9,2025-10-08 15:51:04.498795,2025-10-08 16:38:04.498795,47,,
51ee1358-8258-417a-8400-0b60cae64848,VAC-1160,CAND-10160,СИСТЕМА,Ожидание обработки,Wait,yes,,2025-10-08 16:38:04.498795,2025-10-08 17:49:04.498795,71,,
51ee1358-8258-417a-8400-0b60cae64848,VAC-1160,CAND-10160,HR,Зарегистрировать в HCM,Service Task,no,Наталья_5,2025-10-08 17:49:04.498795,2025-10-08 18:26:04.498795,37,,
51ee1358-8258-417a-8400-0b60cae64848,VAC-1160,CAND-10160,РЕКРУТЕР,Разместить вакансию,Task,no,Екатерина_1,2025-10-08 19:11:04.498795,2025-10-08 20:18:04.498795,67,,
51ee1358-8258-417a-8400-0b60cae64848,VAC-1160,CAND-10160,РЕКРУТЕР,Собирать резюме,Task,no,Екатерина_9,2025-10-08 21:18:04.498795,2025-10-09 21:21:04.498795,1443,,
51ee1358-8258-417a-8400-0b60cae64848,VAC-1160,CAND-10160,СИСТЕМА,Ожидание проверки резюме,Wait,yes,,2025-10-09 21:21:04.498795,2025-10-10 06:28:04.498795,547,,
51ee1358-8258-417a-8400-0b60cae64848,VAC-1160,CAND-10160,РЕКРУТЕР,Скрининг,Task,no,Дмитрий_1,2025-10-10 06:28:04.498795,2025-10-10 06:41:04.498795,13,passed,
51ee1358-8258-417a-8400-0b60cae64848,VAC-1160,CAND-10160,СИСТЕМА,Ожидание назначения интервью,Wait,yes,,2025-10-10 06:41:04.498795,2025-10-12 06:39:04.498795,2878,,
51ee1358-8258-417a-8400-0b60cae64848,VAC-1160,CAND-10160,ИНТЕРВЬЮЕРЫ,Назначить интервью,User Task,no,Сергей_6,2025-10-12 06:39:04.498795,2025-10-12 07:07:04.498795,28,,
51ee1358-8258-417a-8400-0b60cae64848,VAC-1160,CAND-10160,СИСТЕМА,Ожидание интервью (раунд 1),Wait,yes,,2025-10-12 07:07:04.498795,2025-10-12 22:02:04.498795,895,,
51ee1358-8258-417a-8400-0b60cae64848,VAC-1160,CAND-10160,ИНТЕРВЬЮЕРЫ,Интервью (раунд 1),User Task,no,Андрей_3,2025-10-12 22:02:04.498795,2025-10-12 23:35:04.498795,93,passed,
51ee1358-8258-417a-8400-0b60cae64848,VAC-1160,CAND-10160,СИСТЕМА,Ожидание интервью (раунд 2),Wait,yes,,2025-10-12 23:35:04.498795,2025-10-13 15:41:04.498795,966,,
51ee1358-8258-417a-8400-0b60cae64848,VAC-1160,CAND-10160,ИНТЕРВЬЮЕРЫ,Интервью (раунд 2),User Task,no,Сергей_6,2025-10-13 15:41:04.498795,2025-10-13 16:43:04.498795,62,passed,
51ee1358-8258-417a-8400-0b60cae64848,VAC-1160,CAND-10160,ИНТЕРВЬЮЕРЫ,Финальное интервью,User Task,no,Анна_3,2025-10-14 15:03:04.498795,2025-10-14 16:41:04.498795,98,passed,
51ee1358-8258-417a-8400-0b60cae64848,VAC-1160,CAND-10160,HR (ОФФЕР),Согласовать условия,User Task,no,Наталья_1,2025-10-14 18:15:04.498795,2025-10-14 19:17:04.498795,62,,
51ee1358-8258-417a-8400-0b60cae64848,VAC-1160,CAND-10160,HR (ОФФЕР),Сгенерировать оффер,Service Task,no,Марина_8,2025-10-14 19:37:04.498795,2025-10-14 19:46:04.498795,9,,
51ee1358-8258-417a-8400-0b60cae64848,VAC-1160,CAND-10160,HR (ОФФЕР),Отправить оффер,Send Task,no,Марина_7,2025-10-14 19:51:04.498795,2025-10-14 20:01:04.498795,10,sent,
51ee1358-8258-417a-8400-0b60cae64848,VAC-1160,CAND-10160,HR (ОФФЕР),Ожидание ответа (1д),Timer,yes,,2025-10-14 20:01:04.498795,2025-10-15 20:01:04.498795,1440,timer_elapsed,
51ee1358-8258-417a-8400-0b60cae64848,VAC-1160,CAND-10160,SECURITY,Background Check,Call Activity,no,Служба_БД_7,2025-10-15 23:01:04.498795,2025-10-20 07:47:04.498795,6286,report_ready,
51ee1358-8258-417a-8400-0b60cae64848,VAC-1160,CAND-10160,IT,Выдача оборудования,Task,no,IT_Specialist_9,2025-10-20 08:47:04.498795,2025-10-20 10:45:04.498795,118,,
51ee1358-8258-417a-8400-0b60cae64848,VAC-1160,CAND-10160,IT,Создать доступы,Task,no,IT_Specialist_6,2025-10-20 11:15:04.498795,2025-10-20 12:42:04.498795,87,,
51ee1358-8258-417a-8400-0b60cae64848,VAC-1160,CAND-10160,IT,Вводное обучение,Service Task,no,Наталья_7,2025-10-20 14:42:04.498795,2025-10-20 19:37:04.498795,295,,
51ee1358-8258-417a-8400-0b60cae64848,VAC-1160,CAND-10160,HR,Назначить ментора,Task,no,Наталья_8,2025-10-20 20:37:04.498795,2025-10-20 21:45:04.498795,68,,
51ee1358-8258-417a-8400-0b60cae64848,VAC-1160,CAND-10160,HR,Уведомить всех,Message,no,system,2025-10-20 22:05:04.498795,2025-10-20 22:10:04.498795,5,notified,
51ee1358-8258-417a-8400-0b60cae64848,VAC-1160,CAND-10160,HR,Обновить HCM,Service Task,no,Марина_4,2025-10-20 22:40:04.498795,2025-10-20 23:00:04.498795,20,,
51ee1358-8258-417a-8400-0b60cae64848,VAC-1160,CAND-10160,HR,Payroll,Service Task,no,Марина_9,2025-10-20 23:30:04.498795,2025-10-20 23:50:04.498795,20,,
51ee1358-8258-417a-8400-0b60cae64848,VAC-1160,CAND-10160,HR,Закрыть вакансию,Service Task,no,Ольга_7,2025-10-21 00:10:04.498795,2025-10-21 00:15:04.498795,5,,
530510e3-6df4-42c2-89a7-57245842602d,VAC-1061,CAND-10061,РУКОВОДИТЕЛЬ,Создать заявку,User Task,no,Петров_7,2025-10-21 14:21:04.498795,2025-10-21 14:51:04.498795,30,,
530510e3-6df4-42c2-89a7-57245842602d,VAC-1061,CAND-10061,СИСТЕМА,Ожидание обработки,Wait,yes,,2025-10-21 14:51:04.498795,2025-10-21 16:10:04.498795,79,,
530510e3-6df4-42c2-89a7-57245842602d,VAC-1061,CAND-10061,HR,Зарегистрировать в HCM,Service Task,no,Марина_6,2025-10-21 16:10:04.498795,2025-10-21 16:37:04.498795,27,,
530510e3-6df4-42c2-89a7-57245842602d,VAC-1061,CAND-10061,РЕКРУТЕР,Разместить вакансию,Task,no,Дмитрий_9,2025-10-21 18:25:04.498795,2025-10-21 19:18:04.498795,53,,
530510e3-6df4-42c2-89a7-57245842602d,VAC-1061,CAND-10061,РЕКРУТЕР,Собирать резюме,Task,no,Дмитрий_2,2025-10-21 20:18:04.498795,2025-10-24 06:14:04.498795,3476,,
530510e3-6df4-42c2-89a7-57245842602d,VAC-1061,CAND-10061,СИСТЕМА,Ожидание проверки резюме,Wait,yes,,2025-10-24 06:14:04.498795,2025-10-24 17:14:04.498795,660,,
530510e3-6df4-42c2-89a7-57245842602d,VAC-1061,CAND-10061,РЕКРУТЕР,Скрининг,Task,no,Дмитрий_4,2025-10-24 17:14:04.498795,2025-10-24 17:48:04.498795,34,passed,
530510e3-6df4-42c2-89a7-57245842602d,VAC-1061,CAND-10061,СИСТЕМА,Ожидание назначения интервью,Wait,yes,,2025-10-24 17:48:04.498795,2025-10-26 07:55:04.498795,2287,,
530510e3-6df4-42c2-89a7-57245842602d,VAC-1061,CAND-10061,ИНТЕРВЬЮЕРЫ,Назначить интервью,User Task,no,Анна_4,2025-10-26 07:55:04.498795,2025-10-26 08:06:04.498795,11,,
530510e3-6df4-42c2-89a7-57245842602d,VAC-1061,CAND-10061,СИСТЕМА,Ожидание интервью (раунд 1),Wait,yes,,2025-10-26 08:06:04.498795,2025-10-26 16:22:04.498795,496,,
530510e3-6df4-42c2-89a7-57245842602d,VAC-1061,CAND-10061,ИНТЕРВЬЮЕРЫ,Интервью (раунд 1),User Task,no,Анна_7,2025-10-26 16:22:04.498795,2025-10-26 17:40:04.498795,78,passed,
530510e3-6df4-42c2-89a7-57245842602d,VAC-1061,CAND-10061,СИСТЕМА,Ожидание интервью (раунд 2),Wait,yes,,2025-10-26 17:40:04.498795,2025-10-27 06:42:04.498795,782,,
530510e3-6df4-42c2-89a7-57245842602d,VAC-1061,CAND-10061,ИНТЕРВЬЮЕРЫ,Интервью (раунд 2),User Task,no,Андрей_7,2025-10-27 06:42:04.498795,2025-10-27 07:46:04.498795,64,passed,
530510e3-6df4-42c2-89a7-57245842602d,VAC-1061,CAND-10061,ИНТЕРВЬЮЕРЫ,Финальное интервью,User Task,no,Анна_6,2025-10-28 01:29:04.498795,2025-10-28 02:45:04.498795,76,passed,
530510e3-6df4-42c2-89a7-57245842602d,VAC-1061,CAND-10061,HR (ОФФЕР),Согласовать условия,User Task,no,Марина_8,2025-10-28 04:50:04.498795,2025-10-28 07:55:04.498795,185,,
530510e3-6df4-42c2-89a7-57245842602d,VAC-1061,CAND-10061,HR (ОФФЕР),Сгенерировать оффер,Service Task,no,Наталья_6,2025-10-28 08:15:04.498795,2025-10-28 08:34:04.498795,19,,
530510e3-6df4-42c2-89a7-57245842602d,VAC-1061,CAND-10061,HR (ОФФЕР),Отправить оффер,Send Task,no,Наталья_3,2025-10-28 08:39:04.498795,2025-10-28 08:49:04.498795,10,sent,
530510e3-6df4-42c2-89a7-57245842602d,VAC-1061,CAND-10061,HR (ОФФЕР),Ожидание ответа (3д),Timer,yes,,2025-10-28 08:49:04.498795,2025-10-31 08:49:04.498795,4320,timer_elapsed,
530510e3-6df4-42c2-89a7-57245842602d,VAC-1061,CAND-10061,SECURITY,Background Check,Call Activity,no,Служба_БД_9,2025-10-31 11:49:04.498795,2025-11-03 12:56:04.498795,4387,report_ready,
530510e3-6df4-42c2-89a7-57245842602d,VAC-1061,CAND-10061,IT,Выдача оборудования,Task,no,IT_Specialist_1,2025-11-03 13:56:04.498795,2025-11-03 16:44:04.498795,168,,
530510e3-6df4-42c2-89a7-57245842602d,VAC-1061,CAND-10061,IT,Создать доступы,Task,no,IT_Specialist_3,2025-11-03 17:14:04.498795,2025-11-03 17:44:04.498795,30,,
530510e3-6df4-42c2-89a7-57245842602d,VAC-1061,CAND-10061,IT,Вводное обучение,Service Task,no,Наталья_3,2025-11-03 19:44:04.498795,2025-11-04 00:42:04.498795,298,,
530510e3-6df4-42c2-89a7-57245842602d,VAC-1061,CAND-10061,HR,Назначить ментора,Task,no,Наталья_9,2025-11-04 01:42:04.498795,2025-11-04 02:12:04.498795,30,,
530510e3-6df4-42c2-89a7-57245842602d,VAC-1061,CAND-10061,HR,Уведомить всех,Message,no,system,2025-11-04 02:32:04.498795,2025-11-04 02:37:04.498795,5,notified,
530510e3-6df4-42c2-89a7-57245842602d,VAC-1061,CAND-10061,HR,Обновить HCM,Service Task,no,Ольга_6,2025-11-04 03:07:04.498795,2025-11-04 03:27:04.498795,20,,
530510e3-6df4-42c2-89a7-57245842602d,VAC-1061,CAND-10061,HR,Payroll,Service Task,no,Наталья_8,2025-11-04 03:57:04.498795,2025-11-04 04:17:04.498795,20,,
530510e3-6df4-42c2-89a7-57245842602d,VAC-1061,CAND-10061,HR,Закрыть вакансию,Service Task,no,Марина_8,2025-11-04 04:37:04.498795,2025-11-04 04:42:04.498795,5,,
545fbc22-226b-4fce-8491-6fa9ba552286,VAC-1097,CAND-10097,РУКОВОДИТЕЛЬ,Создать заявку,User Task,no,Сидоров_5,2025-08-29 14:08:04.498795,2025-08-29 14:32:04.498795,24,,
545fbc22-226b-4fce-8491-6fa9ba552286,VAC-1097,CAND-10097,СИСТЕМА,Ожидание обработки,Wait,yes,,2025-08-29 14:32:04.498795,2025-08-29 15:45:04.498795,73,,
545fbc22-226b-4fce-8491-6fa9ba552286,VAC-1097,CAND-10097,HR,Зарегистрировать в HCM,Service Task,no,Ольга_6,2025-08-29 15:45:04.498795,2025-08-29 16:20:04.498795,35,,
545fbc22-226b-4fce-8491-6fa9ba552286,VAC-1097,CAND-10097,РЕКРУТЕР,Разместить вакансию,Task,no,Дмитрий_8,2025-08-29 17:56:04.498795,2025-08-29 19:30:04.498795,94,,
545fbc22-226b-4fce-8491-6fa9ba552286,VAC-1097,CAND-10097,РЕКРУТЕР,Собирать резюме,Task,no,Дмитрий_1,2025-08-29 20:30:04.498795,2025-08-31 04:32:04.498795,1922,,
545fbc22-226b-4fce-8491-6fa9ba552286,VAC-1097,CAND-10097,СИСТЕМА,Ожидание проверки резюме,Wait,yes,,2025-08-31 04:32:04.498795,2025-08-31 08:44:04.498795,252,,
545fbc22-226b-4fce-8491-6fa9ba552286,VAC-1097,CAND-10097,РЕКРУТЕР,Скрининг,Task,no,Алексей_9,2025-08-31 08:44:04.498795,2025-08-31 09:09:04.498795,25,passed,
545fbc22-226b-4fce-8491-6fa9ba552286,VAC-1097,CAND-10097,СИСТЕМА,Ожидание назначения интервью,Wait,yes,,2025-08-31 09:09:04.498795,2025-09-02 08:23:04.498795,2834,,
545fbc22-226b-4fce-8491-6fa9ba552286,VAC-1097,CAND-10097,ИНТЕРВЬЮЕРЫ,Назначить интервью,User Task,no,Анна_5,2025-09-02 08:23:04.498795,2025-09-02 08:45:04.498795,22,,
545fbc22-226b-4fce-8491-6fa9ba552286,VAC-1097,CAND-10097,СИСТЕМА,Ожидание интервью (раунд 1),Wait,yes,,2025-09-02 08:45:04.498795,2025-09-03 07:36:04.498795,1371,,
545fbc22-226b-4fce-8491-6fa9ba552286,VAC-1097,CAND-10097,ИНТЕРВЬЮЕРЫ,Интервью (раунд 1),User Task,no,Андрей_6,2025-09-03 07:36:04.498795,2025-09-03 08:40:04.498795,64,passed,
545fbc22-226b-4fce-8491-6fa9ba552286,VAC-1097,CAND-10097,СИСТЕМА,Ожидание интервью (раунд 2),Wait,yes,,2025-09-03 08:40:04.498795,2025-09-03 23:39:04.498795,899,,
545fbc22-226b-4fce-8491-6fa9ba552286,VAC-1097,CAND-10097,ИНТЕРВЬЮЕРЫ,Интервью (раунд 2),User Task,no,Сергей_3,2025-09-03 23:39:04.498795,2025-09-04 01:36:04.498795,117,rejected,поведенческий
54844955-558d-4cf2-93f2-ee2792803308,VAC-1018,CAND-10018,РУКОВОДИТЕЛЬ,Создать заявку,User Task,no,Сидоров_3,2025-09-13 12:33:04.498795,2025-09-13 13:17:04.498795,44,,
54844955-558d-4cf2-93f2-ee2792803308,VAC-1018,CAND-10018,СИСТЕМА,Ожидание обработки,Wait,yes,,2025-09-13 13:17:04.498795,2025-09-13 14:01:04.498795,44,,
54844955-558d-4cf2-93f2-ee2792803308,VAC-1018,CAND-10018,HR,Зарегистрировать в HCM,Service Task,no,Марина_8,2025-09-13 14:01:04.498795,2025-09-13 14:17:04.498795,16,,
54844955-558d-4cf2-93f2-ee2792803308,VAC-1018,CAND-10018,РЕКРУТЕР,Разместить вакансию,Task,no,Екатерина_9,2025-09-13 15:57:04.498795,2025-09-13 17:49:04.498795,112,,
54844955-558d-4cf2-93f2-ee2792803308,VAC-1018,CAND-10018,РЕКРУТЕР,Собирать резюме,Task,no,Дмитрий_2,2025-09-13 18:49:04.498795,2025-09-16 11:33:04.498795,3884,,
54844955-558d-4cf2-93f2-ee2792803308,VAC-1018,CAND-10018,СИСТЕМА,Ожидание проверки резюме,Wait,yes,,2025-09-16 11:33:04.498795,2025-09-16 17:51:04.498795,378,,
54844955-558d-4cf2-93f2-ee2792803308,VAC-1018,CAND-10018,РЕКРУТЕР,Скрининг,Task,no,Алексей_6,2025-09-16 17:51:04.498795,2025-09-16 18:10:04.498795,19,passed,
54844955-558d-4cf2-93f2-ee2792803308,VAC-1018,CAND-10018,СИСТЕМА,Ожидание назначения интервью,Wait,yes,,2025-09-16 18:10:04.498795,2025-09-17 18:38:04.498795,1468,,
54844955-558d-4cf2-93f2-ee2792803308,VAC-1018,CAND-10018,ИНТЕРВЬЮЕРЫ,Назначить интервью,User Task,no,Анна_3,2025-09-17 18:38:04.498795,2025-09-17 19:10:04.498795,32,,
54844955-558d-4cf2-93f2-ee2792803308,VAC-1018,CAND-10018,СИСТЕМА,Ожидание интервью (раунд 1),Wait,yes,,2025-09-17 19:10:04.498795,2025-09-18 04:05:04.498795,535,,
54844955-558d-4cf2-93f2-ee2792803308,VAC-1018,CAND-10018,ИНТЕРВЬЮЕРЫ,Интервью (раунд 1),User Task,no,Андрей_8,2025-09-18 04:05:04.498795,2025-09-18 06:00:04.498795,115,passed,
54844955-558d-4cf2-93f2-ee2792803308,VAC-1018,CAND-10018,ИНТЕРВЬЮЕРЫ,Финальное интервью,User Task,no,Сергей_8,2025-09-18 15:45:04.498795,2025-09-18 16:31:04.498795,46,passed,
54844955-558d-4cf2-93f2-ee2792803308,VAC-1018,CAND-10018,HR (ОФФЕР),Согласовать условия,User Task,no,Наталья_1,2025-09-18 19:23:04.498795,2025-09-18 21:50:04.498795,147,,
54844955-558d-4cf2-93f2-ee2792803308,VAC-1018,CAND-10018,HR (ОФФЕР),Сгенерировать оффер,Service Task,no,Ольга_2,2025-09-18 22:10:04.498795,2025-09-18 22:23:04.498795,13,,
54844955-558d-4cf2-93f2-ee2792803308,VAC-1018,CAND-10018,HR (ОФФЕР),Отправить оффер,Send Task,no,Наталья_7,2025-09-18 22:28:04.498795,2025-09-18 22:38:04.498795,10,sent,
54844955-558d-4cf2-93f2-ee2792803308,VAC-1018,CAND-10018,HR (ОФФЕР),Ожидание ответа (2д),Timer,yes,,2025-09-18 22:38:04.498795,2025-09-20 22:38:04.498795,2880,timer_elapsed,
54844955-558d-4cf2-93f2-ee2792803308,VAC-1018,CAND-10018,SECURITY,Background Check,Call Activity,no,Служба_БД_3,2025-09-21 01:38:04.498795,2025-09-23 08:57:04.498795,3319,report_ready,
54844955-558d-4cf2-93f2-ee2792803308,VAC-1018,CAND-10018,IT,Выдача оборудования,Task,no,IT_Specialist_4,2025-09-23 09:57:04.498795,2025-09-23 11:35:04.498795,98,,
54844955-558d-4cf2-93f2-ee2792803308,VAC-1018,CAND-10018,IT,Создать доступы,Task,no,IT_Specialist_4,2025-09-23 12:05:04.498795,2025-09-23 12:50:04.498795,45,,
54844955-558d-4cf2-93f2-ee2792803308,VAC-1018,CAND-10018,IT,Вводное обучение,Service Task,no,Ольга_8,2025-09-23 14:50:04.498795,2025-09-23 22:17:04.498795,447,,
54844955-558d-4cf2-93f2-ee2792803308,VAC-1018,CAND-10018,HR,Назначить ментора,Task,no,Ольга_5,2025-09-23 23:17:04.498795,2025-09-24 00:45:04.498795,88,,
54844955-558d-4cf2-93f2-ee2792803308,VAC-1018,CAND-10018,HR,Уведомить всех,Message,no,system,2025-09-24 01:05:04.498795,2025-09-24 01:10:04.498795,5,notified,
54844955-558d-4cf2-93f2-ee2792803308,VAC-1018,CAND-10018,HR,Обновить HCM,Service Task,no,Марина_7,2025-09-24 01:40:04.498795,2025-09-24 02:00:04.498795,20,,
54844955-558d-4cf2-93f2-ee2792803308,VAC-1018,CAND-10018,HR,Payroll,Service Task,no,Ольга_1,2025-09-24 02:30:04.498795,2025-09-24 02:50:04.498795,20,,
54844955-558d-4cf2-93f2-ee2792803308,VAC-1018,CAND-10018,HR,Закрыть вакансию,Service Task,no,Марина_2,2025-09-24 03:10:04.498795,2025-09-24 03:15:04.498795,5,,
5551eecd-1127-448f-861b-bd905d8f0d7e,VAC-1114,CAND-10114,РУКОВОДИТЕЛЬ,Создать заявку,User Task,no,Иванов_3,2025-10-20 21:40:04.498795,2025-10-20 22:22:04.498795,42,,
5551eecd-1127-448f-861b-bd905d8f0d7e,VAC-1114,CAND-10114,СИСТЕМА,Ожидание обработки,Wait,yes,,2025-10-20 22:22:04.498795,2025-10-20 23:05:04.498795,43,,
5551eecd-1127-448f-861b-bd905d8f0d7e,VAC-1114,CAND-10114,HR,Зарегистрировать в HCM,Service Task,no,Марина_5,2025-10-20 23:05:04.498795,2025-10-20 23:22:04.498795,17,,
5551eecd-1127-448f-861b-bd905d8f0d7e,VAC-1114,CAND-10114,РЕКРУТЕР,Разместить вакансию,Task,no,Алексей_1,2025-10-21 00:41:04.498795,2025-10-21 01:15:04.498795,34,,
5551eecd-1127-448f-861b-bd905d8f0d7e,VAC-1114,CAND-10114,РЕКРУТЕР,Собирать резюме,Task,no,Дмитрий_9,2025-10-21 02:15:04.498795,2025-10-23 15:43:04.498795,3688,,
5551eecd-1127-448f-861b-bd905d8f0d7e,VAC-1114,CAND-10114,СИСТЕМА,Ожидание проверки резюме,Wait,yes,,2025-10-23 15:43:04.498795,2025-10-23 19:57:04.498795,254,,
5551eecd-1127-448f-861b-bd905d8f0d7e,VAC-1114,CAND-10114,РЕКРУТЕР,Скрининг,Task,no,Екатерина_2,2025-10-23 19:57:04.498795,2025-10-23 20:16:04.498795,19,passed,
5551eecd-1127-448f-861b-bd905d8f0d7e,VAC-1114,CAND-10114,СИСТЕМА,Ожидание назначения интервью,Wait,yes,,2025-10-23 20:16:04.498795,2025-10-25 03:00:04.498795,1844,,
5551eecd-1127-448f-861b-bd905d8f0d7e,VAC-1114,CAND-10114,ИНТЕРВЬЮЕРЫ,Назначить интервью,User Task,no,Анна_8,2025-10-25 03:00:04.498795,2025-10-25 03:33:04.498795,33,,
5551eecd-1127-448f-861b-bd905d8f0d7e,VAC-1114,CAND-10114,СИСТЕМА,Ожидание интервью (раунд 1),Wait,yes,,2025-10-25 03:33:04.498795,2025-10-25 17:38:04.498795,845,,
5551eecd-1127-448f-861b-bd905d8f0d7e,VAC-1114,CAND-10114,ИНТЕРВЬЮЕРЫ,Интервью (раунд 1),User Task,no,Андрей_2,2025-10-25 17:38:04.498795,2025-10-25 18:39:04.498795,61,passed,
5551eecd-1127-448f-861b-bd905d8f0d7e,VAC-1114,CAND-10114,СИСТЕМА,Ожидание интервью (раунд 2),Wait,yes,,2025-10-25 18:39:04.498795,2025-10-26 07:30:04.498795,771,,
5551eecd-1127-448f-861b-bd905d8f0d7e,VAC-1114,CAND-10114,ИНТЕРВЬЮЕРЫ,Интервью (раунд 2),User Task,no,Сергей_8,2025-10-26 07:30:04.498795,2025-10-26 08:23:04.498795,53,rejected,поведенческий
58830fbf-9d8d-41d1-a513-f861b5af531e,VAC-1087,CAND-10087,РУКОВОДИТЕЛЬ,Создать заявку,User Task,no,Сидоров_4,2025-10-23 20:22:04.498795,2025-10-23 20:41:04.498795,19,,
58830fbf-9d8d-41d1-a513-f861b5af531e,VAC-1087,CAND-10087,СИСТЕМА,Ожидание обработки,Wait,yes,,2025-10-23 20:41:04.498795,2025-10-23 22:04:04.498795,83,,
58830fbf-9d8d-41d1-a513-f861b5af531e,VAC-1087,CAND-10087,HR,Зарегистрировать в HCM,Service Task,no,Ольга_3,2025-10-23 22:04:04.498795,2025-10-23 22:31:04.498795,27,,
58830fbf-9d8d-41d1-a513-f861b5af531e,VAC-1087,CAND-10087,РЕКРУТЕР,Разместить вакансию,Task,no,Алексей_1,2025-10-24 01:06:04.498795,2025-10-24 01:30:04.498795,24,,
58830fbf-9d8d-41d1-a513-f861b5af531e,VAC-1087,CAND-10087,РЕКРУТЕР,Собирать резюме,Task,no,Екатерина_4,2025-10-24 02:30:04.498795,2025-10-25 18:22:04.498795,2392,,
58830fbf-9d8d-41d1-a513-f861b5af531e,VAC-1087,CAND-10087,СИСТЕМА,Ожидание проверки резюме,Wait,yes,,2025-10-25 18:22:04.498795,2025-10-25 21:42:04.498795,200,,
58830fbf-9d8d-41d1-a513-f861b5af531e,VAC-1087,CAND-10087,РЕКРУТЕР,Скрининг,Task,no,Дмитрий_1,2025-10-25 21:42:04.498795,2025-10-25 22:08:04.498795,26,passed,
58830fbf-9d8d-41d1-a513-f861b5af531e,VAC-1087,CAND-10087,СИСТЕМА,Ожидание назначения интервью,Wait,yes,,2025-10-25 22:08:04.498795,2025-10-27 19:05:04.498795,2697,,
58830fbf-9d8d-41d1-a513-f861b5af531e,VAC-1087,CAND-10087,ИНТЕРВЬЮЕРЫ,Назначить интервью,User Task,no,Андрей_6,2025-10-27 19:05:04.498795,2025-10-27 19:21:04.498795,16,,
58830fbf-9d8d-41d1-a513-f861b5af531e,VAC-1087,CAND-10087,СИСТЕМА,Ожидание интервью (раунд 1),Wait,yes,,2025-10-27 19:21:04.498795,2025-10-28 19:01:04.498795,1420,,
58830fbf-9d8d-41d1-a513-f861b5af531e,VAC-1087,CAND-10087,ИНТЕРВЬЮЕРЫ,Интервью (раунд 1),User Task,no,Андрей_3,2025-10-28 19:01:04.498795,2025-10-28 20:27:04.498795,86,passed,
58830fbf-9d8d-41d1-a513-f861b5af531e,VAC-1087,CAND-10087,СИСТЕМА,Ожидание интервью (раунд 2),Wait,yes,,2025-10-28 20:27:04.498795,2025-10-29 17:39:04.498795,1272,,
58830fbf-9d8d-41d1-a513-f861b5af531e,VAC-1087,CAND-10087,ИНТЕРВЬЮЕРЫ,Интервью (раунд 2),User Task,no,Сергей_2,2025-10-29 17:39:04.498795,2025-10-29 18:38:04.498795,59,rejected,поведенческий
5a4be2bf-9ba7-4a8f-98de-902f053cb776,VAC-1179,CAND-10179,РУКОВОДИТЕЛЬ,Создать заявку,User Task,no,Иванов_1,2025-10-12 13:15:04.498795,2025-10-12 13:45:04.498795,30,,
5a4be2bf-9ba7-4a8f-98de-902f053cb776,VAC-1179,CAND-10179,СИСТЕМА,Ожидание обработки,Wait,yes,,2025-10-12 13:45:04.498795,2025-10-12 15:39:04.498795,114,,
5a4be2bf-9ba7-4a8f-98de-902f053cb776,VAC-1179,CAND-10179,HR,Зарегистрировать в HCM,Service Task,no,Марина_6,2025-10-12 15:39:04.498795,2025-10-12 16:06:04.498795,27,,
5a4be2bf-9ba7-4a8f-98de-902f053cb776,VAC-1179,CAND-10179,РЕКРУТЕР,Разместить вакансию,Task,no,Дмитрий_3,2025-10-12 17:51:04.498795,2025-10-12 19:11:04.498795,80,,
5a4be2bf-9ba7-4a8f-98de-902f053cb776,VAC-1179,CAND-10179,РЕКРУТЕР,Собирать резюме,Task,no,Екатерина_8,2025-10-12 20:11:04.498795,2025-10-15 10:46:04.498795,3755,,
5a4be2bf-9ba7-4a8f-98de-902f053cb776,VAC-1179,CAND-10179,СИСТЕМА,Ожидание проверки резюме,Wait,yes,,2025-10-15 10:46:04.498795,2025-10-15 19:32:04.498795,526,,
5a4be2bf-9ba7-4a8f-98de-902f053cb776,VAC-1179,CAND-10179,РЕКРУТЕР,Скрининг,Task,no,Алексей_8,2025-10-15 19:32:04.498795,2025-10-15 20:04:04.498795,32,rejected,не соотв. опыту
5b0f9610-cd45-4a65-9dba-567f70eb4845,VAC-1170,CAND-10170,РУКОВОДИТЕЛЬ,Создать заявку,User Task,no,Сидоров_8,2025-10-07 11:24:04.498795,2025-10-07 11:45:04.498795,21,,
5b0f9610-cd45-4a65-9dba-567f70eb4845,VAC-1170,CAND-10170,СИСТЕМА,Ожидание обработки,Wait,yes,,2025-10-07 11:45:04.498795,2025-10-07 13:23:04.498795,98,,
5b0f9610-cd45-4a65-9dba-567f70eb4845,VAC-1170,CAND-10170,HR,Зарегистрировать в HCM,Service Task,no,Наталья_5,2025-10-07 13:23:04.498795,2025-10-07 14:03:04.498795,40,,
5b0f9610-cd45-4a65-9dba-567f70eb4845,VAC-1170,CAND-10170,РЕКРУТЕР,Разместить вакансию,Task,no,Алексей_9,2025-10-07 16:02:04.498795,2025-10-07 17:15:04.498795,73,,
5b0f9610-cd45-4a65-9dba-567f70eb4845,VAC-1170,CAND-10170,РЕКРУТЕР,Собирать резюме,Task,no,Алексей_2,2025-10-07 18:15:04.498795,2025-10-09 10:20:04.498795,2405,,
5b0f9610-cd45-4a65-9dba-567f70eb4845,VAC-1170,CAND-10170,СИСТЕМА,Ожидание проверки резюме,Wait,yes,,2025-10-09 10:20:04.498795,2025-10-09 14:57:04.498795,277,,
5b0f9610-cd45-4a65-9dba-567f70eb4845,VAC-1170,CAND-10170,РЕКРУТЕР,Скрининг,Task,no,Дмитрий_9,2025-10-09 14:57:04.498795,2025-10-09 15:26:04.498795,29,passed,
5b0f9610-cd45-4a65-9dba-567f70eb4845,VAC-1170,CAND-10170,СИСТЕМА,Ожидание назначения интервью,Wait,yes,,2025-10-09 15:26:04.498795,2025-10-11 07:16:04.498795,2390,,
5b0f9610-cd45-4a65-9dba-567f70eb4845,VAC-1170,CAND-10170,ИНТЕРВЬЮЕРЫ,Назначить интервью,User Task,no,Анна_4,2025-10-11 07:16:04.498795,2025-10-11 07:50:04.498795,34,,
5b0f9610-cd45-4a65-9dba-567f70eb4845,VAC-1170,CAND-10170,СИСТЕМА,Ожидание интервью (раунд 1),Wait,yes,,2025-10-11 07:50:04.498795,2025-10-11 19:08:04.498795,678,,
5b0f9610-cd45-4a65-9dba-567f70eb4845,VAC-1170,CAND-10170,ИНТЕРВЬЮЕРЫ,Интервью (раунд 1),User Task,no,Анна_8,2025-10-11 19:08:04.498795,2025-10-11 20:07:04.498795,59,passed,
5b0f9610-cd45-4a65-9dba-567f70eb4845,VAC-1170,CAND-10170,ИНТЕРВЬЮЕРЫ,Финальное интервью,User Task,no,Андрей_1,2025-10-12 12:36:04.498795,2025-10-12 13:43:04.498795,67,passed,
5b0f9610-cd45-4a65-9dba-567f70eb4845,VAC-1170,CAND-10170,HR (ОФФЕР),Согласовать условия,User Task,no,Ольга_4,2025-10-12 17:28:04.498795,2025-10-12 20:01:04.498795,153,,
5b0f9610-cd45-4a65-9dba-567f70eb4845,VAC-1170,CAND-10170,HR (ОФФЕР),Сгенерировать оффер,Service Task,no,Ольга_6,2025-10-12 20:21:04.498795,2025-10-12 20:39:04.498795,18,,
5b0f9610-cd45-4a65-9dba-567f70eb4845,VAC-1170,CAND-10170,HR (ОФФЕР),Отправить оффер,Send Task,no,Марина_8,2025-10-12 20:44:04.498795,2025-10-12 20:54:04.498795,10,sent,
5b0f9610-cd45-4a65-9dba-567f70eb4845,VAC-1170,CAND-10170,HR (ОФФЕР),Ожидание ответа (1д),Timer,yes,,2025-10-12 20:54:04.498795,2025-10-13 20:54:04.498795,1440,timer_elapsed,
5b0f9610-cd45-4a65-9dba-567f70eb4845,VAC-1170,CAND-10170,SECURITY,Background Check,Call Activity,no,Служба_БД_3,2025-10-13 23:54:04.498795,2025-10-16 07:03:04.498795,3309,report_ready,
5b0f9610-cd45-4a65-9dba-567f70eb4845,VAC-1170,CAND-10170,IT,Выдача оборудования,Task,no,IT_Specialist_2,2025-10-16 08:03:04.498795,2025-10-16 10:05:04.498795,122,,
5b0f9610-cd45-4a65-9dba-567f70eb4845,VAC-1170,CAND-10170,IT,Создать доступы,Task,no,IT_Specialist_6,2025-10-16 10:35:04.498795,2025-10-16 11:35:04.498795,60,,
5b0f9610-cd45-4a65-9dba-567f70eb4845,VAC-1170,CAND-10170,IT,Вводное обучение,Service Task,no,Наталья_6,2025-10-16 13:35:04.498795,2025-10-16 20:09:04.498795,394,,
5b0f9610-cd45-4a65-9dba-567f70eb4845,VAC-1170,CAND-10170,HR,Назначить ментора,Task,no,Наталья_6,2025-10-16 21:09:04.498795,2025-10-16 21:53:04.498795,44,,
5b0f9610-cd45-4a65-9dba-567f70eb4845,VAC-1170,CAND-10170,HR,Уведомить всех,Message,no,system,2025-10-16 22:13:04.498795,2025-10-16 22:18:04.498795,5,notified,
5b0f9610-cd45-4a65-9dba-567f70eb4845,VAC-1170,CAND-10170,HR,Обновить HCM,Service Task,no,Наталья_2,2025-10-16 22:48:04.498795,2025-10-16 23:08:04.498795,20,,
5b0f9610-cd45-4a65-9dba-567f70eb4845,VAC-1170,CAND-10170,HR,Payroll,Service Task,no,Наталья_7,2025-10-16 23:38:04.498795,2025-10-16 23:58:04.498795,20,,
5b0f9610-cd45-4a65-9dba-567f70eb4845,VAC-1170,CAND-10170,HR,Закрыть вакансию,Service Task,no,Наталья_7,2025-10-17 00:18:04.498795,2025-10-17 00:23:04.498795,5,,
5bf426db-09c6-4756-ace8-f303ba2eb65a,VAC-1178,CAND-10178,РУКОВОДИТЕЛЬ,Создать заявку,User Task,no,Иванов_8,2025-09-11 17:29:04.498795,2025-09-11 18:13:04.498795,44,,
5bf426db-09c6-4756-ace8-f303ba2eb65a,VAC-1178,CAND-10178,СИСТЕМА,Ожидание обработки,Wait,yes,,2025-09-11 18:13:04.498795,2025-09-11 19:17:04.498795,64,,
5bf426db-09c6-4756-ace8-f303ba2eb65a,VAC-1178,CAND-10178,HR,Зарегистрировать в HCM,Service Task,no,Ольга_1,2025-09-11 19:17:04.498795,2025-09-11 19:40:04.498795,23,,
5bf426db-09c6-4756-ace8-f303ba2eb65a,VAC-1178,CAND-10178,РЕКРУТЕР,Разместить вакансию,Task,no,Алексей_1,2025-09-11 21:24:04.498795,2025-09-11 22:08:04.498795,44,,
5bf426db-09c6-4756-ace8-f303ba2eb65a,VAC-1178,CAND-10178,РЕКРУТЕР,Собирать резюме,Task,no,Екатерина_6,2025-09-11 23:08:04.498795,2025-09-13 14:59:04.498795,2391,,
5bf426db-09c6-4756-ace8-f303ba2eb65a,VAC-1178,CAND-10178,СИСТЕМА,Ожидание проверки резюме,Wait,yes,,2025-09-13 14:59:04.498795,2025-09-14 01:00:04.498795,601,,
5bf426db-09c6-4756-ace8-f303ba2eb65a,VAC-1178,CAND-10178,РЕКРУТЕР,Скрининг,Task,no,Дмитрий_6,2025-09-14 01:00:04.498795,2025-09-14 01:28:04.498795,28,passed,
5bf426db-09c6-4756-ace8-f303ba2eb65a,VAC-1178,CAND-10178,СИСТЕМА,Ожидание назначения интервью,Wait,yes,,2025-09-14 01:28:04.498795,2025-09-16 00:11:04.498795,2803,,
5bf426db-09c6-4756-ace8-f303ba2eb65a,VAC-1178,CAND-10178,ИНТЕРВЬЮЕРЫ,Назначить интервью,User Task,no,Анна_9,2025-09-16 00:11:04.498795,2025-09-16 00:43:04.498795,32,,
5bf426db-09c6-4756-ace8-f303ba2eb65a,VAC-1178,CAND-10178,СИСТЕМА,Ожидание интервью (раунд 1),Wait,yes,,2025-09-16 00:43:04.498795,2025-09-16 13:54:04.498795,791,,
5bf426db-09c6-4756-ace8-f303ba2eb65a,VAC-1178,CAND-10178,ИНТЕРВЬЮЕРЫ,Интервью (раунд 1),User Task,no,Сергей_3,2025-09-16 13:54:04.498795,2025-09-16 15:51:04.498795,117,passed,
5bf426db-09c6-4756-ace8-f303ba2eb65a,VAC-1178,CAND-10178,СИСТЕМА,Ожидание интервью (раунд 2),Wait,yes,,2025-09-16 15:51:04.498795,2025-09-17 13:19:04.498795,1288,,
5bf426db-09c6-4756-ace8-f303ba2eb65a,VAC-1178,CAND-10178,ИНТЕРВЬЮЕРЫ,Интервью (раунд 2),User Task,no,Сергей_5,2025-09-17 13:19:04.498795,2025-09-17 14:37:04.498795,78,passed,
5bf426db-09c6-4756-ace8-f303ba2eb65a,VAC-1178,CAND-10178,ИНТЕРВЬЮЕРЫ,Финальное интервью,User Task,no,Сергей_8,2025-09-18 11:45:04.498795,2025-09-18 12:36:04.498795,51,passed,
5bf426db-09c6-4756-ace8-f303ba2eb65a,VAC-1178,CAND-10178,HR (ОФФЕР),Согласовать условия,User Task,no,Наталья_9,2025-09-18 14:18:04.498795,2025-09-18 17:56:04.498795,218,,
5bf426db-09c6-4756-ace8-f303ba2eb65a,VAC-1178,CAND-10178,HR (ОФФЕР),Сгенерировать оффер,Service Task,no,Наталья_3,2025-09-18 18:16:04.498795,2025-09-18 18:30:04.498795,14,,
5bf426db-09c6-4756-ace8-f303ba2eb65a,VAC-1178,CAND-10178,HR (ОФФЕР),Отправить оффер,Send Task,no,Марина_3,2025-09-18 18:35:04.498795,2025-09-18 18:45:04.498795,10,sent,
5bf426db-09c6-4756-ace8-f303ba2eb65a,VAC-1178,CAND-10178,HR (ОФФЕР),Ожидание ответа (1д),Timer,yes,,2025-09-18 18:45:04.498795,2025-09-19 18:45:04.498795,1440,timer_elapsed,
5bf426db-09c6-4756-ace8-f303ba2eb65a,VAC-1178,CAND-10178,SECURITY,Background Check,Call Activity,no,Служба_БД_3,2025-09-19 21:45:04.498795,2025-09-22 03:22:04.498795,3217,report_ready,
5bf426db-09c6-4756-ace8-f303ba2eb65a,VAC-1178,CAND-10178,IT,Выдача оборудования,Task,no,IT_Specialist_4,2025-09-22 04:22:04.498795,2025-09-22 06:09:04.498795,107,,
5bf426db-09c6-4756-ace8-f303ba2eb65a,VAC-1178,CAND-10178,IT,Создать доступы,Task,no,IT_Specialist_6,2025-09-22 06:39:04.498795,2025-09-22 08:20:04.498795,101,,
5bf426db-09c6-4756-ace8-f303ba2eb65a,VAC-1178,CAND-10178,IT,Вводное обучение,Service Task,no,Наталья_6,2025-09-22 10:20:04.498795,2025-09-22 16:16:04.498795,356,,
5bf426db-09c6-4756-ace8-f303ba2eb65a,VAC-1178,CAND-10178,HR,Назначить ментора,Task,no,Марина_3,2025-09-22 17:16:04.498795,2025-09-22 18:14:04.498795,58,,
5bf426db-09c6-4756-ace8-f303ba2eb65a,VAC-1178,CAND-10178,HR,Уведомить всех,Message,no,system,2025-09-22 18:34:04.498795,2025-09-22 18:39:04.498795,5,notified,
5bf426db-09c6-4756-ace8-f303ba2eb65a,VAC-1178,CAND-10178,HR,Обновить HCM,Service Task,no,Марина_5,2025-09-22 19:09:04.498795,2025-09-22 19:29:04.498795,20,,
5bf426db-09c6-4756-ace8-f303ba2eb65a,VAC-1178,CAND-10178,HR,Payroll,Service Task,no,Наталья_1,2025-09-22 19:59:04.498795,2025-09-22 20:19:04.498795,20,,
5bf426db-09c6-4756-ace8-f303ba2eb65a,VAC-1178,CAND-10178,HR,Закрыть вакансию,Service Task,no,Ольга_8,2025-09-22 20:39:04.498795,2025-09-22 20:44:04.498795,5,,
5c9f1e01-4620-4e50-909b-97123fcf08f1,VAC-1023,CAND-10023,РУКОВОДИТЕЛЬ,Создать заявку,User Task,no,Петров_4,2025-09-25 15:12:04.498795,2025-09-25 15:52:04.498795,40,,
5c9f1e01-4620-4e50-909b-97123fcf08f1,VAC-1023,CAND-10023,СИСТЕМА,Ожидание обработки,Wait,yes,,2025-09-25 15:52:04.498795,2025-09-25 17:10:04.498795,78,,
5c9f1e01-4620-4e50-909b-97123fcf08f1,VAC-1023,CAND-10023,HR,Зарегистрировать в HCM,Service Task,no,Наталья_7,2025-09-25 17:10:04.498795,2025-09-25 17:37:04.498795,27,,
5c9f1e01-4620-4e50-909b-97123fcf08f1,VAC-1023,CAND-10023,РЕКРУТЕР,Разместить вакансию,Task,no,Екатерина_3,2025-09-25 18:55:04.498795,2025-09-25 20:31:04.498795,96,,
5c9f1e01-4620-4e50-909b-97123fcf08f1,VAC-1023,CAND-10023,РЕКРУТЕР,Собирать резюме,Task,no,Дмитрий_7,2025-09-25 21:31:04.498795,2025-09-27 02:16:04.498795,1725,,
5c9f1e01-4620-4e50-909b-97123fcf08f1,VAC-1023,CAND-10023,СИСТЕМА,Ожидание проверки резюме,Wait,yes,,2025-09-27 02:16:04.498795,2025-09-27 11:04:04.498795,528,,
5c9f1e01-4620-4e50-909b-97123fcf08f1,VAC-1023,CAND-10023,РЕКРУТЕР,Скрининг,Task,no,Екатерина_5,2025-09-27 11:04:04.498795,2025-09-27 11:43:04.498795,39,rejected,некорректное резюме
5e958b8a-4771-4031-b4ef-bae98735da02,VAC-1000,CAND-10000,РУКОВОДИТЕЛЬ,Создать заявку,User Task,no,Петров_4,2025-10-03 11:47:04.498795,2025-10-03 12:44:04.498795,57,,
5e958b8a-4771-4031-b4ef-bae98735da02,VAC-1000,CAND-10000,СИСТЕМА,Ожидание обработки,Wait,yes,,2025-10-03 12:44:04.498795,2025-10-03 13:32:04.498795,48,,
5e958b8a-4771-4031-b4ef-bae98735da02,VAC-1000,CAND-10000,HR,Зарегистрировать в HCM,Service Task,no,Марина_2,2025-10-03 13:32:04.498795,2025-10-03 13:46:04.498795,14,,
5e958b8a-4771-4031-b4ef-bae98735da02,VAC-1000,CAND-10000,РЕКРУТЕР,Разместить вакансию,Task,no,Екатерина_7,2025-10-03 16:35:04.498795,2025-10-03 17:06:04.498795,31,,
5e958b8a-4771-4031-b4ef-bae98735da02,VAC-1000,CAND-10000,РЕКРУТЕР,Собирать резюме,Task,no,Алексей_2,2025-10-03 18:06:04.498795,2025-10-04 20:16:04.498795,1570,,
5e958b8a-4771-4031-b4ef-bae98735da02,VAC-1000,CAND-10000,СИСТЕМА,Ожидание проверки резюме,Wait,yes,,2025-10-04 20:16:04.498795,2025-10-05 02:59:04.498795,403,,
5e958b8a-4771-4031-b4ef-bae98735da02,VAC-1000,CAND-10000,РЕКРУТЕР,Скрининг,Task,no,Екатерина_1,2025-10-05 02:59:04.498795,2025-10-05 03:16:04.498795,17,passed,
5e958b8a-4771-4031-b4ef-bae98735da02,VAC-1000,CAND-10000,СИСТЕМА,Ожидание назначения интервью,Wait,yes,,2025-10-05 03:16:04.498795,2025-10-07 01:26:04.498795,2770,,
5e958b8a-4771-4031-b4ef-bae98735da02,VAC-1000,CAND-10000,ИНТЕРВЬЮЕРЫ,Назначить интервью,User Task,no,Анна_7,2025-10-07 01:26:04.498795,2025-10-07 01:58:04.498795,32,,
5e958b8a-4771-4031-b4ef-bae98735da02,VAC-1000,CAND-10000,СИСТЕМА,Ожидание интервью (раунд 1),Wait,yes,,2025-10-07 01:58:04.498795,2025-10-07 20:01:04.498795,1083,,
5e958b8a-4771-4031-b4ef-bae98735da02,VAC-1000,CAND-10000,ИНТЕРВЬЮЕРЫ,Интервью (раунд 1),User Task,no,Андрей_3,2025-10-07 20:01:04.498795,2025-10-07 21:21:04.498795,80,rejected,культурный профиль
5f644f3c-1aef-4873-bf97-41008abbf3b0,VAC-1028,CAND-10028,РУКОВОДИТЕЛЬ,Создать заявку,User Task,no,Сидоров_6,2025-09-24 15:35:04.498795,2025-09-24 15:59:04.498795,24,,
5f644f3c-1aef-4873-bf97-41008abbf3b0,VAC-1028,CAND-10028,СИСТЕМА,Ожидание обработки,Wait,yes,,2025-09-24 15:59:04.498795,2025-09-24 16:47:04.498795,48,,
5f644f3c-1aef-4873-bf97-41008abbf3b0,VAC-1028,CAND-10028,HR,Зарегистрировать в HCM,Service Task,no,Наталья_5,2025-09-24 16:47:04.498795,2025-09-24 17:17:04.498795,30,,
5f644f3c-1aef-4873-bf97-41008abbf3b0,VAC-1028,CAND-10028,РЕКРУТЕР,Разместить вакансию,Task,no,Алексей_1,2025-09-24 18:22:04.498795,2025-09-24 20:02:04.498795,100,,
5f644f3c-1aef-4873-bf97-41008abbf3b0,VAC-1028,CAND-10028,РЕКРУТЕР,Собирать резюме,Task,no,Дмитрий_1,2025-09-24 21:02:04.498795,2025-09-26 18:07:04.498795,2705,,
5f644f3c-1aef-4873-bf97-41008abbf3b0,VAC-1028,CAND-10028,СИСТЕМА,Ожидание проверки резюме,Wait,yes,,2025-09-26 18:07:04.498795,2025-09-27 03:20:04.498795,553,,
5f644f3c-1aef-4873-bf97-41008abbf3b0,VAC-1028,CAND-10028,РЕКРУТЕР,Скрининг,Task,no,Алексей_2,2025-09-27 03:20:04.498795,2025-09-27 03:53:04.498795,33,rejected,некорректное резюме
5fa0d4e2-0a4d-4dc6-b9ee-f26d080fe1e9,VAC-1127,CAND-10127,РУКОВОДИТЕЛЬ,Создать заявку,User Task,no,Сидоров_1,2025-10-05 18:25:04.498795,2025-10-05 18:35:04.498795,10,,
5fa0d4e2-0a4d-4dc6-b9ee-f26d080fe1e9,VAC-1127,CAND-10127,СИСТЕМА,Ожидание обработки,Wait,yes,,2025-10-05 18:35:04.498795,2025-10-05 19:56:04.498795,81,,
5fa0d4e2-0a4d-4dc6-b9ee-f26d080fe1e9,VAC-1127,CAND-10127,HR,Зарегистрировать в HCM,Service Task,no,Марина_6,2025-10-05 19:56:04.498795,2025-10-05 20:17:04.498795,21,,
5fa0d4e2-0a4d-4dc6-b9ee-f26d080fe1e9,VAC-1127,CAND-10127,РЕКРУТЕР,Разместить вакансию,Task,no,Дмитрий_8,2025-10-05 22:53:04.498795,2025-10-06 00:26:04.498795,93,,
5fa0d4e2-0a4d-4dc6-b9ee-f26d080fe1e9,VAC-1127,CAND-10127,РЕКРУТЕР,Собирать резюме,Task,no,Екатерина_5,2025-10-06 01:26:04.498795,2025-10-07 13:55:04.498795,2189,,
5fa0d4e2-0a4d-4dc6-b9ee-f26d080fe1e9,VAC-1127,CAND-10127,СИСТЕМА,Ожидание проверки резюме,Wait,yes,,2025-10-07 13:55:04.498795,2025-10-07 23:42:04.498795,587,,
5fa0d4e2-0a4d-4dc6-b9ee-f26d080fe1e9,VAC-1127,CAND-10127,РЕКРУТЕР,Скрининг,Task,no,Екатерина_3,2025-10-07 23:42:04.498795,2025-10-07 23:59:04.498795,17,passed,
5fa0d4e2-0a4d-4dc6-b9ee-f26d080fe1e9,VAC-1127,CAND-10127,СИСТЕМА,Ожидание назначения интервью,Wait,yes,,2025-10-07 23:59:04.498795,2025-10-09 14:25:04.498795,2306,,
5fa0d4e2-0a4d-4dc6-b9ee-f26d080fe1e9,VAC-1127,CAND-10127,ИНТЕРВЬЮЕРЫ,Назначить интервью,User Task,no,Анна_1,2025-10-09 14:25:04.498795,2025-10-09 14:50:04.498795,25,,
5fa0d4e2-0a4d-4dc6-b9ee-f26d080fe1e9,VAC-1127,CAND-10127,СИСТЕМА,Ожидание интервью (раунд 1),Wait,yes,,2025-10-09 14:50:04.498795,2025-10-10 05:33:04.498795,883,,
5fa0d4e2-0a4d-4dc6-b9ee-f26d080fe1e9,VAC-1127,CAND-10127,ИНТЕРВЬЮЕРЫ,Интервью (раунд 1),User Task,no,Андрей_9,2025-10-10 05:33:04.498795,2025-10-10 06:40:04.498795,67,passed,
5fa0d4e2-0a4d-4dc6-b9ee-f26d080fe1e9,VAC-1127,CAND-10127,СИСТЕМА,Ожидание интервью (раунд 2),Wait,yes,,2025-10-10 06:40:04.498795,2025-10-10 22:31:04.498795,951,,
5fa0d4e2-0a4d-4dc6-b9ee-f26d080fe1e9,VAC-1127,CAND-10127,ИНТЕРВЬЮЕРЫ,Интервью (раунд 2),User Task,no,Андрей_4,2025-10-10 22:31:04.498795,2025-10-10 23:56:04.498795,85,rejected,поведенческий
5fc93f5d-74e1-4c2c-859c-f3c0616b7bec,VAC-1146,CAND-10146,РУКОВОДИТЕЛЬ,Создать заявку,User Task,no,Сидоров_2,2025-10-20 16:17:04.498795,2025-10-20 17:05:04.498795,48,,
5fc93f5d-74e1-4c2c-859c-f3c0616b7bec,VAC-1146,CAND-10146,СИСТЕМА,Ожидание обработки,Wait,yes,,2025-10-20 17:05:04.498795,2025-10-20 17:48:04.498795,43,,
5fc93f5d-74e1-4c2c-859c-f3c0616b7bec,VAC-1146,CAND-10146,HR,Зарегистрировать в HCM,Service Task,no,Марина_8,2025-10-20 17:48:04.498795,2025-10-20 18:04:04.498795,16,,
5fc93f5d-74e1-4c2c-859c-f3c0616b7bec,VAC-1146,CAND-10146,РЕКРУТЕР,Разместить вакансию,Task,no,Алексей_1,2025-10-20 20:57:04.498795,2025-10-20 22:48:04.498795,111,,
5fc93f5d-74e1-4c2c-859c-f3c0616b7bec,VAC-1146,CAND-10146,РЕКРУТЕР,Собирать резюме,Task,no,Екатерина_5,2025-10-20 23:48:04.498795,2025-10-22 16:41:04.498795,2453,,
5fc93f5d-74e1-4c2c-859c-f3c0616b7bec,VAC-1146,CAND-10146,СИСТЕМА,Ожидание проверки резюме,Wait,yes,,2025-10-22 16:41:04.498795,2025-10-23 01:22:04.498795,521,,
5fc93f5d-74e1-4c2c-859c-f3c0616b7bec,VAC-1146,CAND-10146,РЕКРУТЕР,Скрининг,Task,no,Дмитрий_3,2025-10-23 01:22:04.498795,2025-10-23 01:47:04.498795,25,passed,
5fc93f5d-74e1-4c2c-859c-f3c0616b7bec,VAC-1146,CAND-10146,СИСТЕМА,Ожидание назначения интервью,Wait,yes,,2025-10-23 01:47:04.498795,2025-10-25 01:08:04.498795,2841,,
5fc93f5d-74e1-4c2c-859c-f3c0616b7bec,VAC-1146,CAND-10146,ИНТЕРВЬЮЕРЫ,Назначить интервью,User Task,no,Сергей_5,2025-10-25 01:08:04.498795,2025-10-25 01:29:04.498795,21,,
5fc93f5d-74e1-4c2c-859c-f3c0616b7bec,VAC-1146,CAND-10146,СИСТЕМА,Ожидание интервью (раунд 1),Wait,yes,,2025-10-25 01:29:04.498795,2025-10-25 18:02:04.498795,993,,
5fc93f5d-74e1-4c2c-859c-f3c0616b7bec,VAC-1146,CAND-10146,ИНТЕРВЬЮЕРЫ,Интервью (раунд 1),User Task,no,Анна_5,2025-10-25 18:02:04.498795,2025-10-25 19:22:04.498795,80,rejected,поведенческий
5fe2b134-0c84-4fbc-883b-d1ccdfd1f5ac,VAC-1169,CAND-10169,РУКОВОДИТЕЛЬ,Создать заявку,User Task,no,Иванов_1,2025-10-12 12:47:04.498795,2025-10-12 13:28:04.498795,41,,
5fe2b134-0c84-4fbc-883b-d1ccdfd1f5ac,VAC-1169,CAND-10169,СИСТЕМА,Ожидание обработки,Wait,yes,,2025-10-12 13:28:04.498795,2025-10-12 13:48:04.498795,20,,
5fe2b134-0c84-4fbc-883b-d1ccdfd1f5ac,VAC-1169,CAND-10169,HR,Зарегистрировать в HCM,Service Task,no,Наталья_5,2025-10-12 13:48:04.498795,2025-10-12 14:03:04.498795,15,,
5fe2b134-0c84-4fbc-883b-d1ccdfd1f5ac,VAC-1169,CAND-10169,РЕКРУТЕР,Разместить вакансию,Task,no,Дмитрий_3,2025-10-12 16:19:04.498795,2025-10-12 18:07:04.498795,108,,
5fe2b134-0c84-4fbc-883b-d1ccdfd1f5ac,VAC-1169,CAND-10169,РЕКРУТЕР,Собирать резюме,Task,no,Алексей_5,2025-10-12 19:07:04.498795,2025-10-14 09:11:04.498795,2284,,
5fe2b134-0c84-4fbc-883b-d1ccdfd1f5ac,VAC-1169,CAND-10169,СИСТЕМА,Ожидание проверки резюме,Wait,yes,,2025-10-14 09:11:04.498795,2025-10-14 21:06:04.498795,715,,
5fe2b134-0c84-4fbc-883b-d1ccdfd1f5ac,VAC-1169,CAND-10169,РЕКРУТЕР,Скрининг,Task,no,Дмитрий_4,2025-10-14 21:06:04.498795,2025-10-14 21:30:04.498795,24,rejected,не прошёл тест
60931dc4-3f8a-4227-9958-d75cc0f425bc,VAC-1062,CAND-10062,РУКОВОДИТЕЛЬ,Создать заявку,User Task,no,Петров_1,2025-08-25 11:20:04.498795,2025-08-25 12:05:04.498795,45,,
60931dc4-3f8a-4227-9958-d75cc0f425bc,VAC-1062,CAND-10062,СИСТЕМА,Ожидание обработки,Wait,yes,,2025-08-25 12:05:04.498795,2025-08-25 12:27:04.498795,22,,
60931dc4-3f8a-4227-9958-d75cc0f425bc,VAC-1062,CAND-10062,HR,Зарегистрировать в HCM,Service Task,no,Марина_5,2025-08-25 12:27:04.498795,2025-08-25 12:53:04.498795,26,,
60931dc4-3f8a-4227-9958-d75cc0f425bc,VAC-1062,CAND-10062,РЕКРУТЕР,Разместить вакансию,Task,no,Алексей_9,2025-08-25 15:40:04.498795,2025-08-25 16:36:04.498795,56,,
60931dc4-3f8a-4227-9958-d75cc0f425bc,VAC-1062,CAND-10062,РЕКРУТЕР,Собирать резюме,Task,no,Екатерина_7,2025-08-25 17:36:04.498795,2025-08-28 17:14:04.498795,4298,,
60931dc4-3f8a-4227-9958-d75cc0f425bc,VAC-1062,CAND-10062,СИСТЕМА,Ожидание проверки резюме,Wait,yes,,2025-08-28 17:14:04.498795,2025-08-28 23:17:04.498795,363,,
60931dc4-3f8a-4227-9958-d75cc0f425bc,VAC-1062,CAND-10062,РЕКРУТЕР,Скрининг,Task,no,Алексей_9,2025-08-28 23:17:04.498795,2025-08-28 23:30:04.498795,13,passed,
60931dc4-3f8a-4227-9958-d75cc0f425bc,VAC-1062,CAND-10062,СИСТЕМА,Ожидание назначения интервью,Wait,yes,,2025-08-28 23:30:04.498795,2025-08-30 06:03:04.498795,1833,,
60931dc4-3f8a-4227-9958-d75cc0f425bc,VAC-1062,CAND-10062,ИНТЕРВЬЮЕРЫ,Назначить интервью,User Task,no,Анна_5,2025-08-30 06:03:04.498795,2025-08-30 06:32:04.498795,29,,
60931dc4-3f8a-4227-9958-d75cc0f425bc,VAC-1062,CAND-10062,СИСТЕМА,Ожидание интервью (раунд 1),Wait,yes,,2025-08-30 06:32:04.498795,2025-08-30 19:05:04.498795,753,,
60931dc4-3f8a-4227-9958-d75cc0f425bc,VAC-1062,CAND-10062,ИНТЕРВЬЮЕРЫ,Интервью (раунд 1),User Task,no,Сергей_8,2025-08-30 19:05:04.498795,2025-08-30 20:40:04.498795,95,passed,
60931dc4-3f8a-4227-9958-d75cc0f425bc,VAC-1062,CAND-10062,СИСТЕМА,Ожидание интервью (раунд 2),Wait,yes,,2025-08-30 20:40:04.498795,2025-08-31 14:18:04.498795,1058,,
60931dc4-3f8a-4227-9958-d75cc0f425bc,VAC-1062,CAND-10062,ИНТЕРВЬЮЕРЫ,Интервью (раунд 2),User Task,no,Андрей_5,2025-08-31 14:18:04.498795,2025-08-31 15:34:04.498795,76,rejected,культурный профиль
60be5528-d22f-45b8-988b-14c6e15ef001,VAC-1199,CAND-10199,РУКОВОДИТЕЛЬ,Создать заявку,User Task,no,Сидоров_7,2025-10-21 21:01:04.498795,2025-10-21 21:27:04.498795,26,,
60be5528-d22f-45b8-988b-14c6e15ef001,VAC-1199,CAND-10199,СИСТЕМА,Ожидание обработки,Wait,yes,,2025-10-21 21:27:04.498795,2025-10-21 22:26:04.498795,59,,
60be5528-d22f-45b8-988b-14c6e15ef001,VAC-1199,CAND-10199,HR,Зарегистрировать в HCM,Service Task,no,Марина_6,2025-10-21 22:26:04.498795,2025-10-21 22:56:04.498795,30,,
60be5528-d22f-45b8-988b-14c6e15ef001,VAC-1199,CAND-10199,РЕКРУТЕР,Разместить вакансию,Task,no,Алексей_8,2025-10-21 23:57:04.498795,2025-10-22 01:25:04.498795,88,,
60be5528-d22f-45b8-988b-14c6e15ef001,VAC-1199,CAND-10199,РЕКРУТЕР,Собирать резюме,Task,no,Алексей_7,2025-10-22 02:25:04.498795,2025-10-24 04:56:04.498795,3031,,
60be5528-d22f-45b8-988b-14c6e15ef001,VAC-1199,CAND-10199,СИСТЕМА,Ожидание проверки резюме,Wait,yes,,2025-10-24 04:56:04.498795,2025-10-24 12:17:04.498795,441,,
60be5528-d22f-45b8-988b-14c6e15ef001,VAC-1199,CAND-10199,РЕКРУТЕР,Скрининг,Task,no,Алексей_4,2025-10-24 12:17:04.498795,2025-10-24 12:36:04.498795,19,passed,
60be5528-d22f-45b8-988b-14c6e15ef001,VAC-1199,CAND-10199,СИСТЕМА,Ожидание назначения интервью,Wait,yes,,2025-10-24 12:36:04.498795,2025-10-25 18:04:04.498795,1768,,
60be5528-d22f-45b8-988b-14c6e15ef001,VAC-1199,CAND-10199,ИНТЕРВЬЮЕРЫ,Назначить интервью,User Task,no,Сергей_6,2025-10-25 18:04:04.498795,2025-10-25 18:43:04.498795,39,,
60be5528-d22f-45b8-988b-14c6e15ef001,VAC-1199,CAND-10199,СИСТЕМА,Ожидание интервью (раунд 1),Wait,yes,,2025-10-25 18:43:04.498795,2025-10-26 15:48:04.498795,1265,,
60be5528-d22f-45b8-988b-14c6e15ef001,VAC-1199,CAND-10199,ИНТЕРВЬЮЕРЫ,Интервью (раунд 1),User Task,no,Сергей_2,2025-10-26 15:48:04.498795,2025-10-26 17:25:04.498795,97,passed,
60be5528-d22f-45b8-988b-14c6e15ef001,VAC-1199,CAND-10199,СИСТЕМА,Ожидание интервью (раунд 2),Wait,yes,,2025-10-26 17:25:04.498795,2025-10-27 15:27:04.498795,1322,,
60be5528-d22f-45b8-988b-14c6e15ef001,VAC-1199,CAND-10199,ИНТЕРВЬЮЕРЫ,Интервью (раунд 2),User Task,no,Сергей_6,2025-10-27 15:27:04.498795,2025-10-27 17:14:04.498795,107,passed,
60be5528-d22f-45b8-988b-14c6e15ef001,VAC-1199,CAND-10199,СИСТЕМА,Ожидание интервью (раунд 3),Wait,yes,,2025-10-27 17:14:04.498795,2025-10-28 13:28:04.498795,1214,,
60be5528-d22f-45b8-988b-14c6e15ef001,VAC-1199,CAND-10199,ИНТЕРВЬЮЕРЫ,Интервью (раунд 3),User Task,no,Андрей_3,2025-10-28 13:28:04.498795,2025-10-28 15:07:04.498795,99,rejected,культурный профиль
60d1b804-2989-4b83-ae51-ec95524ad56e,VAC-1057,CAND-10057,РУКОВОДИТЕЛЬ,Создать заявку,User Task,no,Сидоров_8,2025-09-27 12:56:04.498795,2025-09-27 13:26:04.498795,30,,
60d1b804-2989-4b83-ae51-ec95524ad56e,VAC-1057,CAND-10057,СИСТЕМА,Ожидание обработки,Wait,yes,,2025-09-27 13:26:04.498795,2025-09-27 14:00:04.498795,34,,
60d1b804-2989-4b83-ae51-ec95524ad56e,VAC-1057,CAND-10057,HR,Зарегистрировать в HCM,Service Task,no,Наталья_8,2025-09-27 14:00:04.498795,2025-09-27 14:31:04.498795,31,,
60d1b804-2989-4b83-ae51-ec95524ad56e,VAC-1057,CAND-10057,РЕКРУТЕР,Разместить вакансию,Task,no,Дмитрий_1,2025-09-27 15:24:04.498795,2025-09-27 16:49:04.498795,85,,
60d1b804-2989-4b83-ae51-ec95524ad56e,VAC-1057,CAND-10057,РЕКРУТЕР,Собирать резюме,Task,no,Алексей_9,2025-09-27 17:49:04.498795,2025-09-30 00:46:04.498795,3297,,
60d1b804-2989-4b83-ae51-ec95524ad56e,VAC-1057,CAND-10057,СИСТЕМА,Ожидание проверки резюме,Wait,yes,,2025-09-30 00:46:04.498795,2025-09-30 10:51:04.498795,605,,
60d1b804-2989-4b83-ae51-ec95524ad56e,VAC-1057,CAND-10057,РЕКРУТЕР,Скрининг,Task,no,Екатерина_1,2025-09-30 10:51:04.498795,2025-09-30 11:15:04.498795,24,passed,
60d1b804-2989-4b83-ae51-ec95524ad56e,VAC-1057,CAND-10057,СИСТЕМА,Ожидание назначения интервью,Wait,yes,,2025-09-30 11:15:04.498795,2025-10-02 10:12:04.498795,2817,,
60d1b804-2989-4b83-ae51-ec95524ad56e,VAC-1057,CAND-10057,ИНТЕРВЬЮЕРЫ,Назначить интервью,User Task,no,Сергей_1,2025-10-02 10:12:04.498795,2025-10-02 10:47:04.498795,35,,
60d1b804-2989-4b83-ae51-ec95524ad56e,VAC-1057,CAND-10057,СИСТЕМА,Ожидание интервью (раунд 1),Wait,yes,,2025-10-02 10:47:04.498795,2025-10-03 08:43:04.498795,1316,,
60d1b804-2989-4b83-ae51-ec95524ad56e,VAC-1057,CAND-10057,ИНТЕРВЬЮЕРЫ,Интервью (раунд 1),User Task,no,Анна_2,2025-10-03 08:43:04.498795,2025-10-03 09:28:04.498795,45,passed,
60d1b804-2989-4b83-ae51-ec95524ad56e,VAC-1057,CAND-10057,СИСТЕМА,Ожидание интервью (раунд 2),Wait,yes,,2025-10-03 09:28:04.498795,2025-10-03 18:14:04.498795,526,,
60d1b804-2989-4b83-ae51-ec95524ad56e,VAC-1057,CAND-10057,ИНТЕРВЬЮЕРЫ,Интервью (раунд 2),User Task,no,Андрей_9,2025-10-03 18:14:04.498795,2025-10-03 19:53:04.498795,99,passed,
60d1b804-2989-4b83-ae51-ec95524ad56e,VAC-1057,CAND-10057,ИНТЕРВЬЮЕРЫ,Финальное интервью,User Task,no,Сергей_1,2025-10-04 04:54:04.498795,2025-10-04 05:47:04.498795,53,rejected,финал не пройден
622b4fab-e4f8-4964-be06-c502640c7926,VAC-1095,CAND-10095,РУКОВОДИТЕЛЬ,Создать заявку,User Task,no,Иванов_6,2025-10-22 12:29:04.498795,2025-10-22 12:40:04.498795,11,,
622b4fab-e4f8-4964-be06-c502640c7926,VAC-1095,CAND-10095,СИСТЕМА,Ожидание обработки,Wait,yes,,2025-10-22 12:40:04.498795,2025-10-22 14:02:04.498795,82,,
622b4fab-e4f8-4964-be06-c502640c7926,VAC-1095,CAND-10095,HR,Зарегистрировать в HCM,Service Task,no,Ольга_3,2025-10-22 14:02:04.498795,2025-10-22 14:31:04.498795,29,,
622b4fab-e4f8-4964-be06-c502640c7926,VAC-1095,CAND-10095,РЕКРУТЕР,Разместить вакансию,Task,no,Екатерина_6,2025-10-22 17:02:04.498795,2025-10-22 18:37:04.498795,95,,
622b4fab-e4f8-4964-be06-c502640c7926,VAC-1095,CAND-10095,РЕКРУТЕР,Собирать резюме,Task,no,Алексей_5,2025-10-22 19:37:04.498795,2025-10-24 19:07:04.498795,2850,,
622b4fab-e4f8-4964-be06-c502640c7926,VAC-1095,CAND-10095,СИСТЕМА,Ожидание проверки резюме,Wait,yes,,2025-10-24 19:07:04.498795,2025-10-24 23:39:04.498795,272,,
622b4fab-e4f8-4964-be06-c502640c7926,VAC-1095,CAND-10095,РЕКРУТЕР,Скрининг,Task,no,Алексей_7,2025-10-24 23:39:04.498795,2025-10-24 23:58:04.498795,19,passed,
622b4fab-e4f8-4964-be06-c502640c7926,VAC-1095,CAND-10095,СИСТЕМА,Ожидание назначения интервью,Wait,yes,,2025-10-24 23:58:04.498795,2025-10-26 19:29:04.498795,2611,,
622b4fab-e4f8-4964-be06-c502640c7926,VAC-1095,CAND-10095,ИНТЕРВЬЮЕРЫ,Назначить интервью,User Task,no,Андрей_4,2025-10-26 19:29:04.498795,2025-10-26 20:03:04.498795,34,,
622b4fab-e4f8-4964-be06-c502640c7926,VAC-1095,CAND-10095,СИСТЕМА,Ожидание интервью (раунд 1),Wait,yes,,2025-10-26 20:03:04.498795,2025-10-27 15:36:04.498795,1173,,
622b4fab-e4f8-4964-be06-c502640c7926,VAC-1095,CAND-10095,ИНТЕРВЬЮЕРЫ,Интервью (раунд 1),User Task,no,Сергей_9,2025-10-27 15:36:04.498795,2025-10-27 16:47:04.498795,71,passed,
622b4fab-e4f8-4964-be06-c502640c7926,VAC-1095,CAND-10095,СИСТЕМА,Ожидание интервью (раунд 2),Wait,yes,,2025-10-27 16:47:04.498795,2025-10-28 01:07:04.498795,500,,
622b4fab-e4f8-4964-be06-c502640c7926,VAC-1095,CAND-10095,ИНТЕРВЬЮЕРЫ,Интервью (раунд 2),User Task,no,Андрей_3,2025-10-28 01:07:04.498795,2025-10-28 01:53:04.498795,46,passed,
622b4fab-e4f8-4964-be06-c502640c7926,VAC-1095,CAND-10095,ИНТЕРВЬЮЕРЫ,Финальное интервью,User Task,no,Анна_5,2025-10-28 20:08:04.498795,2025-10-28 20:54:04.498795,46,passed,
622b4fab-e4f8-4964-be06-c502640c7926,VAC-1095,CAND-10095,HR (ОФФЕР),Согласовать условия,User Task,no,Ольга_7,2025-10-29 00:56:04.498795,2025-10-29 04:40:04.498795,224,,
622b4fab-e4f8-4964-be06-c502640c7926,VAC-1095,CAND-10095,HR (ОФФЕР),Сгенерировать оффер,Service Task,no,Ольга_8,2025-10-29 05:00:04.498795,2025-10-29 05:17:04.498795,17,,
622b4fab-e4f8-4964-be06-c502640c7926,VAC-1095,CAND-10095,HR (ОФФЕР),Отправить оффер,Send Task,no,Ольга_4,2025-10-29 05:22:04.498795,2025-10-29 05:32:04.498795,10,sent,
622b4fab-e4f8-4964-be06-c502640c7926,VAC-1095,CAND-10095,HR (ОФФЕР),Ожидание ответа (2д),Timer,yes,,2025-10-29 05:32:04.498795,2025-10-31 05:32:04.498795,2880,timer_elapsed,
622b4fab-e4f8-4964-be06-c502640c7926,VAC-1095,CAND-10095,SECURITY,Background Check,Call Activity,no,Служба_БД_2,2025-10-31 08:32:04.498795,2025-11-05 07:37:04.498795,7145,report_ready,
622b4fab-e4f8-4964-be06-c502640c7926,VAC-1095,CAND-10095,IT,Выдача оборудования,Task,no,IT_Specialist_9,2025-11-05 08:37:04.498795,2025-11-05 11:01:04.498795,144,,
622b4fab-e4f8-4964-be06-c502640c7926,VAC-1095,CAND-10095,IT,Создать доступы,Task,no,IT_Specialist_5,2025-11-05 11:31:04.498795,2025-11-05 13:23:04.498795,112,,
622b4fab-e4f8-4964-be06-c502640c7926,VAC-1095,CAND-10095,IT,Вводное обучение,Service Task,no,Ольга_2,2025-11-05 15:23:04.498795,2025-11-05 19:18:04.498795,235,,
622b4fab-e4f8-4964-be06-c502640c7926,VAC-1095,CAND-10095,HR,Назначить ментора,Task,no,Ольга_6,2025-11-05 20:18:04.498795,2025-11-05 21:09:04.498795,51,,
622b4fab-e4f8-4964-be06-c502640c7926,VAC-1095,CAND-10095,HR,Уведомить всех,Message,no,system,2025-11-05 21:29:04.498795,2025-11-05 21:34:04.498795,5,notified,
622b4fab-e4f8-4964-be06-c502640c7926,VAC-1095,CAND-10095,HR,Обновить HCM,Service Task,no,Ольга_5,2025-11-05 22:04:04.498795,2025-11-05 22:24:04.498795,20,,
622b4fab-e4f8-4964-be06-c502640c7926,VAC-1095,CAND-10095,HR,Payroll,Service Task,no,Марина_5,2025-11-05 22:54:04.498795,2025-11-05 23:14:04.498795,20,,
622b4fab-e4f8-4964-be06-c502640c7926,VAC-1095,CAND-10095,HR,Закрыть вакансию,Service Task,no,Наталья_3,2025-11-05 23:34:04.498795,2025-11-05 23:39:04.498795,5,,
627524b3-6507-42d9-9f46-f759bd52d0b1,VAC-1043,CAND-10043,РУКОВОДИТЕЛЬ,Создать заявку,User Task,no,Петров_1,2025-08-26 21:10:04.498795,2025-08-26 21:43:04.498795,33,,
627524b3-6507-42d9-9f46-f759bd52d0b1,VAC-1043,CAND-10043,СИСТЕМА,Ожидание обработки,Wait,yes,,2025-08-26 21:43:04.498795,2025-08-26 22:48:04.498795,65,,
627524b3-6507-42d9-9f46-f759bd52d0b1,VAC-1043,CAND-10043,HR,Зарегистрировать в HCM,Service Task,no,Наталья_6,2025-08-26 22:48:04.498795,2025-08-26 23:23:04.498795,35,,
627524b3-6507-42d9-9f46-f759bd52d0b1,VAC-1043,CAND-10043,РЕКРУТЕР,Разместить вакансию,Task,no,Екатерина_2,2025-08-27 00:54:04.498795,2025-08-27 02:47:04.498795,113,,
627524b3-6507-42d9-9f46-f759bd52d0b1,VAC-1043,CAND-10043,РЕКРУТЕР,Собирать резюме,Task,no,Екатерина_6,2025-08-27 03:47:04.498795,2025-08-29 19:30:04.498795,3823,,
627524b3-6507-42d9-9f46-f759bd52d0b1,VAC-1043,CAND-10043,СИСТЕМА,Ожидание проверки резюме,Wait,yes,,2025-08-29 19:30:04.498795,2025-08-30 00:46:04.498795,316,,
627524b3-6507-42d9-9f46-f759bd52d0b1,VAC-1043,CAND-10043,РЕКРУТЕР,Скрининг,Task,no,Дмитрий_9,2025-08-30 00:46:04.498795,2025-08-30 00:57:04.498795,11,passed,
627524b3-6507-42d9-9f46-f759bd52d0b1,VAC-1043,CAND-10043,СИСТЕМА,Ожидание назначения интервью,Wait,yes,,2025-08-30 00:57:04.498795,2025-08-31 22:53:04.498795,2756,,
627524b3-6507-42d9-9f46-f759bd52d0b1,VAC-1043,CAND-10043,ИНТЕРВЬЮЕРЫ,Назначить интервью,User Task,no,Анна_8,2025-08-31 22:53:04.498795,2025-08-31 23:08:04.498795,15,,
627524b3-6507-42d9-9f46-f759bd52d0b1,VAC-1043,CAND-10043,СИСТЕМА,Ожидание интервью (раунд 1),Wait,yes,,2025-08-31 23:08:04.498795,2025-09-01 15:18:04.498795,970,,
627524b3-6507-42d9-9f46-f759bd52d0b1,VAC-1043,CAND-10043,ИНТЕРВЬЮЕРЫ,Интервью (раунд 1),User Task,no,Андрей_8,2025-09-01 15:18:04.498795,2025-09-01 16:26:04.498795,68,rejected,недостаточно навыков
62e37c9a-92e3-428f-b21f-d651e01c244b,VAC-1194,CAND-10194,РУКОВОДИТЕЛЬ,Создать заявку,User Task,no,Иванов_8,2025-10-18 13:22:04.498795,2025-10-18 14:03:04.498795,41,,
62e37c9a-92e3-428f-b21f-d651e01c244b,VAC-1194,CAND-10194,СИСТЕМА,Ожидание обработки,Wait,yes,,2025-10-18 14:03:04.498795,2025-10-18 14:57:04.498795,54,,
62e37c9a-92e3-428f-b21f-d651e01c244b,VAC-1194,CAND-10194,HR,Зарегистрировать в HCM,Service Task,no,Марина_9,2025-10-18 14:57:04.498795,2025-10-18 15:36:04.498795,39,,
62e37c9a-92e3-428f-b21f-d651e01c244b,VAC-1194,CAND-10194,РЕКРУТЕР,Разместить вакансию,Task,no,Екатерина_1,2025-10-18 17:57:04.498795,2025-10-18 19:29:04.498795,92,,
62e37c9a-92e3-428f-b21f-d651e01c244b,VAC-1194,CAND-10194,РЕКРУТЕР,Собирать резюме,Task,no,Алексей_6,2025-10-18 20:29:04.498795,2025-10-21 08:08:04.498795,3579,,
62e37c9a-92e3-428f-b21f-d651e01c244b,VAC-1194,CAND-10194,СИСТЕМА,Ожидание проверки резюме,Wait,yes,,2025-10-21 08:08:04.498795,2025-10-21 19:01:04.498795,653,,
62e37c9a-92e3-428f-b21f-d651e01c244b,VAC-1194,CAND-10194,РЕКРУТЕР,Скрининг,Task,no,Алексей_3,2025-10-21 19:01:04.498795,2025-10-21 19:15:04.498795,14,rejected,некорректное резюме
63f570de-2677-440a-a22f-8a155b068671,VAC-1021,CAND-10021,РУКОВОДИТЕЛЬ,Создать заявку,User Task,no,Петров_2,2025-10-10 20:44:04.498795,2025-10-10 21:12:04.498795,28,,
63f570de-2677-440a-a22f-8a155b068671,VAC-1021,CAND-10021,СИСТЕМА,Ожидание обработки,Wait,yes,,2025-10-10 21:12:04.498795,2025-10-10 22:31:04.498795,79,,
63f570de-2677-440a-a22f-8a155b068671,VAC-1021,CAND-10021,HR,Зарегистрировать в HCM,Service Task,no,Ольга_7,2025-10-10 22:31:04.498795,2025-10-10 23:03:04.498795,32,,
63f570de-2677-440a-a22f-8a155b068671,VAC-1021,CAND-10021,РЕКРУТЕР,Разместить вакансию,Task,no,Екатерина_8,2025-10-11 00:42:04.498795,2025-10-11 02:06:04.498795,84,,
63f570de-2677-440a-a22f-8a155b068671,VAC-1021,CAND-10021,РЕКРУТЕР,Собирать резюме,Task,no,Алексей_1,2025-10-11 03:06:04.498795,2025-10-13 08:59:04.498795,3233,,
63f570de-2677-440a-a22f-8a155b068671,VAC-1021,CAND-10021,СИСТЕМА,Ожидание проверки резюме,Wait,yes,,2025-10-13 08:59:04.498795,2025-10-13 19:21:04.498795,622,,
63f570de-2677-440a-a22f-8a155b068671,VAC-1021,CAND-10021,РЕКРУТЕР,Скрининг,Task,no,Дмитрий_5,2025-10-13 19:21:04.498795,2025-10-13 19:54:04.498795,33,passed,
63f570de-2677-440a-a22f-8a155b068671,VAC-1021,CAND-10021,СИСТЕМА,Ожидание назначения интервью,Wait,yes,,2025-10-13 19:54:04.498795,2025-10-15 03:42:04.498795,1908,,
63f570de-2677-440a-a22f-8a155b068671,VAC-1021,CAND-10021,ИНТЕРВЬЮЕРЫ,Назначить интервью,User Task,no,Анна_1,2025-10-15 03:42:04.498795,2025-10-15 04:22:04.498795,40,,
63f570de-2677-440a-a22f-8a155b068671,VAC-1021,CAND-10021,СИСТЕМА,Ожидание интервью (раунд 1),Wait,yes,,2025-10-15 04:22:04.498795,2025-10-15 23:50:04.498795,1168,,
63f570de-2677-440a-a22f-8a155b068671,VAC-1021,CAND-10021,ИНТЕРВЬЮЕРЫ,Интервью (раунд 1),User Task,no,Андрей_8,2025-10-15 23:50:04.498795,2025-10-16 01:09:04.498795,79,passed,
63f570de-2677-440a-a22f-8a155b068671,VAC-1021,CAND-10021,СИСТЕМА,Ожидание интервью (раунд 2),Wait,yes,,2025-10-16 01:09:04.498795,2025-10-16 18:00:04.498795,1011,,
63f570de-2677-440a-a22f-8a155b068671,VAC-1021,CAND-10021,ИНТЕРВЬЮЕРЫ,Интервью (раунд 2),User Task,no,Андрей_7,2025-10-16 18:00:04.498795,2025-10-16 19:41:04.498795,101,rejected,культурный профиль
64297182-909a-4acf-9890-5384ca0598c0,VAC-1125,CAND-10125,РУКОВОДИТЕЛЬ,Создать заявку,User Task,no,Петров_9,2025-09-14 12:37:04.498795,2025-09-14 13:19:04.498795,42,,
64297182-909a-4acf-9890-5384ca0598c0,VAC-1125,CAND-10125,СИСТЕМА,Ожидание обработки,Wait,yes,,2025-09-14 13:19:04.498795,2025-09-14 14:52:04.498795,93,,
64297182-909a-4acf-9890-5384ca0598c0,VAC-1125,CAND-10125,HR,Зарегистрировать в HCM,Service Task,no,Марина_8,2025-09-14 14:52:04.498795,2025-09-14 15:10:04.498795,18,,
64297182-909a-4acf-9890-5384ca0598c0,VAC-1125,CAND-10125,РЕКРУТЕР,Разместить вакансию,Task,no,Дмитрий_4,2025-09-14 17:16:04.498795,2025-09-14 18:48:04.498795,92,,
64297182-909a-4acf-9890-5384ca0598c0,VAC-1125,CAND-10125,РЕКРУТЕР,Собирать резюме,Task,no,Дмитрий_8,2025-09-14 19:48:04.498795,2025-09-16 18:59:04.498795,2831,,
64297182-909a-4acf-9890-5384ca0598c0,VAC-1125,CAND-10125,СИСТЕМА,Ожидание проверки резюме,Wait,yes,,2025-09-16 18:59:04.498795,2025-09-16 22:27:04.498795,208,,
64297182-909a-4acf-9890-5384ca0598c0,VAC-1125,CAND-10125,РЕКРУТЕР,Скрининг,Task,no,Алексей_5,2025-09-16 22:27:04.498795,2025-09-16 22:52:04.498795,25,passed,
64297182-909a-4acf-9890-5384ca0598c0,VAC-1125,CAND-10125,СИСТЕМА,Ожидание назначения интервью,Wait,yes,,2025-09-16 22:52:04.498795,2025-09-18 20:29:04.498795,2737,,
64297182-909a-4acf-9890-5384ca0598c0,VAC-1125,CAND-10125,ИНТЕРВЬЮЕРЫ,Назначить интервью,User Task,no,Андрей_4,2025-09-18 20:29:04.498795,2025-09-18 21:04:04.498795,35,,
64297182-909a-4acf-9890-5384ca0598c0,VAC-1125,CAND-10125,СИСТЕМА,Ожидание интервью (раунд 1),Wait,yes,,2025-09-18 21:04:04.498795,2025-09-19 12:06:04.498795,902,,
64297182-909a-4acf-9890-5384ca0598c0,VAC-1125,CAND-10125,ИНТЕРВЬЮЕРЫ,Интервью (раунд 1),User Task,no,Андрей_5,2025-09-19 12:06:04.498795,2025-09-19 13:36:04.498795,90,passed,
64297182-909a-4acf-9890-5384ca0598c0,VAC-1125,CAND-10125,СИСТЕМА,Ожидание интервью (раунд 2),Wait,yes,,2025-09-19 13:36:04.498795,2025-09-20 01:50:04.498795,734,,
64297182-909a-4acf-9890-5384ca0598c0,VAC-1125,CAND-10125,ИНТЕРВЬЮЕРЫ,Интервью (раунд 2),User Task,no,Анна_6,2025-09-20 01:50:04.498795,2025-09-20 03:11:04.498795,81,passed,
64297182-909a-4acf-9890-5384ca0598c0,VAC-1125,CAND-10125,СИСТЕМА,Ожидание интервью (раунд 3),Wait,yes,,2025-09-20 03:11:04.498795,2025-09-20 12:28:04.498795,557,,
64297182-909a-4acf-9890-5384ca0598c0,VAC-1125,CAND-10125,ИНТЕРВЬЮЕРЫ,Интервью (раунд 3),User Task,no,Сергей_6,2025-09-20 12:28:04.498795,2025-09-20 14:23:04.498795,115,rejected,поведенческий
648bd086-3a63-4605-b65e-f0ef880de0ad,VAC-1171,CAND-10171,РУКОВОДИТЕЛЬ,Создать заявку,User Task,no,Сидоров_8,2025-10-20 13:50:04.498795,2025-10-20 14:30:04.498795,40,,
648bd086-3a63-4605-b65e-f0ef880de0ad,VAC-1171,CAND-10171,СИСТЕМА,Ожидание обработки,Wait,yes,,2025-10-20 14:30:04.498795,2025-10-20 14:56:04.498795,26,,
648bd086-3a63-4605-b65e-f0ef880de0ad,VAC-1171,CAND-10171,HR,Зарегистрировать в HCM,Service Task,no,Ольга_3,2025-10-20 14:56:04.498795,2025-10-20 15:34:04.498795,38,,
648bd086-3a63-4605-b65e-f0ef880de0ad,VAC-1171,CAND-10171,РЕКРУТЕР,Разместить вакансию,Task,no,Дмитрий_3,2025-10-20 16:59:04.498795,2025-10-20 18:37:04.498795,98,,
648bd086-3a63-4605-b65e-f0ef880de0ad,VAC-1171,CAND-10171,РЕКРУТЕР,Собирать резюме,Task,no,Дмитрий_3,2025-10-20 19:37:04.498795,2025-10-22 22:03:04.498795,3026,,
648bd086-3a63-4605-b65e-f0ef880de0ad,VAC-1171,CAND-10171,СИСТЕМА,Ожидание проверки резюме,Wait,yes,,2025-10-22 22:03:04.498795,2025-10-23 08:51:04.498795,648,,
648bd086-3a63-4605-b65e-f0ef880de0ad,VAC-1171,CAND-10171,РЕКРУТЕР,Скрининг,Task,no,Алексей_6,2025-10-23 08:51:04.498795,2025-10-23 09:24:04.498795,33,rejected,не соотв. опыту
66440876-4f4f-4ed5-ab5b-a3270dab2d94,VAC-1187,CAND-10187,РУКОВОДИТЕЛЬ,Создать заявку,User Task,no,Петров_3,2025-09-26 14:31:04.498795,2025-09-26 14:53:04.498795,22,,
66440876-4f4f-4ed5-ab5b-a3270dab2d94,VAC-1187,CAND-10187,СИСТЕМА,Ожидание обработки,Wait,yes,,2025-09-26 14:53:04.498795,2025-09-26 16:49:04.498795,116,,
66440876-4f4f-4ed5-ab5b-a3270dab2d94,VAC-1187,CAND-10187,HR,Зарегистрировать в HCM,Service Task,no,Наталья_2,2025-09-26 16:49:04.498795,2025-09-26 17:16:04.498795,27,,
66440876-4f4f-4ed5-ab5b-a3270dab2d94,VAC-1187,CAND-10187,РЕКРУТЕР,Разместить вакансию,Task,no,Екатерина_8,2025-09-26 18:40:04.498795,2025-09-26 20:04:04.498795,84,,
66440876-4f4f-4ed5-ab5b-a3270dab2d94,VAC-1187,CAND-10187,РЕКРУТЕР,Собирать резюме,Task,no,Екатерина_3,2025-09-26 21:04:04.498795,2025-09-28 22:05:04.498795,2941,,
66440876-4f4f-4ed5-ab5b-a3270dab2d94,VAC-1187,CAND-10187,СИСТЕМА,Ожидание проверки резюме,Wait,yes,,2025-09-28 22:05:04.498795,2025-09-29 08:35:04.498795,630,,
66440876-4f4f-4ed5-ab5b-a3270dab2d94,VAC-1187,CAND-10187,РЕКРУТЕР,Скрининг,Task,no,Алексей_3,2025-09-29 08:35:04.498795,2025-09-29 09:06:04.498795,31,rejected,некорректное резюме
66aa2a6f-85c0-4b47-b0a4-b8df1f70e882,VAC-1094,CAND-10094,РУКОВОДИТЕЛЬ,Создать заявку,User Task,no,Петров_7,2025-10-10 18:35:04.498795,2025-10-10 19:05:04.498795,30,,
66aa2a6f-85c0-4b47-b0a4-b8df1f70e882,VAC-1094,CAND-10094,СИСТЕМА,Ожидание обработки,Wait,yes,,2025-10-10 19:05:04.498795,2025-10-10 20:42:04.498795,97,,
66aa2a6f-85c0-4b47-b0a4-b8df1f70e882,VAC-1094,CAND-10094,HR,Зарегистрировать в HCM,Service Task,no,Наталья_4,2025-10-10 20:42:04.498795,2025-10-10 21:12:04.498795,30,,
66aa2a6f-85c0-4b47-b0a4-b8df1f70e882,VAC-1094,CAND-10094,РЕКРУТЕР,Разместить вакансию,Task,no,Дмитрий_8,2025-10-10 23:35:04.498795,2025-10-11 00:22:04.498795,47,,
66aa2a6f-85c0-4b47-b0a4-b8df1f70e882,VAC-1094,CAND-10094,РЕКРУТЕР,Собирать резюме,Task,no,Дмитрий_1,2025-10-11 01:22:04.498795,2025-10-13 12:37:04.498795,3555,,
66aa2a6f-85c0-4b47-b0a4-b8df1f70e882,VAC-1094,CAND-10094,СИСТЕМА,Ожидание проверки резюме,Wait,yes,,2025-10-13 12:37:04.498795,2025-10-14 00:24:04.498795,707,,
66aa2a6f-85c0-4b47-b0a4-b8df1f70e882,VAC-1094,CAND-10094,РЕКРУТЕР,Скрининг,Task,no,Алексей_2,2025-10-14 00:24:04.498795,2025-10-14 00:59:04.498795,35,passed,
66aa2a6f-85c0-4b47-b0a4-b8df1f70e882,VAC-1094,CAND-10094,СИСТЕМА,Ожидание назначения интервью,Wait,yes,,2025-10-14 00:59:04.498795,2025-10-15 18:16:04.498795,2477,,
66aa2a6f-85c0-4b47-b0a4-b8df1f70e882,VAC-1094,CAND-10094,ИНТЕРВЬЮЕРЫ,Назначить интервью,User Task,no,Андрей_9,2025-10-15 18:16:04.498795,2025-10-15 18:38:04.498795,22,,
66aa2a6f-85c0-4b47-b0a4-b8df1f70e882,VAC-1094,CAND-10094,СИСТЕМА,Ожидание интервью (раунд 1),Wait,yes,,2025-10-15 18:38:04.498795,2025-10-16 03:07:04.498795,509,,
66aa2a6f-85c0-4b47-b0a4-b8df1f70e882,VAC-1094,CAND-10094,ИНТЕРВЬЮЕРЫ,Интервью (раунд 1),User Task,no,Андрей_1,2025-10-16 03:07:04.498795,2025-10-16 04:14:04.498795,67,passed,
66aa2a6f-85c0-4b47-b0a4-b8df1f70e882,VAC-1094,CAND-10094,СИСТЕМА,Ожидание интервью (раунд 2),Wait,yes,,2025-10-16 04:14:04.498795,2025-10-16 16:29:04.498795,735,,
66aa2a6f-85c0-4b47-b0a4-b8df1f70e882,VAC-1094,CAND-10094,ИНТЕРВЬЮЕРЫ,Интервью (раунд 2),User Task,no,Сергей_4,2025-10-16 16:29:04.498795,2025-10-16 17:18:04.498795,49,passed,
66aa2a6f-85c0-4b47-b0a4-b8df1f70e882,VAC-1094,CAND-10094,СИСТЕМА,Ожидание интервью (раунд 3),Wait,yes,,2025-10-16 17:18:04.498795,2025-10-17 05:58:04.498795,760,,
66aa2a6f-85c0-4b47-b0a4-b8df1f70e882,VAC-1094,CAND-10094,ИНТЕРВЬЮЕРЫ,Интервью (раунд 3),User Task,no,Анна_7,2025-10-17 05:58:04.498795,2025-10-17 07:30:04.498795,92,rejected,культурный профиль
6807f341-01c7-4dec-91ef-783ca4341859,VAC-1164,CAND-10164,РУКОВОДИТЕЛЬ,Создать заявку,User Task,no,Иванов_2,2025-09-13 18:46:04.498795,2025-09-13 19:39:04.498795,53,,
6807f341-01c7-4dec-91ef-783ca4341859,VAC-1164,CAND-10164,СИСТЕМА,Ожидание обработки,Wait,yes,,2025-09-13 19:39:04.498795,2025-09-13 20:00:04.498795,21,,
6807f341-01c7-4dec-91ef-783ca4341859,VAC-1164,CAND-10164,HR,Зарегистрировать в HCM,Service Task,no,Наталья_9,2025-09-13 20:00:04.498795,2025-09-13 20:23:04.498795,23,,
6807f341-01c7-4dec-91ef-783ca4341859,VAC-1164,CAND-10164,РЕКРУТЕР,Разместить вакансию,Task,no,Дмитрий_6,2025-09-13 21:19:04.498795,2025-09-13 23:06:04.498795,107,,
6807f341-01c7-4dec-91ef-783ca4341859,VAC-1164,CAND-10164,РЕКРУТЕР,Собирать резюме,Task,no,Екатерина_5,2025-09-14 00:06:04.498795,2025-09-15 15:04:04.498795,2338,,
6807f341-01c7-4dec-91ef-783ca4341859,VAC-1164,CAND-10164,СИСТЕМА,Ожидание проверки резюме,Wait,yes,,2025-09-15 15:04:04.498795,2025-09-15 22:21:04.498795,437,,
6807f341-01c7-4dec-91ef-783ca4341859,VAC-1164,CAND-10164,РЕКРУТЕР,Скрининг,Task,no,Алексей_1,2025-09-15 22:21:04.498795,2025-09-15 22:37:04.498795,16,passed,
6807f341-01c7-4dec-91ef-783ca4341859,VAC-1164,CAND-10164,СИСТЕМА,Ожидание назначения интервью,Wait,yes,,2025-09-15 22:37:04.498795,2025-09-17 00:33:04.498795,1556,,
6807f341-01c7-4dec-91ef-783ca4341859,VAC-1164,CAND-10164,ИНТЕРВЬЮЕРЫ,Назначить интервью,User Task,no,Анна_4,2025-09-17 00:33:04.498795,2025-09-17 01:13:04.498795,40,,
6807f341-01c7-4dec-91ef-783ca4341859,VAC-1164,CAND-10164,СИСТЕМА,Ожидание интервью (раунд 1),Wait,yes,,2025-09-17 01:13:04.498795,2025-09-17 20:06:04.498795,1133,,
6807f341-01c7-4dec-91ef-783ca4341859,VAC-1164,CAND-10164,ИНТЕРВЬЮЕРЫ,Интервью (раунд 1),User Task,no,Андрей_2,2025-09-17 20:06:04.498795,2025-09-17 21:06:04.498795,60,passed,
6807f341-01c7-4dec-91ef-783ca4341859,VAC-1164,CAND-10164,СИСТЕМА,Ожидание интервью (раунд 2),Wait,yes,,2025-09-17 21:06:04.498795,2025-09-18 19:42:04.498795,1356,,
6807f341-01c7-4dec-91ef-783ca4341859,VAC-1164,CAND-10164,ИНТЕРВЬЮЕРЫ,Интервью (раунд 2),User Task,no,Анна_3,2025-09-18 19:42:04.498795,2025-09-18 20:43:04.498795,61,passed,
6807f341-01c7-4dec-91ef-783ca4341859,VAC-1164,CAND-10164,СИСТЕМА,Ожидание интервью (раунд 3),Wait,yes,,2025-09-18 20:43:04.498795,2025-09-19 20:00:04.498795,1397,,
6807f341-01c7-4dec-91ef-783ca4341859,VAC-1164,CAND-10164,ИНТЕРВЬЮЕРЫ,Интервью (раунд 3),User Task,no,Сергей_5,2025-09-19 20:00:04.498795,2025-09-19 20:59:04.498795,59,rejected,поведенческий
68b1d3c1-02ab-4121-b025-13716774a423,VAC-1015,CAND-10015,РУКОВОДИТЕЛЬ,Создать заявку,User Task,no,Сидоров_3,2025-10-23 13:58:04.498795,2025-10-23 14:09:04.498795,11,,
68b1d3c1-02ab-4121-b025-13716774a423,VAC-1015,CAND-10015,СИСТЕМА,Ожидание обработки,Wait,yes,,2025-10-23 14:09:04.498795,2025-10-23 14:59:04.498795,50,,
68b1d3c1-02ab-4121-b025-13716774a423,VAC-1015,CAND-10015,HR,Зарегистрировать в HCM,Service Task,no,Ольга_2,2025-10-23 14:59:04.498795,2025-10-23 15:13:04.498795,14,,
68b1d3c1-02ab-4121-b025-13716774a423,VAC-1015,CAND-10015,РЕКРУТЕР,Разместить вакансию,Task,no,Дмитрий_5,2025-10-23 18:07:04.498795,2025-10-23 18:54:04.498795,47,,
68b1d3c1-02ab-4121-b025-13716774a423,VAC-1015,CAND-10015,РЕКРУТЕР,Собирать резюме,Task,no,Алексей_2,2025-10-23 19:54:04.498795,2025-10-25 21:04:04.498795,2950,,
68b1d3c1-02ab-4121-b025-13716774a423,VAC-1015,CAND-10015,СИСТЕМА,Ожидание проверки резюме,Wait,yes,,2025-10-25 21:04:04.498795,2025-10-26 02:51:04.498795,347,,
68b1d3c1-02ab-4121-b025-13716774a423,VAC-1015,CAND-10015,РЕКРУТЕР,Скрининг,Task,no,Дмитрий_2,2025-10-26 02:51:04.498795,2025-10-26 03:31:04.498795,40,passed,
68b1d3c1-02ab-4121-b025-13716774a423,VAC-1015,CAND-10015,СИСТЕМА,Ожидание назначения интервью,Wait,yes,,2025-10-26 03:31:04.498795,2025-10-27 14:09:04.498795,2078,,
68b1d3c1-02ab-4121-b025-13716774a423,VAC-1015,CAND-10015,ИНТЕРВЬЮЕРЫ,Назначить интервью,User Task,no,Анна_7,2025-10-27 14:09:04.498795,2025-10-27 14:37:04.498795,28,,
68b1d3c1-02ab-4121-b025-13716774a423,VAC-1015,CAND-10015,СИСТЕМА,Ожидание интервью (раунд 1),Wait,yes,,2025-10-27 14:37:04.498795,2025-10-28 10:49:04.498795,1212,,
68b1d3c1-02ab-4121-b025-13716774a423,VAC-1015,CAND-10015,ИНТЕРВЬЮЕРЫ,Интервью (раунд 1),User Task,no,Анна_4,2025-10-28 10:49:04.498795,2025-10-28 11:59:04.498795,70,passed,
68b1d3c1-02ab-4121-b025-13716774a423,VAC-1015,CAND-10015,СИСТЕМА,Ожидание интервью (раунд 2),Wait,yes,,2025-10-28 11:59:04.498795,2025-10-28 21:43:04.498795,584,,
68b1d3c1-02ab-4121-b025-13716774a423,VAC-1015,CAND-10015,ИНТЕРВЬЮЕРЫ,Интервью (раунд 2),User Task,no,Анна_2,2025-10-28 21:43:04.498795,2025-10-28 23:06:04.498795,83,rejected,культурный профиль
68e0eec9-db96-42f7-8201-90d6f23e99c3,VAC-1013,CAND-10013,РУКОВОДИТЕЛЬ,Создать заявку,User Task,no,Петров_7,2025-09-23 11:08:04.498795,2025-09-23 11:37:04.498795,29,,
68e0eec9-db96-42f7-8201-90d6f23e99c3,VAC-1013,CAND-10013,СИСТЕМА,Ожидание обработки,Wait,yes,,2025-09-23 11:37:04.498795,2025-09-23 13:05:04.498795,88,,
68e0eec9-db96-42f7-8201-90d6f23e99c3,VAC-1013,CAND-10013,HR,Зарегистрировать в HCM,Service Task,no,Марина_9,2025-09-23 13:05:04.498795,2025-09-23 13:38:04.498795,33,,
68e0eec9-db96-42f7-8201-90d6f23e99c3,VAC-1013,CAND-10013,РЕКРУТЕР,Разместить вакансию,Task,no,Алексей_5,2025-09-23 15:04:04.498795,2025-09-23 16:26:04.498795,82,,
68e0eec9-db96-42f7-8201-90d6f23e99c3,VAC-1013,CAND-10013,РЕКРУТЕР,Собирать резюме,Task,no,Дмитрий_1,2025-09-23 17:26:04.498795,2025-09-25 23:11:04.498795,3225,,
68e0eec9-db96-42f7-8201-90d6f23e99c3,VAC-1013,CAND-10013,СИСТЕМА,Ожидание проверки резюме,Wait,yes,,2025-09-25 23:11:04.498795,2025-09-26 08:49:04.498795,578,,
68e0eec9-db96-42f7-8201-90d6f23e99c3,VAC-1013,CAND-10013,РЕКРУТЕР,Скрининг,Task,no,Екатерина_7,2025-09-26 08:49:04.498795,2025-09-26 09:09:04.498795,20,rejected,некорректное резюме
69e1ea47-ed85-44f6-aa6e-0ea3bd42e9df,VAC-1163,CAND-10163,РУКОВОДИТЕЛЬ,Создать заявку,User Task,no,Иванов_6,2025-09-24 13:37:04.498795,2025-09-24 14:20:04.498795,43,,
69e1ea47-ed85-44f6-aa6e-0ea3bd42e9df,VAC-1163,CAND-10163,СИСТЕМА,Ожидание обработки,Wait,yes,,2025-09-24 14:20:04.498795,2025-09-24 14:50:04.498795,30,,
69e1ea47-ed85-44f6-aa6e-0ea3bd42e9df,VAC-1163,CAND-10163,HR,Зарегистрировать в HCM,Service Task,no,Наталья_3,2025-09-24 14:50:04.498795,2025-09-24 15:30:04.498795,40,,
69e1ea47-ed85-44f6-aa6e-0ea3bd42e9df,VAC-1163,CAND-10163,РЕКРУТЕР,Разместить вакансию,Task,no,Дмитрий_7,2025-09-24 18:06:04.498795,2025-09-24 20:02:04.498795,116,,
69e1ea47-ed85-44f6-aa6e-0ea3bd42e9df,VAC-1163,CAND-10163,РЕКРУТЕР,Собирать резюме,Task,no,Екатерина_8,2025-09-24 21:02:04.498795,2025-09-26 13:16:04.498795,2414,,
69e1ea47-ed85-44f6-aa6e-0ea3bd42e9df,VAC-1163,CAND-10163,СИСТЕМА,Ожидание проверки резюме,Wait,yes,,2025-09-26 13:16:04.498795,2025-09-26 19:07:04.498795,351,,
69e1ea47-ed85-44f6-aa6e-0ea3bd42e9df,VAC-1163,CAND-10163,РЕКРУТЕР,Скрининг,Task,no,Екатерина_6,2025-09-26 19:07:04.498795,2025-09-26 19:23:04.498795,16,passed,
69e1ea47-ed85-44f6-aa6e-0ea3bd42e9df,VAC-1163,CAND-10163,СИСТЕМА,Ожидание назначения интервью,Wait,yes,,2025-09-26 19:23:04.498795,2025-09-28 04:24:04.498795,1981,,
69e1ea47-ed85-44f6-aa6e-0ea3bd42e9df,VAC-1163,CAND-10163,ИНТЕРВЬЮЕРЫ,Назначить интервью,User Task,no,Андрей_1,2025-09-28 04:24:04.498795,2025-09-28 04:58:04.498795,34,,
69e1ea47-ed85-44f6-aa6e-0ea3bd42e9df,VAC-1163,CAND-10163,СИСТЕМА,Ожидание интервью (раунд 1),Wait,yes,,2025-09-28 04:58:04.498795,2025-09-28 19:46:04.498795,888,,
69e1ea47-ed85-44f6-aa6e-0ea3bd42e9df,VAC-1163,CAND-10163,ИНТЕРВЬЮЕРЫ,Интервью (раунд 1),User Task,no,Анна_9,2025-09-28 19:46:04.498795,2025-09-28 21:31:04.498795,105,passed,
69e1ea47-ed85-44f6-aa6e-0ea3bd42e9df,VAC-1163,CAND-10163,ИНТЕРВЬЮЕРЫ,Финальное интервью,User Task,no,Сергей_8,2025-09-29 09:30:04.498795,2025-09-29 11:03:04.498795,93,passed,
69e1ea47-ed85-44f6-aa6e-0ea3bd42e9df,VAC-1163,CAND-10163,HR (ОФФЕР),Согласовать условия,User Task,no,Марина_7,2025-09-29 13:10:04.498795,2025-09-29 14:47:04.498795,97,,
69e1ea47-ed85-44f6-aa6e-0ea3bd42e9df,VAC-1163,CAND-10163,HR (ОФФЕР),Сгенерировать оффер,Service Task,no,Ольга_8,2025-09-29 15:07:04.498795,2025-09-29 15:12:04.498795,5,,
69e1ea47-ed85-44f6-aa6e-0ea3bd42e9df,VAC-1163,CAND-10163,HR (ОФФЕР),Отправить оффер,Send Task,no,Ольга_6,2025-09-29 15:17:04.498795,2025-09-29 15:27:04.498795,10,sent,
69e1ea47-ed85-44f6-aa6e-0ea3bd42e9df,VAC-1163,CAND-10163,HR (ОФФЕР),Ожидание ответа (3д),Timer,yes,,2025-09-29 15:27:04.498795,2025-10-02 15:27:04.498795,4320,timer_elapsed,
69e1ea47-ed85-44f6-aa6e-0ea3bd42e9df,VAC-1163,CAND-10163,SECURITY,Background Check,Call Activity,no,Служба_БД_9,2025-10-02 18:27:04.498795,2025-10-05 00:03:04.498795,3216,report_ready,
69e1ea47-ed85-44f6-aa6e-0ea3bd42e9df,VAC-1163,CAND-10163,IT,Выдача оборудования,Task,no,IT_Specialist_5,2025-10-05 01:03:04.498795,2025-10-05 03:51:04.498795,168,,
69e1ea47-ed85-44f6-aa6e-0ea3bd42e9df,VAC-1163,CAND-10163,IT,Создать доступы,Task,no,IT_Specialist_5,2025-10-05 04:21:04.498795,2025-10-05 05:33:04.498795,72,,
69e1ea47-ed85-44f6-aa6e-0ea3bd42e9df,VAC-1163,CAND-10163,IT,Вводное обучение,Service Task,no,Ольга_7,2025-10-05 07:33:04.498795,2025-10-05 11:23:04.498795,230,,
69e1ea47-ed85-44f6-aa6e-0ea3bd42e9df,VAC-1163,CAND-10163,HR,Назначить ментора,Task,no,Марина_4,2025-10-05 12:23:04.498795,2025-10-05 13:22:04.498795,59,,
69e1ea47-ed85-44f6-aa6e-0ea3bd42e9df,VAC-1163,CAND-10163,HR,Уведомить всех,Message,no,system,2025-10-05 13:42:04.498795,2025-10-05 13:47:04.498795,5,notified,
69e1ea47-ed85-44f6-aa6e-0ea3bd42e9df,VAC-1163,CAND-10163,HR,Обновить HCM,Service Task,no,Марина_4,2025-10-05 14:17:04.498795,2025-10-05 14:37:04.498795,20,,
69e1ea47-ed85-44f6-aa6e-0ea3bd42e9df,VAC-1163,CAND-10163,HR,Payroll,Service Task,no,Марина_6,2025-10-05 15:07:04.498795,2025-10-05 15:27:04.498795,20,,
69e1ea47-ed85-44f6-aa6e-0ea3bd42e9df,VAC-1163,CAND-10163,HR,Закрыть вакансию,Service Task,no,Марина_3,2025-10-05 15:47:04.498795,2025-10-05 15:52:04.498795,5,,
6a4e4fdd-4eee-4fd7-b6af-b883526f711e,VAC-1131,CAND-10131,РУКОВОДИТЕЛЬ,Создать заявку,User Task,no,Петров_4,2025-08-29 21:45:04.498795,2025-08-29 22:19:04.498795,34,,
6a4e4fdd-4eee-4fd7-b6af-b883526f711e,VAC-1131,CAND-10131,СИСТЕМА,Ожидание обработки,Wait,yes,,2025-08-29 22:19:04.498795,2025-08-29 23:10:04.498795,51,,
6a4e4fdd-4eee-4fd7-b6af-b883526f711e,VAC-1131,CAND-10131,HR,Зарегистрировать в HCM,Service Task,no,Ольга_8,2025-08-29 23:10:04.498795,2025-08-29 23:43:04.498795,33,,
6a4e4fdd-4eee-4fd7-b6af-b883526f711e,VAC-1131,CAND-10131,РЕКРУТЕР,Разместить вакансию,Task,no,Екатерина_3,2025-08-30 00:45:04.498795,2025-08-30 01:21:04.498795,36,,
6a4e4fdd-4eee-4fd7-b6af-b883526f711e,VAC-1131,CAND-10131,РЕКРУТЕР,Собирать резюме,Task,no,Алексей_6,2025-08-30 02:21:04.498795,2025-08-31 04:18:04.498795,1557,,
6a4e4fdd-4eee-4fd7-b6af-b883526f711e,VAC-1131,CAND-10131,СИСТЕМА,Ожидание проверки резюме,Wait,yes,,2025-08-31 04:18:04.498795,2025-08-31 12:51:04.498795,513,,
6a4e4fdd-4eee-4fd7-b6af-b883526f711e,VAC-1131,CAND-10131,РЕКРУТЕР,Скрининг,Task,no,Дмитрий_8,2025-08-31 12:51:04.498795,2025-08-31 13:28:04.498795,37,rejected,не прошёл тест
6a7cb89f-138a-4b50-b76a-e2de4bcf9d49,VAC-1042,CAND-10042,РУКОВОДИТЕЛЬ,Создать заявку,User Task,no,Сидоров_3,2025-08-29 13:03:04.498795,2025-08-29 13:41:04.498795,38,,
6a7cb89f-138a-4b50-b76a-e2de4bcf9d49,VAC-1042,CAND-10042,СИСТЕМА,Ожидание обработки,Wait,yes,,2025-08-29 13:41:04.498795,2025-08-29 14:56:04.498795,75,,
6a7cb89f-138a-4b50-b76a-e2de4bcf9d49,VAC-1042,CAND-10042,HR,Зарегистрировать в HCM,Service Task,no,Наталья_8,2025-08-29 14:56:04.498795,2025-08-29 15:08:04.498795,12,,
6a7cb89f-138a-4b50-b76a-e2de4bcf9d49,VAC-1042,CAND-10042,РЕКРУТЕР,Разместить вакансию,Task,no,Дмитрий_1,2025-08-29 17:07:04.498795,2025-08-29 17:30:04.498795,23,,
6a7cb89f-138a-4b50-b76a-e2de4bcf9d49,VAC-1042,CAND-10042,РЕКРУТЕР,Собирать резюме,Task,no,Екатерина_6,2025-08-29 18:30:04.498795,2025-08-31 21:33:04.498795,3063,,
6a7cb89f-138a-4b50-b76a-e2de4bcf9d49,VAC-1042,CAND-10042,СИСТЕМА,Ожидание проверки резюме,Wait,yes,,2025-08-31 21:33:04.498795,2025-09-01 04:34:04.498795,421,,
6a7cb89f-138a-4b50-b76a-e2de4bcf9d49,VAC-1042,CAND-10042,РЕКРУТЕР,Скрининг,Task,no,Алексей_6,2025-09-01 04:34:04.498795,2025-09-01 04:56:04.498795,22,passed,
6a7cb89f-138a-4b50-b76a-e2de4bcf9d49,VAC-1042,CAND-10042,СИСТЕМА,Ожидание назначения интервью,Wait,yes,,2025-09-01 04:56:04.498795,2025-09-02 15:48:04.498795,2092,,
6a7cb89f-138a-4b50-b76a-e2de4bcf9d49,VAC-1042,CAND-10042,ИНТЕРВЬЮЕРЫ,Назначить интервью,User Task,no,Андрей_6,2025-09-02 15:48:04.498795,2025-09-02 16:27:04.498795,39,,
6a7cb89f-138a-4b50-b76a-e2de4bcf9d49,VAC-1042,CAND-10042,СИСТЕМА,Ожидание интервью (раунд 1),Wait,yes,,2025-09-02 16:27:04.498795,2025-09-03 02:47:04.498795,620,,
6a7cb89f-138a-4b50-b76a-e2de4bcf9d49,VAC-1042,CAND-10042,ИНТЕРВЬЮЕРЫ,Интервью (раунд 1),User Task,no,Сергей_3,2025-09-03 02:47:04.498795,2025-09-03 03:36:04.498795,49,passed,
6a7cb89f-138a-4b50-b76a-e2de4bcf9d49,VAC-1042,CAND-10042,СИСТЕМА,Ожидание интервью (раунд 2),Wait,yes,,2025-09-03 03:36:04.498795,2025-09-04 00:33:04.498795,1257,,
6a7cb89f-138a-4b50-b76a-e2de4bcf9d49,VAC-1042,CAND-10042,ИНТЕРВЬЮЕРЫ,Интервью (раунд 2),User Task,no,Андрей_2,2025-09-04 00:33:04.498795,2025-09-04 02:18:04.498795,105,passed,
6a7cb89f-138a-4b50-b76a-e2de4bcf9d49,VAC-1042,CAND-10042,СИСТЕМА,Ожидание интервью (раунд 3),Wait,yes,,2025-09-04 02:18:04.498795,2025-09-04 10:37:04.498795,499,,
6a7cb89f-138a-4b50-b76a-e2de4bcf9d49,VAC-1042,CAND-10042,ИНТЕРВЬЮЕРЫ,Интервью (раунд 3),User Task,no,Андрей_9,2025-09-04 10:37:04.498795,2025-09-04 11:54:04.498795,77,passed,
6a7cb89f-138a-4b50-b76a-e2de4bcf9d49,VAC-1042,CAND-10042,ИНТЕРВЬЮЕРЫ,Финальное интервью,User Task,no,Сергей_4,2025-09-05 08:18:04.498795,2025-09-05 10:10:04.498795,112,passed,
6a7cb89f-138a-4b50-b76a-e2de4bcf9d49,VAC-1042,CAND-10042,HR (ОФФЕР),Согласовать условия,User Task,no,Наталья_4,2025-09-05 12:27:04.498795,2025-09-05 13:58:04.498795,91,,
6a7cb89f-138a-4b50-b76a-e2de4bcf9d49,VAC-1042,CAND-10042,HR (ОФФЕР),Сгенерировать оффер,Service Task,no,Марина_8,2025-09-05 14:18:04.498795,2025-09-05 14:36:04.498795,18,,
6a7cb89f-138a-4b50-b76a-e2de4bcf9d49,VAC-1042,CAND-10042,HR (ОФФЕР),Отправить оффер,Send Task,no,Наталья_2,2025-09-05 14:41:04.498795,2025-09-05 14:51:04.498795,10,sent,
6a7cb89f-138a-4b50-b76a-e2de4bcf9d49,VAC-1042,CAND-10042,HR (ОФФЕР),Ожидание ответа (2д),Timer,yes,,2025-09-05 14:51:04.498795,2025-09-07 14:51:04.498795,2880,timer_elapsed,
6a7cb89f-138a-4b50-b76a-e2de4bcf9d49,VAC-1042,CAND-10042,SECURITY,Background Check,Call Activity,no,Служба_БД_3,2025-09-07 17:51:04.498795,2025-09-09 20:05:04.498795,3014,report_ready,
6a7cb89f-138a-4b50-b76a-e2de4bcf9d49,VAC-1042,CAND-10042,IT,Выдача оборудования,Task,no,IT_Specialist_4,2025-09-09 21:05:04.498795,2025-09-09 22:05:04.498795,60,,
6a7cb89f-138a-4b50-b76a-e2de4bcf9d49,VAC-1042,CAND-10042,IT,Создать доступы,Task,no,IT_Specialist_3,2025-09-09 22:35:04.498795,2025-09-10 00:18:04.498795,103,,
6a7cb89f-138a-4b50-b76a-e2de4bcf9d49,VAC-1042,CAND-10042,IT,Вводное обучение,Service Task,no,Марина_6,2025-09-10 02:18:04.498795,2025-09-10 06:01:04.498795,223,,
6a7cb89f-138a-4b50-b76a-e2de4bcf9d49,VAC-1042,CAND-10042,HR,Назначить ментора,Task,no,Марина_9,2025-09-10 07:01:04.498795,2025-09-10 07:35:04.498795,34,,
6a7cb89f-138a-4b50-b76a-e2de4bcf9d49,VAC-1042,CAND-10042,HR,Уведомить всех,Message,no,system,2025-09-10 07:55:04.498795,2025-09-10 08:00:04.498795,5,notified,
6a7cb89f-138a-4b50-b76a-e2de4bcf9d49,VAC-1042,CAND-10042,HR,Обновить HCM,Service Task,no,Марина_9,2025-09-10 08:30:04.498795,2025-09-10 08:50:04.498795,20,,
6a7cb89f-138a-4b50-b76a-e2de4bcf9d49,VAC-1042,CAND-10042,HR,Payroll,Service Task,no,Марина_1,2025-09-10 09:20:04.498795,2025-09-10 09:40:04.498795,20,,
6a7cb89f-138a-4b50-b76a-e2de4bcf9d49,VAC-1042,CAND-10042,HR,Закрыть вакансию,Service Task,no,Ольга_8,2025-09-10 10:00:04.498795,2025-09-10 10:05:04.498795,5,,
6cc0da47-edf7-48b0-a183-71447a9efe23,VAC-1078,CAND-10078,РУКОВОДИТЕЛЬ,Создать заявку,User Task,no,Сидоров_3,2025-09-16 14:51:04.498795,2025-09-16 15:24:04.498795,33,,
6cc0da47-edf7-48b0-a183-71447a9efe23,VAC-1078,CAND-10078,СИСТЕМА,Ожидание обработки,Wait,yes,,2025-09-16 15:24:04.498795,2025-09-16 15:50:04.498795,26,,
6cc0da47-edf7-48b0-a183-71447a9efe23,VAC-1078,CAND-10078,HR,Зарегистрировать в HCM,Service Task,no,Марина_5,2025-09-16 15:50:04.498795,2025-09-16 16:12:04.498795,22,,
6cc0da47-edf7-48b0-a183-71447a9efe23,VAC-1078,CAND-10078,РЕКРУТЕР,Разместить вакансию,Task,no,Екатерина_2,2025-09-16 17:41:04.498795,2025-09-16 18:55:04.498795,74,,
6cc0da47-edf7-48b0-a183-71447a9efe23,VAC-1078,CAND-10078,РЕКРУТЕР,Собирать резюме,Task,no,Алексей_4,2025-09-16 19:55:04.498795,2025-09-18 02:24:04.498795,1829,,
6cc0da47-edf7-48b0-a183-71447a9efe23,VAC-1078,CAND-10078,СИСТЕМА,Ожидание проверки резюме,Wait,yes,,2025-09-18 02:24:04.498795,2025-09-18 13:32:04.498795,668,,
6cc0da47-edf7-48b0-a183-71447a9efe23,VAC-1078,CAND-10078,РЕКРУТЕР,Скрининг,Task,no,Алексей_4,2025-09-18 13:32:04.498795,2025-09-18 13:44:04.498795,12,passed,
6cc0da47-edf7-48b0-a183-71447a9efe23,VAC-1078,CAND-10078,СИСТЕМА,Ожидание назначения интервью,Wait,yes,,2025-09-18 13:44:04.498795,2025-09-20 04:55:04.498795,2351,,
6cc0da47-edf7-48b0-a183-71447a9efe23,VAC-1078,CAND-10078,ИНТЕРВЬЮЕРЫ,Назначить интервью,User Task,no,Андрей_6,2025-09-20 04:55:04.498795,2025-09-20 05:05:04.498795,10,,
6cc0da47-edf7-48b0-a183-71447a9efe23,VAC-1078,CAND-10078,СИСТЕМА,Ожидание интервью (раунд 1),Wait,yes,,2025-09-20 05:05:04.498795,2025-09-21 03:45:04.498795,1360,,
6cc0da47-edf7-48b0-a183-71447a9efe23,VAC-1078,CAND-10078,ИНТЕРВЬЮЕРЫ,Интервью (раунд 1),User Task,no,Сергей_2,2025-09-21 03:45:04.498795,2025-09-21 05:24:04.498795,99,passed,
6cc0da47-edf7-48b0-a183-71447a9efe23,VAC-1078,CAND-10078,СИСТЕМА,Ожидание интервью (раунд 2),Wait,yes,,2025-09-21 05:24:04.498795,2025-09-21 17:18:04.498795,714,,
6cc0da47-edf7-48b0-a183-71447a9efe23,VAC-1078,CAND-10078,ИНТЕРВЬЮЕРЫ,Интервью (раунд 2),User Task,no,Андрей_2,2025-09-21 17:18:04.498795,2025-09-21 18:52:04.498795,94,passed,
6cc0da47-edf7-48b0-a183-71447a9efe23,VAC-1078,CAND-10078,СИСТЕМА,Ожидание интервью (раунд 3),Wait,yes,,2025-09-21 18:52:04.498795,2025-09-22 08:12:04.498795,800,,
6cc0da47-edf7-48b0-a183-71447a9efe23,VAC-1078,CAND-10078,ИНТЕРВЬЮЕРЫ,Интервью (раунд 3),User Task,no,Андрей_7,2025-09-22 08:12:04.498795,2025-09-22 09:44:04.498795,92,rejected,недостаточно навыков
6d3976e1-dc5f-421c-a9dc-4d1f09d10581,VAC-1150,CAND-10150,РУКОВОДИТЕЛЬ,Создать заявку,User Task,no,Иванов_8,2025-09-04 18:23:04.498795,2025-09-04 19:18:04.498795,55,,
6d3976e1-dc5f-421c-a9dc-4d1f09d10581,VAC-1150,CAND-10150,СИСТЕМА,Ожидание обработки,Wait,yes,,2025-09-04 19:18:04.498795,2025-09-04 19:49:04.498795,31,,
6d3976e1-dc5f-421c-a9dc-4d1f09d10581,VAC-1150,CAND-10150,HR,Зарегистрировать в HCM,Service Task,no,Ольга_3,2025-09-04 19:49:04.498795,2025-09-04 20:07:04.498795,18,,
6d3976e1-dc5f-421c-a9dc-4d1f09d10581,VAC-1150,CAND-10150,РЕКРУТЕР,Разместить вакансию,Task,no,Алексей_8,2025-09-04 21:08:04.498795,2025-09-04 21:39:04.498795,31,,
6d3976e1-dc5f-421c-a9dc-4d1f09d10581,VAC-1150,CAND-10150,РЕКРУТЕР,Собирать резюме,Task,no,Дмитрий_2,2025-09-04 22:39:04.498795,2025-09-07 17:56:04.498795,4037,,
6d3976e1-dc5f-421c-a9dc-4d1f09d10581,VAC-1150,CAND-10150,СИСТЕМА,Ожидание проверки резюме,Wait,yes,,2025-09-07 17:56:04.498795,2025-09-08 05:52:04.498795,716,,
6d3976e1-dc5f-421c-a9dc-4d1f09d10581,VAC-1150,CAND-10150,РЕКРУТЕР,Скрининг,Task,no,Дмитрий_9,2025-09-08 05:52:04.498795,2025-09-08 06:24:04.498795,32,passed,
6d3976e1-dc5f-421c-a9dc-4d1f09d10581,VAC-1150,CAND-10150,СИСТЕМА,Ожидание назначения интервью,Wait,yes,,2025-09-08 06:24:04.498795,2025-09-09 11:51:04.498795,1767,,
6d3976e1-dc5f-421c-a9dc-4d1f09d10581,VAC-1150,CAND-10150,ИНТЕРВЬЮЕРЫ,Назначить интервью,User Task,no,Анна_7,2025-09-09 11:51:04.498795,2025-09-09 12:13:04.498795,22,,
6d3976e1-dc5f-421c-a9dc-4d1f09d10581,VAC-1150,CAND-10150,СИСТЕМА,Ожидание интервью (раунд 1),Wait,yes,,2025-09-09 12:13:04.498795,2025-09-09 23:07:04.498795,654,,
6d3976e1-dc5f-421c-a9dc-4d1f09d10581,VAC-1150,CAND-10150,ИНТЕРВЬЮЕРЫ,Интервью (раунд 1),User Task,no,Анна_3,2025-09-09 23:07:04.498795,2025-09-10 00:34:04.498795,87,passed,
6d3976e1-dc5f-421c-a9dc-4d1f09d10581,VAC-1150,CAND-10150,ИНТЕРВЬЮЕРЫ,Финальное интервью,User Task,no,Анна_1,2025-09-10 11:20:04.498795,2025-09-10 12:23:04.498795,63,passed,
6d3976e1-dc5f-421c-a9dc-4d1f09d10581,VAC-1150,CAND-10150,HR (ОФФЕР),Согласовать условия,User Task,no,Ольга_8,2025-09-10 15:10:04.498795,2025-09-10 17:28:04.498795,138,,
6d3976e1-dc5f-421c-a9dc-4d1f09d10581,VAC-1150,CAND-10150,HR (ОФФЕР),Сгенерировать оффер,Service Task,no,Марина_3,2025-09-10 17:48:04.498795,2025-09-10 18:02:04.498795,14,,
6d3976e1-dc5f-421c-a9dc-4d1f09d10581,VAC-1150,CAND-10150,HR (ОФФЕР),Отправить оффер,Send Task,no,Наталья_3,2025-09-10 18:07:04.498795,2025-09-10 18:17:04.498795,10,sent,
6d3976e1-dc5f-421c-a9dc-4d1f09d10581,VAC-1150,CAND-10150,HR (ОФФЕР),Ожидание ответа (1д),Timer,yes,,2025-09-10 18:17:04.498795,2025-09-11 18:17:04.498795,1440,timer_elapsed,
6d3976e1-dc5f-421c-a9dc-4d1f09d10581,VAC-1150,CAND-10150,SECURITY,Background Check,Call Activity,no,Служба_БД_8,2025-09-11 21:17:04.498795,2025-09-15 07:50:04.498795,4953,report_ready,
6d3976e1-dc5f-421c-a9dc-4d1f09d10581,VAC-1150,CAND-10150,IT,Выдача оборудования,Task,no,IT_Specialist_8,2025-09-15 08:50:04.498795,2025-09-15 10:53:04.498795,123,,
6d3976e1-dc5f-421c-a9dc-4d1f09d10581,VAC-1150,CAND-10150,IT,Создать доступы,Task,no,IT_Specialist_8,2025-09-15 11:23:04.498795,2025-09-15 12:23:04.498795,60,,
6d3976e1-dc5f-421c-a9dc-4d1f09d10581,VAC-1150,CAND-10150,IT,Вводное обучение,Service Task,no,Ольга_8,2025-09-15 14:23:04.498795,2025-09-15 21:15:04.498795,412,,
6d3976e1-dc5f-421c-a9dc-4d1f09d10581,VAC-1150,CAND-10150,HR,Назначить ментора,Task,no,Марина_1,2025-09-15 22:15:04.498795,2025-09-15 22:50:04.498795,35,,
6d3976e1-dc5f-421c-a9dc-4d1f09d10581,VAC-1150,CAND-10150,HR,Уведомить всех,Message,no,system,2025-09-15 23:10:04.498795,2025-09-15 23:15:04.498795,5,notified,
6d3976e1-dc5f-421c-a9dc-4d1f09d10581,VAC-1150,CAND-10150,HR,Обновить HCM,Service Task,no,Наталья_9,2025-09-15 23:45:04.498795,2025-09-16 00:05:04.498795,20,,
6d3976e1-dc5f-421c-a9dc-4d1f09d10581,VAC-1150,CAND-10150,HR,Payroll,Service Task,no,Ольга_9,2025-09-16 00:35:04.498795,2025-09-16 00:55:04.498795,20,,
6d3976e1-dc5f-421c-a9dc-4d1f09d10581,VAC-1150,CAND-10150,HR,Закрыть вакансию,Service Task,no,Наталья_1,2025-09-16 01:15:04.498795,2025-09-16 01:20:04.498795,5,,
6e930742-fe9e-4507-8cb2-29869d7e0ab7,VAC-1193,CAND-10193,РУКОВОДИТЕЛЬ,Создать заявку,User Task,no,Петров_7,2025-08-25 19:06:04.498795,2025-08-25 19:18:04.498795,12,,
6e930742-fe9e-4507-8cb2-29869d7e0ab7,VAC-1193,CAND-10193,СИСТЕМА,Ожидание обработки,Wait,yes,,2025-08-25 19:18:04.498795,2025-08-25 20:50:04.498795,92,,
6e930742-fe9e-4507-8cb2-29869d7e0ab7,VAC-1193,CAND-10193,HR,Зарегистрировать в HCM,Service Task,no,Ольга_5,2025-08-25 20:50:04.498795,2025-08-25 21:16:04.498795,26,,
6e930742-fe9e-4507-8cb2-29869d7e0ab7,VAC-1193,CAND-10193,РЕКРУТЕР,Разместить вакансию,Task,no,Дмитрий_1,2025-08-25 21:51:04.498795,2025-08-25 23:40:04.498795,109,,
6e930742-fe9e-4507-8cb2-29869d7e0ab7,VAC-1193,CAND-10193,РЕКРУТЕР,Собирать резюме,Task,no,Дмитрий_7,2025-08-26 00:40:04.498795,2025-08-27 22:16:04.498795,2736,,
6e930742-fe9e-4507-8cb2-29869d7e0ab7,VAC-1193,CAND-10193,СИСТЕМА,Ожидание проверки резюме,Wait,yes,,2025-08-27 22:16:04.498795,2025-08-28 06:46:04.498795,510,,
6e930742-fe9e-4507-8cb2-29869d7e0ab7,VAC-1193,CAND-10193,РЕКРУТЕР,Скрининг,Task,no,Алексей_8,2025-08-28 06:46:04.498795,2025-08-28 07:14:04.498795,28,passed,
6e930742-fe9e-4507-8cb2-29869d7e0ab7,VAC-1193,CAND-10193,СИСТЕМА,Ожидание назначения интервью,Wait,yes,,2025-08-28 07:14:04.498795,2025-08-30 06:16:04.498795,2822,,
6e930742-fe9e-4507-8cb2-29869d7e0ab7,VAC-1193,CAND-10193,ИНТЕРВЬЮЕРЫ,Назначить интервью,User Task,no,Сергей_8,2025-08-30 06:16:04.498795,2025-08-30 06:32:04.498795,16,,
6e930742-fe9e-4507-8cb2-29869d7e0ab7,VAC-1193,CAND-10193,СИСТЕМА,Ожидание интервью (раунд 1),Wait,yes,,2025-08-30 06:32:04.498795,2025-08-31 03:35:04.498795,1263,,
6e930742-fe9e-4507-8cb2-29869d7e0ab7,VAC-1193,CAND-10193,ИНТЕРВЬЮЕРЫ,Интервью (раунд 1),User Task,no,Сергей_6,2025-08-31 03:35:04.498795,2025-08-31 05:03:04.498795,88,passed,
6e930742-fe9e-4507-8cb2-29869d7e0ab7,VAC-1193,CAND-10193,СИСТЕМА,Ожидание интервью (раунд 2),Wait,yes,,2025-08-31 05:03:04.498795,2025-08-31 20:29:04.498795,926,,
6e930742-fe9e-4507-8cb2-29869d7e0ab7,VAC-1193,CAND-10193,ИНТЕРВЬЮЕРЫ,Интервью (раунд 2),User Task,no,Андрей_9,2025-08-31 20:29:04.498795,2025-08-31 21:39:04.498795,70,passed,
6e930742-fe9e-4507-8cb2-29869d7e0ab7,VAC-1193,CAND-10193,ИНТЕРВЬЮЕРЫ,Финальное интервью,User Task,no,Сергей_7,2025-09-01 09:18:04.498795,2025-09-01 10:39:04.498795,81,passed,
6e930742-fe9e-4507-8cb2-29869d7e0ab7,VAC-1193,CAND-10193,HR (ОФФЕР),Согласовать условия,User Task,no,Марина_2,2025-09-01 15:04:04.498795,2025-09-01 17:01:04.498795,117,,
6e930742-fe9e-4507-8cb2-29869d7e0ab7,VAC-1193,CAND-10193,HR (ОФФЕР),Сгенерировать оффер,Service Task,no,Марина_2,2025-09-01 17:21:04.498795,2025-09-01 17:48:04.498795,27,,
6e930742-fe9e-4507-8cb2-29869d7e0ab7,VAC-1193,CAND-10193,HR (ОФФЕР),Отправить оффер,Send Task,no,Марина_6,2025-09-01 17:53:04.498795,2025-09-01 18:03:04.498795,10,sent,
6e930742-fe9e-4507-8cb2-29869d7e0ab7,VAC-1193,CAND-10193,HR (ОФФЕР),Ожидание ответа (2д),Timer,yes,,2025-09-01 18:03:04.498795,2025-09-03 18:03:04.498795,2880,timer_elapsed,
6e930742-fe9e-4507-8cb2-29869d7e0ab7,VAC-1193,CAND-10193,SECURITY,Background Check,Call Activity,no,Служба_БД_4,2025-09-03 21:03:04.498795,2025-09-08 13:56:04.498795,6773,report_ready,
6e930742-fe9e-4507-8cb2-29869d7e0ab7,VAC-1193,CAND-10193,IT,Выдача оборудования,Task,no,IT_Specialist_9,2025-09-08 14:56:04.498795,2025-09-08 16:05:04.498795,69,,
6e930742-fe9e-4507-8cb2-29869d7e0ab7,VAC-1193,CAND-10193,IT,Создать доступы,Task,no,IT_Specialist_9,2025-09-08 16:35:04.498795,2025-09-08 17:43:04.498795,68,,
6e930742-fe9e-4507-8cb2-29869d7e0ab7,VAC-1193,CAND-10193,IT,Вводное обучение,Service Task,no,Наталья_7,2025-09-08 19:43:04.498795,2025-09-09 01:23:04.498795,340,,
6e930742-fe9e-4507-8cb2-29869d7e0ab7,VAC-1193,CAND-10193,HR,Назначить ментора,Task,no,Ольга_9,2025-09-09 02:23:04.498795,2025-09-09 03:18:04.498795,55,,
6e930742-fe9e-4507-8cb2-29869d7e0ab7,VAC-1193,CAND-10193,HR,Уведомить всех,Message,no,system,2025-09-09 03:38:04.498795,2025-09-09 03:43:04.498795,5,notified,
6e930742-fe9e-4507-8cb2-29869d7e0ab7,VAC-1193,CAND-10193,HR,Обновить HCM,Service Task,no,Ольга_9,2025-09-09 04:13:04.498795,2025-09-09 04:33:04.498795,20,,
6e930742-fe9e-4507-8cb2-29869d7e0ab7,VAC-1193,CAND-10193,HR,Payroll,Service Task,no,Наталья_1,2025-09-09 05:03:04.498795,2025-09-09 05:23:04.498795,20,,
6e930742-fe9e-4507-8cb2-29869d7e0ab7,VAC-1193,CAND-10193,HR,Закрыть вакансию,Service Task,no,Марина_9,2025-09-09 05:43:04.498795,2025-09-09 05:48:04.498795,5,,
6f27f261-34d1-4c55-ac52-66e4700f61a0,VAC-1092,CAND-10092,РУКОВОДИТЕЛЬ,Создать заявку,User Task,no,Петров_2,2025-09-06 13:54:04.498795,2025-09-06 14:06:04.498795,12,,
6f27f261-34d1-4c55-ac52-66e4700f61a0,VAC-1092,CAND-10092,СИСТЕМА,Ожидание обработки,Wait,yes,,2025-09-06 14:06:04.498795,2025-09-06 15:53:04.498795,107,,
6f27f261-34d1-4c55-ac52-66e4700f61a0,VAC-1092,CAND-10092,HR,Зарегистрировать в HCM,Service Task,no,Наталья_3,2025-09-06 15:53:04.498795,2025-09-06 16:16:04.498795,23,,
6f27f261-34d1-4c55-ac52-66e4700f61a0,VAC-1092,CAND-10092,РЕКРУТЕР,Разместить вакансию,Task,no,Екатерина_2,2025-09-06 17:52:04.498795,2025-09-06 18:52:04.498795,60,,
6f27f261-34d1-4c55-ac52-66e4700f61a0,VAC-1092,CAND-10092,РЕКРУТЕР,Собирать резюме,Task,no,Дмитрий_9,2025-09-06 19:52:04.498795,2025-09-08 01:48:04.498795,1796,,
6f27f261-34d1-4c55-ac52-66e4700f61a0,VAC-1092,CAND-10092,СИСТЕМА,Ожидание проверки резюме,Wait,yes,,2025-09-08 01:48:04.498795,2025-09-08 11:34:04.498795,586,,
6f27f261-34d1-4c55-ac52-66e4700f61a0,VAC-1092,CAND-10092,РЕКРУТЕР,Скрининг,Task,no,Дмитрий_5,2025-09-08 11:34:04.498795,2025-09-08 12:01:04.498795,27,passed,
6f27f261-34d1-4c55-ac52-66e4700f61a0,VAC-1092,CAND-10092,СИСТЕМА,Ожидание назначения интервью,Wait,yes,,2025-09-08 12:01:04.498795,2025-09-09 12:26:04.498795,1465,,
6f27f261-34d1-4c55-ac52-66e4700f61a0,VAC-1092,CAND-10092,ИНТЕРВЬЮЕРЫ,Назначить интервью,User Task,no,Анна_9,2025-09-09 12:26:04.498795,2025-09-09 13:01:04.498795,35,,
6f27f261-34d1-4c55-ac52-66e4700f61a0,VAC-1092,CAND-10092,СИСТЕМА,Ожидание интервью (раунд 1),Wait,yes,,2025-09-09 13:01:04.498795,2025-09-09 22:56:04.498795,595,,
6f27f261-34d1-4c55-ac52-66e4700f61a0,VAC-1092,CAND-10092,ИНТЕРВЬЮЕРЫ,Интервью (раунд 1),User Task,no,Анна_2,2025-09-09 22:56:04.498795,2025-09-10 00:34:04.498795,98,passed,
6f27f261-34d1-4c55-ac52-66e4700f61a0,VAC-1092,CAND-10092,СИСТЕМА,Ожидание интервью (раунд 2),Wait,yes,,2025-09-10 00:34:04.498795,2025-09-11 00:21:04.498795,1427,,
6f27f261-34d1-4c55-ac52-66e4700f61a0,VAC-1092,CAND-10092,ИНТЕРВЬЮЕРЫ,Интервью (раунд 2),User Task,no,Андрей_5,2025-09-11 00:21:04.498795,2025-09-11 01:19:04.498795,58,passed,
6f27f261-34d1-4c55-ac52-66e4700f61a0,VAC-1092,CAND-10092,СИСТЕМА,Ожидание интервью (раунд 3),Wait,yes,,2025-09-11 01:19:04.498795,2025-09-12 00:07:04.498795,1368,,
6f27f261-34d1-4c55-ac52-66e4700f61a0,VAC-1092,CAND-10092,ИНТЕРВЬЮЕРЫ,Интервью (раунд 3),User Task,no,Сергей_5,2025-09-12 00:07:04.498795,2025-09-12 02:00:04.498795,113,rejected,поведенческий
7108d8af-ce5b-48cd-9f81-e1771e95ec04,VAC-1177,CAND-10177,РУКОВОДИТЕЛЬ,Создать заявку,User Task,no,Иванов_2,2025-10-14 11:58:04.498795,2025-10-14 12:37:04.498795,39,,
7108d8af-ce5b-48cd-9f81-e1771e95ec04,VAC-1177,CAND-10177,СИСТЕМА,Ожидание обработки,Wait,yes,,2025-10-14 12:37:04.498795,2025-10-14 13:47:04.498795,70,,
7108d8af-ce5b-48cd-9f81-e1771e95ec04,VAC-1177,CAND-10177,HR,Зарегистрировать в HCM,Service Task,no,Наталья_5,2025-10-14 13:47:04.498795,2025-10-14 14:25:04.498795,38,,
7108d8af-ce5b-48cd-9f81-e1771e95ec04,VAC-1177,CAND-10177,РЕКРУТЕР,Разместить вакансию,Task,no,Алексей_5,2025-10-14 15:14:04.498795,2025-10-14 15:47:04.498795,33,,
7108d8af-ce5b-48cd-9f81-e1771e95ec04,VAC-1177,CAND-10177,РЕКРУТЕР,Собирать резюме,Task,no,Екатерина_3,2025-10-14 16:47:04.498795,2025-10-16 00:25:04.498795,1898,,
7108d8af-ce5b-48cd-9f81-e1771e95ec04,VAC-1177,CAND-10177,СИСТЕМА,Ожидание проверки резюме,Wait,yes,,2025-10-16 00:25:04.498795,2025-10-16 11:53:04.498795,688,,
7108d8af-ce5b-48cd-9f81-e1771e95ec04,VAC-1177,CAND-10177,РЕКРУТЕР,Скрининг,Task,no,Алексей_9,2025-10-16 11:53:04.498795,2025-10-16 12:07:04.498795,14,rejected,не соотв. опыту
721237c6-b53d-445a-8b91-fed2ce41a11a,VAC-1183,CAND-10183,РУКОВОДИТЕЛЬ,Создать заявку,User Task,no,Петров_5,2025-10-11 13:20:04.498795,2025-10-11 13:50:04.498795,30,,
721237c6-b53d-445a-8b91-fed2ce41a11a,VAC-1183,CAND-10183,СИСТЕМА,Ожидание обработки,Wait,yes,,2025-10-11 13:50:04.498795,2025-10-11 14:44:04.498795,54,,
721237c6-b53d-445a-8b91-fed2ce41a11a,VAC-1183,CAND-10183,HR,Зарегистрировать в HCM,Service Task,no,Марина_6,2025-10-11 14:44:04.498795,2025-10-11 15:15:04.498795,31,,
721237c6-b53d-445a-8b91-fed2ce41a11a,VAC-1183,CAND-10183,РЕКРУТЕР,Разместить вакансию,Task,no,Екатерина_6,2025-10-11 16:09:04.498795,2025-10-11 17:37:04.498795,88,,
721237c6-b53d-445a-8b91-fed2ce41a11a,VAC-1183,CAND-10183,РЕКРУТЕР,Собирать резюме,Task,no,Алексей_3,2025-10-11 18:37:04.498795,2025-10-13 04:25:04.498795,2028,,
721237c6-b53d-445a-8b91-fed2ce41a11a,VAC-1183,CAND-10183,СИСТЕМА,Ожидание проверки резюме,Wait,yes,,2025-10-13 04:25:04.498795,2025-10-13 16:15:04.498795,710,,
721237c6-b53d-445a-8b91-fed2ce41a11a,VAC-1183,CAND-10183,РЕКРУТЕР,Скрининг,Task,no,Дмитрий_8,2025-10-13 16:15:04.498795,2025-10-13 16:34:04.498795,19,passed,
721237c6-b53d-445a-8b91-fed2ce41a11a,VAC-1183,CAND-10183,СИСТЕМА,Ожидание назначения интервью,Wait,yes,,2025-10-13 16:34:04.498795,2025-10-14 22:07:04.498795,1773,,
721237c6-b53d-445a-8b91-fed2ce41a11a,VAC-1183,CAND-10183,ИНТЕРВЬЮЕРЫ,Назначить интервью,User Task,no,Андрей_3,2025-10-14 22:07:04.498795,2025-10-14 22:20:04.498795,13,,
721237c6-b53d-445a-8b91-fed2ce41a11a,VAC-1183,CAND-10183,СИСТЕМА,Ожидание интервью (раунд 1),Wait,yes,,2025-10-14 22:20:04.498795,2025-10-15 20:31:04.498795,1331,,
721237c6-b53d-445a-8b91-fed2ce41a11a,VAC-1183,CAND-10183,ИНТЕРВЬЮЕРЫ,Интервью (раунд 1),User Task,no,Анна_9,2025-10-15 20:31:04.498795,2025-10-15 21:40:04.498795,69,passed,
721237c6-b53d-445a-8b91-fed2ce41a11a,VAC-1183,CAND-10183,СИСТЕМА,Ожидание интервью (раунд 2),Wait,yes,,2025-10-15 21:40:04.498795,2025-10-16 20:06:04.498795,1346,,
721237c6-b53d-445a-8b91-fed2ce41a11a,VAC-1183,CAND-10183,ИНТЕРВЬЮЕРЫ,Интервью (раунд 2),User Task,no,Анна_2,2025-10-16 20:06:04.498795,2025-10-16 21:59:04.498795,113,rejected,поведенческий
7249c65d-5fc8-46dc-aca9-f31660e08e5f,VAC-1137,CAND-10137,РУКОВОДИТЕЛЬ,Создать заявку,User Task,no,Сидоров_2,2025-09-15 20:55:04.498795,2025-09-15 21:49:04.498795,54,,
7249c65d-5fc8-46dc-aca9-f31660e08e5f,VAC-1137,CAND-10137,СИСТЕМА,Ожидание обработки,Wait,yes,,2025-09-15 21:49:04.498795,2025-09-15 22:25:04.498795,36,,
7249c65d-5fc8-46dc-aca9-f31660e08e5f,VAC-1137,CAND-10137,HR,Зарегистрировать в HCM,Service Task,no,Наталья_6,2025-09-15 22:25:04.498795,2025-09-15 22:50:04.498795,25,,
7249c65d-5fc8-46dc-aca9-f31660e08e5f,VAC-1137,CAND-10137,РЕКРУТЕР,Разместить вакансию,Task,no,Екатерина_6,2025-09-16 01:42:04.498795,2025-09-16 03:42:04.498795,120,,
7249c65d-5fc8-46dc-aca9-f31660e08e5f,VAC-1137,CAND-10137,РЕКРУТЕР,Собирать резюме,Task,no,Екатерина_4,2025-09-16 04:42:04.498795,2025-09-18 10:38:04.498795,3236,,
7249c65d-5fc8-46dc-aca9-f31660e08e5f,VAC-1137,CAND-10137,СИСТЕМА,Ожидание проверки резюме,Wait,yes,,2025-09-18 10:38:04.498795,2025-09-18 13:59:04.498795,201,,
7249c65d-5fc8-46dc-aca9-f31660e08e5f,VAC-1137,CAND-10137,РЕКРУТЕР,Скрининг,Task,no,Дмитрий_6,2025-09-18 13:59:04.498795,2025-09-18 14:31:04.498795,32,rejected,некорректное резюме
7342315e-4440-4b33-9d45-6f555d532f3e,VAC-1191,CAND-10191,РУКОВОДИТЕЛЬ,Создать заявку,User Task,no,Петров_2,2025-09-27 11:34:04.498795,2025-09-27 11:46:04.498795,12,,
7342315e-4440-4b33-9d45-6f555d532f3e,VAC-1191,CAND-10191,СИСТЕМА,Ожидание обработки,Wait,yes,,2025-09-27 11:46:04.498795,2025-09-27 12:55:04.498795,69,,
7342315e-4440-4b33-9d45-6f555d532f3e,VAC-1191,CAND-10191,HR,Зарегистрировать в HCM,Service Task,no,Ольга_7,2025-09-27 12:55:04.498795,2025-09-27 13:19:04.498795,24,,
7342315e-4440-4b33-9d45-6f555d532f3e,VAC-1191,CAND-10191,РЕКРУТЕР,Разместить вакансию,Task,no,Алексей_1,2025-09-27 15:42:04.498795,2025-09-27 17:00:04.498795,78,,
7342315e-4440-4b33-9d45-6f555d532f3e,VAC-1191,CAND-10191,РЕКРУТЕР,Собирать резюме,Task,no,Екатерина_5,2025-09-27 18:00:04.498795,2025-09-29 06:04:04.498795,2164,,
7342315e-4440-4b33-9d45-6f555d532f3e,VAC-1191,CAND-10191,СИСТЕМА,Ожидание проверки резюме,Wait,yes,,2025-09-29 06:04:04.498795,2025-09-29 11:52:04.498795,348,,
7342315e-4440-4b33-9d45-6f555d532f3e,VAC-1191,CAND-10191,РЕКРУТЕР,Скрининг,Task,no,Дмитрий_3,2025-09-29 11:52:04.498795,2025-09-29 12:17:04.498795,25,passed,
7342315e-4440-4b33-9d45-6f555d532f3e,VAC-1191,CAND-10191,СИСТЕМА,Ожидание назначения интервью,Wait,yes,,2025-09-29 12:17:04.498795,2025-10-01 01:33:04.498795,2236,,
7342315e-4440-4b33-9d45-6f555d532f3e,VAC-1191,CAND-10191,ИНТЕРВЬЮЕРЫ,Назначить интервью,User Task,no,Андрей_8,2025-10-01 01:33:04.498795,2025-10-01 01:58:04.498795,25,,
7342315e-4440-4b33-9d45-6f555d532f3e,VAC-1191,CAND-10191,СИСТЕМА,Ожидание интервью (раунд 1),Wait,yes,,2025-10-01 01:58:04.498795,2025-10-01 21:39:04.498795,1181,,
7342315e-4440-4b33-9d45-6f555d532f3e,VAC-1191,CAND-10191,ИНТЕРВЬЮЕРЫ,Интервью (раунд 1),User Task,no,Сергей_9,2025-10-01 21:39:04.498795,2025-10-01 23:33:04.498795,114,passed,
7342315e-4440-4b33-9d45-6f555d532f3e,VAC-1191,CAND-10191,СИСТЕМА,Ожидание интервью (раунд 2),Wait,yes,,2025-10-01 23:33:04.498795,2025-10-02 22:07:04.498795,1354,,
7342315e-4440-4b33-9d45-6f555d532f3e,VAC-1191,CAND-10191,ИНТЕРВЬЮЕРЫ,Интервью (раунд 2),User Task,no,Сергей_5,2025-10-02 22:07:04.498795,2025-10-02 23:12:04.498795,65,passed,
7342315e-4440-4b33-9d45-6f555d532f3e,VAC-1191,CAND-10191,ИНТЕРВЬЮЕРЫ,Финальное интервью,User Task,no,Анна_6,2025-10-03 15:38:04.498795,2025-10-03 17:38:04.498795,120,rejected,финал не пройден
73dbf1c8-ed0f-4e01-934f-457b4c89f599,VAC-1045,CAND-10045,РУКОВОДИТЕЛЬ,Создать заявку,User Task,no,Сидоров_7,2025-10-22 19:03:04.498795,2025-10-22 19:18:04.498795,15,,
73dbf1c8-ed0f-4e01-934f-457b4c89f599,VAC-1045,CAND-10045,СИСТЕМА,Ожидание обработки,Wait,yes,,2025-10-22 19:18:04.498795,2025-10-22 19:48:04.498795,30,,
73dbf1c8-ed0f-4e01-934f-457b4c89f599,VAC-1045,CAND-10045,HR,Зарегистрировать в HCM,Service Task,no,Марина_3,2025-10-22 19:48:04.498795,2025-10-22 20:11:04.498795,23,,
73dbf1c8-ed0f-4e01-934f-457b4c89f599,VAC-1045,CAND-10045,РЕКРУТЕР,Разместить вакансию,Task,no,Дмитрий_2,2025-10-22 23:00:04.498795,2025-10-22 23:57:04.498795,57,,
73dbf1c8-ed0f-4e01-934f-457b4c89f599,VAC-1045,CAND-10045,РЕКРУТЕР,Собирать резюме,Task,no,Дмитрий_5,2025-10-23 00:57:04.498795,2025-10-24 06:24:04.498795,1767,,
73dbf1c8-ed0f-4e01-934f-457b4c89f599,VAC-1045,CAND-10045,СИСТЕМА,Ожидание проверки резюме,Wait,yes,,2025-10-24 06:24:04.498795,2025-10-24 14:37:04.498795,493,,
73dbf1c8-ed0f-4e01-934f-457b4c89f599,VAC-1045,CAND-10045,РЕКРУТЕР,Скрининг,Task,no,Екатерина_7,2025-10-24 14:37:04.498795,2025-10-24 15:01:04.498795,24,passed,
73dbf1c8-ed0f-4e01-934f-457b4c89f599,VAC-1045,CAND-10045,СИСТЕМА,Ожидание назначения интервью,Wait,yes,,2025-10-24 15:01:04.498795,2025-10-26 06:10:04.498795,2349,,
73dbf1c8-ed0f-4e01-934f-457b4c89f599,VAC-1045,CAND-10045,ИНТЕРВЬЮЕРЫ,Назначить интервью,User Task,no,Сергей_1,2025-10-26 06:10:04.498795,2025-10-26 06:31:04.498795,21,,
73dbf1c8-ed0f-4e01-934f-457b4c89f599,VAC-1045,CAND-10045,СИСТЕМА,Ожидание интервью (раунд 1),Wait,yes,,2025-10-26 06:31:04.498795,2025-10-27 06:04:04.498795,1413,,
73dbf1c8-ed0f-4e01-934f-457b4c89f599,VAC-1045,CAND-10045,ИНТЕРВЬЮЕРЫ,Интервью (раунд 1),User Task,no,Сергей_5,2025-10-27 06:04:04.498795,2025-10-27 07:34:04.498795,90,passed,
73dbf1c8-ed0f-4e01-934f-457b4c89f599,VAC-1045,CAND-10045,СИСТЕМА,Ожидание интервью (раунд 2),Wait,yes,,2025-10-27 07:34:04.498795,2025-10-28 02:28:04.498795,1134,,
73dbf1c8-ed0f-4e01-934f-457b4c89f599,VAC-1045,CAND-10045,ИНТЕРВЬЮЕРЫ,Интервью (раунд 2),User Task,no,Анна_7,2025-10-28 02:28:04.498795,2025-10-28 03:20:04.498795,52,passed,
73dbf1c8-ed0f-4e01-934f-457b4c89f599,VAC-1045,CAND-10045,ИНТЕРВЬЮЕРЫ,Финальное интервью,User Task,no,Анна_3,2025-10-28 17:32:04.498795,2025-10-28 19:22:04.498795,110,passed,
73dbf1c8-ed0f-4e01-934f-457b4c89f599,VAC-1045,CAND-10045,HR (ОФФЕР),Согласовать условия,User Task,no,Марина_8,2025-10-28 20:29:04.498795,2025-10-28 22:05:04.498795,96,,
73dbf1c8-ed0f-4e01-934f-457b4c89f599,VAC-1045,CAND-10045,HR (ОФФЕР),Сгенерировать оффер,Service Task,no,Наталья_2,2025-10-28 22:25:04.498795,2025-10-28 22:31:04.498795,6,,
73dbf1c8-ed0f-4e01-934f-457b4c89f599,VAC-1045,CAND-10045,HR (ОФФЕР),Отправить оффер,Send Task,no,Наталья_6,2025-10-28 22:36:04.498795,2025-10-28 22:46:04.498795,10,sent,
73dbf1c8-ed0f-4e01-934f-457b4c89f599,VAC-1045,CAND-10045,HR (ОФФЕР),Ожидание ответа (2д),Timer,yes,,2025-10-28 22:46:04.498795,2025-10-30 22:46:04.498795,2880,timer_elapsed,
73dbf1c8-ed0f-4e01-934f-457b4c89f599,VAC-1045,CAND-10045,SECURITY,Background Check,Call Activity,no,Служба_БД_8,2025-10-31 01:46:04.498795,2025-11-02 06:11:04.498795,3145,report_ready,
73dbf1c8-ed0f-4e01-934f-457b4c89f599,VAC-1045,CAND-10045,SECURITY,Решение руководителя по BG,User Task,no,Иванов_3,2025-11-02 08:11:04.498795,2025-11-02 10:46:04.498795,155,proceed_with_conditions,
73dbf1c8-ed0f-4e01-934f-457b4c89f599,VAC-1045,CAND-10045,IT,Выдача оборудования,Task,no,IT_Specialist_7,2025-11-02 11:46:04.498795,2025-11-02 13:53:04.498795,127,,
73dbf1c8-ed0f-4e01-934f-457b4c89f599,VAC-1045,CAND-10045,IT,Создать доступы,Task,no,IT_Specialist_4,2025-11-02 14:23:04.498795,2025-11-02 15:33:04.498795,70,,
73dbf1c8-ed0f-4e01-934f-457b4c89f599,VAC-1045,CAND-10045,IT,Вводное обучение,Service Task,no,Наталья_3,2025-11-02 17:33:04.498795,2025-11-02 21:31:04.498795,238,,
73dbf1c8-ed0f-4e01-934f-457b4c89f599,VAC-1045,CAND-10045,HR,Назначить ментора,Task,no,Марина_7,2025-11-02 22:31:04.498795,2025-11-02 23:32:04.498795,61,,
73dbf1c8-ed0f-4e01-934f-457b4c89f599,VAC-1045,CAND-10045,HR,Уведомить всех,Message,no,system,2025-11-02 23:52:04.498795,2025-11-02 23:57:04.498795,5,notified,
73dbf1c8-ed0f-4e01-934f-457b4c89f599,VAC-1045,CAND-10045,HR,Обновить HCM,Service Task,no,Марина_2,2025-11-03 00:27:04.498795,2025-11-03 00:47:04.498795,20,,
73dbf1c8-ed0f-4e01-934f-457b4c89f599,VAC-1045,CAND-10045,HR,Payroll,Service Task,no,Ольга_5,2025-11-03 01:17:04.498795,2025-11-03 01:37:04.498795,20,,
73dbf1c8-ed0f-4e01-934f-457b4c89f599,VAC-1045,CAND-10045,HR,Закрыть вакансию,Service Task,no,Марина_8,2025-11-03 01:57:04.498795,2025-11-03 02:02:04.498795,5,,
7624a154-efde-49e4-bf6c-ceda53a26c76,VAC-1189,CAND-10189,РУКОВОДИТЕЛЬ,Создать заявку,User Task,no,Петров_2,2025-09-24 19:03:04.498795,2025-09-24 19:22:04.498795,19,,
7624a154-efde-49e4-bf6c-ceda53a26c76,VAC-1189,CAND-10189,СИСТЕМА,Ожидание обработки,Wait,yes,,2025-09-24 19:22:04.498795,2025-09-24 19:57:04.498795,35,,
7624a154-efde-49e4-bf6c-ceda53a26c76,VAC-1189,CAND-10189,HR,Зарегистрировать в HCM,Service Task,no,Ольга_8,2025-09-24 19:57:04.498795,2025-09-24 20:15:04.498795,18,,
7624a154-efde-49e4-bf6c-ceda53a26c76,VAC-1189,CAND-10189,РЕКРУТЕР,Разместить вакансию,Task,no,Алексей_1,2025-09-24 21:44:04.498795,2025-09-24 23:24:04.498795,100,,
7624a154-efde-49e4-bf6c-ceda53a26c76,VAC-1189,CAND-10189,РЕКРУТЕР,Собирать резюме,Task,no,Екатерина_1,2025-09-25 00:24:04.498795,2025-09-26 07:11:04.498795,1847,,
7624a154-efde-49e4-bf6c-ceda53a26c76,VAC-1189,CAND-10189,СИСТЕМА,Ожидание проверки резюме,Wait,yes,,2025-09-26 07:11:04.498795,2025-09-26 11:20:04.498795,249,,
7624a154-efde-49e4-bf6c-ceda53a26c76,VAC-1189,CAND-10189,РЕКРУТЕР,Скрининг,Task,no,Екатерина_1,2025-09-26 11:20:04.498795,2025-09-26 11:45:04.498795,25,rejected,некорректное резюме
774e5bb0-dcd2-416b-8f18-518af50854f5,VAC-1007,CAND-10007,РУКОВОДИТЕЛЬ,Создать заявку,User Task,no,Петров_3,2025-09-05 19:14:04.498795,2025-09-05 19:32:04.498795,18,,
774e5bb0-dcd2-416b-8f18-518af50854f5,VAC-1007,CAND-10007,СИСТЕМА,Ожидание обработки,Wait,yes,,2025-09-05 19:32:04.498795,2025-09-05 20:27:04.498795,55,,
774e5bb0-dcd2-416b-8f18-518af50854f5,VAC-1007,CAND-10007,HR,Зарегистрировать в HCM,Service Task,no,Наталья_2,2025-09-05 20:27:04.498795,2025-09-05 20:51:04.498795,24,,
774e5bb0-dcd2-416b-8f18-518af50854f5,VAC-1007,CAND-10007,РЕКРУТЕР,Разместить вакансию,Task,no,Алексей_1,2025-09-05 23:14:04.498795,2025-09-06 00:44:04.498795,90,,
774e5bb0-dcd2-416b-8f18-518af50854f5,VAC-1007,CAND-10007,РЕКРУТЕР,Собирать резюме,Task,no,Екатерина_1,2025-09-06 01:44:04.498795,2025-09-08 22:15:04.498795,4111,,
774e5bb0-dcd2-416b-8f18-518af50854f5,VAC-1007,CAND-10007,СИСТЕМА,Ожидание проверки резюме,Wait,yes,,2025-09-08 22:15:04.498795,2025-09-09 02:50:04.498795,275,,
774e5bb0-dcd2-416b-8f18-518af50854f5,VAC-1007,CAND-10007,РЕКРУТЕР,Скрининг,Task,no,Алексей_3,2025-09-09 02:50:04.498795,2025-09-09 03:29:04.498795,39,passed,
774e5bb0-dcd2-416b-8f18-518af50854f5,VAC-1007,CAND-10007,СИСТЕМА,Ожидание назначения интервью,Wait,yes,,2025-09-09 03:29:04.498795,2025-09-10 19:54:04.498795,2425,,
774e5bb0-dcd2-416b-8f18-518af50854f5,VAC-1007,CAND-10007,ИНТЕРВЬЮЕРЫ,Назначить интервью,User Task,no,Сергей_1,2025-09-10 19:54:04.498795,2025-09-10 20:10:04.498795,16,,
774e5bb0-dcd2-416b-8f18-518af50854f5,VAC-1007,CAND-10007,СИСТЕМА,Ожидание интервью (раунд 1),Wait,yes,,2025-09-10 20:10:04.498795,2025-09-11 04:12:04.498795,482,,
774e5bb0-dcd2-416b-8f18-518af50854f5,VAC-1007,CAND-10007,ИНТЕРВЬЮЕРЫ,Интервью (раунд 1),User Task,no,Сергей_5,2025-09-11 04:12:04.498795,2025-09-11 05:46:04.498795,94,passed,
774e5bb0-dcd2-416b-8f18-518af50854f5,VAC-1007,CAND-10007,ИНТЕРВЬЮЕРЫ,Финальное интервью,User Task,no,Сергей_3,2025-09-11 20:59:04.498795,2025-09-11 22:55:04.498795,116,passed,
774e5bb0-dcd2-416b-8f18-518af50854f5,VAC-1007,CAND-10007,HR (ОФФЕР),Согласовать условия,User Task,no,Наталья_1,2025-09-12 00:43:04.498795,2025-09-12 02:58:04.498795,135,,
774e5bb0-dcd2-416b-8f18-518af50854f5,VAC-1007,CAND-10007,HR (ОФФЕР),Сгенерировать оффер,Service Task,no,Марина_9,2025-09-12 03:18:04.498795,2025-09-12 03:41:04.498795,23,,
774e5bb0-dcd2-416b-8f18-518af50854f5,VAC-1007,CAND-10007,HR (ОФФЕР),Отправить оффер,Send Task,no,Наталья_6,2025-09-12 03:46:04.498795,2025-09-12 03:56:04.498795,10,sent,
774e5bb0-dcd2-416b-8f18-518af50854f5,VAC-1007,CAND-10007,HR (ОФФЕР),Ожидание ответа (1д),Timer,yes,,2025-09-12 03:56:04.498795,2025-09-13 03:56:04.498795,1440,timer_elapsed,
774e5bb0-dcd2-416b-8f18-518af50854f5,VAC-1007,CAND-10007,SECURITY,Background Check,Call Activity,no,Служба_БД_1,2025-09-13 06:56:04.498795,2025-09-18 00:01:04.498795,6785,report_ready,
774e5bb0-dcd2-416b-8f18-518af50854f5,VAC-1007,CAND-10007,SECURITY,Решение руководителя по BG,User Task,no,Иванов_2,2025-09-18 02:01:04.498795,2025-09-18 03:21:04.498795,80,reject_by_manager,
7754dccb-9641-4618-b04c-ce81d419f527,VAC-1071,CAND-10071,РУКОВОДИТЕЛЬ,Создать заявку,User Task,no,Петров_7,2025-08-25 20:42:04.498795,2025-08-25 21:04:04.498795,22,,
7754dccb-9641-4618-b04c-ce81d419f527,VAC-1071,CAND-10071,СИСТЕМА,Ожидание обработки,Wait,yes,,2025-08-25 21:04:04.498795,2025-08-25 22:13:04.498795,69,,
7754dccb-9641-4618-b04c-ce81d419f527,VAC-1071,CAND-10071,HR,Зарегистрировать в HCM,Service Task,no,Марина_4,2025-08-25 22:13:04.498795,2025-08-25 22:23:04.498795,10,,
7754dccb-9641-4618-b04c-ce81d419f527,VAC-1071,CAND-10071,РЕКРУТЕР,Разместить вакансию,Task,no,Екатерина_2,2025-08-25 23:45:04.498795,2025-08-26 00:40:04.498795,55,,
7754dccb-9641-4618-b04c-ce81d419f527,VAC-1071,CAND-10071,РЕКРУТЕР,Собирать резюме,Task,no,Алексей_9,2025-08-26 01:40:04.498795,2025-08-28 17:04:04.498795,3804,,
7754dccb-9641-4618-b04c-ce81d419f527,VAC-1071,CAND-10071,СИСТЕМА,Ожидание проверки резюме,Wait,yes,,2025-08-28 17:04:04.498795,2025-08-28 23:15:04.498795,371,,
7754dccb-9641-4618-b04c-ce81d419f527,VAC-1071,CAND-10071,РЕКРУТЕР,Скрининг,Task,no,Дмитрий_4,2025-08-28 23:15:04.498795,2025-08-28 23:36:04.498795,21,passed,
7754dccb-9641-4618-b04c-ce81d419f527,VAC-1071,CAND-10071,СИСТЕМА,Ожидание назначения интервью,Wait,yes,,2025-08-28 23:36:04.498795,2025-08-30 08:33:04.498795,1977,,
7754dccb-9641-4618-b04c-ce81d419f527,VAC-1071,CAND-10071,ИНТЕРВЬЮЕРЫ,Назначить интервью,User Task,no,Сергей_9,2025-08-30 08:33:04.498795,2025-08-30 09:04:04.498795,31,,
7754dccb-9641-4618-b04c-ce81d419f527,VAC-1071,CAND-10071,СИСТЕМА,Ожидание интервью (раунд 1),Wait,yes,,2025-08-30 09:04:04.498795,2025-08-30 22:24:04.498795,800,,
7754dccb-9641-4618-b04c-ce81d419f527,VAC-1071,CAND-10071,ИНТЕРВЬЮЕРЫ,Интервью (раунд 1),User Task,no,Анна_2,2025-08-30 22:24:04.498795,2025-08-30 23:58:04.498795,94,passed,
7754dccb-9641-4618-b04c-ce81d419f527,VAC-1071,CAND-10071,СИСТЕМА,Ожидание интервью (раунд 2),Wait,yes,,2025-08-30 23:58:04.498795,2025-08-31 13:54:04.498795,836,,
7754dccb-9641-4618-b04c-ce81d419f527,VAC-1071,CAND-10071,ИНТЕРВЬЮЕРЫ,Интервью (раунд 2),User Task,no,Анна_3,2025-08-31 13:54:04.498795,2025-08-31 15:24:04.498795,90,rejected,культурный профиль
77aae49e-0668-47c0-8621-b8e99dec7533,VAC-1130,CAND-10130,РУКОВОДИТЕЛЬ,Создать заявку,User Task,no,Петров_9,2025-10-10 16:02:04.498795,2025-10-10 16:35:04.498795,33,,
77aae49e-0668-47c0-8621-b8e99dec7533,VAC-1130,CAND-10130,СИСТЕМА,Ожидание обработки,Wait,yes,,2025-10-10 16:35:04.498795,2025-10-10 18:06:04.498795,91,,
77aae49e-0668-47c0-8621-b8e99dec7533,VAC-1130,CAND-10130,HR,Зарегистрировать в HCM,Service Task,no,Ольга_6,2025-10-10 18:06:04.498795,2025-10-10 18:45:04.498795,39,,
77aae49e-0668-47c0-8621-b8e99dec7533,VAC-1130,CAND-10130,РЕКРУТЕР,Разместить вакансию,Task,no,Алексей_6,2025-10-10 19:20:04.498795,2025-10-10 20:32:04.498795,72,,
77aae49e-0668-47c0-8621-b8e99dec7533,VAC-1130,CAND-10130,РЕКРУТЕР,Собирать резюме,Task,no,Екатерина_4,2025-10-10 21:32:04.498795,2025-10-13 19:55:04.498795,4223,,
77aae49e-0668-47c0-8621-b8e99dec7533,VAC-1130,CAND-10130,СИСТЕМА,Ожидание проверки резюме,Wait,yes,,2025-10-13 19:55:04.498795,2025-10-14 01:53:04.498795,358,,
77aae49e-0668-47c0-8621-b8e99dec7533,VAC-1130,CAND-10130,РЕКРУТЕР,Скрининг,Task,no,Дмитрий_6,2025-10-14 01:53:04.498795,2025-10-14 02:27:04.498795,34,passed,
77aae49e-0668-47c0-8621-b8e99dec7533,VAC-1130,CAND-10130,СИСТЕМА,Ожидание назначения интервью,Wait,yes,,2025-10-14 02:27:04.498795,2025-10-15 19:52:04.498795,2485,,
77aae49e-0668-47c0-8621-b8e99dec7533,VAC-1130,CAND-10130,ИНТЕРВЬЮЕРЫ,Назначить интервью,User Task,no,Анна_8,2025-10-15 19:52:04.498795,2025-10-15 20:17:04.498795,25,,
77aae49e-0668-47c0-8621-b8e99dec7533,VAC-1130,CAND-10130,СИСТЕМА,Ожидание интервью (раунд 1),Wait,yes,,2025-10-15 20:17:04.498795,2025-10-16 10:47:04.498795,870,,
77aae49e-0668-47c0-8621-b8e99dec7533,VAC-1130,CAND-10130,ИНТЕРВЬЮЕРЫ,Интервью (раунд 1),User Task,no,Андрей_3,2025-10-16 10:47:04.498795,2025-10-16 12:08:04.498795,81,passed,
77aae49e-0668-47c0-8621-b8e99dec7533,VAC-1130,CAND-10130,СИСТЕМА,Ожидание интервью (раунд 2),Wait,yes,,2025-10-16 12:08:04.498795,2025-10-17 07:03:04.498795,1135,,
77aae49e-0668-47c0-8621-b8e99dec7533,VAC-1130,CAND-10130,ИНТЕРВЬЮЕРЫ,Интервью (раунд 2),User Task,no,Анна_7,2025-10-17 07:03:04.498795,2025-10-17 08:31:04.498795,88,passed,
77aae49e-0668-47c0-8621-b8e99dec7533,VAC-1130,CAND-10130,СИСТЕМА,Ожидание интервью (раунд 3),Wait,yes,,2025-10-17 08:31:04.498795,2025-10-18 07:00:04.498795,1349,,
77aae49e-0668-47c0-8621-b8e99dec7533,VAC-1130,CAND-10130,ИНТЕРВЬЮЕРЫ,Интервью (раунд 3),User Task,no,Сергей_4,2025-10-18 07:00:04.498795,2025-10-18 07:54:04.498795,54,passed,
77aae49e-0668-47c0-8621-b8e99dec7533,VAC-1130,CAND-10130,ИНТЕРВЬЮЕРЫ,Финальное интервью,User Task,no,Анна_5,2025-10-18 21:15:04.498795,2025-10-18 22:40:04.498795,85,passed,
77aae49e-0668-47c0-8621-b8e99dec7533,VAC-1130,CAND-10130,HR (ОФФЕР),Согласовать условия,User Task,no,Ольга_5,2025-10-19 02:14:04.498795,2025-10-19 05:59:04.498795,225,,
77aae49e-0668-47c0-8621-b8e99dec7533,VAC-1130,CAND-10130,HR (ОФФЕР),Сгенерировать оффер,Service Task,no,Ольга_9,2025-10-19 06:19:04.498795,2025-10-19 06:38:04.498795,19,,
77aae49e-0668-47c0-8621-b8e99dec7533,VAC-1130,CAND-10130,HR (ОФФЕР),Отправить оффер,Send Task,no,Ольга_7,2025-10-19 06:43:04.498795,2025-10-19 06:53:04.498795,10,sent,
77aae49e-0668-47c0-8621-b8e99dec7533,VAC-1130,CAND-10130,HR (ОФФЕР),Ожидание ответа (1д),Timer,yes,,2025-10-19 06:53:04.498795,2025-10-20 06:53:04.498795,1440,timer_elapsed,
77aae49e-0668-47c0-8621-b8e99dec7533,VAC-1130,CAND-10130,SECURITY,Background Check,Call Activity,no,Служба_БД_4,2025-10-20 09:53:04.498795,2025-10-22 13:02:04.498795,3069,report_ready,
77aae49e-0668-47c0-8621-b8e99dec7533,VAC-1130,CAND-10130,IT,Выдача оборудования,Task,no,IT_Specialist_4,2025-10-22 14:02:04.498795,2025-10-22 17:02:04.498795,180,,
77aae49e-0668-47c0-8621-b8e99dec7533,VAC-1130,CAND-10130,IT,Создать доступы,Task,no,IT_Specialist_2,2025-10-22 17:32:04.498795,2025-10-22 18:23:04.498795,51,,
77aae49e-0668-47c0-8621-b8e99dec7533,VAC-1130,CAND-10130,IT,Вводное обучение,Service Task,no,Наталья_8,2025-10-22 20:23:04.498795,2025-10-23 00:11:04.498795,228,,
77aae49e-0668-47c0-8621-b8e99dec7533,VAC-1130,CAND-10130,HR,Назначить ментора,Task,no,Наталья_1,2025-10-23 01:11:04.498795,2025-10-23 02:16:04.498795,65,,
77aae49e-0668-47c0-8621-b8e99dec7533,VAC-1130,CAND-10130,HR,Уведомить всех,Message,no,system,2025-10-23 02:36:04.498795,2025-10-23 02:41:04.498795,5,notified,
77aae49e-0668-47c0-8621-b8e99dec7533,VAC-1130,CAND-10130,HR,Обновить HCM,Service Task,no,Ольга_9,2025-10-23 03:11:04.498795,2025-10-23 03:31:04.498795,20,,
77aae49e-0668-47c0-8621-b8e99dec7533,VAC-1130,CAND-10130,HR,Payroll,Service Task,no,Наталья_2,2025-10-23 04:01:04.498795,2025-10-23 04:21:04.498795,20,,
77aae49e-0668-47c0-8621-b8e99dec7533,VAC-1130,CAND-10130,HR,Закрыть вакансию,Service Task,no,Ольга_3,2025-10-23 04:41:04.498795,2025-10-23 04:46:04.498795,5,,
7b151beb-02d8-4899-b88b-bd03caab904b,VAC-1044,CAND-10044,РУКОВОДИТЕЛЬ,Создать заявку,User Task,no,Иванов_1,2025-09-11 13:48:04.498795,2025-09-11 14:48:04.498795,60,,
7b151beb-02d8-4899-b88b-bd03caab904b,VAC-1044,CAND-10044,СИСТЕМА,Ожидание обработки,Wait,yes,,2025-09-11 14:48:04.498795,2025-09-11 15:48:04.498795,60,,
7b151beb-02d8-4899-b88b-bd03caab904b,VAC-1044,CAND-10044,HR,Зарегистрировать в HCM,Service Task,no,Ольга_9,2025-09-11 15:48:04.498795,2025-09-11 16:27:04.498795,39,,
7b151beb-02d8-4899-b88b-bd03caab904b,VAC-1044,CAND-10044,РЕКРУТЕР,Разместить вакансию,Task,no,Дмитрий_5,2025-09-11 18:38:04.498795,2025-09-11 20:07:04.498795,89,,
7b151beb-02d8-4899-b88b-bd03caab904b,VAC-1044,CAND-10044,РЕКРУТЕР,Собирать резюме,Task,no,Екатерина_4,2025-09-11 21:07:04.498795,2025-09-12 23:36:04.498795,1589,,
7b151beb-02d8-4899-b88b-bd03caab904b,VAC-1044,CAND-10044,СИСТЕМА,Ожидание проверки резюме,Wait,yes,,2025-09-12 23:36:04.498795,2025-09-13 07:28:04.498795,472,,
7b151beb-02d8-4899-b88b-bd03caab904b,VAC-1044,CAND-10044,РЕКРУТЕР,Скрининг,Task,no,Алексей_6,2025-09-13 07:28:04.498795,2025-09-13 07:49:04.498795,21,passed,
7b151beb-02d8-4899-b88b-bd03caab904b,VAC-1044,CAND-10044,СИСТЕМА,Ожидание назначения интервью,Wait,yes,,2025-09-13 07:49:04.498795,2025-09-14 20:22:04.498795,2193,,
7b151beb-02d8-4899-b88b-bd03caab904b,VAC-1044,CAND-10044,ИНТЕРВЬЮЕРЫ,Назначить интервью,User Task,no,Сергей_8,2025-09-14 20:22:04.498795,2025-09-14 20:45:04.498795,23,,
7b151beb-02d8-4899-b88b-bd03caab904b,VAC-1044,CAND-10044,СИСТЕМА,Ожидание интервью (раунд 1),Wait,yes,,2025-09-14 20:45:04.498795,2025-09-15 11:20:04.498795,875,,
7b151beb-02d8-4899-b88b-bd03caab904b,VAC-1044,CAND-10044,ИНТЕРВЬЮЕРЫ,Интервью (раунд 1),User Task,no,Сергей_8,2025-09-15 11:20:04.498795,2025-09-15 12:48:04.498795,88,rejected,поведенческий
7b820701-42c3-490a-a1ae-fb63926a1cfb,VAC-1112,CAND-10112,РУКОВОДИТЕЛЬ,Создать заявку,User Task,no,Сидоров_6,2025-09-28 20:46:04.498795,2025-09-28 21:03:04.498795,17,,
7b820701-42c3-490a-a1ae-fb63926a1cfb,VAC-1112,CAND-10112,СИСТЕМА,Ожидание обработки,Wait,yes,,2025-09-28 21:03:04.498795,2025-09-28 22:20:04.498795,77,,
7b820701-42c3-490a-a1ae-fb63926a1cfb,VAC-1112,CAND-10112,HR,Зарегистрировать в HCM,Service Task,no,Марина_4,2025-09-28 22:20:04.498795,2025-09-28 22:37:04.498795,17,,
7b820701-42c3-490a-a1ae-fb63926a1cfb,VAC-1112,CAND-10112,РЕКРУТЕР,Разместить вакансию,Task,no,Дмитрий_7,2025-09-28 23:17:04.498795,2025-09-29 01:04:04.498795,107,,
7b820701-42c3-490a-a1ae-fb63926a1cfb,VAC-1112,CAND-10112,РЕКРУТЕР,Собирать резюме,Task,no,Дмитрий_5,2025-09-29 02:04:04.498795,2025-09-30 09:48:04.498795,1904,,
7b820701-42c3-490a-a1ae-fb63926a1cfb,VAC-1112,CAND-10112,СИСТЕМА,Ожидание проверки резюме,Wait,yes,,2025-09-30 09:48:04.498795,2025-09-30 17:37:04.498795,469,,
7b820701-42c3-490a-a1ae-fb63926a1cfb,VAC-1112,CAND-10112,РЕКРУТЕР,Скрининг,Task,no,Екатерина_6,2025-09-30 17:37:04.498795,2025-09-30 17:47:04.498795,10,passed,
7b820701-42c3-490a-a1ae-fb63926a1cfb,VAC-1112,CAND-10112,СИСТЕМА,Ожидание назначения интервью,Wait,yes,,2025-09-30 17:47:04.498795,2025-10-02 11:08:04.498795,2481,,
7b820701-42c3-490a-a1ae-fb63926a1cfb,VAC-1112,CAND-10112,ИНТЕРВЬЮЕРЫ,Назначить интервью,User Task,no,Сергей_1,2025-10-02 11:08:04.498795,2025-10-02 11:32:04.498795,24,,
7b820701-42c3-490a-a1ae-fb63926a1cfb,VAC-1112,CAND-10112,СИСТЕМА,Ожидание интервью (раунд 1),Wait,yes,,2025-10-02 11:32:04.498795,2025-10-03 06:39:04.498795,1147,,
7b820701-42c3-490a-a1ae-fb63926a1cfb,VAC-1112,CAND-10112,ИНТЕРВЬЮЕРЫ,Интервью (раунд 1),User Task,no,Андрей_2,2025-10-03 06:39:04.498795,2025-10-03 07:48:04.498795,69,passed,
7b820701-42c3-490a-a1ae-fb63926a1cfb,VAC-1112,CAND-10112,ИНТЕРВЬЮЕРЫ,Финальное интервью,User Task,no,Анна_2,2025-10-03 18:39:04.498795,2025-10-03 20:32:04.498795,113,passed,
7b820701-42c3-490a-a1ae-fb63926a1cfb,VAC-1112,CAND-10112,HR (ОФФЕР),Согласовать условия,User Task,no,Марина_4,2025-10-03 22:25:04.498795,2025-10-04 02:16:04.498795,231,,
7b820701-42c3-490a-a1ae-fb63926a1cfb,VAC-1112,CAND-10112,HR (ОФФЕР),Сгенерировать оффер,Service Task,no,Ольга_2,2025-10-04 02:36:04.498795,2025-10-04 03:02:04.498795,26,,
7b820701-42c3-490a-a1ae-fb63926a1cfb,VAC-1112,CAND-10112,HR (ОФФЕР),Отправить оффер,Send Task,no,Наталья_9,2025-10-04 03:07:04.498795,2025-10-04 03:17:04.498795,10,sent,
7b820701-42c3-490a-a1ae-fb63926a1cfb,VAC-1112,CAND-10112,HR (ОФФЕР),Ожидание ответа (3д),Timer,yes,,2025-10-04 03:17:04.498795,2025-10-07 03:17:04.498795,4320,timer_elapsed,
7b820701-42c3-490a-a1ae-fb63926a1cfb,VAC-1112,CAND-10112,HR (ОФФЕР),Переговоры / отказ,Task,no,Марина_2,2025-10-07 05:17:04.498795,2025-10-07 08:08:04.498795,171,rejected,
7c3ae626-d7b8-48bc-9e7c-8560e755a389,VAC-1196,CAND-10196,РУКОВОДИТЕЛЬ,Создать заявку,User Task,no,Петров_1,2025-09-22 18:21:04.498795,2025-09-22 18:58:04.498795,37,,
7c3ae626-d7b8-48bc-9e7c-8560e755a389,VAC-1196,CAND-10196,СИСТЕМА,Ожидание обработки,Wait,yes,,2025-09-22 18:58:04.498795,2025-09-22 19:43:04.498795,45,,
7c3ae626-d7b8-48bc-9e7c-8560e755a389,VAC-1196,CAND-10196,HR,Зарегистрировать в HCM,Service Task,no,Ольга_3,2025-09-22 19:43:04.498795,2025-09-22 19:58:04.498795,15,,
7c3ae626-d7b8-48bc-9e7c-8560e755a389,VAC-1196,CAND-10196,РЕКРУТЕР,Разместить вакансию,Task,no,Дмитрий_9,2025-09-22 20:35:04.498795,2025-09-22 21:28:04.498795,53,,
7c3ae626-d7b8-48bc-9e7c-8560e755a389,VAC-1196,CAND-10196,РЕКРУТЕР,Собирать резюме,Task,no,Екатерина_1,2025-09-22 22:28:04.498795,2025-09-24 10:28:04.498795,2160,,
7c3ae626-d7b8-48bc-9e7c-8560e755a389,VAC-1196,CAND-10196,СИСТЕМА,Ожидание проверки резюме,Wait,yes,,2025-09-24 10:28:04.498795,2025-09-24 21:45:04.498795,677,,
7c3ae626-d7b8-48bc-9e7c-8560e755a389,VAC-1196,CAND-10196,РЕКРУТЕР,Скрининг,Task,no,Алексей_1,2025-09-24 21:45:04.498795,2025-09-24 22:20:04.498795,35,rejected,не соотв. опыту
7e5be980-28db-477e-b64e-8dd3b96556aa,VAC-1120,CAND-10120,РУКОВОДИТЕЛЬ,Создать заявку,User Task,no,Сидоров_3,2025-09-07 17:24:04.498795,2025-09-07 17:43:04.498795,19,,
7e5be980-28db-477e-b64e-8dd3b96556aa,VAC-1120,CAND-10120,СИСТЕМА,Ожидание обработки,Wait,yes,,2025-09-07 17:43:04.498795,2025-09-07 19:22:04.498795,99,,
7e5be980-28db-477e-b64e-8dd3b96556aa,VAC-1120,CAND-10120,HR,Зарегистрировать в HCM,Service Task,no,Марина_5,2025-09-07 19:22:04.498795,2025-09-07 19:53:04.498795,31,,
7e5be980-28db-477e-b64e-8dd3b96556aa,VAC-1120,CAND-10120,РЕКРУТЕР,Разместить вакансию,Task,no,Екатерина_6,2025-09-07 21:05:04.498795,2025-09-07 22:57:04.498795,112,,
7e5be980-28db-477e-b64e-8dd3b96556aa,VAC-1120,CAND-10120,РЕКРУТЕР,Собирать резюме,Task,no,Екатерина_2,2025-09-07 23:57:04.498795,2025-09-10 06:54:04.498795,3297,,
7e5be980-28db-477e-b64e-8dd3b96556aa,VAC-1120,CAND-10120,СИСТЕМА,Ожидание проверки резюме,Wait,yes,,2025-09-10 06:54:04.498795,2025-09-10 13:49:04.498795,415,,
7e5be980-28db-477e-b64e-8dd3b96556aa,VAC-1120,CAND-10120,РЕКРУТЕР,Скрининг,Task,no,Дмитрий_3,2025-09-10 13:49:04.498795,2025-09-10 14:11:04.498795,22,passed,
7e5be980-28db-477e-b64e-8dd3b96556aa,VAC-1120,CAND-10120,СИСТЕМА,Ожидание назначения интервью,Wait,yes,,2025-09-10 14:11:04.498795,2025-09-11 21:05:04.498795,1854,,
7e5be980-28db-477e-b64e-8dd3b96556aa,VAC-1120,CAND-10120,ИНТЕРВЬЮЕРЫ,Назначить интервью,User Task,no,Анна_7,2025-09-11 21:05:04.498795,2025-09-11 21:31:04.498795,26,,
7e5be980-28db-477e-b64e-8dd3b96556aa,VAC-1120,CAND-10120,СИСТЕМА,Ожидание интервью (раунд 1),Wait,yes,,2025-09-11 21:31:04.498795,2025-09-12 15:51:04.498795,1100,,
7e5be980-28db-477e-b64e-8dd3b96556aa,VAC-1120,CAND-10120,ИНТЕРВЬЮЕРЫ,Интервью (раунд 1),User Task,no,Анна_1,2025-09-12 15:51:04.498795,2025-09-12 16:48:04.498795,57,passed,
7e5be980-28db-477e-b64e-8dd3b96556aa,VAC-1120,CAND-10120,СИСТЕМА,Ожидание интервью (раунд 2),Wait,yes,,2025-09-12 16:48:04.498795,2025-09-13 15:46:04.498795,1378,,
7e5be980-28db-477e-b64e-8dd3b96556aa,VAC-1120,CAND-10120,ИНТЕРВЬЮЕРЫ,Интервью (раунд 2),User Task,no,Андрей_2,2025-09-13 15:46:04.498795,2025-09-13 17:39:04.498795,113,passed,
7e5be980-28db-477e-b64e-8dd3b96556aa,VAC-1120,CAND-10120,СИСТЕМА,Ожидание интервью (раунд 3),Wait,yes,,2025-09-13 17:39:04.498795,2025-09-14 09:52:04.498795,973,,
7e5be980-28db-477e-b64e-8dd3b96556aa,VAC-1120,CAND-10120,ИНТЕРВЬЮЕРЫ,Интервью (раунд 3),User Task,no,Анна_1,2025-09-14 09:52:04.498795,2025-09-14 10:53:04.498795,61,rejected,культурный профиль
7f43326e-781c-4c41-b18e-d707d2928d5c,VAC-1138,CAND-10138,РУКОВОДИТЕЛЬ,Создать заявку,User Task,no,Петров_9,2025-10-20 11:17:04.498795,2025-10-20 12:12:04.498795,55,,
7f43326e-781c-4c41-b18e-d707d2928d5c,VAC-1138,CAND-10138,СИСТЕМА,Ожидание обработки,Wait,yes,,2025-10-20 12:12:04.498795,2025-10-20 13:09:04.498795,57,,
7f43326e-781c-4c41-b18e-d707d2928d5c,VAC-1138,CAND-10138,HR,Зарегистрировать в HCM,Service Task,no,Марина_8,2025-10-20 13:09:04.498795,2025-10-20 13:36:04.498795,27,,
7f43326e-781c-4c41-b18e-d707d2928d5c,VAC-1138,CAND-10138,РЕКРУТЕР,Разместить вакансию,Task,no,Алексей_9,2025-10-20 14:54:04.498795,2025-10-20 16:26:04.498795,92,,
7f43326e-781c-4c41-b18e-d707d2928d5c,VAC-1138,CAND-10138,РЕКРУТЕР,Собирать резюме,Task,no,Дмитрий_8,2025-10-20 17:26:04.498795,2025-10-22 17:10:04.498795,2864,,
7f43326e-781c-4c41-b18e-d707d2928d5c,VAC-1138,CAND-10138,СИСТЕМА,Ожидание проверки резюме,Wait,yes,,2025-10-22 17:10:04.498795,2025-10-23 00:51:04.498795,461,,
7f43326e-781c-4c41-b18e-d707d2928d5c,VAC-1138,CAND-10138,РЕКРУТЕР,Скрининг,Task,no,Екатерина_9,2025-10-23 00:51:04.498795,2025-10-23 01:28:04.498795,37,passed,
7f43326e-781c-4c41-b18e-d707d2928d5c,VAC-1138,CAND-10138,СИСТЕМА,Ожидание назначения интервью,Wait,yes,,2025-10-23 01:28:04.498795,2025-10-24 19:35:04.498795,2527,,
7f43326e-781c-4c41-b18e-d707d2928d5c,VAC-1138,CAND-10138,ИНТЕРВЬЮЕРЫ,Назначить интервью,User Task,no,Сергей_5,2025-10-24 19:35:04.498795,2025-10-24 19:49:04.498795,14,,
7f43326e-781c-4c41-b18e-d707d2928d5c,VAC-1138,CAND-10138,СИСТЕМА,Ожидание интервью (раунд 1),Wait,yes,,2025-10-24 19:49:04.498795,2025-10-25 13:03:04.498795,1034,,
7f43326e-781c-4c41-b18e-d707d2928d5c,VAC-1138,CAND-10138,ИНТЕРВЬЮЕРЫ,Интервью (раунд 1),User Task,no,Анна_9,2025-10-25 13:03:04.498795,2025-10-25 14:34:04.498795,91,passed,
7f43326e-781c-4c41-b18e-d707d2928d5c,VAC-1138,CAND-10138,СИСТЕМА,Ожидание интервью (раунд 2),Wait,yes,,2025-10-25 14:34:04.498795,2025-10-26 05:02:04.498795,868,,
7f43326e-781c-4c41-b18e-d707d2928d5c,VAC-1138,CAND-10138,ИНТЕРВЬЮЕРЫ,Интервью (раунд 2),User Task,no,Анна_6,2025-10-26 05:02:04.498795,2025-10-26 06:10:04.498795,68,rejected,культурный профиль
7f62e407-bfdd-405d-95f0-559eb3685f1c,VAC-1162,CAND-10162,РУКОВОДИТЕЛЬ,Создать заявку,User Task,no,Сидоров_6,2025-09-22 19:43:04.498795,2025-09-22 20:23:04.498795,40,,
7f62e407-bfdd-405d-95f0-559eb3685f1c,VAC-1162,CAND-10162,СИСТЕМА,Ожидание обработки,Wait,yes,,2025-09-22 20:23:04.498795,2025-09-22 21:36:04.498795,73,,
7f62e407-bfdd-405d-95f0-559eb3685f1c,VAC-1162,CAND-10162,HR,Зарегистрировать в HCM,Service Task,no,Ольга_5,2025-09-22 21:36:04.498795,2025-09-22 21:57:04.498795,21,,
7f62e407-bfdd-405d-95f0-559eb3685f1c,VAC-1162,CAND-10162,РЕКРУТЕР,Разместить вакансию,Task,no,Екатерина_5,2025-09-22 23:09:04.498795,2025-09-22 23:33:04.498795,24,,
7f62e407-bfdd-405d-95f0-559eb3685f1c,VAC-1162,CAND-10162,РЕКРУТЕР,Собирать резюме,Task,no,Дмитрий_1,2025-09-23 00:33:04.498795,2025-09-25 15:01:04.498795,3748,,
7f62e407-bfdd-405d-95f0-559eb3685f1c,VAC-1162,CAND-10162,СИСТЕМА,Ожидание проверки резюме,Wait,yes,,2025-09-25 15:01:04.498795,2025-09-26 02:05:04.498795,664,,
7f62e407-bfdd-405d-95f0-559eb3685f1c,VAC-1162,CAND-10162,РЕКРУТЕР,Скрининг,Task,no,Алексей_1,2025-09-26 02:05:04.498795,2025-09-26 02:33:04.498795,28,passed,
7f62e407-bfdd-405d-95f0-559eb3685f1c,VAC-1162,CAND-10162,СИСТЕМА,Ожидание назначения интервью,Wait,yes,,2025-09-26 02:33:04.498795,2025-09-27 12:30:04.498795,2037,,
7f62e407-bfdd-405d-95f0-559eb3685f1c,VAC-1162,CAND-10162,ИНТЕРВЬЮЕРЫ,Назначить интервью,User Task,no,Анна_1,2025-09-27 12:30:04.498795,2025-09-27 13:05:04.498795,35,,
7f62e407-bfdd-405d-95f0-559eb3685f1c,VAC-1162,CAND-10162,СИСТЕМА,Ожидание интервью (раунд 1),Wait,yes,,2025-09-27 13:05:04.498795,2025-09-27 22:29:04.498795,564,,
7f62e407-bfdd-405d-95f0-559eb3685f1c,VAC-1162,CAND-10162,ИНТЕРВЬЮЕРЫ,Интервью (раунд 1),User Task,no,Сергей_5,2025-09-27 22:29:04.498795,2025-09-27 23:30:04.498795,61,passed,
7f62e407-bfdd-405d-95f0-559eb3685f1c,VAC-1162,CAND-10162,ИНТЕРВЬЮЕРЫ,Финальное интервью,User Task,no,Сергей_1,2025-09-28 09:45:04.498795,2025-09-28 11:05:04.498795,80,passed,
7f62e407-bfdd-405d-95f0-559eb3685f1c,VAC-1162,CAND-10162,HR (ОФФЕР),Согласовать условия,User Task,no,Марина_3,2025-09-28 15:14:04.498795,2025-09-28 16:42:04.498795,88,,
7f62e407-bfdd-405d-95f0-559eb3685f1c,VAC-1162,CAND-10162,HR (ОФФЕР),Сгенерировать оффер,Service Task,no,Марина_3,2025-09-28 17:02:04.498795,2025-09-28 17:25:04.498795,23,,
7f62e407-bfdd-405d-95f0-559eb3685f1c,VAC-1162,CAND-10162,HR (ОФФЕР),Отправить оффер,Send Task,no,Марина_8,2025-09-28 17:30:04.498795,2025-09-28 17:40:04.498795,10,sent,
7f62e407-bfdd-405d-95f0-559eb3685f1c,VAC-1162,CAND-10162,HR (ОФФЕР),Ожидание ответа (2д),Timer,yes,,2025-09-28 17:40:04.498795,2025-09-30 17:40:04.498795,2880,timer_elapsed,
7f62e407-bfdd-405d-95f0-559eb3685f1c,VAC-1162,CAND-10162,HR (ОФФЕР),Переговоры / отказ,Task,no,Марина_4,2025-09-30 19:40:04.498795,2025-09-30 21:46:04.498795,126,rejected,
80f4c1df-12c4-451d-b906-8f23bd49ca69,VAC-1060,CAND-10060,РУКОВОДИТЕЛЬ,Создать заявку,User Task,no,Сидоров_3,2025-09-28 17:12:04.498795,2025-09-28 17:57:04.498795,45,,
80f4c1df-12c4-451d-b906-8f23bd49ca69,VAC-1060,CAND-10060,СИСТЕМА,Ожидание обработки,Wait,yes,,2025-09-28 17:57:04.498795,2025-09-28 19:06:04.498795,69,,
80f4c1df-12c4-451d-b906-8f23bd49ca69,VAC-1060,CAND-10060,HR,Зарегистрировать в HCM,Service Task,no,Ольга_4,2025-09-28 19:06:04.498795,2025-09-28 19:23:04.498795,17,,
80f4c1df-12c4-451d-b906-8f23bd49ca69,VAC-1060,CAND-10060,РЕКРУТЕР,Разместить вакансию,Task,no,Алексей_8,2025-09-28 21:17:04.498795,2025-09-28 22:59:04.498795,102,,
80f4c1df-12c4-451d-b906-8f23bd49ca69,VAC-1060,CAND-10060,РЕКРУТЕР,Собирать резюме,Task,no,Алексей_9,2025-09-28 23:59:04.498795,2025-10-01 01:18:04.498795,2959,,
80f4c1df-12c4-451d-b906-8f23bd49ca69,VAC-1060,CAND-10060,СИСТЕМА,Ожидание проверки резюме,Wait,yes,,2025-10-01 01:18:04.498795,2025-10-01 07:33:04.498795,375,,
80f4c1df-12c4-451d-b906-8f23bd49ca69,VAC-1060,CAND-10060,РЕКРУТЕР,Скрининг,Task,no,Дмитрий_7,2025-10-01 07:33:04.498795,2025-10-01 07:44:04.498795,11,passed,
80f4c1df-12c4-451d-b906-8f23bd49ca69,VAC-1060,CAND-10060,СИСТЕМА,Ожидание назначения интервью,Wait,yes,,2025-10-01 07:44:04.498795,2025-10-03 04:18:04.498795,2674,,
80f4c1df-12c4-451d-b906-8f23bd49ca69,VAC-1060,CAND-10060,ИНТЕРВЬЮЕРЫ,Назначить интервью,User Task,no,Андрей_4,2025-10-03 04:18:04.498795,2025-10-03 04:29:04.498795,11,,
80f4c1df-12c4-451d-b906-8f23bd49ca69,VAC-1060,CAND-10060,СИСТЕМА,Ожидание интервью (раунд 1),Wait,yes,,2025-10-03 04:29:04.498795,2025-10-03 22:30:04.498795,1081,,
80f4c1df-12c4-451d-b906-8f23bd49ca69,VAC-1060,CAND-10060,ИНТЕРВЬЮЕРЫ,Интервью (раунд 1),User Task,no,Андрей_6,2025-10-03 22:30:04.498795,2025-10-04 00:26:04.498795,116,passed,
80f4c1df-12c4-451d-b906-8f23bd49ca69,VAC-1060,CAND-10060,СИСТЕМА,Ожидание интервью (раунд 2),Wait,yes,,2025-10-04 00:26:04.498795,2025-10-04 13:36:04.498795,790,,
80f4c1df-12c4-451d-b906-8f23bd49ca69,VAC-1060,CAND-10060,ИНТЕРВЬЮЕРЫ,Интервью (раунд 2),User Task,no,Андрей_2,2025-10-04 13:36:04.498795,2025-10-04 14:22:04.498795,46,passed,
80f4c1df-12c4-451d-b906-8f23bd49ca69,VAC-1060,CAND-10060,СИСТЕМА,Ожидание интервью (раунд 3),Wait,yes,,2025-10-04 14:22:04.498795,2025-10-05 11:06:04.498795,1244,,
80f4c1df-12c4-451d-b906-8f23bd49ca69,VAC-1060,CAND-10060,ИНТЕРВЬЮЕРЫ,Интервью (раунд 3),User Task,no,Анна_4,2025-10-05 11:06:04.498795,2025-10-05 12:52:04.498795,106,rejected,поведенческий
84f31fd3-a735-47ed-8d6c-add74004fe0a,VAC-1190,CAND-10190,РУКОВОДИТЕЛЬ,Создать заявку,User Task,no,Петров_2,2025-10-01 21:06:04.498795,2025-10-01 21:25:04.498795,19,,
84f31fd3-a735-47ed-8d6c-add74004fe0a,VAC-1190,CAND-10190,СИСТЕМА,Ожидание обработки,Wait,yes,,2025-10-01 21:25:04.498795,2025-10-01 23:22:04.498795,117,,
84f31fd3-a735-47ed-8d6c-add74004fe0a,VAC-1190,CAND-10190,HR,Зарегистрировать в HCM,Service Task,no,Марина_9,2025-10-01 23:22:04.498795,2025-10-01 23:34:04.498795,12,,
84f31fd3-a735-47ed-8d6c-add74004fe0a,VAC-1190,CAND-10190,РЕКРУТЕР,Разместить вакансию,Task,no,Алексей_5,2025-10-02 02:10:04.498795,2025-10-02 03:29:04.498795,79,,
84f31fd3-a735-47ed-8d6c-add74004fe0a,VAC-1190,CAND-10190,РЕКРУТЕР,Собирать резюме,Task,no,Дмитрий_8,2025-10-02 04:29:04.498795,2025-10-05 01:40:04.498795,4151,,
84f31fd3-a735-47ed-8d6c-add74004fe0a,VAC-1190,CAND-10190,СИСТЕМА,Ожидание проверки резюме,Wait,yes,,2025-10-05 01:40:04.498795,2025-10-05 13:16:04.498795,696,,
84f31fd3-a735-47ed-8d6c-add74004fe0a,VAC-1190,CAND-10190,РЕКРУТЕР,Скрининг,Task,no,Екатерина_6,2025-10-05 13:16:04.498795,2025-10-05 13:34:04.498795,18,rejected,не прошёл тест
857a096d-e93c-42dc-88f2-df4dfbf99059,VAC-1056,CAND-10056,РУКОВОДИТЕЛЬ,Создать заявку,User Task,no,Петров_3,2025-10-02 14:00:04.498795,2025-10-02 14:18:04.498795,18,,
857a096d-e93c-42dc-88f2-df4dfbf99059,VAC-1056,CAND-10056,СИСТЕМА,Ожидание обработки,Wait,yes,,2025-10-02 14:18:04.498795,2025-10-02 15:36:04.498795,78,,
857a096d-e93c-42dc-88f2-df4dfbf99059,VAC-1056,CAND-10056,HR,Зарегистрировать в HCM,Service Task,no,Марина_6,2025-10-02 15:36:04.498795,2025-10-02 16:09:04.498795,33,,
857a096d-e93c-42dc-88f2-df4dfbf99059,VAC-1056,CAND-10056,РЕКРУТЕР,Разместить вакансию,Task,no,Екатерина_8,2025-10-02 18:25:04.498795,2025-10-02 20:14:04.498795,109,,
857a096d-e93c-42dc-88f2-df4dfbf99059,VAC-1056,CAND-10056,РЕКРУТЕР,Собирать резюме,Task,no,Екатерина_4,2025-10-02 21:14:04.498795,2025-10-05 09:55:04.498795,3641,,
857a096d-e93c-42dc-88f2-df4dfbf99059,VAC-1056,CAND-10056,СИСТЕМА,Ожидание проверки резюме,Wait,yes,,2025-10-05 09:55:04.498795,2025-10-05 17:08:04.498795,433,,
857a096d-e93c-42dc-88f2-df4dfbf99059,VAC-1056,CAND-10056,РЕКРУТЕР,Скрининг,Task,no,Екатерина_2,2025-10-05 17:08:04.498795,2025-10-05 17:39:04.498795,31,passed,
857a096d-e93c-42dc-88f2-df4dfbf99059,VAC-1056,CAND-10056,СИСТЕМА,Ожидание назначения интервью,Wait,yes,,2025-10-05 17:39:04.498795,2025-10-07 11:40:04.498795,2521,,
857a096d-e93c-42dc-88f2-df4dfbf99059,VAC-1056,CAND-10056,ИНТЕРВЬЮЕРЫ,Назначить интервью,User Task,no,Сергей_2,2025-10-07 11:40:04.498795,2025-10-07 12:12:04.498795,32,,
857a096d-e93c-42dc-88f2-df4dfbf99059,VAC-1056,CAND-10056,СИСТЕМА,Ожидание интервью (раунд 1),Wait,yes,,2025-10-07 12:12:04.498795,2025-10-07 22:06:04.498795,594,,
857a096d-e93c-42dc-88f2-df4dfbf99059,VAC-1056,CAND-10056,ИНТЕРВЬЮЕРЫ,Интервью (раунд 1),User Task,no,Анна_4,2025-10-07 22:06:04.498795,2025-10-07 22:58:04.498795,52,rejected,культурный профиль
85ab0119-8eb0-46cc-9269-7bd99120c4d9,VAC-1158,CAND-10158,РУКОВОДИТЕЛЬ,Создать заявку,User Task,no,Иванов_4,2025-09-22 17:23:04.498795,2025-09-22 17:59:04.498795,36,,
85ab0119-8eb0-46cc-9269-7bd99120c4d9,VAC-1158,CAND-10158,СИСТЕМА,Ожидание обработки,Wait,yes,,2025-09-22 17:59:04.498795,2025-09-22 19:29:04.498795,90,,
85ab0119-8eb0-46cc-9269-7bd99120c4d9,VAC-1158,CAND-10158,HR,Зарегистрировать в HCM,Service Task,no,Ольга_7,2025-09-22 19:29:04.498795,2025-09-22 19:44:04.498795,15,,
85ab0119-8eb0-46cc-9269-7bd99120c4d9,VAC-1158,CAND-10158,РЕКРУТЕР,Разместить вакансию,Task,no,Алексей_7,2025-09-22 20:30:04.498795,2025-09-22 21:33:04.498795,63,,
85ab0119-8eb0-46cc-9269-7bd99120c4d9,VAC-1158,CAND-10158,РЕКРУТЕР,Собирать резюме,Task,no,Екатерина_6,2025-09-22 22:33:04.498795,2025-09-25 04:16:04.498795,3223,,
85ab0119-8eb0-46cc-9269-7bd99120c4d9,VAC-1158,CAND-10158,СИСТЕМА,Ожидание проверки резюме,Wait,yes,,2025-09-25 04:16:04.498795,2025-09-25 11:17:04.498795,421,,
85ab0119-8eb0-46cc-9269-7bd99120c4d9,VAC-1158,CAND-10158,РЕКРУТЕР,Скрининг,Task,no,Екатерина_2,2025-09-25 11:17:04.498795,2025-09-25 11:32:04.498795,15,rejected,не прошёл тест
8620ec40-b3e9-42d1-b346-c3369c2d06e3,VAC-1085,CAND-10085,РУКОВОДИТЕЛЬ,Создать заявку,User Task,no,Иванов_3,2025-09-22 15:40:04.498795,2025-09-22 15:57:04.498795,17,,
8620ec40-b3e9-42d1-b346-c3369c2d06e3,VAC-1085,CAND-10085,СИСТЕМА,Ожидание обработки,Wait,yes,,2025-09-22 15:57:04.498795,2025-09-22 17:44:04.498795,107,,
8620ec40-b3e9-42d1-b346-c3369c2d06e3,VAC-1085,CAND-10085,HR,Зарегистрировать в HCM,Service Task,no,Марина_1,2025-09-22 17:44:04.498795,2025-09-22 18:03:04.498795,19,,
8620ec40-b3e9-42d1-b346-c3369c2d06e3,VAC-1085,CAND-10085,РЕКРУТЕР,Разместить вакансию,Task,no,Алексей_2,2025-09-22 19:28:04.498795,2025-09-22 20:29:04.498795,61,,
8620ec40-b3e9-42d1-b346-c3369c2d06e3,VAC-1085,CAND-10085,РЕКРУТЕР,Собирать резюме,Task,no,Дмитрий_7,2025-09-22 21:29:04.498795,2025-09-24 14:25:04.498795,2456,,
8620ec40-b3e9-42d1-b346-c3369c2d06e3,VAC-1085,CAND-10085,СИСТЕМА,Ожидание проверки резюме,Wait,yes,,2025-09-24 14:25:04.498795,2025-09-25 02:10:04.498795,705,,
8620ec40-b3e9-42d1-b346-c3369c2d06e3,VAC-1085,CAND-10085,РЕКРУТЕР,Скрининг,Task,no,Екатерина_5,2025-09-25 02:10:04.498795,2025-09-25 02:21:04.498795,11,passed,
8620ec40-b3e9-42d1-b346-c3369c2d06e3,VAC-1085,CAND-10085,СИСТЕМА,Ожидание назначения интервью,Wait,yes,,2025-09-25 02:21:04.498795,2025-09-26 08:17:04.498795,1796,,
8620ec40-b3e9-42d1-b346-c3369c2d06e3,VAC-1085,CAND-10085,ИНТЕРВЬЮЕРЫ,Назначить интервью,User Task,no,Сергей_8,2025-09-26 08:17:04.498795,2025-09-26 08:27:04.498795,10,,
8620ec40-b3e9-42d1-b346-c3369c2d06e3,VAC-1085,CAND-10085,СИСТЕМА,Ожидание интервью (раунд 1),Wait,yes,,2025-09-26 08:27:04.498795,2025-09-27 01:50:04.498795,1043,,
8620ec40-b3e9-42d1-b346-c3369c2d06e3,VAC-1085,CAND-10085,ИНТЕРВЬЮЕРЫ,Интервью (раунд 1),User Task,no,Андрей_3,2025-09-27 01:50:04.498795,2025-09-27 03:06:04.498795,76,passed,
8620ec40-b3e9-42d1-b346-c3369c2d06e3,VAC-1085,CAND-10085,СИСТЕМА,Ожидание интервью (раунд 2),Wait,yes,,2025-09-27 03:06:04.498795,2025-09-27 13:10:04.498795,604,,
8620ec40-b3e9-42d1-b346-c3369c2d06e3,VAC-1085,CAND-10085,ИНТЕРВЬЮЕРЫ,Интервью (раунд 2),User Task,no,Андрей_3,2025-09-27 13:10:04.498795,2025-09-27 13:56:04.498795,46,passed,
8620ec40-b3e9-42d1-b346-c3369c2d06e3,VAC-1085,CAND-10085,ИНТЕРВЬЮЕРЫ,Финальное интервью,User Task,no,Анна_2,2025-09-28 01:18:04.498795,2025-09-28 02:54:04.498795,96,passed,
8620ec40-b3e9-42d1-b346-c3369c2d06e3,VAC-1085,CAND-10085,HR (ОФФЕР),Согласовать условия,User Task,no,Ольга_2,2025-09-28 06:23:04.498795,2025-09-28 09:53:04.498795,210,,
8620ec40-b3e9-42d1-b346-c3369c2d06e3,VAC-1085,CAND-10085,HR (ОФФЕР),Сгенерировать оффер,Service Task,no,Наталья_4,2025-09-28 10:13:04.498795,2025-09-28 10:18:04.498795,5,,
8620ec40-b3e9-42d1-b346-c3369c2d06e3,VAC-1085,CAND-10085,HR (ОФФЕР),Отправить оффер,Send Task,no,Марина_8,2025-09-28 10:23:04.498795,2025-09-28 10:33:04.498795,10,sent,
8620ec40-b3e9-42d1-b346-c3369c2d06e3,VAC-1085,CAND-10085,HR (ОФФЕР),Ожидание ответа (1д),Timer,yes,,2025-09-28 10:33:04.498795,2025-09-29 10:33:04.498795,1440,timer_elapsed,
8620ec40-b3e9-42d1-b346-c3369c2d06e3,VAC-1085,CAND-10085,SECURITY,Background Check,Call Activity,no,Служба_БД_1,2025-09-29 13:33:04.498795,2025-10-03 10:49:04.498795,5596,report_ready,
8620ec40-b3e9-42d1-b346-c3369c2d06e3,VAC-1085,CAND-10085,SECURITY,Решение руководителя по BG,User Task,no,Сидоров_7,2025-10-03 12:49:04.498795,2025-10-03 14:01:04.498795,72,reject_by_manager,
86c97b22-85f0-4ed8-b432-22b600e1c15c,VAC-1161,CAND-10161,РУКОВОДИТЕЛЬ,Создать заявку,User Task,no,Иванов_1,2025-10-22 19:22:04.498795,2025-10-22 19:55:04.498795,33,,
86c97b22-85f0-4ed8-b432-22b600e1c15c,VAC-1161,CAND-10161,СИСТЕМА,Ожидание обработки,Wait,yes,,2025-10-22 19:55:04.498795,2025-10-22 21:27:04.498795,92,,
86c97b22-85f0-4ed8-b432-22b600e1c15c,VAC-1161,CAND-10161,HR,Зарегистрировать в HCM,Service Task,no,Марина_6,2025-10-22 21:27:04.498795,2025-10-22 21:52:04.498795,25,,
86c97b22-85f0-4ed8-b432-22b600e1c15c,VAC-1161,CAND-10161,РЕКРУТЕР,Разместить вакансию,Task,no,Дмитрий_2,2025-10-22 22:50:04.498795,2025-10-23 00:24:04.498795,94,,
86c97b22-85f0-4ed8-b432-22b600e1c15c,VAC-1161,CAND-10161,РЕКРУТЕР,Собирать резюме,Task,no,Екатерина_9,2025-10-23 01:24:04.498795,2025-10-24 11:05:04.498795,2021,,
86c97b22-85f0-4ed8-b432-22b600e1c15c,VAC-1161,CAND-10161,СИСТЕМА,Ожидание проверки резюме,Wait,yes,,2025-10-24 11:05:04.498795,2025-10-24 18:51:04.498795,466,,
86c97b22-85f0-4ed8-b432-22b600e1c15c,VAC-1161,CAND-10161,РЕКРУТЕР,Скрининг,Task,no,Екатерина_2,2025-10-24 18:51:04.498795,2025-10-24 19:15:04.498795,24,passed,
86c97b22-85f0-4ed8-b432-22b600e1c15c,VAC-1161,CAND-10161,СИСТЕМА,Ожидание назначения интервью,Wait,yes,,2025-10-24 19:15:04.498795,2025-10-26 16:04:04.498795,2689,,
86c97b22-85f0-4ed8-b432-22b600e1c15c,VAC-1161,CAND-10161,ИНТЕРВЬЮЕРЫ,Назначить интервью,User Task,no,Андрей_8,2025-10-26 16:04:04.498795,2025-10-26 16:16:04.498795,12,,
86c97b22-85f0-4ed8-b432-22b600e1c15c,VAC-1161,CAND-10161,СИСТЕМА,Ожидание интервью (раунд 1),Wait,yes,,2025-10-26 16:16:04.498795,2025-10-27 11:35:04.498795,1159,,
86c97b22-85f0-4ed8-b432-22b600e1c15c,VAC-1161,CAND-10161,ИНТЕРВЬЮЕРЫ,Интервью (раунд 1),User Task,no,Анна_5,2025-10-27 11:35:04.498795,2025-10-27 12:29:04.498795,54,passed,
86c97b22-85f0-4ed8-b432-22b600e1c15c,VAC-1161,CAND-10161,СИСТЕМА,Ожидание интервью (раунд 2),Wait,yes,,2025-10-27 12:29:04.498795,2025-10-28 06:56:04.498795,1107,,
86c97b22-85f0-4ed8-b432-22b600e1c15c,VAC-1161,CAND-10161,ИНТЕРВЬЮЕРЫ,Интервью (раунд 2),User Task,no,Анна_1,2025-10-28 06:56:04.498795,2025-10-28 07:47:04.498795,51,rejected,поведенческий
89b9e12c-891e-479b-a2df-09c4026c01f3,VAC-1086,CAND-10086,РУКОВОДИТЕЛЬ,Создать заявку,User Task,no,Петров_7,2025-10-15 17:17:04.498795,2025-10-15 17:28:04.498795,11,,
89b9e12c-891e-479b-a2df-09c4026c01f3,VAC-1086,CAND-10086,СИСТЕМА,Ожидание обработки,Wait,yes,,2025-10-15 17:28:04.498795,2025-10-15 18:10:04.498795,42,,
89b9e12c-891e-479b-a2df-09c4026c01f3,VAC-1086,CAND-10086,HR,Зарегистрировать в HCM,Service Task,no,Наталья_3,2025-10-15 18:10:04.498795,2025-10-15 18:31:04.498795,21,,
89b9e12c-891e-479b-a2df-09c4026c01f3,VAC-1086,CAND-10086,РЕКРУТЕР,Разместить вакансию,Task,no,Дмитрий_3,2025-10-15 20:11:04.498795,2025-10-15 21:06:04.498795,55,,
89b9e12c-891e-479b-a2df-09c4026c01f3,VAC-1086,CAND-10086,РЕКРУТЕР,Собирать резюме,Task,no,Екатерина_4,2025-10-15 22:06:04.498795,2025-10-17 00:27:04.498795,1581,,
89b9e12c-891e-479b-a2df-09c4026c01f3,VAC-1086,CAND-10086,СИСТЕМА,Ожидание проверки резюме,Wait,yes,,2025-10-17 00:27:04.498795,2025-10-17 08:29:04.498795,482,,
89b9e12c-891e-479b-a2df-09c4026c01f3,VAC-1086,CAND-10086,РЕКРУТЕР,Скрининг,Task,no,Дмитрий_9,2025-10-17 08:29:04.498795,2025-10-17 08:54:04.498795,25,passed,
89b9e12c-891e-479b-a2df-09c4026c01f3,VAC-1086,CAND-10086,СИСТЕМА,Ожидание назначения интервью,Wait,yes,,2025-10-17 08:54:04.498795,2025-10-18 11:53:04.498795,1619,,
89b9e12c-891e-479b-a2df-09c4026c01f3,VAC-1086,CAND-10086,ИНТЕРВЬЮЕРЫ,Назначить интервью,User Task,no,Сергей_3,2025-10-18 11:53:04.498795,2025-10-18 12:11:04.498795,18,,
89b9e12c-891e-479b-a2df-09c4026c01f3,VAC-1086,CAND-10086,СИСТЕМА,Ожидание интервью (раунд 1),Wait,yes,,2025-10-18 12:11:04.498795,2025-10-19 07:09:04.498795,1138,,
89b9e12c-891e-479b-a2df-09c4026c01f3,VAC-1086,CAND-10086,ИНТЕРВЬЮЕРЫ,Интервью (раунд 1),User Task,no,Анна_1,2025-10-19 07:09:04.498795,2025-10-19 09:01:04.498795,112,passed,
89b9e12c-891e-479b-a2df-09c4026c01f3,VAC-1086,CAND-10086,СИСТЕМА,Ожидание интервью (раунд 2),Wait,yes,,2025-10-19 09:01:04.498795,2025-10-19 23:32:04.498795,871,,
89b9e12c-891e-479b-a2df-09c4026c01f3,VAC-1086,CAND-10086,ИНТЕРВЬЮЕРЫ,Интервью (раунд 2),User Task,no,Сергей_6,2025-10-19 23:32:04.498795,2025-10-20 01:02:04.498795,90,passed,
89b9e12c-891e-479b-a2df-09c4026c01f3,VAC-1086,CAND-10086,ИНТЕРВЬЮЕРЫ,Финальное интервью,User Task,no,Сергей_5,2025-10-21 00:36:04.498795,2025-10-21 02:33:04.498795,117,passed,
89b9e12c-891e-479b-a2df-09c4026c01f3,VAC-1086,CAND-10086,HR (ОФФЕР),Согласовать условия,User Task,no,Ольга_4,2025-10-21 04:19:04.498795,2025-10-21 05:25:04.498795,66,,
89b9e12c-891e-479b-a2df-09c4026c01f3,VAC-1086,CAND-10086,HR (ОФФЕР),Сгенерировать оффер,Service Task,no,Ольга_1,2025-10-21 05:45:04.498795,2025-10-21 05:50:04.498795,5,,
89b9e12c-891e-479b-a2df-09c4026c01f3,VAC-1086,CAND-10086,HR (ОФФЕР),Отправить оффер,Send Task,no,Ольга_9,2025-10-21 05:55:04.498795,2025-10-21 06:05:04.498795,10,sent,
89b9e12c-891e-479b-a2df-09c4026c01f3,VAC-1086,CAND-10086,HR (ОФФЕР),Ожидание ответа (2д),Timer,yes,,2025-10-21 06:05:04.498795,2025-10-23 06:05:04.498795,2880,timer_elapsed,
89b9e12c-891e-479b-a2df-09c4026c01f3,VAC-1086,CAND-10086,SECURITY,Background Check,Call Activity,no,Служба_БД_2,2025-10-23 09:05:04.498795,2025-10-26 16:51:04.498795,4786,report_ready,
89b9e12c-891e-479b-a2df-09c4026c01f3,VAC-1086,CAND-10086,IT,Выдача оборудования,Task,no,IT_Specialist_9,2025-10-26 17:51:04.498795,2025-10-26 19:21:04.498795,90,,
89b9e12c-891e-479b-a2df-09c4026c01f3,VAC-1086,CAND-10086,IT,Создать доступы,Task,no,IT_Specialist_7,2025-10-26 19:51:04.498795,2025-10-26 20:28:04.498795,37,,
89b9e12c-891e-479b-a2df-09c4026c01f3,VAC-1086,CAND-10086,IT,Вводное обучение,Service Task,no,Наталья_3,2025-10-26 22:28:04.498795,2025-10-27 04:29:04.498795,361,,
89b9e12c-891e-479b-a2df-09c4026c01f3,VAC-1086,CAND-10086,HR,Назначить ментора,Task,no,Марина_6,2025-10-27 05:29:04.498795,2025-10-27 06:14:04.498795,45,,
89b9e12c-891e-479b-a2df-09c4026c01f3,VAC-1086,CAND-10086,HR,Уведомить всех,Message,no,system,2025-10-27 06:34:04.498795,2025-10-27 06:39:04.498795,5,notified,
89b9e12c-891e-479b-a2df-09c4026c01f3,VAC-1086,CAND-10086,HR,Обновить HCM,Service Task,no,Марина_6,2025-10-27 07:09:04.498795,2025-10-27 07:29:04.498795,20,,
89b9e12c-891e-479b-a2df-09c4026c01f3,VAC-1086,CAND-10086,HR,Payroll,Service Task,no,Марина_1,2025-10-27 07:59:04.498795,2025-10-27 08:19:04.498795,20,,
89b9e12c-891e-479b-a2df-09c4026c01f3,VAC-1086,CAND-10086,HR,Закрыть вакансию,Service Task,no,Марина_6,2025-10-27 08:39:04.498795,2025-10-27 08:44:04.498795,5,,
8a338f8a-9892-4253-a3e4-e2352f83fea6,VAC-1025,CAND-10025,РУКОВОДИТЕЛЬ,Создать заявку,User Task,no,Иванов_7,2025-09-26 17:46:04.498795,2025-09-26 18:42:04.498795,56,,
8a338f8a-9892-4253-a3e4-e2352f83fea6,VAC-1025,CAND-10025,СИСТЕМА,Ожидание обработки,Wait,yes,,2025-09-26 18:42:04.498795,2025-09-26 20:25:04.498795,103,,
8a338f8a-9892-4253-a3e4-e2352f83fea6,VAC-1025,CAND-10025,HR,Зарегистрировать в HCM,Service Task,no,Наталья_8,2025-09-26 20:25:04.498795,2025-09-26 20:39:04.498795,14,,
8a338f8a-9892-4253-a3e4-e2352f83fea6,VAC-1025,CAND-10025,РЕКРУТЕР,Разместить вакансию,Task,no,Екатерина_7,2025-09-26 22:16:04.498795,2025-09-26 23:19:04.498795,63,,
8a338f8a-9892-4253-a3e4-e2352f83fea6,VAC-1025,CAND-10025,РЕКРУТЕР,Собирать резюме,Task,no,Алексей_6,2025-09-27 00:19:04.498795,2025-09-29 20:40:04.498795,4101,,
8a338f8a-9892-4253-a3e4-e2352f83fea6,VAC-1025,CAND-10025,СИСТЕМА,Ожидание проверки резюме,Wait,yes,,2025-09-29 20:40:04.498795,2025-09-30 06:09:04.498795,569,,
8a338f8a-9892-4253-a3e4-e2352f83fea6,VAC-1025,CAND-10025,РЕКРУТЕР,Скрининг,Task,no,Дмитрий_8,2025-09-30 06:09:04.498795,2025-09-30 06:49:04.498795,40,rejected,не соотв. опыту
8b047cb6-3f26-44cd-8030-5b8fad7cadd8,VAC-1012,CAND-10012,РУКОВОДИТЕЛЬ,Создать заявку,User Task,no,Петров_3,2025-09-28 14:44:04.498795,2025-09-28 15:01:04.498795,17,,
8b047cb6-3f26-44cd-8030-5b8fad7cadd8,VAC-1012,CAND-10012,СИСТЕМА,Ожидание обработки,Wait,yes,,2025-09-28 15:01:04.498795,2025-09-28 16:20:04.498795,79,,
8b047cb6-3f26-44cd-8030-5b8fad7cadd8,VAC-1012,CAND-10012,HR,Зарегистрировать в HCM,Service Task,no,Марина_9,2025-09-28 16:20:04.498795,2025-09-28 16:51:04.498795,31,,
8b047cb6-3f26-44cd-8030-5b8fad7cadd8,VAC-1012,CAND-10012,РЕКРУТЕР,Разместить вакансию,Task,no,Дмитрий_9,2025-09-28 18:42:04.498795,2025-09-28 20:38:04.498795,116,,
8b047cb6-3f26-44cd-8030-5b8fad7cadd8,VAC-1012,CAND-10012,РЕКРУТЕР,Собирать резюме,Task,no,Екатерина_8,2025-09-28 21:38:04.498795,2025-10-01 02:45:04.498795,3187,,
8b047cb6-3f26-44cd-8030-5b8fad7cadd8,VAC-1012,CAND-10012,СИСТЕМА,Ожидание проверки резюме,Wait,yes,,2025-10-01 02:45:04.498795,2025-10-01 08:27:04.498795,342,,
8b047cb6-3f26-44cd-8030-5b8fad7cadd8,VAC-1012,CAND-10012,РЕКРУТЕР,Скрининг,Task,no,Дмитрий_8,2025-10-01 08:27:04.498795,2025-10-01 09:00:04.498795,33,passed,
8b047cb6-3f26-44cd-8030-5b8fad7cadd8,VAC-1012,CAND-10012,СИСТЕМА,Ожидание назначения интервью,Wait,yes,,2025-10-01 09:00:04.498795,2025-10-02 17:26:04.498795,1946,,
8b047cb6-3f26-44cd-8030-5b8fad7cadd8,VAC-1012,CAND-10012,ИНТЕРВЬЮЕРЫ,Назначить интервью,User Task,no,Анна_5,2025-10-02 17:26:04.498795,2025-10-02 18:02:04.498795,36,,
8b047cb6-3f26-44cd-8030-5b8fad7cadd8,VAC-1012,CAND-10012,СИСТЕМА,Ожидание интервью (раунд 1),Wait,yes,,2025-10-02 18:02:04.498795,2025-10-03 10:55:04.498795,1013,,
8b047cb6-3f26-44cd-8030-5b8fad7cadd8,VAC-1012,CAND-10012,ИНТЕРВЬЮЕРЫ,Интервью (раунд 1),User Task,no,Сергей_8,2025-10-03 10:55:04.498795,2025-10-03 12:42:04.498795,107,passed,
8b047cb6-3f26-44cd-8030-5b8fad7cadd8,VAC-1012,CAND-10012,СИСТЕМА,Ожидание интервью (раунд 2),Wait,yes,,2025-10-03 12:42:04.498795,2025-10-03 22:01:04.498795,559,,
8b047cb6-3f26-44cd-8030-5b8fad7cadd8,VAC-1012,CAND-10012,ИНТЕРВЬЮЕРЫ,Интервью (раунд 2),User Task,no,Сергей_6,2025-10-03 22:01:04.498795,2025-10-03 23:22:04.498795,81,passed,
8b047cb6-3f26-44cd-8030-5b8fad7cadd8,VAC-1012,CAND-10012,СИСТЕМА,Ожидание интервью (раунд 3),Wait,yes,,2025-10-03 23:22:04.498795,2025-10-04 22:36:04.498795,1394,,
8b047cb6-3f26-44cd-8030-5b8fad7cadd8,VAC-1012,CAND-10012,ИНТЕРВЬЮЕРЫ,Интервью (раунд 3),User Task,no,Андрей_4,2025-10-04 22:36:04.498795,2025-10-05 00:30:04.498795,114,passed,
8b047cb6-3f26-44cd-8030-5b8fad7cadd8,VAC-1012,CAND-10012,ИНТЕРВЬЮЕРЫ,Финальное интервью,User Task,no,Андрей_7,2025-10-05 15:02:04.498795,2025-10-05 16:06:04.498795,64,passed,
8b047cb6-3f26-44cd-8030-5b8fad7cadd8,VAC-1012,CAND-10012,HR (ОФФЕР),Согласовать условия,User Task,no,Марина_8,2025-10-05 18:50:04.498795,2025-10-05 21:14:04.498795,144,,
8b047cb6-3f26-44cd-8030-5b8fad7cadd8,VAC-1012,CAND-10012,HR (ОФФЕР),Сгенерировать оффер,Service Task,no,Наталья_4,2025-10-05 21:34:04.498795,2025-10-05 21:52:04.498795,18,,
8b047cb6-3f26-44cd-8030-5b8fad7cadd8,VAC-1012,CAND-10012,HR (ОФФЕР),Отправить оффер,Send Task,no,Ольга_7,2025-10-05 21:57:04.498795,2025-10-05 22:07:04.498795,10,sent,
8b047cb6-3f26-44cd-8030-5b8fad7cadd8,VAC-1012,CAND-10012,HR (ОФФЕР),Ожидание ответа (3д),Timer,yes,,2025-10-05 22:07:04.498795,2025-10-08 22:07:04.498795,4320,timer_elapsed,
8b047cb6-3f26-44cd-8030-5b8fad7cadd8,VAC-1012,CAND-10012,HR (ОФФЕР),Переговоры / отказ,Task,no,Марина_7,2025-10-09 00:07:04.498795,2025-10-09 01:12:04.498795,65,rejected,
8eacf1b0-8a61-4ba4-80e5-f837f03f21f4,VAC-1121,CAND-10121,РУКОВОДИТЕЛЬ,Создать заявку,User Task,no,Петров_1,2025-10-04 17:19:04.498795,2025-10-04 17:55:04.498795,36,,
8eacf1b0-8a61-4ba4-80e5-f837f03f21f4,VAC-1121,CAND-10121,СИСТЕМА,Ожидание обработки,Wait,yes,,2025-10-04 17:55:04.498795,2025-10-04 19:44:04.498795,109,,
8eacf1b0-8a61-4ba4-80e5-f837f03f21f4,VAC-1121,CAND-10121,HR,Зарегистрировать в HCM,Service Task,no,Ольга_4,2025-10-04 19:44:04.498795,2025-10-04 20:10:04.498795,26,,
8eacf1b0-8a61-4ba4-80e5-f837f03f21f4,VAC-1121,CAND-10121,РЕКРУТЕР,Разместить вакансию,Task,no,Дмитрий_6,2025-10-04 22:43:04.498795,2025-10-05 00:41:04.498795,118,,
8eacf1b0-8a61-4ba4-80e5-f837f03f21f4,VAC-1121,CAND-10121,РЕКРУТЕР,Собирать резюме,Task,no,Екатерина_2,2025-10-05 01:41:04.498795,2025-10-07 17:53:04.498795,3852,,
8eacf1b0-8a61-4ba4-80e5-f837f03f21f4,VAC-1121,CAND-10121,СИСТЕМА,Ожидание проверки резюме,Wait,yes,,2025-10-07 17:53:04.498795,2025-10-08 04:08:04.498795,615,,
8eacf1b0-8a61-4ba4-80e5-f837f03f21f4,VAC-1121,CAND-10121,РЕКРУТЕР,Скрининг,Task,no,Дмитрий_8,2025-10-08 04:08:04.498795,2025-10-08 04:22:04.498795,14,rejected,не соотв. опыту
8eff974b-e06e-47a8-b2f6-b20fc40f62ab,VAC-1195,CAND-10195,РУКОВОДИТЕЛЬ,Создать заявку,User Task,no,Иванов_4,2025-10-17 17:12:04.498795,2025-10-17 17:42:04.498795,30,,
8eff974b-e06e-47a8-b2f6-b20fc40f62ab,VAC-1195,CAND-10195,СИСТЕМА,Ожидание обработки,Wait,yes,,2025-10-17 17:42:04.498795,2025-10-17 18:54:04.498795,72,,
8eff974b-e06e-47a8-b2f6-b20fc40f62ab,VAC-1195,CAND-10195,HR,Зарегистрировать в HCM,Service Task,no,Ольга_3,2025-10-17 18:54:04.498795,2025-10-17 19:12:04.498795,18,,
8eff974b-e06e-47a8-b2f6-b20fc40f62ab,VAC-1195,CAND-10195,РЕКРУТЕР,Разместить вакансию,Task,no,Екатерина_4,2025-10-17 20:47:04.498795,2025-10-17 22:34:04.498795,107,,
8eff974b-e06e-47a8-b2f6-b20fc40f62ab,VAC-1195,CAND-10195,РЕКРУТЕР,Собирать резюме,Task,no,Алексей_2,2025-10-17 23:34:04.498795,2025-10-20 03:16:04.498795,3102,,
8eff974b-e06e-47a8-b2f6-b20fc40f62ab,VAC-1195,CAND-10195,СИСТЕМА,Ожидание проверки резюме,Wait,yes,,2025-10-20 03:16:04.498795,2025-10-20 08:49:04.498795,333,,
8eff974b-e06e-47a8-b2f6-b20fc40f62ab,VAC-1195,CAND-10195,РЕКРУТЕР,Скрининг,Task,no,Алексей_4,2025-10-20 08:49:04.498795,2025-10-20 09:05:04.498795,16,rejected,некорректное резюме
8f809bb2-b338-4fdb-930b-15038281930f,VAC-1072,CAND-10072,РУКОВОДИТЕЛЬ,Создать заявку,User Task,no,Сидоров_2,2025-10-08 15:44:04.498795,2025-10-08 16:33:04.498795,49,,
8f809bb2-b338-4fdb-930b-15038281930f,VAC-1072,CAND-10072,СИСТЕМА,Ожидание обработки,Wait,yes,,2025-10-08 16:33:04.498795,2025-10-08 18:19:04.498795,106,,
8f809bb2-b338-4fdb-930b-15038281930f,VAC-1072,CAND-10072,HR,Зарегистрировать в HCM,Service Task,no,Ольга_2,2025-10-08 18:19:04.498795,2025-10-08 18:33:04.498795,14,,
8f809bb2-b338-4fdb-930b-15038281930f,VAC-1072,CAND-10072,РЕКРУТЕР,Разместить вакансию,Task,no,Алексей_3,2025-10-08 20:04:04.498795,2025-10-08 21:03:04.498795,59,,
8f809bb2-b338-4fdb-930b-15038281930f,VAC-1072,CAND-10072,РЕКРУТЕР,Собирать резюме,Task,no,Екатерина_3,2025-10-08 22:03:04.498795,2025-10-10 23:32:04.498795,2969,,
8f809bb2-b338-4fdb-930b-15038281930f,VAC-1072,CAND-10072,СИСТЕМА,Ожидание проверки резюме,Wait,yes,,2025-10-10 23:32:04.498795,2025-10-11 11:15:04.498795,703,,
8f809bb2-b338-4fdb-930b-15038281930f,VAC-1072,CAND-10072,РЕКРУТЕР,Скрининг,Task,no,Дмитрий_3,2025-10-11 11:15:04.498795,2025-10-11 11:37:04.498795,22,passed,
8f809bb2-b338-4fdb-930b-15038281930f,VAC-1072,CAND-10072,СИСТЕМА,Ожидание назначения интервью,Wait,yes,,2025-10-11 11:37:04.498795,2025-10-13 02:03:04.498795,2306,,
8f809bb2-b338-4fdb-930b-15038281930f,VAC-1072,CAND-10072,ИНТЕРВЬЮЕРЫ,Назначить интервью,User Task,no,Сергей_9,2025-10-13 02:03:04.498795,2025-10-13 02:18:04.498795,15,,
8f809bb2-b338-4fdb-930b-15038281930f,VAC-1072,CAND-10072,СИСТЕМА,Ожидание интервью (раунд 1),Wait,yes,,2025-10-13 02:18:04.498795,2025-10-13 21:18:04.498795,1140,,
8f809bb2-b338-4fdb-930b-15038281930f,VAC-1072,CAND-10072,ИНТЕРВЬЮЕРЫ,Интервью (раунд 1),User Task,no,Сергей_5,2025-10-13 21:18:04.498795,2025-10-13 22:25:04.498795,67,passed,
8f809bb2-b338-4fdb-930b-15038281930f,VAC-1072,CAND-10072,СИСТЕМА,Ожидание интервью (раунд 2),Wait,yes,,2025-10-13 22:25:04.498795,2025-10-14 08:48:04.498795,623,,
8f809bb2-b338-4fdb-930b-15038281930f,VAC-1072,CAND-10072,ИНТЕРВЬЮЕРЫ,Интервью (раунд 2),User Task,no,Сергей_1,2025-10-14 08:48:04.498795,2025-10-14 09:56:04.498795,68,passed,
8f809bb2-b338-4fdb-930b-15038281930f,VAC-1072,CAND-10072,ИНТЕРВЬЮЕРЫ,Финальное интервью,User Task,no,Сергей_3,2025-10-15 08:42:04.498795,2025-10-15 10:12:04.498795,90,rejected,финал не пройден
90e3de0e-4c6a-4b32-b829-b86a97344249,VAC-1142,CAND-10142,РУКОВОДИТЕЛЬ,Создать заявку,User Task,no,Сидоров_1,2025-10-18 14:33:04.498795,2025-10-18 15:24:04.498795,51,,
90e3de0e-4c6a-4b32-b829-b86a97344249,VAC-1142,CAND-10142,СИСТЕМА,Ожидание обработки,Wait,yes,,2025-10-18 15:24:04.498795,2025-10-18 17:05:04.498795,101,,
90e3de0e-4c6a-4b32-b829-b86a97344249,VAC-1142,CAND-10142,HR,Зарегистрировать в HCM,Service Task,no,Марина_7,2025-10-18 17:05:04.498795,2025-10-18 17:39:04.498795,34,,
90e3de0e-4c6a-4b32-b829-b86a97344249,VAC-1142,CAND-10142,РЕКРУТЕР,Разместить вакансию,Task,no,Екатерина_1,2025-10-18 18:22:04.498795,2025-10-18 19:21:04.498795,59,,
90e3de0e-4c6a-4b32-b829-b86a97344249,VAC-1142,CAND-10142,РЕКРУТЕР,Собирать резюме,Task,no,Екатерина_3,2025-10-18 20:21:04.498795,2025-10-20 18:08:04.498795,2747,,
90e3de0e-4c6a-4b32-b829-b86a97344249,VAC-1142,CAND-10142,СИСТЕМА,Ожидание проверки резюме,Wait,yes,,2025-10-20 18:08:04.498795,2025-10-21 02:42:04.498795,514,,
90e3de0e-4c6a-4b32-b829-b86a97344249,VAC-1142,CAND-10142,РЕКРУТЕР,Скрининг,Task,no,Екатерина_4,2025-10-21 02:42:04.498795,2025-10-21 03:08:04.498795,26,passed,
90e3de0e-4c6a-4b32-b829-b86a97344249,VAC-1142,CAND-10142,СИСТЕМА,Ожидание назначения интервью,Wait,yes,,2025-10-21 03:08:04.498795,2025-10-23 02:07:04.498795,2819,,
90e3de0e-4c6a-4b32-b829-b86a97344249,VAC-1142,CAND-10142,ИНТЕРВЬЮЕРЫ,Назначить интервью,User Task,no,Сергей_8,2025-10-23 02:07:04.498795,2025-10-23 02:40:04.498795,33,,
90e3de0e-4c6a-4b32-b829-b86a97344249,VAC-1142,CAND-10142,СИСТЕМА,Ожидание интервью (раунд 1),Wait,yes,,2025-10-23 02:40:04.498795,2025-10-23 20:29:04.498795,1069,,
90e3de0e-4c6a-4b32-b829-b86a97344249,VAC-1142,CAND-10142,ИНТЕРВЬЮЕРЫ,Интервью (раунд 1),User Task,no,Сергей_5,2025-10-23 20:29:04.498795,2025-10-23 22:18:04.498795,109,passed,
90e3de0e-4c6a-4b32-b829-b86a97344249,VAC-1142,CAND-10142,СИСТЕМА,Ожидание интервью (раунд 2),Wait,yes,,2025-10-23 22:18:04.498795,2025-10-24 19:43:04.498795,1285,,
90e3de0e-4c6a-4b32-b829-b86a97344249,VAC-1142,CAND-10142,ИНТЕРВЬЮЕРЫ,Интервью (раунд 2),User Task,no,Сергей_2,2025-10-24 19:43:04.498795,2025-10-24 21:18:04.498795,95,passed,
90e3de0e-4c6a-4b32-b829-b86a97344249,VAC-1142,CAND-10142,СИСТЕМА,Ожидание интервью (раунд 3),Wait,yes,,2025-10-24 21:18:04.498795,2025-10-25 13:25:04.498795,967,,
90e3de0e-4c6a-4b32-b829-b86a97344249,VAC-1142,CAND-10142,ИНТЕРВЬЮЕРЫ,Интервью (раунд 3),User Task,no,Анна_7,2025-10-25 13:25:04.498795,2025-10-25 15:23:04.498795,118,rejected,поведенческий
91e8eef6-21d9-4c5d-9c07-d70373ec69af,VAC-1149,CAND-10149,РУКОВОДИТЕЛЬ,Создать заявку,User Task,no,Петров_1,2025-09-03 14:00:04.498795,2025-09-03 14:12:04.498795,12,,
91e8eef6-21d9-4c5d-9c07-d70373ec69af,VAC-1149,CAND-10149,СИСТЕМА,Ожидание обработки,Wait,yes,,2025-09-03 14:12:04.498795,2025-09-03 15:06:04.498795,54,,
91e8eef6-21d9-4c5d-9c07-d70373ec69af,VAC-1149,CAND-10149,HR,Зарегистрировать в HCM,Service Task,no,Ольга_4,2025-09-03 15:06:04.498795,2025-09-03 15:46:04.498795,40,,
91e8eef6-21d9-4c5d-9c07-d70373ec69af,VAC-1149,CAND-10149,РЕКРУТЕР,Разместить вакансию,Task,no,Алексей_2,2025-09-03 17:07:04.498795,2025-09-03 19:03:04.498795,116,,
91e8eef6-21d9-4c5d-9c07-d70373ec69af,VAC-1149,CAND-10149,РЕКРУТЕР,Собирать резюме,Task,no,Дмитрий_8,2025-09-03 20:03:04.498795,2025-09-05 08:08:04.498795,2165,,
91e8eef6-21d9-4c5d-9c07-d70373ec69af,VAC-1149,CAND-10149,СИСТЕМА,Ожидание проверки резюме,Wait,yes,,2025-09-05 08:08:04.498795,2025-09-05 16:40:04.498795,512,,
91e8eef6-21d9-4c5d-9c07-d70373ec69af,VAC-1149,CAND-10149,РЕКРУТЕР,Скрининг,Task,no,Дмитрий_4,2025-09-05 16:40:04.498795,2025-09-05 17:17:04.498795,37,passed,
91e8eef6-21d9-4c5d-9c07-d70373ec69af,VAC-1149,CAND-10149,СИСТЕМА,Ожидание назначения интервью,Wait,yes,,2025-09-05 17:17:04.498795,2025-09-06 18:42:04.498795,1525,,
91e8eef6-21d9-4c5d-9c07-d70373ec69af,VAC-1149,CAND-10149,ИНТЕРВЬЮЕРЫ,Назначить интервью,User Task,no,Анна_7,2025-09-06 18:42:04.498795,2025-09-06 19:11:04.498795,29,,
91e8eef6-21d9-4c5d-9c07-d70373ec69af,VAC-1149,CAND-10149,СИСТЕМА,Ожидание интервью (раунд 1),Wait,yes,,2025-09-06 19:11:04.498795,2025-09-07 09:54:04.498795,883,,
91e8eef6-21d9-4c5d-9c07-d70373ec69af,VAC-1149,CAND-10149,ИНТЕРВЬЮЕРЫ,Интервью (раунд 1),User Task,no,Анна_1,2025-09-07 09:54:04.498795,2025-09-07 11:52:04.498795,118,passed,
91e8eef6-21d9-4c5d-9c07-d70373ec69af,VAC-1149,CAND-10149,СИСТЕМА,Ожидание интервью (раунд 2),Wait,yes,,2025-09-07 11:52:04.498795,2025-09-08 04:45:04.498795,1013,,
91e8eef6-21d9-4c5d-9c07-d70373ec69af,VAC-1149,CAND-10149,ИНТЕРВЬЮЕРЫ,Интервью (раунд 2),User Task,no,Андрей_4,2025-09-08 04:45:04.498795,2025-09-08 05:43:04.498795,58,passed,
91e8eef6-21d9-4c5d-9c07-d70373ec69af,VAC-1149,CAND-10149,ИНТЕРВЬЮЕРЫ,Финальное интервью,User Task,no,Анна_1,2025-09-08 22:34:04.498795,2025-09-09 00:27:04.498795,113,passed,
91e8eef6-21d9-4c5d-9c07-d70373ec69af,VAC-1149,CAND-10149,HR (ОФФЕР),Согласовать условия,User Task,no,Марина_1,2025-09-09 03:49:04.498795,2025-09-09 06:28:04.498795,159,,
91e8eef6-21d9-4c5d-9c07-d70373ec69af,VAC-1149,CAND-10149,HR (ОФФЕР),Сгенерировать оффер,Service Task,no,Ольга_8,2025-09-09 06:48:04.498795,2025-09-09 06:59:04.498795,11,,
91e8eef6-21d9-4c5d-9c07-d70373ec69af,VAC-1149,CAND-10149,HR (ОФФЕР),Отправить оффер,Send Task,no,Ольга_5,2025-09-09 07:04:04.498795,2025-09-09 07:14:04.498795,10,sent,
91e8eef6-21d9-4c5d-9c07-d70373ec69af,VAC-1149,CAND-10149,HR (ОФФЕР),Ожидание ответа (2д),Timer,yes,,2025-09-09 07:14:04.498795,2025-09-11 07:14:04.498795,2880,timer_elapsed,
91e8eef6-21d9-4c5d-9c07-d70373ec69af,VAC-1149,CAND-10149,SECURITY,Background Check,Call Activity,no,Служба_БД_1,2025-09-11 10:14:04.498795,2025-09-15 19:54:04.498795,6340,report_ready,
91e8eef6-21d9-4c5d-9c07-d70373ec69af,VAC-1149,CAND-10149,IT,Выдача оборудования,Task,no,IT_Specialist_8,2025-09-15 20:54:04.498795,2025-09-15 23:49:04.498795,175,,
91e8eef6-21d9-4c5d-9c07-d70373ec69af,VAC-1149,CAND-10149,IT,Создать доступы,Task,no,IT_Specialist_2,2025-09-16 00:19:04.498795,2025-09-16 02:11:04.498795,112,,
91e8eef6-21d9-4c5d-9c07-d70373ec69af,VAC-1149,CAND-10149,IT,Вводное обучение,Service Task,no,Наталья_3,2025-09-16 04:11:04.498795,2025-09-16 11:27:04.498795,436,,
91e8eef6-21d9-4c5d-9c07-d70373ec69af,VAC-1149,CAND-10149,HR,Назначить ментора,Task,no,Марина_9,2025-09-16 12:27:04.498795,2025-09-16 13:46:04.498795,79,,
91e8eef6-21d9-4c5d-9c07-d70373ec69af,VAC-1149,CAND-10149,HR,Уведомить всех,Message,no,system,2025-09-16 14:06:04.498795,2025-09-16 14:11:04.498795,5,notified,
91e8eef6-21d9-4c5d-9c07-d70373ec69af,VAC-1149,CAND-10149,HR,Обновить HCM,Service Task,no,Наталья_7,2025-09-16 14:41:04.498795,2025-09-16 15:01:04.498795,20,,
91e8eef6-21d9-4c5d-9c07-d70373ec69af,VAC-1149,CAND-10149,HR,Payroll,Service Task,no,Ольга_6,2025-09-16 15:31:04.498795,2025-09-16 15:51:04.498795,20,,
91e8eef6-21d9-4c5d-9c07-d70373ec69af,VAC-1149,CAND-10149,HR,Закрыть вакансию,Service Task,no,Ольга_1,2025-09-16 16:11:04.498795,2025-09-16 16:16:04.498795,5,,
94bc4252-2ecf-4950-a763-cb9f58cdad6f,VAC-1180,CAND-10180,РУКОВОДИТЕЛЬ,Создать заявку,User Task,no,Иванов_7,2025-10-06 18:53:04.498795,2025-10-06 19:22:04.498795,29,,
94bc4252-2ecf-4950-a763-cb9f58cdad6f,VAC-1180,CAND-10180,СИСТЕМА,Ожидание обработки,Wait,yes,,2025-10-06 19:22:04.498795,2025-10-06 21:01:04.498795,99,,
94bc4252-2ecf-4950-a763-cb9f58cdad6f,VAC-1180,CAND-10180,HR,Зарегистрировать в HCM,Service Task,no,Наталья_8,2025-10-06 21:01:04.498795,2025-10-06 21:37:04.498795,36,,
94bc4252-2ecf-4950-a763-cb9f58cdad6f,VAC-1180,CAND-10180,РЕКРУТЕР,Разместить вакансию,Task,no,Дмитрий_1,2025-10-06 23:38:04.498795,2025-10-07 00:09:04.498795,31,,
94bc4252-2ecf-4950-a763-cb9f58cdad6f,VAC-1180,CAND-10180,РЕКРУТЕР,Собирать резюме,Task,no,Екатерина_4,2025-10-07 01:09:04.498795,2025-10-09 18:39:04.498795,3930,,
94bc4252-2ecf-4950-a763-cb9f58cdad6f,VAC-1180,CAND-10180,СИСТЕМА,Ожидание проверки резюме,Wait,yes,,2025-10-09 18:39:04.498795,2025-10-10 06:38:04.498795,719,,
94bc4252-2ecf-4950-a763-cb9f58cdad6f,VAC-1180,CAND-10180,РЕКРУТЕР,Скрининг,Task,no,Дмитрий_4,2025-10-10 06:38:04.498795,2025-10-10 06:55:04.498795,17,passed,
94bc4252-2ecf-4950-a763-cb9f58cdad6f,VAC-1180,CAND-10180,СИСТЕМА,Ожидание назначения интервью,Wait,yes,,2025-10-10 06:55:04.498795,2025-10-12 01:17:04.498795,2542,,
94bc4252-2ecf-4950-a763-cb9f58cdad6f,VAC-1180,CAND-10180,ИНТЕРВЬЮЕРЫ,Назначить интервью,User Task,no,Сергей_2,2025-10-12 01:17:04.498795,2025-10-12 01:54:04.498795,37,,
94bc4252-2ecf-4950-a763-cb9f58cdad6f,VAC-1180,CAND-10180,СИСТЕМА,Ожидание интервью (раунд 1),Wait,yes,,2025-10-12 01:54:04.498795,2025-10-12 16:37:04.498795,883,,
94bc4252-2ecf-4950-a763-cb9f58cdad6f,VAC-1180,CAND-10180,ИНТЕРВЬЮЕРЫ,Интервью (раунд 1),User Task,no,Анна_9,2025-10-12 16:37:04.498795,2025-10-12 17:46:04.498795,69,passed,
94bc4252-2ecf-4950-a763-cb9f58cdad6f,VAC-1180,CAND-10180,СИСТЕМА,Ожидание интервью (раунд 2),Wait,yes,,2025-10-12 17:46:04.498795,2025-10-13 02:43:04.498795,537,,
94bc4252-2ecf-4950-a763-cb9f58cdad6f,VAC-1180,CAND-10180,ИНТЕРВЬЮЕРЫ,Интервью (раунд 2),User Task,no,Анна_7,2025-10-13 02:43:04.498795,2025-10-13 04:14:04.498795,91,passed,
94bc4252-2ecf-4950-a763-cb9f58cdad6f,VAC-1180,CAND-10180,СИСТЕМА,Ожидание интервью (раунд 3),Wait,yes,,2025-10-13 04:14:04.498795,2025-10-13 18:32:04.498795,858,,
94bc4252-2ecf-4950-a763-cb9f58cdad6f,VAC-1180,CAND-10180,ИНТЕРВЬЮЕРЫ,Интервью (раунд 3),User Task,no,Сергей_6,2025-10-13 18:32:04.498795,2025-10-13 20:06:04.498795,94,passed,
94bc4252-2ecf-4950-a763-cb9f58cdad6f,VAC-1180,CAND-10180,ИНТЕРВЬЮЕРЫ,Финальное интервью,User Task,no,Анна_2,2025-10-14 10:05:04.498795,2025-10-14 11:29:04.498795,84,rejected,финал не пройден
96096683-c9fd-404a-96d8-41879fb556b9,VAC-1185,CAND-10185,РУКОВОДИТЕЛЬ,Создать заявку,User Task,no,Иванов_4,2025-08-25 18:34:04.498795,2025-08-25 19:11:04.498795,37,,
96096683-c9fd-404a-96d8-41879fb556b9,VAC-1185,CAND-10185,СИСТЕМА,Ожидание обработки,Wait,yes,,2025-08-25 19:11:04.498795,2025-08-25 19:44:04.498795,33,,
96096683-c9fd-404a-96d8-41879fb556b9,VAC-1185,CAND-10185,HR,Зарегистрировать в HCM,Service Task,no,Марина_9,2025-08-25 19:44:04.498795,2025-08-25 19:55:04.498795,11,,
96096683-c9fd-404a-96d8-41879fb556b9,VAC-1185,CAND-10185,РЕКРУТЕР,Разместить вакансию,Task,no,Алексей_5,2025-08-25 20:40:04.498795,2025-08-25 22:00:04.498795,80,,
96096683-c9fd-404a-96d8-41879fb556b9,VAC-1185,CAND-10185,РЕКРУТЕР,Собирать резюме,Task,no,Алексей_5,2025-08-25 23:00:04.498795,2025-08-27 01:57:04.498795,1617,,
96096683-c9fd-404a-96d8-41879fb556b9,VAC-1185,CAND-10185,СИСТЕМА,Ожидание проверки резюме,Wait,yes,,2025-08-27 01:57:04.498795,2025-08-27 05:07:04.498795,190,,
96096683-c9fd-404a-96d8-41879fb556b9,VAC-1185,CAND-10185,РЕКРУТЕР,Скрининг,Task,no,Алексей_2,2025-08-27 05:07:04.498795,2025-08-27 05:41:04.498795,34,rejected,не соотв. опыту
979e1331-7395-4a22-afeb-cd5003f56c82,VAC-1011,CAND-10011,РУКОВОДИТЕЛЬ,Создать заявку,User Task,no,Сидоров_5,2025-10-02 16:28:04.498795,2025-10-02 16:45:04.498795,17,,
979e1331-7395-4a22-afeb-cd5003f56c82,VAC-1011,CAND-10011,СИСТЕМА,Ожидание обработки,Wait,yes,,2025-10-02 16:45:04.498795,2025-10-02 18:09:04.498795,84,,
979e1331-7395-4a22-afeb-cd5003f56c82,VAC-1011,CAND-10011,HR,Зарегистрировать в HCM,Service Task,no,Марина_7,2025-10-02 18:09:04.498795,2025-10-02 18:28:04.498795,19,,
979e1331-7395-4a22-afeb-cd5003f56c82,VAC-1011,CAND-10011,РЕКРУТЕР,Разместить вакансию,Task,no,Екатерина_5,2025-10-02 20:21:04.498795,2025-10-02 21:32:04.498795,71,,
979e1331-7395-4a22-afeb-cd5003f56c82,VAC-1011,CAND-10011,РЕКРУТЕР,Собирать резюме,Task,no,Алексей_4,2025-10-02 22:32:04.498795,2025-10-05 12:22:04.498795,3710,,
979e1331-7395-4a22-afeb-cd5003f56c82,VAC-1011,CAND-10011,СИСТЕМА,Ожидание проверки резюме,Wait,yes,,2025-10-05 12:22:04.498795,2025-10-05 22:32:04.498795,610,,
979e1331-7395-4a22-afeb-cd5003f56c82,VAC-1011,CAND-10011,РЕКРУТЕР,Скрининг,Task,no,Дмитрий_3,2025-10-05 22:32:04.498795,2025-10-05 23:03:04.498795,31,passed,
979e1331-7395-4a22-afeb-cd5003f56c82,VAC-1011,CAND-10011,СИСТЕМА,Ожидание назначения интервью,Wait,yes,,2025-10-05 23:03:04.498795,2025-10-07 09:19:04.498795,2056,,
979e1331-7395-4a22-afeb-cd5003f56c82,VAC-1011,CAND-10011,ИНТЕРВЬЮЕРЫ,Назначить интервью,User Task,no,Анна_1,2025-10-07 09:19:04.498795,2025-10-07 09:41:04.498795,22,,
979e1331-7395-4a22-afeb-cd5003f56c82,VAC-1011,CAND-10011,СИСТЕМА,Ожидание интервью (раунд 1),Wait,yes,,2025-10-07 09:41:04.498795,2025-10-07 21:16:04.498795,695,,
979e1331-7395-4a22-afeb-cd5003f56c82,VAC-1011,CAND-10011,ИНТЕРВЬЮЕРЫ,Интервью (раунд 1),User Task,no,Анна_6,2025-10-07 21:16:04.498795,2025-10-07 22:56:04.498795,100,passed,
979e1331-7395-4a22-afeb-cd5003f56c82,VAC-1011,CAND-10011,СИСТЕМА,Ожидание интервью (раунд 2),Wait,yes,,2025-10-07 22:56:04.498795,2025-10-08 14:52:04.498795,956,,
979e1331-7395-4a22-afeb-cd5003f56c82,VAC-1011,CAND-10011,ИНТЕРВЬЮЕРЫ,Интервью (раунд 2),User Task,no,Андрей_9,2025-10-08 14:52:04.498795,2025-10-08 16:33:04.498795,101,passed,
979e1331-7395-4a22-afeb-cd5003f56c82,VAC-1011,CAND-10011,ИНТЕРВЬЮЕРЫ,Финальное интервью,User Task,no,Сергей_9,2025-10-09 08:37:04.498795,2025-10-09 09:43:04.498795,66,passed,
979e1331-7395-4a22-afeb-cd5003f56c82,VAC-1011,CAND-10011,HR (ОФФЕР),Согласовать условия,User Task,no,Марина_6,2025-10-09 13:32:04.498795,2025-10-09 17:14:04.498795,222,,
979e1331-7395-4a22-afeb-cd5003f56c82,VAC-1011,CAND-10011,HR (ОФФЕР),Сгенерировать оффер,Service Task,no,Наталья_5,2025-10-09 17:34:04.498795,2025-10-09 17:41:04.498795,7,,
979e1331-7395-4a22-afeb-cd5003f56c82,VAC-1011,CAND-10011,HR (ОФФЕР),Отправить оффер,Send Task,no,Наталья_4,2025-10-09 17:46:04.498795,2025-10-09 17:56:04.498795,10,sent,
979e1331-7395-4a22-afeb-cd5003f56c82,VAC-1011,CAND-10011,HR (ОФФЕР),Ожидание ответа (1д),Timer,yes,,2025-10-09 17:56:04.498795,2025-10-10 17:56:04.498795,1440,timer_elapsed,
979e1331-7395-4a22-afeb-cd5003f56c82,VAC-1011,CAND-10011,SECURITY,Background Check,Call Activity,no,Служба_БД_2,2025-10-10 20:56:04.498795,2025-10-14 06:21:04.498795,4885,report_ready,
979e1331-7395-4a22-afeb-cd5003f56c82,VAC-1011,CAND-10011,IT,Выдача оборудования,Task,no,IT_Specialist_7,2025-10-14 07:21:04.498795,2025-10-14 10:14:04.498795,173,,
979e1331-7395-4a22-afeb-cd5003f56c82,VAC-1011,CAND-10011,IT,Создать доступы,Task,no,IT_Specialist_4,2025-10-14 10:44:04.498795,2025-10-14 12:17:04.498795,93,,
979e1331-7395-4a22-afeb-cd5003f56c82,VAC-1011,CAND-10011,IT,Вводное обучение,Service Task,no,Марина_1,2025-10-14 14:17:04.498795,2025-10-14 18:32:04.498795,255,,
979e1331-7395-4a22-afeb-cd5003f56c82,VAC-1011,CAND-10011,HR,Назначить ментора,Task,no,Наталья_7,2025-10-14 19:32:04.498795,2025-10-14 20:59:04.498795,87,,
979e1331-7395-4a22-afeb-cd5003f56c82,VAC-1011,CAND-10011,HR,Уведомить всех,Message,no,system,2025-10-14 21:19:04.498795,2025-10-14 21:24:04.498795,5,notified,
979e1331-7395-4a22-afeb-cd5003f56c82,VAC-1011,CAND-10011,HR,Обновить HCM,Service Task,no,Наталья_3,2025-10-14 21:54:04.498795,2025-10-14 22:14:04.498795,20,,
979e1331-7395-4a22-afeb-cd5003f56c82,VAC-1011,CAND-10011,HR,Payroll,Service Task,no,Марина_9,2025-10-14 22:44:04.498795,2025-10-14 23:04:04.498795,20,,
979e1331-7395-4a22-afeb-cd5003f56c82,VAC-1011,CAND-10011,HR,Закрыть вакансию,Service Task,no,Ольга_1,2025-10-14 23:24:04.498795,2025-10-14 23:29:04.498795,5,,
97cf5ec0-5dcd-44b8-9b4f-1c578b694ec6,VAC-1166,CAND-10166,РУКОВОДИТЕЛЬ,Создать заявку,User Task,no,Сидоров_5,2025-08-30 10:50:04.498795,2025-08-30 11:04:04.498795,14,,
97cf5ec0-5dcd-44b8-9b4f-1c578b694ec6,VAC-1166,CAND-10166,СИСТЕМА,Ожидание обработки,Wait,yes,,2025-08-30 11:04:04.498795,2025-08-30 13:03:04.498795,119,,
97cf5ec0-5dcd-44b8-9b4f-1c578b694ec6,VAC-1166,CAND-10166,HR,Зарегистрировать в HCM,Service Task,no,Наталья_8,2025-08-30 13:03:04.498795,2025-08-30 13:27:04.498795,24,,
97cf5ec0-5dcd-44b8-9b4f-1c578b694ec6,VAC-1166,CAND-10166,РЕКРУТЕР,Разместить вакансию,Task,no,Екатерина_1,2025-08-30 14:35:04.498795,2025-08-30 16:18:04.498795,103,,
97cf5ec0-5dcd-44b8-9b4f-1c578b694ec6,VAC-1166,CAND-10166,РЕКРУТЕР,Собирать резюме,Task,no,Екатерина_7,2025-08-30 17:18:04.498795,2025-08-31 19:52:04.498795,1594,,
97cf5ec0-5dcd-44b8-9b4f-1c578b694ec6,VAC-1166,CAND-10166,СИСТЕМА,Ожидание проверки резюме,Wait,yes,,2025-08-31 19:52:04.498795,2025-09-01 03:24:04.498795,452,,
97cf5ec0-5dcd-44b8-9b4f-1c578b694ec6,VAC-1166,CAND-10166,РЕКРУТЕР,Скрининг,Task,no,Екатерина_6,2025-09-01 03:24:04.498795,2025-09-01 03:38:04.498795,14,rejected,не прошёл тест
99e943d1-d04e-420f-b81c-71d82213efc9,VAC-1001,CAND-10001,РУКОВОДИТЕЛЬ,Создать заявку,User Task,no,Иванов_6,2025-09-20 16:03:04.498795,2025-09-20 16:22:04.498795,19,,
99e943d1-d04e-420f-b81c-71d82213efc9,VAC-1001,CAND-10001,СИСТЕМА,Ожидание обработки,Wait,yes,,2025-09-20 16:22:04.498795,2025-09-20 16:55:04.498795,33,,
99e943d1-d04e-420f-b81c-71d82213efc9,VAC-1001,CAND-10001,HR,Зарегистрировать в HCM,Service Task,no,Ольга_2,2025-09-20 16:55:04.498795,2025-09-20 17:07:04.498795,12,,
99e943d1-d04e-420f-b81c-71d82213efc9,VAC-1001,CAND-10001,РЕКРУТЕР,Разместить вакансию,Task,no,Екатерина_5,2025-09-20 19:08:04.498795,2025-09-20 20:12:04.498795,64,,
99e943d1-d04e-420f-b81c-71d82213efc9,VAC-1001,CAND-10001,РЕКРУТЕР,Собирать резюме,Task,no,Екатерина_8,2025-09-20 21:12:04.498795,2025-09-22 00:09:04.498795,1617,,
99e943d1-d04e-420f-b81c-71d82213efc9,VAC-1001,CAND-10001,СИСТЕМА,Ожидание проверки резюме,Wait,yes,,2025-09-22 00:09:04.498795,2025-09-22 05:16:04.498795,307,,
99e943d1-d04e-420f-b81c-71d82213efc9,VAC-1001,CAND-10001,РЕКРУТЕР,Скрининг,Task,no,Дмитрий_2,2025-09-22 05:16:04.498795,2025-09-22 05:55:04.498795,39,passed,
99e943d1-d04e-420f-b81c-71d82213efc9,VAC-1001,CAND-10001,СИСТЕМА,Ожидание назначения интервью,Wait,yes,,2025-09-22 05:55:04.498795,2025-09-24 03:22:04.498795,2727,,
99e943d1-d04e-420f-b81c-71d82213efc9,VAC-1001,CAND-10001,ИНТЕРВЬЮЕРЫ,Назначить интервью,User Task,no,Сергей_4,2025-09-24 03:22:04.498795,2025-09-24 03:51:04.498795,29,,
99e943d1-d04e-420f-b81c-71d82213efc9,VAC-1001,CAND-10001,СИСТЕМА,Ожидание интервью (раунд 1),Wait,yes,,2025-09-24 03:51:04.498795,2025-09-24 12:37:04.498795,526,,
99e943d1-d04e-420f-b81c-71d82213efc9,VAC-1001,CAND-10001,ИНТЕРВЬЮЕРЫ,Интервью (раунд 1),User Task,no,Андрей_4,2025-09-24 12:37:04.498795,2025-09-24 13:51:04.498795,74,passed,
99e943d1-d04e-420f-b81c-71d82213efc9,VAC-1001,CAND-10001,СИСТЕМА,Ожидание интервью (раунд 2),Wait,yes,,2025-09-24 13:51:04.498795,2025-09-25 12:38:04.498795,1367,,
99e943d1-d04e-420f-b81c-71d82213efc9,VAC-1001,CAND-10001,ИНТЕРВЬЮЕРЫ,Интервью (раунд 2),User Task,no,Сергей_6,2025-09-25 12:38:04.498795,2025-09-25 13:35:04.498795,57,passed,
99e943d1-d04e-420f-b81c-71d82213efc9,VAC-1001,CAND-10001,ИНТЕРВЬЮЕРЫ,Финальное интервью,User Task,no,Анна_5,2025-09-26 00:21:04.498795,2025-09-26 01:53:04.498795,92,passed,
99e943d1-d04e-420f-b81c-71d82213efc9,VAC-1001,CAND-10001,HR (ОФФЕР),Согласовать условия,User Task,no,Марина_2,2025-09-26 05:52:04.498795,2025-09-26 09:46:04.498795,234,,
99e943d1-d04e-420f-b81c-71d82213efc9,VAC-1001,CAND-10001,HR (ОФФЕР),Сгенерировать оффер,Service Task,no,Марина_3,2025-09-26 10:06:04.498795,2025-09-26 10:30:04.498795,24,,
99e943d1-d04e-420f-b81c-71d82213efc9,VAC-1001,CAND-10001,HR (ОФФЕР),Отправить оффер,Send Task,no,Марина_4,2025-09-26 10:35:04.498795,2025-09-26 10:45:04.498795,10,sent,
99e943d1-d04e-420f-b81c-71d82213efc9,VAC-1001,CAND-10001,HR (ОФФЕР),Ожидание ответа (1д),Timer,yes,,2025-09-26 10:45:04.498795,2025-09-27 10:45:04.498795,1440,timer_elapsed,
99e943d1-d04e-420f-b81c-71d82213efc9,VAC-1001,CAND-10001,SECURITY,Background Check,Call Activity,no,Служба_БД_6,2025-09-27 13:45:04.498795,2025-10-01 02:36:04.498795,5091,report_ready,
99e943d1-d04e-420f-b81c-71d82213efc9,VAC-1001,CAND-10001,IT,Выдача оборудования,Task,no,IT_Specialist_4,2025-10-01 03:36:04.498795,2025-10-01 06:15:04.498795,159,,
99e943d1-d04e-420f-b81c-71d82213efc9,VAC-1001,CAND-10001,IT,Создать доступы,Task,no,IT_Specialist_7,2025-10-01 06:45:04.498795,2025-10-01 07:19:04.498795,34,,
99e943d1-d04e-420f-b81c-71d82213efc9,VAC-1001,CAND-10001,IT,Вводное обучение,Service Task,no,Наталья_4,2025-10-01 09:19:04.498795,2025-10-01 14:36:04.498795,317,,
99e943d1-d04e-420f-b81c-71d82213efc9,VAC-1001,CAND-10001,HR,Назначить ментора,Task,no,Марина_6,2025-10-01 15:36:04.498795,2025-10-01 17:04:04.498795,88,,
99e943d1-d04e-420f-b81c-71d82213efc9,VAC-1001,CAND-10001,HR,Уведомить всех,Message,no,system,2025-10-01 17:24:04.498795,2025-10-01 17:29:04.498795,5,notified,
99e943d1-d04e-420f-b81c-71d82213efc9,VAC-1001,CAND-10001,HR,Обновить HCM,Service Task,no,Наталья_8,2025-10-01 17:59:04.498795,2025-10-01 18:19:04.498795,20,,
99e943d1-d04e-420f-b81c-71d82213efc9,VAC-1001,CAND-10001,HR,Payroll,Service Task,no,Ольга_8,2025-10-01 18:49:04.498795,2025-10-01 19:09:04.498795,20,,
99e943d1-d04e-420f-b81c-71d82213efc9,VAC-1001,CAND-10001,HR,Закрыть вакансию,Service Task,no,Наталья_5,2025-10-01 19:29:04.498795,2025-10-01 19:34:04.498795,5,,
9f26d870-a89b-4bc2-b42a-8c347f6956b7,VAC-1073,CAND-10073,РУКОВОДИТЕЛЬ,Создать заявку,User Task,no,Сидоров_8,2025-09-05 17:21:04.498795,2025-09-05 18:03:04.498795,42,,
9f26d870-a89b-4bc2-b42a-8c347f6956b7,VAC-1073,CAND-10073,СИСТЕМА,Ожидание обработки,Wait,yes,,2025-09-05 18:03:04.498795,2025-09-05 19:15:04.498795,72,,
9f26d870-a89b-4bc2-b42a-8c347f6956b7,VAC-1073,CAND-10073,HR,Зарегистрировать в HCM,Service Task,no,Ольга_7,2025-09-05 19:15:04.498795,2025-09-05 19:46:04.498795,31,,
9f26d870-a89b-4bc2-b42a-8c347f6956b7,VAC-1073,CAND-10073,РЕКРУТЕР,Разместить вакансию,Task,no,Алексей_2,2025-09-05 22:09:04.498795,2025-09-05 23:31:04.498795,82,,
9f26d870-a89b-4bc2-b42a-8c347f6956b7,VAC-1073,CAND-10073,РЕКРУТЕР,Собирать резюме,Task,no,Алексей_4,2025-09-06 00:31:04.498795,2025-09-08 15:06:04.498795,3755,,
9f26d870-a89b-4bc2-b42a-8c347f6956b7,VAC-1073,CAND-10073,СИСТЕМА,Ожидание проверки резюме,Wait,yes,,2025-09-08 15:06:04.498795,2025-09-08 23:05:04.498795,479,,
9f26d870-a89b-4bc2-b42a-8c347f6956b7,VAC-1073,CAND-10073,РЕКРУТЕР,Скрининг,Task,no,Дмитрий_4,2025-09-08 23:05:04.498795,2025-09-08 23:16:04.498795,11,passed,
9f26d870-a89b-4bc2-b42a-8c347f6956b7,VAC-1073,CAND-10073,СИСТЕМА,Ожидание назначения интервью,Wait,yes,,2025-09-08 23:16:04.498795,2025-09-10 05:00:04.498795,1784,,
9f26d870-a89b-4bc2-b42a-8c347f6956b7,VAC-1073,CAND-10073,ИНТЕРВЬЮЕРЫ,Назначить интервью,User Task,no,Сергей_8,2025-09-10 05:00:04.498795,2025-09-10 05:34:04.498795,34,,
9f26d870-a89b-4bc2-b42a-8c347f6956b7,VAC-1073,CAND-10073,СИСТЕМА,Ожидание интервью (раунд 1),Wait,yes,,2025-09-10 05:34:04.498795,2025-09-10 15:29:04.498795,595,,
9f26d870-a89b-4bc2-b42a-8c347f6956b7,VAC-1073,CAND-10073,ИНТЕРВЬЮЕРЫ,Интервью (раунд 1),User Task,no,Анна_6,2025-09-10 15:29:04.498795,2025-09-10 17:27:04.498795,118,passed,
9f26d870-a89b-4bc2-b42a-8c347f6956b7,VAC-1073,CAND-10073,СИСТЕМА,Ожидание интервью (раунд 2),Wait,yes,,2025-09-10 17:27:04.498795,2025-09-11 10:42:04.498795,1035,,
9f26d870-a89b-4bc2-b42a-8c347f6956b7,VAC-1073,CAND-10073,ИНТЕРВЬЮЕРЫ,Интервью (раунд 2),User Task,no,Сергей_9,2025-09-11 10:42:04.498795,2025-09-11 11:32:04.498795,50,rejected,недостаточно навыков
9f801d95-d8d7-4e61-b0dd-c5bf9e1058fb,VAC-1053,CAND-10053,РУКОВОДИТЕЛЬ,Создать заявку,User Task,no,Сидоров_5,2025-09-11 12:08:04.498795,2025-09-11 12:46:04.498795,38,,
9f801d95-d8d7-4e61-b0dd-c5bf9e1058fb,VAC-1053,CAND-10053,СИСТЕМА,Ожидание обработки,Wait,yes,,2025-09-11 12:46:04.498795,2025-09-11 14:41:04.498795,115,,
9f801d95-d8d7-4e61-b0dd-c5bf9e1058fb,VAC-1053,CAND-10053,HR,Зарегистрировать в HCM,Service Task,no,Наталья_4,2025-09-11 14:41:04.498795,2025-09-11 15:06:04.498795,25,,
9f801d95-d8d7-4e61-b0dd-c5bf9e1058fb,VAC-1053,CAND-10053,РЕКРУТЕР,Разместить вакансию,Task,no,Екатерина_5,2025-09-11 17:53:04.498795,2025-09-11 18:47:04.498795,54,,
9f801d95-d8d7-4e61-b0dd-c5bf9e1058fb,VAC-1053,CAND-10053,РЕКРУТЕР,Собирать резюме,Task,no,Алексей_4,2025-09-11 19:47:04.498795,2025-09-13 05:09:04.498795,2002,,
9f801d95-d8d7-4e61-b0dd-c5bf9e1058fb,VAC-1053,CAND-10053,СИСТЕМА,Ожидание проверки резюме,Wait,yes,,2025-09-13 05:09:04.498795,2025-09-13 12:17:04.498795,428,,
9f801d95-d8d7-4e61-b0dd-c5bf9e1058fb,VAC-1053,CAND-10053,РЕКРУТЕР,Скрининг,Task,no,Екатерина_9,2025-09-13 12:17:04.498795,2025-09-13 12:28:04.498795,11,passed,
9f801d95-d8d7-4e61-b0dd-c5bf9e1058fb,VAC-1053,CAND-10053,СИСТЕМА,Ожидание назначения интервью,Wait,yes,,2025-09-13 12:28:04.498795,2025-09-14 20:24:04.498795,1916,,
9f801d95-d8d7-4e61-b0dd-c5bf9e1058fb,VAC-1053,CAND-10053,ИНТЕРВЬЮЕРЫ,Назначить интервью,User Task,no,Андрей_7,2025-09-14 20:24:04.498795,2025-09-14 20:35:04.498795,11,,
9f801d95-d8d7-4e61-b0dd-c5bf9e1058fb,VAC-1053,CAND-10053,СИСТЕМА,Ожидание интервью (раунд 1),Wait,yes,,2025-09-14 20:35:04.498795,2025-09-15 12:38:04.498795,963,,
9f801d95-d8d7-4e61-b0dd-c5bf9e1058fb,VAC-1053,CAND-10053,ИНТЕРВЬЮЕРЫ,Интервью (раунд 1),User Task,no,Андрей_1,2025-09-15 12:38:04.498795,2025-09-15 13:35:04.498795,57,passed,
9f801d95-d8d7-4e61-b0dd-c5bf9e1058fb,VAC-1053,CAND-10053,СИСТЕМА,Ожидание интервью (раунд 2),Wait,yes,,2025-09-15 13:35:04.498795,2025-09-16 06:58:04.498795,1043,,
9f801d95-d8d7-4e61-b0dd-c5bf9e1058fb,VAC-1053,CAND-10053,ИНТЕРВЬЮЕРЫ,Интервью (раунд 2),User Task,no,Сергей_8,2025-09-16 06:58:04.498795,2025-09-16 08:03:04.498795,65,passed,
9f801d95-d8d7-4e61-b0dd-c5bf9e1058fb,VAC-1053,CAND-10053,ИНТЕРВЬЮЕРЫ,Финальное интервью,User Task,no,Сергей_6,2025-09-17 03:09:04.498795,2025-09-17 04:19:04.498795,70,passed,
9f801d95-d8d7-4e61-b0dd-c5bf9e1058fb,VAC-1053,CAND-10053,HR (ОФФЕР),Согласовать условия,User Task,no,Наталья_2,2025-09-17 06:32:04.498795,2025-09-17 10:17:04.498795,225,,
9f801d95-d8d7-4e61-b0dd-c5bf9e1058fb,VAC-1053,CAND-10053,HR (ОФФЕР),Сгенерировать оффер,Service Task,no,Марина_4,2025-09-17 10:37:04.498795,2025-09-17 11:02:04.498795,25,,
9f801d95-d8d7-4e61-b0dd-c5bf9e1058fb,VAC-1053,CAND-10053,HR (ОФФЕР),Отправить оффер,Send Task,no,Марина_1,2025-09-17 11:07:04.498795,2025-09-17 11:17:04.498795,10,sent,
9f801d95-d8d7-4e61-b0dd-c5bf9e1058fb,VAC-1053,CAND-10053,HR (ОФФЕР),Ожидание ответа (1д),Timer,yes,,2025-09-17 11:17:04.498795,2025-09-18 11:17:04.498795,1440,timer_elapsed,
9f801d95-d8d7-4e61-b0dd-c5bf9e1058fb,VAC-1053,CAND-10053,SECURITY,Background Check,Call Activity,no,Служба_БД_7,2025-09-18 14:17:04.498795,2025-09-21 14:17:04.498795,4320,report_ready,
9f801d95-d8d7-4e61-b0dd-c5bf9e1058fb,VAC-1053,CAND-10053,IT,Выдача оборудования,Task,no,IT_Specialist_1,2025-09-21 15:17:04.498795,2025-09-21 16:40:04.498795,83,,
9f801d95-d8d7-4e61-b0dd-c5bf9e1058fb,VAC-1053,CAND-10053,IT,Создать доступы,Task,no,IT_Specialist_2,2025-09-21 17:10:04.498795,2025-09-21 17:41:04.498795,31,,
9f801d95-d8d7-4e61-b0dd-c5bf9e1058fb,VAC-1053,CAND-10053,IT,Вводное обучение,Service Task,no,Ольга_8,2025-09-21 19:41:04.498795,2025-09-22 01:32:04.498795,351,,
9f801d95-d8d7-4e61-b0dd-c5bf9e1058fb,VAC-1053,CAND-10053,HR,Назначить ментора,Task,no,Марина_9,2025-09-22 02:32:04.498795,2025-09-22 03:43:04.498795,71,,
9f801d95-d8d7-4e61-b0dd-c5bf9e1058fb,VAC-1053,CAND-10053,HR,Уведомить всех,Message,no,system,2025-09-22 04:03:04.498795,2025-09-22 04:08:04.498795,5,notified,
9f801d95-d8d7-4e61-b0dd-c5bf9e1058fb,VAC-1053,CAND-10053,HR,Обновить HCM,Service Task,no,Ольга_3,2025-09-22 04:38:04.498795,2025-09-22 04:58:04.498795,20,,
9f801d95-d8d7-4e61-b0dd-c5bf9e1058fb,VAC-1053,CAND-10053,HR,Payroll,Service Task,no,Марина_8,2025-09-22 05:28:04.498795,2025-09-22 05:48:04.498795,20,,
9f801d95-d8d7-4e61-b0dd-c5bf9e1058fb,VAC-1053,CAND-10053,HR,Закрыть вакансию,Service Task,no,Ольга_4,2025-09-22 06:08:04.498795,2025-09-22 06:13:04.498795,5,,
a04720a6-055a-4cb2-9976-e919dbe8bf3f,VAC-1047,CAND-10047,РУКОВОДИТЕЛЬ,Создать заявку,User Task,no,Петров_9,2025-10-08 20:57:04.498795,2025-10-08 21:57:04.498795,60,,
a04720a6-055a-4cb2-9976-e919dbe8bf3f,VAC-1047,CAND-10047,СИСТЕМА,Ожидание обработки,Wait,yes,,2025-10-08 21:57:04.498795,2025-10-08 22:45:04.498795,48,,
a04720a6-055a-4cb2-9976-e919dbe8bf3f,VAC-1047,CAND-10047,HR,Зарегистрировать в HCM,Service Task,no,Наталья_3,2025-10-08 22:45:04.498795,2025-10-08 22:58:04.498795,13,,
a04720a6-055a-4cb2-9976-e919dbe8bf3f,VAC-1047,CAND-10047,РЕКРУТЕР,Разместить вакансию,Task,no,Алексей_6,2025-10-09 00:28:04.498795,2025-10-09 01:51:04.498795,83,,
a04720a6-055a-4cb2-9976-e919dbe8bf3f,VAC-1047,CAND-10047,РЕКРУТЕР,Собирать резюме,Task,no,Екатерина_6,2025-10-09 02:51:04.498795,2025-10-11 16:40:04.498795,3709,,
a04720a6-055a-4cb2-9976-e919dbe8bf3f,VAC-1047,CAND-10047,СИСТЕМА,Ожидание проверки резюме,Wait,yes,,2025-10-11 16:40:04.498795,2025-10-12 03:38:04.498795,658,,
a04720a6-055a-4cb2-9976-e919dbe8bf3f,VAC-1047,CAND-10047,РЕКРУТЕР,Скрининг,Task,no,Екатерина_3,2025-10-12 03:38:04.498795,2025-10-12 04:13:04.498795,35,passed,
a04720a6-055a-4cb2-9976-e919dbe8bf3f,VAC-1047,CAND-10047,СИСТЕМА,Ожидание назначения интервью,Wait,yes,,2025-10-12 04:13:04.498795,2025-10-13 07:09:04.498795,1616,,
a04720a6-055a-4cb2-9976-e919dbe8bf3f,VAC-1047,CAND-10047,ИНТЕРВЬЮЕРЫ,Назначить интервью,User Task,no,Сергей_7,2025-10-13 07:09:04.498795,2025-10-13 07:21:04.498795,12,,
a04720a6-055a-4cb2-9976-e919dbe8bf3f,VAC-1047,CAND-10047,СИСТЕМА,Ожидание интервью (раунд 1),Wait,yes,,2025-10-13 07:21:04.498795,2025-10-14 03:37:04.498795,1216,,
a04720a6-055a-4cb2-9976-e919dbe8bf3f,VAC-1047,CAND-10047,ИНТЕРВЬЮЕРЫ,Интервью (раунд 1),User Task,no,Сергей_2,2025-10-14 03:37:04.498795,2025-10-14 05:23:04.498795,106,passed,
a04720a6-055a-4cb2-9976-e919dbe8bf3f,VAC-1047,CAND-10047,СИСТЕМА,Ожидание интервью (раунд 2),Wait,yes,,2025-10-14 05:23:04.498795,2025-10-14 15:31:04.498795,608,,
a04720a6-055a-4cb2-9976-e919dbe8bf3f,VAC-1047,CAND-10047,ИНТЕРВЬЮЕРЫ,Интервью (раунд 2),User Task,no,Сергей_8,2025-10-14 15:31:04.498795,2025-10-14 16:56:04.498795,85,passed,
a04720a6-055a-4cb2-9976-e919dbe8bf3f,VAC-1047,CAND-10047,СИСТЕМА,Ожидание интервью (раунд 3),Wait,yes,,2025-10-14 16:56:04.498795,2025-10-15 12:32:04.498795,1176,,
a04720a6-055a-4cb2-9976-e919dbe8bf3f,VAC-1047,CAND-10047,ИНТЕРВЬЮЕРЫ,Интервью (раунд 3),User Task,no,Анна_3,2025-10-15 12:32:04.498795,2025-10-15 14:23:04.498795,111,passed,
a04720a6-055a-4cb2-9976-e919dbe8bf3f,VAC-1047,CAND-10047,ИНТЕРВЬЮЕРЫ,Финальное интервью,User Task,no,Андрей_2,2025-10-16 11:29:04.498795,2025-10-16 12:30:04.498795,61,passed,
a04720a6-055a-4cb2-9976-e919dbe8bf3f,VAC-1047,CAND-10047,HR (ОФФЕР),Согласовать условия,User Task,no,Ольга_3,2025-10-16 15:42:04.498795,2025-10-16 17:21:04.498795,99,,
a04720a6-055a-4cb2-9976-e919dbe8bf3f,VAC-1047,CAND-10047,HR (ОФФЕР),Сгенерировать оффер,Service Task,no,Ольга_4,2025-10-16 17:41:04.498795,2025-10-16 17:51:04.498795,10,,
a04720a6-055a-4cb2-9976-e919dbe8bf3f,VAC-1047,CAND-10047,HR (ОФФЕР),Отправить оффер,Send Task,no,Ольга_9,2025-10-16 17:56:04.498795,2025-10-16 18:06:04.498795,10,sent,
a04720a6-055a-4cb2-9976-e919dbe8bf3f,VAC-1047,CAND-10047,HR (ОФФЕР),Ожидание ответа (2д),Timer,yes,,2025-10-16 18:06:04.498795,2025-10-18 18:06:04.498795,2880,timer_elapsed,
a04720a6-055a-4cb2-9976-e919dbe8bf3f,VAC-1047,CAND-10047,HR (ОФФЕР),Переговоры / отказ,Task,no,Наталья_9,2025-10-18 20:06:04.498795,2025-10-18 22:10:04.498795,124,rejected,
a0f037b7-2483-4cfd-8b68-baf687082617,VAC-1103,CAND-10103,РУКОВОДИТЕЛЬ,Создать заявку,User Task,no,Петров_5,2025-10-04 13:07:04.498795,2025-10-04 13:39:04.498795,32,,
a0f037b7-2483-4cfd-8b68-baf687082617,VAC-1103,CAND-10103,СИСТЕМА,Ожидание обработки,Wait,yes,,2025-10-04 13:39:04.498795,2025-10-04 15:32:04.498795,113,,
a0f037b7-2483-4cfd-8b68-baf687082617,VAC-1103,CAND-10103,HR,Зарегистрировать в HCM,Service Task,no,Ольга_6,2025-10-04 15:32:04.498795,2025-10-04 15:44:04.498795,12,,
a0f037b7-2483-4cfd-8b68-baf687082617,VAC-1103,CAND-10103,РЕКРУТЕР,Разместить вакансию,Task,no,Дмитрий_7,2025-10-04 17:00:04.498795,2025-10-04 17:34:04.498795,34,,
a0f037b7-2483-4cfd-8b68-baf687082617,VAC-1103,CAND-10103,РЕКРУТЕР,Собирать резюме,Task,no,Дмитрий_7,2025-10-04 18:34:04.498795,2025-10-07 01:43:04.498795,3309,,
a0f037b7-2483-4cfd-8b68-baf687082617,VAC-1103,CAND-10103,СИСТЕМА,Ожидание проверки резюме,Wait,yes,,2025-10-07 01:43:04.498795,2025-10-07 12:52:04.498795,669,,
a0f037b7-2483-4cfd-8b68-baf687082617,VAC-1103,CAND-10103,РЕКРУТЕР,Скрининг,Task,no,Дмитрий_3,2025-10-07 12:52:04.498795,2025-10-07 13:27:04.498795,35,passed,
a0f037b7-2483-4cfd-8b68-baf687082617,VAC-1103,CAND-10103,СИСТЕМА,Ожидание назначения интервью,Wait,yes,,2025-10-07 13:27:04.498795,2025-10-09 13:12:04.498795,2865,,
a0f037b7-2483-4cfd-8b68-baf687082617,VAC-1103,CAND-10103,ИНТЕРВЬЮЕРЫ,Назначить интервью,User Task,no,Андрей_3,2025-10-09 13:12:04.498795,2025-10-09 13:45:04.498795,33,,
a0f037b7-2483-4cfd-8b68-baf687082617,VAC-1103,CAND-10103,СИСТЕМА,Ожидание интервью (раунд 1),Wait,yes,,2025-10-09 13:45:04.498795,2025-10-10 13:18:04.498795,1413,,
a0f037b7-2483-4cfd-8b68-baf687082617,VAC-1103,CAND-10103,ИНТЕРВЬЮЕРЫ,Интервью (раунд 1),User Task,no,Анна_8,2025-10-10 13:18:04.498795,2025-10-10 15:18:04.498795,120,passed,
a0f037b7-2483-4cfd-8b68-baf687082617,VAC-1103,CAND-10103,ИНТЕРВЬЮЕРЫ,Финальное интервью,User Task,no,Анна_1,2025-10-11 02:23:04.498795,2025-10-11 03:56:04.498795,93,passed,
a0f037b7-2483-4cfd-8b68-baf687082617,VAC-1103,CAND-10103,HR (ОФФЕР),Согласовать условия,User Task,no,Марина_3,2025-10-11 08:36:04.498795,2025-10-11 12:31:04.498795,235,,
a0f037b7-2483-4cfd-8b68-baf687082617,VAC-1103,CAND-10103,HR (ОФФЕР),Сгенерировать оффер,Service Task,no,Ольга_2,2025-10-11 12:51:04.498795,2025-10-11 13:11:04.498795,20,,
a0f037b7-2483-4cfd-8b68-baf687082617,VAC-1103,CAND-10103,HR (ОФФЕР),Отправить оффер,Send Task,no,Ольга_8,2025-10-11 13:16:04.498795,2025-10-11 13:26:04.498795,10,sent,
a0f037b7-2483-4cfd-8b68-baf687082617,VAC-1103,CAND-10103,HR (ОФФЕР),Ожидание ответа (1д),Timer,yes,,2025-10-11 13:26:04.498795,2025-10-12 13:26:04.498795,1440,timer_elapsed,
a0f037b7-2483-4cfd-8b68-baf687082617,VAC-1103,CAND-10103,SECURITY,Background Check,Call Activity,no,Служба_БД_9,2025-10-12 16:26:04.498795,2025-10-16 11:20:04.498795,5454,report_ready,
a0f037b7-2483-4cfd-8b68-baf687082617,VAC-1103,CAND-10103,IT,Выдача оборудования,Task,no,IT_Specialist_6,2025-10-16 12:20:04.498795,2025-10-16 14:33:04.498795,133,,
a0f037b7-2483-4cfd-8b68-baf687082617,VAC-1103,CAND-10103,IT,Создать доступы,Task,no,IT_Specialist_7,2025-10-16 15:03:04.498795,2025-10-16 16:39:04.498795,96,,
a0f037b7-2483-4cfd-8b68-baf687082617,VAC-1103,CAND-10103,IT,Вводное обучение,Service Task,no,Ольга_6,2025-10-16 18:39:04.498795,2025-10-16 23:46:04.498795,307,,
a0f037b7-2483-4cfd-8b68-baf687082617,VAC-1103,CAND-10103,HR,Назначить ментора,Task,no,Марина_7,2025-10-17 00:46:04.498795,2025-10-17 01:58:04.498795,72,,
a0f037b7-2483-4cfd-8b68-baf687082617,VAC-1103,CAND-10103,HR,Уведомить всех,Message,no,system,2025-10-17 02:18:04.498795,2025-10-17 02:23:04.498795,5,notified,
a0f037b7-2483-4cfd-8b68-baf687082617,VAC-1103,CAND-10103,HR,Обновить HCM,Service Task,no,Наталья_9,2025-10-17 02:53:04.498795,2025-10-17 03:13:04.498795,20,,
a0f037b7-2483-4cfd-8b68-baf687082617,VAC-1103,CAND-10103,HR,Payroll,Service Task,no,Марина_1,2025-10-17 03:43:04.498795,2025-10-17 04:03:04.498795,20,,
a0f037b7-2483-4cfd-8b68-baf687082617,VAC-1103,CAND-10103,HR,Закрыть вакансию,Service Task,no,Наталья_3,2025-10-17 04:23:04.498795,2025-10-17 04:28:04.498795,5,,
a1696d18-cc40-46ac-90c6-bf3762d37375,VAC-1051,CAND-10051,РУКОВОДИТЕЛЬ,Создать заявку,User Task,no,Петров_5,2025-09-16 16:29:04.498795,2025-09-16 16:46:04.498795,17,,
a1696d18-cc40-46ac-90c6-bf3762d37375,VAC-1051,CAND-10051,СИСТЕМА,Ожидание обработки,Wait,yes,,2025-09-16 16:46:04.498795,2025-09-16 18:38:04.498795,112,,
a1696d18-cc40-46ac-90c6-bf3762d37375,VAC-1051,CAND-10051,HR,Зарегистрировать в HCM,Service Task,no,Марина_1,2025-09-16 18:38:04.498795,2025-09-16 19:15:04.498795,37,,
a1696d18-cc40-46ac-90c6-bf3762d37375,VAC-1051,CAND-10051,РЕКРУТЕР,Разместить вакансию,Task,no,Екатерина_4,2025-09-16 21:46:04.498795,2025-09-16 22:39:04.498795,53,,
a1696d18-cc40-46ac-90c6-bf3762d37375,VAC-1051,CAND-10051,РЕКРУТЕР,Собирать резюме,Task,no,Екатерина_8,2025-09-16 23:39:04.498795,2025-09-18 03:09:04.498795,1650,,
a1696d18-cc40-46ac-90c6-bf3762d37375,VAC-1051,CAND-10051,СИСТЕМА,Ожидание проверки резюме,Wait,yes,,2025-09-18 03:09:04.498795,2025-09-18 09:03:04.498795,354,,
a1696d18-cc40-46ac-90c6-bf3762d37375,VAC-1051,CAND-10051,РЕКРУТЕР,Скрининг,Task,no,Екатерина_7,2025-09-18 09:03:04.498795,2025-09-18 09:29:04.498795,26,passed,
a1696d18-cc40-46ac-90c6-bf3762d37375,VAC-1051,CAND-10051,СИСТЕМА,Ожидание назначения интервью,Wait,yes,,2025-09-18 09:29:04.498795,2025-09-20 08:43:04.498795,2834,,
a1696d18-cc40-46ac-90c6-bf3762d37375,VAC-1051,CAND-10051,ИНТЕРВЬЮЕРЫ,Назначить интервью,User Task,no,Андрей_2,2025-09-20 08:43:04.498795,2025-09-20 09:00:04.498795,17,,
a1696d18-cc40-46ac-90c6-bf3762d37375,VAC-1051,CAND-10051,СИСТЕМА,Ожидание интервью (раунд 1),Wait,yes,,2025-09-20 09:00:04.498795,2025-09-21 00:31:04.498795,931,,
a1696d18-cc40-46ac-90c6-bf3762d37375,VAC-1051,CAND-10051,ИНТЕРВЬЮЕРЫ,Интервью (раунд 1),User Task,no,Сергей_4,2025-09-21 00:31:04.498795,2025-09-21 01:56:04.498795,85,passed,
a1696d18-cc40-46ac-90c6-bf3762d37375,VAC-1051,CAND-10051,ИНТЕРВЬЮЕРЫ,Финальное интервью,User Task,no,Сергей_1,2025-09-21 16:56:04.498795,2025-09-21 18:45:04.498795,109,passed,
a1696d18-cc40-46ac-90c6-bf3762d37375,VAC-1051,CAND-10051,HR (ОФФЕР),Согласовать условия,User Task,no,Марина_4,2025-09-21 22:45:04.498795,2025-09-22 00:20:04.498795,95,,
a1696d18-cc40-46ac-90c6-bf3762d37375,VAC-1051,CAND-10051,HR (ОФФЕР),Сгенерировать оффер,Service Task,no,Ольга_8,2025-09-22 00:40:04.498795,2025-09-22 01:02:04.498795,22,,
a1696d18-cc40-46ac-90c6-bf3762d37375,VAC-1051,CAND-10051,HR (ОФФЕР),Отправить оффер,Send Task,no,Марина_7,2025-09-22 01:07:04.498795,2025-09-22 01:17:04.498795,10,sent,
a1696d18-cc40-46ac-90c6-bf3762d37375,VAC-1051,CAND-10051,HR (ОФФЕР),Ожидание ответа (2д),Timer,yes,,2025-09-22 01:17:04.498795,2025-09-24 01:17:04.498795,2880,timer_elapsed,
a1696d18-cc40-46ac-90c6-bf3762d37375,VAC-1051,CAND-10051,HR (ОФФЕР),Переговоры / отказ,Task,no,Марина_6,2025-09-24 03:17:04.498795,2025-09-24 06:14:04.498795,177,rejected,
a32cfa9d-02a7-4a3e-97bb-170f942f6431,VAC-1032,CAND-10032,РУКОВОДИТЕЛЬ,Создать заявку,User Task,no,Петров_2,2025-09-18 14:58:04.498795,2025-09-18 15:15:04.498795,17,,
a32cfa9d-02a7-4a3e-97bb-170f942f6431,VAC-1032,CAND-10032,СИСТЕМА,Ожидание обработки,Wait,yes,,2025-09-18 15:15:04.498795,2025-09-18 16:59:04.498795,104,,
a32cfa9d-02a7-4a3e-97bb-170f942f6431,VAC-1032,CAND-10032,HR,Зарегистрировать в HCM,Service Task,no,Марина_1,2025-09-18 16:59:04.498795,2025-09-18 17:15:04.498795,16,,
a32cfa9d-02a7-4a3e-97bb-170f942f6431,VAC-1032,CAND-10032,РЕКРУТЕР,Разместить вакансию,Task,no,Дмитрий_4,2025-09-18 17:57:04.498795,2025-09-18 19:57:04.498795,120,,
a32cfa9d-02a7-4a3e-97bb-170f942f6431,VAC-1032,CAND-10032,РЕКРУТЕР,Собирать резюме,Task,no,Екатерина_4,2025-09-18 20:57:04.498795,2025-09-20 05:32:04.498795,1955,,
a32cfa9d-02a7-4a3e-97bb-170f942f6431,VAC-1032,CAND-10032,СИСТЕМА,Ожидание проверки резюме,Wait,yes,,2025-09-20 05:32:04.498795,2025-09-20 09:42:04.498795,250,,
a32cfa9d-02a7-4a3e-97bb-170f942f6431,VAC-1032,CAND-10032,РЕКРУТЕР,Скрининг,Task,no,Екатерина_4,2025-09-20 09:42:04.498795,2025-09-20 10:18:04.498795,36,passed,
a32cfa9d-02a7-4a3e-97bb-170f942f6431,VAC-1032,CAND-10032,СИСТЕМА,Ожидание назначения интервью,Wait,yes,,2025-09-20 10:18:04.498795,2025-09-21 18:15:04.498795,1917,,
a32cfa9d-02a7-4a3e-97bb-170f942f6431,VAC-1032,CAND-10032,ИНТЕРВЬЮЕРЫ,Назначить интервью,User Task,no,Андрей_1,2025-09-21 18:15:04.498795,2025-09-21 18:35:04.498795,20,,
a32cfa9d-02a7-4a3e-97bb-170f942f6431,VAC-1032,CAND-10032,СИСТЕМА,Ожидание интервью (раунд 1),Wait,yes,,2025-09-21 18:35:04.498795,2025-09-22 05:03:04.498795,628,,
a32cfa9d-02a7-4a3e-97bb-170f942f6431,VAC-1032,CAND-10032,ИНТЕРВЬЮЕРЫ,Интервью (раунд 1),User Task,no,Андрей_2,2025-09-22 05:03:04.498795,2025-09-22 06:04:04.498795,61,passed,
a32cfa9d-02a7-4a3e-97bb-170f942f6431,VAC-1032,CAND-10032,ИНТЕРВЬЮЕРЫ,Финальное интервью,User Task,no,Сергей_4,2025-09-23 01:20:04.498795,2025-09-23 02:08:04.498795,48,passed,
a32cfa9d-02a7-4a3e-97bb-170f942f6431,VAC-1032,CAND-10032,HR (ОФФЕР),Согласовать условия,User Task,no,Наталья_3,2025-09-23 05:38:04.498795,2025-09-23 08:00:04.498795,142,,
a32cfa9d-02a7-4a3e-97bb-170f942f6431,VAC-1032,CAND-10032,HR (ОФФЕР),Сгенерировать оффер,Service Task,no,Наталья_3,2025-09-23 08:20:04.498795,2025-09-23 08:33:04.498795,13,,
a32cfa9d-02a7-4a3e-97bb-170f942f6431,VAC-1032,CAND-10032,HR (ОФФЕР),Отправить оффер,Send Task,no,Марина_7,2025-09-23 08:38:04.498795,2025-09-23 08:48:04.498795,10,sent,
a32cfa9d-02a7-4a3e-97bb-170f942f6431,VAC-1032,CAND-10032,HR (ОФФЕР),Ожидание ответа (3д),Timer,yes,,2025-09-23 08:48:04.498795,2025-09-26 08:48:04.498795,4320,timer_elapsed,
a32cfa9d-02a7-4a3e-97bb-170f942f6431,VAC-1032,CAND-10032,SECURITY,Background Check,Call Activity,no,Служба_БД_8,2025-09-26 11:48:04.498795,2025-09-28 20:28:04.498795,3400,report_ready,
a32cfa9d-02a7-4a3e-97bb-170f942f6431,VAC-1032,CAND-10032,IT,Выдача оборудования,Task,no,IT_Specialist_8,2025-09-28 21:28:04.498795,2025-09-28 23:33:04.498795,125,,
a32cfa9d-02a7-4a3e-97bb-170f942f6431,VAC-1032,CAND-10032,IT,Создать доступы,Task,no,IT_Specialist_1,2025-09-29 00:03:04.498795,2025-09-29 01:37:04.498795,94,,
a32cfa9d-02a7-4a3e-97bb-170f942f6431,VAC-1032,CAND-10032,IT,Вводное обучение,Service Task,no,Ольга_8,2025-09-29 03:37:04.498795,2025-09-29 11:03:04.498795,446,,
a32cfa9d-02a7-4a3e-97bb-170f942f6431,VAC-1032,CAND-10032,HR,Назначить ментора,Task,no,Наталья_1,2025-09-29 12:03:04.498795,2025-09-29 13:14:04.498795,71,,
a32cfa9d-02a7-4a3e-97bb-170f942f6431,VAC-1032,CAND-10032,HR,Уведомить всех,Message,no,system,2025-09-29 13:34:04.498795,2025-09-29 13:39:04.498795,5,notified,
a32cfa9d-02a7-4a3e-97bb-170f942f6431,VAC-1032,CAND-10032,HR,Обновить HCM,Service Task,no,Ольга_7,2025-09-29 14:09:04.498795,2025-09-29 14:29:04.498795,20,,
a32cfa9d-02a7-4a3e-97bb-170f942f6431,VAC-1032,CAND-10032,HR,Payroll,Service Task,no,Ольга_2,2025-09-29 14:59:04.498795,2025-09-29 15:19:04.498795,20,,
a32cfa9d-02a7-4a3e-97bb-170f942f6431,VAC-1032,CAND-10032,HR,Закрыть вакансию,Service Task,no,Ольга_8,2025-09-29 15:39:04.498795,2025-09-29 15:44:04.498795,5,,
a53f9658-25d1-4170-92d0-91157ad7972c,VAC-1027,CAND-10027,РУКОВОДИТЕЛЬ,Создать заявку,User Task,no,Иванов_7,2025-10-07 15:15:04.498795,2025-10-07 15:44:04.498795,29,,
a53f9658-25d1-4170-92d0-91157ad7972c,VAC-1027,CAND-10027,СИСТЕМА,Ожидание обработки,Wait,yes,,2025-10-07 15:44:04.498795,2025-10-07 17:05:04.498795,81,,
a53f9658-25d1-4170-92d0-91157ad7972c,VAC-1027,CAND-10027,HR,Зарегистрировать в HCM,Service Task,no,Наталья_7,2025-10-07 17:05:04.498795,2025-10-07 17:18:04.498795,13,,
a53f9658-25d1-4170-92d0-91157ad7972c,VAC-1027,CAND-10027,РЕКРУТЕР,Разместить вакансию,Task,no,Екатерина_5,2025-10-07 20:14:04.498795,2025-10-07 21:19:04.498795,65,,
a53f9658-25d1-4170-92d0-91157ad7972c,VAC-1027,CAND-10027,РЕКРУТЕР,Собирать резюме,Task,no,Дмитрий_1,2025-10-07 22:19:04.498795,2025-10-10 22:03:04.498795,4304,,
a53f9658-25d1-4170-92d0-91157ad7972c,VAC-1027,CAND-10027,СИСТЕМА,Ожидание проверки резюме,Wait,yes,,2025-10-10 22:03:04.498795,2025-10-11 07:48:04.498795,585,,
a53f9658-25d1-4170-92d0-91157ad7972c,VAC-1027,CAND-10027,РЕКРУТЕР,Скрининг,Task,no,Алексей_1,2025-10-11 07:48:04.498795,2025-10-11 08:06:04.498795,18,rejected,не прошёл тест
a9730d8f-b2d6-45ac-9904-34fb2b002993,VAC-1009,CAND-10009,РУКОВОДИТЕЛЬ,Создать заявку,User Task,no,Сидоров_5,2025-09-03 18:39:04.498795,2025-09-03 19:23:04.498795,44,,
a9730d8f-b2d6-45ac-9904-34fb2b002993,VAC-1009,CAND-10009,СИСТЕМА,Ожидание обработки,Wait,yes,,2025-09-03 19:23:04.498795,2025-09-03 21:01:04.498795,98,,
a9730d8f-b2d6-45ac-9904-34fb2b002993,VAC-1009,CAND-10009,HR,Зарегистрировать в HCM,Service Task,no,Марина_9,2025-09-03 21:01:04.498795,2025-09-03 21:36:04.498795,35,,
a9730d8f-b2d6-45ac-9904-34fb2b002993,VAC-1009,CAND-10009,РЕКРУТЕР,Разместить вакансию,Task,no,Екатерина_5,2025-09-03 22:08:04.498795,2025-09-03 23:53:04.498795,105,,
a9730d8f-b2d6-45ac-9904-34fb2b002993,VAC-1009,CAND-10009,РЕКРУТЕР,Собирать резюме,Task,no,Алексей_3,2025-09-04 00:53:04.498795,2025-09-06 22:10:04.498795,4157,,
a9730d8f-b2d6-45ac-9904-34fb2b002993,VAC-1009,CAND-10009,СИСТЕМА,Ожидание проверки резюме,Wait,yes,,2025-09-06 22:10:04.498795,2025-09-07 05:40:04.498795,450,,
a9730d8f-b2d6-45ac-9904-34fb2b002993,VAC-1009,CAND-10009,РЕКРУТЕР,Скрининг,Task,no,Алексей_9,2025-09-07 05:40:04.498795,2025-09-07 05:53:04.498795,13,passed,
a9730d8f-b2d6-45ac-9904-34fb2b002993,VAC-1009,CAND-10009,СИСТЕМА,Ожидание назначения интервью,Wait,yes,,2025-09-07 05:53:04.498795,2025-09-08 15:30:04.498795,2017,,
a9730d8f-b2d6-45ac-9904-34fb2b002993,VAC-1009,CAND-10009,ИНТЕРВЬЮЕРЫ,Назначить интервью,User Task,no,Андрей_6,2025-09-08 15:30:04.498795,2025-09-08 15:59:04.498795,29,,
a9730d8f-b2d6-45ac-9904-34fb2b002993,VAC-1009,CAND-10009,СИСТЕМА,Ожидание интервью (раунд 1),Wait,yes,,2025-09-08 15:59:04.498795,2025-09-09 10:48:04.498795,1129,,
a9730d8f-b2d6-45ac-9904-34fb2b002993,VAC-1009,CAND-10009,ИНТЕРВЬЮЕРЫ,Интервью (раунд 1),User Task,no,Сергей_1,2025-09-09 10:48:04.498795,2025-09-09 12:06:04.498795,78,passed,
a9730d8f-b2d6-45ac-9904-34fb2b002993,VAC-1009,CAND-10009,ИНТЕРВЬЮЕРЫ,Финальное интервью,User Task,no,Андрей_1,2025-09-09 21:40:04.498795,2025-09-09 23:19:04.498795,99,passed,
a9730d8f-b2d6-45ac-9904-34fb2b002993,VAC-1009,CAND-10009,HR (ОФФЕР),Согласовать условия,User Task,no,Марина_5,2025-09-10 01:44:04.498795,2025-09-10 03:17:04.498795,93,,
a9730d8f-b2d6-45ac-9904-34fb2b002993,VAC-1009,CAND-10009,HR (ОФФЕР),Сгенерировать оффер,Service Task,no,Марина_8,2025-09-10 03:37:04.498795,2025-09-10 03:47:04.498795,10,,
a9730d8f-b2d6-45ac-9904-34fb2b002993,VAC-1009,CAND-10009,HR (ОФФЕР),Отправить оффер,Send Task,no,Марина_7,2025-09-10 03:52:04.498795,2025-09-10 04:02:04.498795,10,sent,
a9730d8f-b2d6-45ac-9904-34fb2b002993,VAC-1009,CAND-10009,HR (ОФФЕР),Ожидание ответа (3д),Timer,yes,,2025-09-10 04:02:04.498795,2025-09-13 04:02:04.498795,4320,timer_elapsed,
a9730d8f-b2d6-45ac-9904-34fb2b002993,VAC-1009,CAND-10009,SECURITY,Background Check,Call Activity,no,Служба_БД_9,2025-09-13 07:02:04.498795,2025-09-15 17:18:04.498795,3496,report_ready,
a9730d8f-b2d6-45ac-9904-34fb2b002993,VAC-1009,CAND-10009,IT,Выдача оборудования,Task,no,IT_Specialist_7,2025-09-15 18:18:04.498795,2025-09-15 20:05:04.498795,107,,
a9730d8f-b2d6-45ac-9904-34fb2b002993,VAC-1009,CAND-10009,IT,Создать доступы,Task,no,IT_Specialist_5,2025-09-15 20:35:04.498795,2025-09-15 21:21:04.498795,46,,
a9730d8f-b2d6-45ac-9904-34fb2b002993,VAC-1009,CAND-10009,IT,Вводное обучение,Service Task,no,Наталья_6,2025-09-15 23:21:04.498795,2025-09-16 05:27:04.498795,366,,
a9730d8f-b2d6-45ac-9904-34fb2b002993,VAC-1009,CAND-10009,HR,Назначить ментора,Task,no,Марина_4,2025-09-16 06:27:04.498795,2025-09-16 07:10:04.498795,43,,
a9730d8f-b2d6-45ac-9904-34fb2b002993,VAC-1009,CAND-10009,HR,Уведомить всех,Message,no,system,2025-09-16 07:30:04.498795,2025-09-16 07:35:04.498795,5,notified,
a9730d8f-b2d6-45ac-9904-34fb2b002993,VAC-1009,CAND-10009,HR,Обновить HCM,Service Task,no,Марина_2,2025-09-16 08:05:04.498795,2025-09-16 08:25:04.498795,20,,
a9730d8f-b2d6-45ac-9904-34fb2b002993,VAC-1009,CAND-10009,HR,Payroll,Service Task,no,Ольга_9,2025-09-16 08:55:04.498795,2025-09-16 09:15:04.498795,20,,
a9730d8f-b2d6-45ac-9904-34fb2b002993,VAC-1009,CAND-10009,HR,Закрыть вакансию,Service Task,no,Ольга_3,2025-09-16 09:35:04.498795,2025-09-16 09:40:04.498795,5,,
aae07613-8ded-42ef-9c70-a2181e23f024,VAC-1109,CAND-10109,РУКОВОДИТЕЛЬ,Создать заявку,User Task,no,Петров_4,2025-09-09 14:25:04.498795,2025-09-09 15:24:04.498795,59,,
aae07613-8ded-42ef-9c70-a2181e23f024,VAC-1109,CAND-10109,СИСТЕМА,Ожидание обработки,Wait,yes,,2025-09-09 15:24:04.498795,2025-09-09 17:05:04.498795,101,,
aae07613-8ded-42ef-9c70-a2181e23f024,VAC-1109,CAND-10109,HR,Зарегистрировать в HCM,Service Task,no,Марина_6,2025-09-09 17:05:04.498795,2025-09-09 17:37:04.498795,32,,
aae07613-8ded-42ef-9c70-a2181e23f024,VAC-1109,CAND-10109,РЕКРУТЕР,Разместить вакансию,Task,no,Екатерина_4,2025-09-09 20:37:04.498795,2025-09-09 22:06:04.498795,89,,
aae07613-8ded-42ef-9c70-a2181e23f024,VAC-1109,CAND-10109,РЕКРУТЕР,Собирать резюме,Task,no,Дмитрий_8,2025-09-09 23:06:04.498795,2025-09-11 12:18:04.498795,2232,,
aae07613-8ded-42ef-9c70-a2181e23f024,VAC-1109,CAND-10109,СИСТЕМА,Ожидание проверки резюме,Wait,yes,,2025-09-11 12:18:04.498795,2025-09-11 18:19:04.498795,361,,
aae07613-8ded-42ef-9c70-a2181e23f024,VAC-1109,CAND-10109,РЕКРУТЕР,Скрининг,Task,no,Алексей_3,2025-09-11 18:19:04.498795,2025-09-11 18:50:04.498795,31,rejected,не прошёл тест
ab0d60e6-ada7-45c4-b6fc-831a418a9a65,VAC-1122,CAND-10122,РУКОВОДИТЕЛЬ,Создать заявку,User Task,no,Петров_5,2025-09-11 20:42:04.498795,2025-09-11 21:26:04.498795,44,,
ab0d60e6-ada7-45c4-b6fc-831a418a9a65,VAC-1122,CAND-10122,СИСТЕМА,Ожидание обработки,Wait,yes,,2025-09-11 21:26:04.498795,2025-09-11 22:10:04.498795,44,,
ab0d60e6-ada7-45c4-b6fc-831a418a9a65,VAC-1122,CAND-10122,HR,Зарегистрировать в HCM,Service Task,no,Марина_1,2025-09-11 22:10:04.498795,2025-09-11 22:20:04.498795,10,,
ab0d60e6-ada7-45c4-b6fc-831a418a9a65,VAC-1122,CAND-10122,РЕКРУТЕР,Разместить вакансию,Task,no,Алексей_9,2025-09-12 01:17:04.498795,2025-09-12 02:43:04.498795,86,,
ab0d60e6-ada7-45c4-b6fc-831a418a9a65,VAC-1122,CAND-10122,РЕКРУТЕР,Собирать резюме,Task,no,Дмитрий_4,2025-09-12 03:43:04.498795,2025-09-13 04:12:04.498795,1469,,
ab0d60e6-ada7-45c4-b6fc-831a418a9a65,VAC-1122,CAND-10122,СИСТЕМА,Ожидание проверки резюме,Wait,yes,,2025-09-13 04:12:04.498795,2025-09-13 12:35:04.498795,503,,
ab0d60e6-ada7-45c4-b6fc-831a418a9a65,VAC-1122,CAND-10122,РЕКРУТЕР,Скрининг,Task,no,Дмитрий_2,2025-09-13 12:35:04.498795,2025-09-13 12:58:04.498795,23,passed,
ab0d60e6-ada7-45c4-b6fc-831a418a9a65,VAC-1122,CAND-10122,СИСТЕМА,Ожидание назначения интервью,Wait,yes,,2025-09-13 12:58:04.498795,2025-09-15 11:12:04.498795,2774,,
ab0d60e6-ada7-45c4-b6fc-831a418a9a65,VAC-1122,CAND-10122,ИНТЕРВЬЮЕРЫ,Назначить интервью,User Task,no,Сергей_5,2025-09-15 11:12:04.498795,2025-09-15 11:40:04.498795,28,,
ab0d60e6-ada7-45c4-b6fc-831a418a9a65,VAC-1122,CAND-10122,СИСТЕМА,Ожидание интервью (раунд 1),Wait,yes,,2025-09-15 11:40:04.498795,2025-09-16 02:53:04.498795,913,,
ab0d60e6-ada7-45c4-b6fc-831a418a9a65,VAC-1122,CAND-10122,ИНТЕРВЬЮЕРЫ,Интервью (раунд 1),User Task,no,Сергей_7,2025-09-16 02:53:04.498795,2025-09-16 04:50:04.498795,117,passed,
ab0d60e6-ada7-45c4-b6fc-831a418a9a65,VAC-1122,CAND-10122,СИСТЕМА,Ожидание интервью (раунд 2),Wait,yes,,2025-09-16 04:50:04.498795,2025-09-17 01:43:04.498795,1253,,
ab0d60e6-ada7-45c4-b6fc-831a418a9a65,VAC-1122,CAND-10122,ИНТЕРВЬЮЕРЫ,Интервью (раунд 2),User Task,no,Анна_8,2025-09-17 01:43:04.498795,2025-09-17 02:54:04.498795,71,passed,
ab0d60e6-ada7-45c4-b6fc-831a418a9a65,VAC-1122,CAND-10122,СИСТЕМА,Ожидание интервью (раунд 3),Wait,yes,,2025-09-17 02:54:04.498795,2025-09-17 13:57:04.498795,663,,
ab0d60e6-ada7-45c4-b6fc-831a418a9a65,VAC-1122,CAND-10122,ИНТЕРВЬЮЕРЫ,Интервью (раунд 3),User Task,no,Сергей_5,2025-09-17 13:57:04.498795,2025-09-17 15:29:04.498795,92,rejected,поведенческий
ac17bd62-a247-4bc7-83fc-482aba94b583,VAC-1174,CAND-10174,РУКОВОДИТЕЛЬ,Создать заявку,User Task,no,Сидоров_1,2025-10-13 16:26:04.498795,2025-10-13 17:05:04.498795,39,,
ac17bd62-a247-4bc7-83fc-482aba94b583,VAC-1174,CAND-10174,СИСТЕМА,Ожидание обработки,Wait,yes,,2025-10-13 17:05:04.498795,2025-10-13 18:45:04.498795,100,,
ac17bd62-a247-4bc7-83fc-482aba94b583,VAC-1174,CAND-10174,HR,Зарегистрировать в HCM,Service Task,no,Ольга_6,2025-10-13 18:45:04.498795,2025-10-13 18:57:04.498795,12,,
ac17bd62-a247-4bc7-83fc-482aba94b583,VAC-1174,CAND-10174,РЕКРУТЕР,Разместить вакансию,Task,no,Дмитрий_7,2025-10-13 21:42:04.498795,2025-10-13 22:06:04.498795,24,,
ac17bd62-a247-4bc7-83fc-482aba94b583,VAC-1174,CAND-10174,РЕКРУТЕР,Собирать резюме,Task,no,Екатерина_9,2025-10-13 23:06:04.498795,2025-10-15 17:31:04.498795,2545,,
ac17bd62-a247-4bc7-83fc-482aba94b583,VAC-1174,CAND-10174,СИСТЕМА,Ожидание проверки резюме,Wait,yes,,2025-10-15 17:31:04.498795,2025-10-16 00:03:04.498795,392,,
ac17bd62-a247-4bc7-83fc-482aba94b583,VAC-1174,CAND-10174,РЕКРУТЕР,Скрининг,Task,no,Екатерина_2,2025-10-16 00:03:04.498795,2025-10-16 00:38:04.498795,35,passed,
ac17bd62-a247-4bc7-83fc-482aba94b583,VAC-1174,CAND-10174,СИСТЕМА,Ожидание назначения интервью,Wait,yes,,2025-10-16 00:38:04.498795,2025-10-17 12:05:04.498795,2127,,
ac17bd62-a247-4bc7-83fc-482aba94b583,VAC-1174,CAND-10174,ИНТЕРВЬЮЕРЫ,Назначить интервью,User Task,no,Андрей_9,2025-10-17 12:05:04.498795,2025-10-17 12:38:04.498795,33,,
ac17bd62-a247-4bc7-83fc-482aba94b583,VAC-1174,CAND-10174,СИСТЕМА,Ожидание интервью (раунд 1),Wait,yes,,2025-10-17 12:38:04.498795,2025-10-18 08:08:04.498795,1170,,
ac17bd62-a247-4bc7-83fc-482aba94b583,VAC-1174,CAND-10174,ИНТЕРВЬЮЕРЫ,Интервью (раунд 1),User Task,no,Андрей_7,2025-10-18 08:08:04.498795,2025-10-18 09:39:04.498795,91,rejected,поведенческий
ac3b53a2-55f3-4051-8fa8-958cdfa5b3ad,VAC-1050,CAND-10050,РУКОВОДИТЕЛЬ,Создать заявку,User Task,no,Иванов_9,2025-09-28 16:34:04.498795,2025-09-28 16:53:04.498795,19,,
ac3b53a2-55f3-4051-8fa8-958cdfa5b3ad,VAC-1050,CAND-10050,СИСТЕМА,Ожидание обработки,Wait,yes,,2025-09-28 16:53:04.498795,2025-09-28 18:04:04.498795,71,,
ac3b53a2-55f3-4051-8fa8-958cdfa5b3ad,VAC-1050,CAND-10050,HR,Зарегистрировать в HCM,Service Task,no,Наталья_1,2025-09-28 18:04:04.498795,2025-09-28 18:30:04.498795,26,,
ac3b53a2-55f3-4051-8fa8-958cdfa5b3ad,VAC-1050,CAND-10050,РЕКРУТЕР,Разместить вакансию,Task,no,Екатерина_6,2025-09-28 19:09:04.498795,2025-09-28 19:46:04.498795,37,,
ac3b53a2-55f3-4051-8fa8-958cdfa5b3ad,VAC-1050,CAND-10050,РЕКРУТЕР,Собирать резюме,Task,no,Екатерина_8,2025-09-28 20:46:04.498795,2025-10-01 05:06:04.498795,3380,,
ac3b53a2-55f3-4051-8fa8-958cdfa5b3ad,VAC-1050,CAND-10050,СИСТЕМА,Ожидание проверки резюме,Wait,yes,,2025-10-01 05:06:04.498795,2025-10-01 10:38:04.498795,332,,
ac3b53a2-55f3-4051-8fa8-958cdfa5b3ad,VAC-1050,CAND-10050,РЕКРУТЕР,Скрининг,Task,no,Екатерина_3,2025-10-01 10:38:04.498795,2025-10-01 11:07:04.498795,29,passed,
ac3b53a2-55f3-4051-8fa8-958cdfa5b3ad,VAC-1050,CAND-10050,СИСТЕМА,Ожидание назначения интервью,Wait,yes,,2025-10-01 11:07:04.498795,2025-10-03 08:02:04.498795,2695,,
ac3b53a2-55f3-4051-8fa8-958cdfa5b3ad,VAC-1050,CAND-10050,ИНТЕРВЬЮЕРЫ,Назначить интервью,User Task,no,Андрей_7,2025-10-03 08:02:04.498795,2025-10-03 08:22:04.498795,20,,
ac3b53a2-55f3-4051-8fa8-958cdfa5b3ad,VAC-1050,CAND-10050,СИСТЕМА,Ожидание интервью (раунд 1),Wait,yes,,2025-10-03 08:22:04.498795,2025-10-04 04:59:04.498795,1237,,
ac3b53a2-55f3-4051-8fa8-958cdfa5b3ad,VAC-1050,CAND-10050,ИНТЕРВЬЮЕРЫ,Интервью (раунд 1),User Task,no,Анна_9,2025-10-04 04:59:04.498795,2025-10-04 06:22:04.498795,83,passed,
ac3b53a2-55f3-4051-8fa8-958cdfa5b3ad,VAC-1050,CAND-10050,СИСТЕМА,Ожидание интервью (раунд 2),Wait,yes,,2025-10-04 06:22:04.498795,2025-10-04 23:27:04.498795,1025,,
ac3b53a2-55f3-4051-8fa8-958cdfa5b3ad,VAC-1050,CAND-10050,ИНТЕРВЬЮЕРЫ,Интервью (раунд 2),User Task,no,Сергей_8,2025-10-04 23:27:04.498795,2025-10-05 01:14:04.498795,107,rejected,недостаточно навыков
ad36104b-8698-4af0-99ec-b3072e7a5818,VAC-1123,CAND-10123,РУКОВОДИТЕЛЬ,Создать заявку,User Task,no,Петров_3,2025-09-29 16:35:04.498795,2025-09-29 17:30:04.498795,55,,
ad36104b-8698-4af0-99ec-b3072e7a5818,VAC-1123,CAND-10123,СИСТЕМА,Ожидание обработки,Wait,yes,,2025-09-29 17:30:04.498795,2025-09-29 19:14:04.498795,104,,
ad36104b-8698-4af0-99ec-b3072e7a5818,VAC-1123,CAND-10123,HR,Зарегистрировать в HCM,Service Task,no,Марина_4,2025-09-29 19:14:04.498795,2025-09-29 19:27:04.498795,13,,
ad36104b-8698-4af0-99ec-b3072e7a5818,VAC-1123,CAND-10123,РЕКРУТЕР,Разместить вакансию,Task,no,Екатерина_3,2025-09-29 21:51:04.498795,2025-09-29 23:51:04.498795,120,,
ad36104b-8698-4af0-99ec-b3072e7a5818,VAC-1123,CAND-10123,РЕКРУТЕР,Собирать резюме,Task,no,Алексей_9,2025-09-30 00:51:04.498795,2025-10-01 07:41:04.498795,1850,,
ad36104b-8698-4af0-99ec-b3072e7a5818,VAC-1123,CAND-10123,СИСТЕМА,Ожидание проверки резюме,Wait,yes,,2025-10-01 07:41:04.498795,2025-10-01 17:31:04.498795,590,,
ad36104b-8698-4af0-99ec-b3072e7a5818,VAC-1123,CAND-10123,РЕКРУТЕР,Скрининг,Task,no,Дмитрий_9,2025-10-01 17:31:04.498795,2025-10-01 18:06:04.498795,35,passed,
ad36104b-8698-4af0-99ec-b3072e7a5818,VAC-1123,CAND-10123,СИСТЕМА,Ожидание назначения интервью,Wait,yes,,2025-10-01 18:06:04.498795,2025-10-03 17:27:04.498795,2841,,
ad36104b-8698-4af0-99ec-b3072e7a5818,VAC-1123,CAND-10123,ИНТЕРВЬЮЕРЫ,Назначить интервью,User Task,no,Андрей_3,2025-10-03 17:27:04.498795,2025-10-03 17:59:04.498795,32,,
ad36104b-8698-4af0-99ec-b3072e7a5818,VAC-1123,CAND-10123,СИСТЕМА,Ожидание интервью (раунд 1),Wait,yes,,2025-10-03 17:59:04.498795,2025-10-04 12:50:04.498795,1131,,
ad36104b-8698-4af0-99ec-b3072e7a5818,VAC-1123,CAND-10123,ИНТЕРВЬЮЕРЫ,Интервью (раунд 1),User Task,no,Андрей_8,2025-10-04 12:50:04.498795,2025-10-04 13:35:04.498795,45,rejected,культурный профиль
aeae6c50-e1af-47ef-8269-fa9b56f740ae,VAC-1129,CAND-10129,РУКОВОДИТЕЛЬ,Создать заявку,User Task,no,Иванов_3,2025-09-28 17:40:04.498795,2025-09-28 18:14:04.498795,34,,
aeae6c50-e1af-47ef-8269-fa9b56f740ae,VAC-1129,CAND-10129,СИСТЕМА,Ожидание обработки,Wait,yes,,2025-09-28 18:14:04.498795,2025-09-28 20:08:04.498795,114,,
aeae6c50-e1af-47ef-8269-fa9b56f740ae,VAC-1129,CAND-10129,HR,Зарегистрировать в HCM,Service Task,no,Ольга_1,2025-09-28 20:08:04.498795,2025-09-28 20:22:04.498795,14,,
aeae6c50-e1af-47ef-8269-fa9b56f740ae,VAC-1129,CAND-10129,РЕКРУТЕР,Разместить вакансию,Task,no,Дмитрий_3,2025-09-28 21:37:04.498795,2025-09-28 22:50:04.498795,73,,
aeae6c50-e1af-47ef-8269-fa9b56f740ae,VAC-1129,CAND-10129,РЕКРУТЕР,Собирать резюме,Task,no,Екатерина_9,2025-09-28 23:50:04.498795,2025-10-01 18:53:04.498795,4023,,
aeae6c50-e1af-47ef-8269-fa9b56f740ae,VAC-1129,CAND-10129,СИСТЕМА,Ожидание проверки резюме,Wait,yes,,2025-10-01 18:53:04.498795,2025-10-02 03:16:04.498795,503,,
aeae6c50-e1af-47ef-8269-fa9b56f740ae,VAC-1129,CAND-10129,РЕКРУТЕР,Скрининг,Task,no,Дмитрий_5,2025-10-02 03:16:04.498795,2025-10-02 03:51:04.498795,35,passed,
aeae6c50-e1af-47ef-8269-fa9b56f740ae,VAC-1129,CAND-10129,СИСТЕМА,Ожидание назначения интервью,Wait,yes,,2025-10-02 03:51:04.498795,2025-10-03 23:13:04.498795,2602,,
aeae6c50-e1af-47ef-8269-fa9b56f740ae,VAC-1129,CAND-10129,ИНТЕРВЬЮЕРЫ,Назначить интервью,User Task,no,Сергей_2,2025-10-03 23:13:04.498795,2025-10-03 23:24:04.498795,11,,
aeae6c50-e1af-47ef-8269-fa9b56f740ae,VAC-1129,CAND-10129,СИСТЕМА,Ожидание интервью (раунд 1),Wait,yes,,2025-10-03 23:24:04.498795,2025-10-04 08:25:04.498795,541,,
aeae6c50-e1af-47ef-8269-fa9b56f740ae,VAC-1129,CAND-10129,ИНТЕРВЬЮЕРЫ,Интервью (раунд 1),User Task,no,Сергей_2,2025-10-04 08:25:04.498795,2025-10-04 09:37:04.498795,72,rejected,поведенческий
afc787e2-6738-472e-bd6d-731609ceb317,VAC-1004,CAND-10004,РУКОВОДИТЕЛЬ,Создать заявку,User Task,no,Сидоров_1,2025-09-16 13:20:04.498795,2025-09-16 14:19:04.498795,59,,
afc787e2-6738-472e-bd6d-731609ceb317,VAC-1004,CAND-10004,СИСТЕМА,Ожидание обработки,Wait,yes,,2025-09-16 14:19:04.498795,2025-09-16 15:55:04.498795,96,,
afc787e2-6738-472e-bd6d-731609ceb317,VAC-1004,CAND-10004,HR,Зарегистрировать в HCM,Service Task,no,Ольга_1,2025-09-16 15:55:04.498795,2025-09-16 16:15:04.498795,20,,
afc787e2-6738-472e-bd6d-731609ceb317,VAC-1004,CAND-10004,РЕКРУТЕР,Разместить вакансию,Task,no,Дмитрий_4,2025-09-16 17:13:04.498795,2025-09-16 18:19:04.498795,66,,
afc787e2-6738-472e-bd6d-731609ceb317,VAC-1004,CAND-10004,РЕКРУТЕР,Собирать резюме,Task,no,Алексей_2,2025-09-16 19:19:04.498795,2025-09-17 23:16:04.498795,1677,,
afc787e2-6738-472e-bd6d-731609ceb317,VAC-1004,CAND-10004,СИСТЕМА,Ожидание проверки резюме,Wait,yes,,2025-09-17 23:16:04.498795,2025-09-18 03:43:04.498795,267,,
afc787e2-6738-472e-bd6d-731609ceb317,VAC-1004,CAND-10004,РЕКРУТЕР,Скрининг,Task,no,Дмитрий_2,2025-09-18 03:43:04.498795,2025-09-18 04:16:04.498795,33,rejected,не прошёл тест
b2e4b5c4-1d98-4e79-9737-a6cf47faad2f,VAC-1175,CAND-10175,РУКОВОДИТЕЛЬ,Создать заявку,User Task,no,Петров_3,2025-09-22 19:48:04.498795,2025-09-22 20:21:04.498795,33,,
b2e4b5c4-1d98-4e79-9737-a6cf47faad2f,VAC-1175,CAND-10175,СИСТЕМА,Ожидание обработки,Wait,yes,,2025-09-22 20:21:04.498795,2025-09-22 22:03:04.498795,102,,
b2e4b5c4-1d98-4e79-9737-a6cf47faad2f,VAC-1175,CAND-10175,HR,Зарегистрировать в HCM,Service Task,no,Марина_2,2025-09-22 22:03:04.498795,2025-09-22 22:30:04.498795,27,,
b2e4b5c4-1d98-4e79-9737-a6cf47faad2f,VAC-1175,CAND-10175,РЕКРУТЕР,Разместить вакансию,Task,no,Алексей_3,2025-09-23 01:23:04.498795,2025-09-23 03:13:04.498795,110,,
b2e4b5c4-1d98-4e79-9737-a6cf47faad2f,VAC-1175,CAND-10175,РЕКРУТЕР,Собирать резюме,Task,no,Алексей_9,2025-09-23 04:13:04.498795,2025-09-25 03:04:04.498795,2811,,
b2e4b5c4-1d98-4e79-9737-a6cf47faad2f,VAC-1175,CAND-10175,СИСТЕМА,Ожидание проверки резюме,Wait,yes,,2025-09-25 03:04:04.498795,2025-09-25 08:00:04.498795,296,,
b2e4b5c4-1d98-4e79-9737-a6cf47faad2f,VAC-1175,CAND-10175,РЕКРУТЕР,Скрининг,Task,no,Дмитрий_4,2025-09-25 08:00:04.498795,2025-09-25 08:30:04.498795,30,rejected,не соотв. опыту
b431f645-50b2-44a9-a8b5-4e663eaabcc1,VAC-1059,CAND-10059,РУКОВОДИТЕЛЬ,Создать заявку,User Task,no,Сидоров_6,2025-10-23 21:28:04.498795,2025-10-23 22:02:04.498795,34,,
b431f645-50b2-44a9-a8b5-4e663eaabcc1,VAC-1059,CAND-10059,СИСТЕМА,Ожидание обработки,Wait,yes,,2025-10-23 22:02:04.498795,2025-10-23 23:51:04.498795,109,,
b431f645-50b2-44a9-a8b5-4e663eaabcc1,VAC-1059,CAND-10059,HR,Зарегистрировать в HCM,Service Task,no,Ольга_3,2025-10-23 23:51:04.498795,2025-10-24 00:14:04.498795,23,,
b431f645-50b2-44a9-a8b5-4e663eaabcc1,VAC-1059,CAND-10059,РЕКРУТЕР,Разместить вакансию,Task,no,Алексей_9,2025-10-24 02:00:04.498795,2025-10-24 03:08:04.498795,68,,
b431f645-50b2-44a9-a8b5-4e663eaabcc1,VAC-1059,CAND-10059,РЕКРУТЕР,Собирать резюме,Task,no,Алексей_4,2025-10-24 04:08:04.498795,2025-10-26 12:27:04.498795,3379,,
b431f645-50b2-44a9-a8b5-4e663eaabcc1,VAC-1059,CAND-10059,СИСТЕМА,Ожидание проверки резюме,Wait,yes,,2025-10-26 12:27:04.498795,2025-10-26 20:34:04.498795,487,,
b431f645-50b2-44a9-a8b5-4e663eaabcc1,VAC-1059,CAND-10059,РЕКРУТЕР,Скрининг,Task,no,Екатерина_3,2025-10-26 20:34:04.498795,2025-10-26 21:11:04.498795,37,rejected,не соотв. опыту
b5fc86ae-cf65-4882-ad10-449796dbec3c,VAC-1075,CAND-10075,РУКОВОДИТЕЛЬ,Создать заявку,User Task,no,Сидоров_5,2025-10-14 11:22:04.498795,2025-10-14 11:54:04.498795,32,,
b5fc86ae-cf65-4882-ad10-449796dbec3c,VAC-1075,CAND-10075,СИСТЕМА,Ожидание обработки,Wait,yes,,2025-10-14 11:54:04.498795,2025-10-14 13:30:04.498795,96,,
b5fc86ae-cf65-4882-ad10-449796dbec3c,VAC-1075,CAND-10075,HR,Зарегистрировать в HCM,Service Task,no,Наталья_6,2025-10-14 13:30:04.498795,2025-10-14 13:57:04.498795,27,,
b5fc86ae-cf65-4882-ad10-449796dbec3c,VAC-1075,CAND-10075,РЕКРУТЕР,Разместить вакансию,Task,no,Екатерина_5,2025-10-14 15:41:04.498795,2025-10-14 16:38:04.498795,57,,
b5fc86ae-cf65-4882-ad10-449796dbec3c,VAC-1075,CAND-10075,РЕКРУТЕР,Собирать резюме,Task,no,Екатерина_2,2025-10-14 17:38:04.498795,2025-10-17 04:45:04.498795,3547,,
b5fc86ae-cf65-4882-ad10-449796dbec3c,VAC-1075,CAND-10075,СИСТЕМА,Ожидание проверки резюме,Wait,yes,,2025-10-17 04:45:04.498795,2025-10-17 10:03:04.498795,318,,
b5fc86ae-cf65-4882-ad10-449796dbec3c,VAC-1075,CAND-10075,РЕКРУТЕР,Скрининг,Task,no,Дмитрий_1,2025-10-17 10:03:04.498795,2025-10-17 10:43:04.498795,40,rejected,не прошёл тест
b7563adf-c1c6-4f45-ae42-34c1084e31de,VAC-1096,CAND-10096,РУКОВОДИТЕЛЬ,Создать заявку,User Task,no,Сидоров_7,2025-09-26 14:43:04.498795,2025-09-26 14:56:04.498795,13,,
b7563adf-c1c6-4f45-ae42-34c1084e31de,VAC-1096,CAND-10096,СИСТЕМА,Ожидание обработки,Wait,yes,,2025-09-26 14:56:04.498795,2025-09-26 16:40:04.498795,104,,
b7563adf-c1c6-4f45-ae42-34c1084e31de,VAC-1096,CAND-10096,HR,Зарегистрировать в HCM,Service Task,no,Марина_3,2025-09-26 16:40:04.498795,2025-09-26 17:00:04.498795,20,,
b7563adf-c1c6-4f45-ae42-34c1084e31de,VAC-1096,CAND-10096,РЕКРУТЕР,Разместить вакансию,Task,no,Дмитрий_5,2025-09-26 17:36:04.498795,2025-09-26 19:19:04.498795,103,,
b7563adf-c1c6-4f45-ae42-34c1084e31de,VAC-1096,CAND-10096,РЕКРУТЕР,Собирать резюме,Task,no,Дмитрий_7,2025-09-26 20:19:04.498795,2025-09-28 14:01:04.498795,2502,,
b7563adf-c1c6-4f45-ae42-34c1084e31de,VAC-1096,CAND-10096,СИСТЕМА,Ожидание проверки резюме,Wait,yes,,2025-09-28 14:01:04.498795,2025-09-28 23:38:04.498795,577,,
b7563adf-c1c6-4f45-ae42-34c1084e31de,VAC-1096,CAND-10096,РЕКРУТЕР,Скрининг,Task,no,Алексей_4,2025-09-28 23:38:04.498795,2025-09-29 00:11:04.498795,33,passed,
b7563adf-c1c6-4f45-ae42-34c1084e31de,VAC-1096,CAND-10096,СИСТЕМА,Ожидание назначения интервью,Wait,yes,,2025-09-29 00:11:04.498795,2025-09-30 07:46:04.498795,1895,,
b7563adf-c1c6-4f45-ae42-34c1084e31de,VAC-1096,CAND-10096,ИНТЕРВЬЮЕРЫ,Назначить интервью,User Task,no,Анна_8,2025-09-30 07:46:04.498795,2025-09-30 08:17:04.498795,31,,
b7563adf-c1c6-4f45-ae42-34c1084e31de,VAC-1096,CAND-10096,СИСТЕМА,Ожидание интервью (раунд 1),Wait,yes,,2025-09-30 08:17:04.498795,2025-10-01 03:44:04.498795,1167,,
b7563adf-c1c6-4f45-ae42-34c1084e31de,VAC-1096,CAND-10096,ИНТЕРВЬЮЕРЫ,Интервью (раунд 1),User Task,no,Андрей_9,2025-10-01 03:44:04.498795,2025-10-01 05:14:04.498795,90,passed,
b7563adf-c1c6-4f45-ae42-34c1084e31de,VAC-1096,CAND-10096,СИСТЕМА,Ожидание интервью (раунд 2),Wait,yes,,2025-10-01 05:14:04.498795,2025-10-01 16:19:04.498795,665,,
b7563adf-c1c6-4f45-ae42-34c1084e31de,VAC-1096,CAND-10096,ИНТЕРВЬЮЕРЫ,Интервью (раунд 2),User Task,no,Андрей_5,2025-10-01 16:19:04.498795,2025-10-01 17:41:04.498795,82,passed,
b7563adf-c1c6-4f45-ae42-34c1084e31de,VAC-1096,CAND-10096,СИСТЕМА,Ожидание интервью (раунд 3),Wait,yes,,2025-10-01 17:41:04.498795,2025-10-02 14:03:04.498795,1222,,
b7563adf-c1c6-4f45-ae42-34c1084e31de,VAC-1096,CAND-10096,ИНТЕРВЬЮЕРЫ,Интервью (раунд 3),User Task,no,Андрей_6,2025-10-02 14:03:04.498795,2025-10-02 15:59:04.498795,116,rejected,культурный профиль
b788dee7-ba7c-4d70-a1eb-2ea37e2d1c2c,VAC-1102,CAND-10102,РУКОВОДИТЕЛЬ,Создать заявку,User Task,no,Петров_5,2025-10-20 15:27:04.498795,2025-10-20 15:51:04.498795,24,,
b788dee7-ba7c-4d70-a1eb-2ea37e2d1c2c,VAC-1102,CAND-10102,СИСТЕМА,Ожидание обработки,Wait,yes,,2025-10-20 15:51:04.498795,2025-10-20 16:44:04.498795,53,,
b788dee7-ba7c-4d70-a1eb-2ea37e2d1c2c,VAC-1102,CAND-10102,HR,Зарегистрировать в HCM,Service Task,no,Наталья_2,2025-10-20 16:44:04.498795,2025-10-20 17:08:04.498795,24,,
b788dee7-ba7c-4d70-a1eb-2ea37e2d1c2c,VAC-1102,CAND-10102,РЕКРУТЕР,Разместить вакансию,Task,no,Дмитрий_6,2025-10-20 18:22:04.498795,2025-10-20 18:47:04.498795,25,,
b788dee7-ba7c-4d70-a1eb-2ea37e2d1c2c,VAC-1102,CAND-10102,РЕКРУТЕР,Собирать резюме,Task,no,Дмитрий_7,2025-10-20 19:47:04.498795,2025-10-23 17:59:04.498795,4212,,
b788dee7-ba7c-4d70-a1eb-2ea37e2d1c2c,VAC-1102,CAND-10102,СИСТЕМА,Ожидание проверки резюме,Wait,yes,,2025-10-23 17:59:04.498795,2025-10-23 22:57:04.498795,298,,
b788dee7-ba7c-4d70-a1eb-2ea37e2d1c2c,VAC-1102,CAND-10102,РЕКРУТЕР,Скрининг,Task,no,Алексей_1,2025-10-23 22:57:04.498795,2025-10-23 23:10:04.498795,13,rejected,не прошёл тест
b7b76ecf-9d04-4c56-a875-68bd19cc4bd0,VAC-1070,CAND-10070,РУКОВОДИТЕЛЬ,Создать заявку,User Task,no,Иванов_9,2025-09-12 16:15:04.498795,2025-09-12 17:15:04.498795,60,,
b7b76ecf-9d04-4c56-a875-68bd19cc4bd0,VAC-1070,CAND-10070,СИСТЕМА,Ожидание обработки,Wait,yes,,2025-09-12 17:15:04.498795,2025-09-12 18:36:04.498795,81,,
b7b76ecf-9d04-4c56-a875-68bd19cc4bd0,VAC-1070,CAND-10070,HR,Зарегистрировать в HCM,Service Task,no,Ольга_2,2025-09-12 18:36:04.498795,2025-09-12 18:57:04.498795,21,,
b7b76ecf-9d04-4c56-a875-68bd19cc4bd0,VAC-1070,CAND-10070,РЕКРУТЕР,Разместить вакансию,Task,no,Екатерина_8,2025-09-12 21:19:04.498795,2025-09-12 23:11:04.498795,112,,
b7b76ecf-9d04-4c56-a875-68bd19cc4bd0,VAC-1070,CAND-10070,РЕКРУТЕР,Собирать резюме,Task,no,Алексей_5,2025-09-13 00:11:04.498795,2025-09-14 21:57:04.498795,2746,,
b7b76ecf-9d04-4c56-a875-68bd19cc4bd0,VAC-1070,CAND-10070,СИСТЕМА,Ожидание проверки резюме,Wait,yes,,2025-09-14 21:57:04.498795,2025-09-15 01:42:04.498795,225,,
b7b76ecf-9d04-4c56-a875-68bd19cc4bd0,VAC-1070,CAND-10070,РЕКРУТЕР,Скрининг,Task,no,Екатерина_2,2025-09-15 01:42:04.498795,2025-09-15 02:17:04.498795,35,passed,
b7b76ecf-9d04-4c56-a875-68bd19cc4bd0,VAC-1070,CAND-10070,СИСТЕМА,Ожидание назначения интервью,Wait,yes,,2025-09-15 02:17:04.498795,2025-09-16 13:59:04.498795,2142,,
b7b76ecf-9d04-4c56-a875-68bd19cc4bd0,VAC-1070,CAND-10070,ИНТЕРВЬЮЕРЫ,Назначить интервью,User Task,no,Андрей_3,2025-09-16 13:59:04.498795,2025-09-16 14:29:04.498795,30,,
b7b76ecf-9d04-4c56-a875-68bd19cc4bd0,VAC-1070,CAND-10070,СИСТЕМА,Ожидание интервью (раунд 1),Wait,yes,,2025-09-16 14:29:04.498795,2025-09-17 11:07:04.498795,1238,,
b7b76ecf-9d04-4c56-a875-68bd19cc4bd0,VAC-1070,CAND-10070,ИНТЕРВЬЮЕРЫ,Интервью (раунд 1),User Task,no,Анна_3,2025-09-17 11:07:04.498795,2025-09-17 12:23:04.498795,76,passed,
b7b76ecf-9d04-4c56-a875-68bd19cc4bd0,VAC-1070,CAND-10070,СИСТЕМА,Ожидание интервью (раунд 2),Wait,yes,,2025-09-17 12:23:04.498795,2025-09-18 02:01:04.498795,818,,
b7b76ecf-9d04-4c56-a875-68bd19cc4bd0,VAC-1070,CAND-10070,ИНТЕРВЬЮЕРЫ,Интервью (раунд 2),User Task,no,Сергей_4,2025-09-18 02:01:04.498795,2025-09-18 03:57:04.498795,116,passed,
b7b76ecf-9d04-4c56-a875-68bd19cc4bd0,VAC-1070,CAND-10070,СИСТЕМА,Ожидание интервью (раунд 3),Wait,yes,,2025-09-18 03:57:04.498795,2025-09-19 01:33:04.498795,1296,,
b7b76ecf-9d04-4c56-a875-68bd19cc4bd0,VAC-1070,CAND-10070,ИНТЕРВЬЮЕРЫ,Интервью (раунд 3),User Task,no,Андрей_7,2025-09-19 01:33:04.498795,2025-09-19 03:09:04.498795,96,rejected,поведенческий
b7e40b2f-f4c6-40c0-b5ea-b4c73d1d715d,VAC-1128,CAND-10128,РУКОВОДИТЕЛЬ,Создать заявку,User Task,no,Сидоров_5,2025-09-30 12:06:04.498795,2025-09-30 12:39:04.498795,33,,
b7e40b2f-f4c6-40c0-b5ea-b4c73d1d715d,VAC-1128,CAND-10128,СИСТЕМА,Ожидание обработки,Wait,yes,,2025-09-30 12:39:04.498795,2025-09-30 13:22:04.498795,43,,
b7e40b2f-f4c6-40c0-b5ea-b4c73d1d715d,VAC-1128,CAND-10128,HR,Зарегистрировать в HCM,Service Task,no,Ольга_4,2025-09-30 13:22:04.498795,2025-09-30 13:49:04.498795,27,,
b7e40b2f-f4c6-40c0-b5ea-b4c73d1d715d,VAC-1128,CAND-10128,РЕКРУТЕР,Разместить вакансию,Task,no,Екатерина_6,2025-09-30 15:27:04.498795,2025-09-30 16:47:04.498795,80,,
b7e40b2f-f4c6-40c0-b5ea-b4c73d1d715d,VAC-1128,CAND-10128,РЕКРУТЕР,Собирать резюме,Task,no,Алексей_8,2025-09-30 17:47:04.498795,2025-10-02 18:45:04.498795,2938,,
b7e40b2f-f4c6-40c0-b5ea-b4c73d1d715d,VAC-1128,CAND-10128,СИСТЕМА,Ожидание проверки резюме,Wait,yes,,2025-10-02 18:45:04.498795,2025-10-03 04:59:04.498795,614,,
b7e40b2f-f4c6-40c0-b5ea-b4c73d1d715d,VAC-1128,CAND-10128,РЕКРУТЕР,Скрининг,Task,no,Дмитрий_6,2025-10-03 04:59:04.498795,2025-10-03 05:15:04.498795,16,passed,
b7e40b2f-f4c6-40c0-b5ea-b4c73d1d715d,VAC-1128,CAND-10128,СИСТЕМА,Ожидание назначения интервью,Wait,yes,,2025-10-03 05:15:04.498795,2025-10-04 18:55:04.498795,2260,,
b7e40b2f-f4c6-40c0-b5ea-b4c73d1d715d,VAC-1128,CAND-10128,ИНТЕРВЬЮЕРЫ,Назначить интервью,User Task,no,Сергей_3,2025-10-04 18:55:04.498795,2025-10-04 19:13:04.498795,18,,
b7e40b2f-f4c6-40c0-b5ea-b4c73d1d715d,VAC-1128,CAND-10128,СИСТЕМА,Ожидание интервью (раунд 1),Wait,yes,,2025-10-04 19:13:04.498795,2025-10-05 13:02:04.498795,1069,,
b7e40b2f-f4c6-40c0-b5ea-b4c73d1d715d,VAC-1128,CAND-10128,ИНТЕРВЬЮЕРЫ,Интервью (раунд 1),User Task,no,Анна_5,2025-10-05 13:02:04.498795,2025-10-05 14:16:04.498795,74,rejected,недостаточно навыков
b87e4af6-1ce7-411e-ab39-e9d18cdc77eb,VAC-1144,CAND-10144,РУКОВОДИТЕЛЬ,Создать заявку,User Task,no,Сидоров_7,2025-10-06 19:51:04.498795,2025-10-06 20:08:04.498795,17,,
b87e4af6-1ce7-411e-ab39-e9d18cdc77eb,VAC-1144,CAND-10144,СИСТЕМА,Ожидание обработки,Wait,yes,,2025-10-06 20:08:04.498795,2025-10-06 21:22:04.498795,74,,
b87e4af6-1ce7-411e-ab39-e9d18cdc77eb,VAC-1144,CAND-10144,HR,Зарегистрировать в HCM,Service Task,no,Ольга_4,2025-10-06 21:22:04.498795,2025-10-06 21:43:04.498795,21,,
b87e4af6-1ce7-411e-ab39-e9d18cdc77eb,VAC-1144,CAND-10144,РЕКРУТЕР,Разместить вакансию,Task,no,Екатерина_1,2025-10-06 23:35:04.498795,2025-10-07 00:39:04.498795,64,,
b87e4af6-1ce7-411e-ab39-e9d18cdc77eb,VAC-1144,CAND-10144,РЕКРУТЕР,Собирать резюме,Task,no,Алексей_6,2025-10-07 01:39:04.498795,2025-10-08 22:27:04.498795,2688,,
b87e4af6-1ce7-411e-ab39-e9d18cdc77eb,VAC-1144,CAND-10144,СИСТЕМА,Ожидание проверки резюме,Wait,yes,,2025-10-08 22:27:04.498795,2025-10-09 08:59:04.498795,632,,
b87e4af6-1ce7-411e-ab39-e9d18cdc77eb,VAC-1144,CAND-10144,РЕКРУТЕР,Скрининг,Task,no,Алексей_8,2025-10-09 08:59:04.498795,2025-10-09 09:28:04.498795,29,passed,
b87e4af6-1ce7-411e-ab39-e9d18cdc77eb,VAC-1144,CAND-10144,СИСТЕМА,Ожидание назначения интервью,Wait,yes,,2025-10-09 09:28:04.498795,2025-10-10 17:26:04.498795,1918,,
b87e4af6-1ce7-411e-ab39-e9d18cdc77eb,VAC-1144,CAND-10144,ИНТЕРВЬЮЕРЫ,Назначить интервью,User Task,no,Анна_6,2025-10-10 17:26:04.498795,2025-10-10 17:42:04.498795,16,,
b87e4af6-1ce7-411e-ab39-e9d18cdc77eb,VAC-1144,CAND-10144,СИСТЕМА,Ожидание интервью (раунд 1),Wait,yes,,2025-10-10 17:42:04.498795,2025-10-11 14:07:04.498795,1225,,
b87e4af6-1ce7-411e-ab39-e9d18cdc77eb,VAC-1144,CAND-10144,ИНТЕРВЬЮЕРЫ,Интервью (раунд 1),User Task,no,Андрей_4,2025-10-11 14:07:04.498795,2025-10-11 15:02:04.498795,55,passed,
b87e4af6-1ce7-411e-ab39-e9d18cdc77eb,VAC-1144,CAND-10144,ИНТЕРВЬЮЕРЫ,Финальное интервью,User Task,no,Сергей_1,2025-10-12 09:37:04.498795,2025-10-12 10:40:04.498795,63,rejected,финал не пройден
b8b7527a-da32-4ba5-8d6e-ec46bfb80072,VAC-1036,CAND-10036,РУКОВОДИТЕЛЬ,Создать заявку,User Task,no,Сидоров_5,2025-10-06 21:23:04.498795,2025-10-06 22:04:04.498795,41,,
b8b7527a-da32-4ba5-8d6e-ec46bfb80072,VAC-1036,CAND-10036,СИСТЕМА,Ожидание обработки,Wait,yes,,2025-10-06 22:04:04.498795,2025-10-06 22:29:04.498795,25,,
b8b7527a-da32-4ba5-8d6e-ec46bfb80072,VAC-1036,CAND-10036,HR,Зарегистрировать в HCM,Service Task,no,Ольга_1,2025-10-06 22:29:04.498795,2025-10-06 22:46:04.498795,17,,
b8b7527a-da32-4ba5-8d6e-ec46bfb80072,VAC-1036,CAND-10036,РЕКРУТЕР,Разместить вакансию,Task,no,Дмитрий_4,2025-10-06 23:17:04.498795,2025-10-07 00:03:04.498795,46,,
b8b7527a-da32-4ba5-8d6e-ec46bfb80072,VAC-1036,CAND-10036,РЕКРУТЕР,Собирать резюме,Task,no,Дмитрий_5,2025-10-07 01:03:04.498795,2025-10-08 10:25:04.498795,2002,,
b8b7527a-da32-4ba5-8d6e-ec46bfb80072,VAC-1036,CAND-10036,СИСТЕМА,Ожидание проверки резюме,Wait,yes,,2025-10-08 10:25:04.498795,2025-10-08 19:00:04.498795,515,,
b8b7527a-da32-4ba5-8d6e-ec46bfb80072,VAC-1036,CAND-10036,РЕКРУТЕР,Скрининг,Task,no,Алексей_8,2025-10-08 19:00:04.498795,2025-10-08 19:13:04.498795,13,rejected,не соотв. опыту
bb1a50ed-2a1b-40a1-87ca-72c05293a3af,VAC-1155,CAND-10155,РУКОВОДИТЕЛЬ,Создать заявку,User Task,no,Сидоров_9,2025-09-02 14:07:04.498795,2025-09-02 14:47:04.498795,40,,
bb1a50ed-2a1b-40a1-87ca-72c05293a3af,VAC-1155,CAND-10155,СИСТЕМА,Ожидание обработки,Wait,yes,,2025-09-02 14:47:04.498795,2025-09-02 15:46:04.498795,59,,
bb1a50ed-2a1b-40a1-87ca-72c05293a3af,VAC-1155,CAND-10155,HR,Зарегистрировать в HCM,Service Task,no,Ольга_3,2025-09-02 15:46:04.498795,2025-09-02 16:20:04.498795,34,,
bb1a50ed-2a1b-40a1-87ca-72c05293a3af,VAC-1155,CAND-10155,РЕКРУТЕР,Разместить вакансию,Task,no,Екатерина_3,2025-09-02 17:15:04.498795,2025-09-02 18:41:04.498795,86,,
bb1a50ed-2a1b-40a1-87ca-72c05293a3af,VAC-1155,CAND-10155,РЕКРУТЕР,Собирать резюме,Task,no,Екатерина_1,2025-09-02 19:41:04.498795,2025-09-04 09:41:04.498795,2280,,
bb1a50ed-2a1b-40a1-87ca-72c05293a3af,VAC-1155,CAND-10155,СИСТЕМА,Ожидание проверки резюме,Wait,yes,,2025-09-04 09:41:04.498795,2025-09-04 20:31:04.498795,650,,
bb1a50ed-2a1b-40a1-87ca-72c05293a3af,VAC-1155,CAND-10155,РЕКРУТЕР,Скрининг,Task,no,Екатерина_9,2025-09-04 20:31:04.498795,2025-09-04 20:53:04.498795,22,passed,
bb1a50ed-2a1b-40a1-87ca-72c05293a3af,VAC-1155,CAND-10155,СИСТЕМА,Ожидание назначения интервью,Wait,yes,,2025-09-04 20:53:04.498795,2025-09-06 07:29:04.498795,2076,,
bb1a50ed-2a1b-40a1-87ca-72c05293a3af,VAC-1155,CAND-10155,ИНТЕРВЬЮЕРЫ,Назначить интервью,User Task,no,Андрей_2,2025-09-06 07:29:04.498795,2025-09-06 08:08:04.498795,39,,
bb1a50ed-2a1b-40a1-87ca-72c05293a3af,VAC-1155,CAND-10155,СИСТЕМА,Ожидание интервью (раунд 1),Wait,yes,,2025-09-06 08:08:04.498795,2025-09-07 07:18:04.498795,1390,,
bb1a50ed-2a1b-40a1-87ca-72c05293a3af,VAC-1155,CAND-10155,ИНТЕРВЬЮЕРЫ,Интервью (раунд 1),User Task,no,Анна_5,2025-09-07 07:18:04.498795,2025-09-07 08:08:04.498795,50,passed,
bb1a50ed-2a1b-40a1-87ca-72c05293a3af,VAC-1155,CAND-10155,СИСТЕМА,Ожидание интервью (раунд 2),Wait,yes,,2025-09-07 08:08:04.498795,2025-09-07 16:31:04.498795,503,,
bb1a50ed-2a1b-40a1-87ca-72c05293a3af,VAC-1155,CAND-10155,ИНТЕРВЬЮЕРЫ,Интервью (раунд 2),User Task,no,Анна_4,2025-09-07 16:31:04.498795,2025-09-07 18:29:04.498795,118,rejected,поведенческий
bb3437b0-3526-4937-b74d-76ae188a4266,VAC-1039,CAND-10039,РУКОВОДИТЕЛЬ,Создать заявку,User Task,no,Петров_8,2025-09-21 20:27:04.498795,2025-09-21 20:49:04.498795,22,,
bb3437b0-3526-4937-b74d-76ae188a4266,VAC-1039,CAND-10039,СИСТЕМА,Ожидание обработки,Wait,yes,,2025-09-21 20:49:04.498795,2025-09-21 22:13:04.498795,84,,
bb3437b0-3526-4937-b74d-76ae188a4266,VAC-1039,CAND-10039,HR,Зарегистрировать в HCM,Service Task,no,Наталья_8,2025-09-21 22:13:04.498795,2025-09-21 22:27:04.498795,14,,
bb3437b0-3526-4937-b74d-76ae188a4266,VAC-1039,CAND-10039,РЕКРУТЕР,Разместить вакансию,Task,no,Екатерина_2,2025-09-21 23:23:04.498795,2025-09-22 00:26:04.498795,63,,
bb3437b0-3526-4937-b74d-76ae188a4266,VAC-1039,CAND-10039,РЕКРУТЕР,Собирать резюме,Task,no,Екатерина_3,2025-09-22 01:26:04.498795,2025-09-24 11:52:04.498795,3506,,
bb3437b0-3526-4937-b74d-76ae188a4266,VAC-1039,CAND-10039,СИСТЕМА,Ожидание проверки резюме,Wait,yes,,2025-09-24 11:52:04.498795,2025-09-24 15:32:04.498795,220,,
bb3437b0-3526-4937-b74d-76ae188a4266,VAC-1039,CAND-10039,РЕКРУТЕР,Скрининг,Task,no,Екатерина_8,2025-09-24 15:32:04.498795,2025-09-24 15:49:04.498795,17,rejected,не прошёл тест
be731914-c34f-4215-98ca-675611166c33,VAC-1049,CAND-10049,РУКОВОДИТЕЛЬ,Создать заявку,User Task,no,Петров_1,2025-09-22 18:42:04.498795,2025-09-22 19:11:04.498795,29,,
be731914-c34f-4215-98ca-675611166c33,VAC-1049,CAND-10049,СИСТЕМА,Ожидание обработки,Wait,yes,,2025-09-22 19:11:04.498795,2025-09-22 19:42:04.498795,31,,
be731914-c34f-4215-98ca-675611166c33,VAC-1049,CAND-10049,HR,Зарегистрировать в HCM,Service Task,no,Ольга_9,2025-09-22 19:42:04.498795,2025-09-22 20:22:04.498795,40,,
be731914-c34f-4215-98ca-675611166c33,VAC-1049,CAND-10049,РЕКРУТЕР,Разместить вакансию,Task,no,Алексей_6,2025-09-22 22:49:04.498795,2025-09-22 23:39:04.498795,50,,
be731914-c34f-4215-98ca-675611166c33,VAC-1049,CAND-10049,РЕКРУТЕР,Собирать резюме,Task,no,Алексей_5,2025-09-23 00:39:04.498795,2025-09-24 03:58:04.498795,1639,,
be731914-c34f-4215-98ca-675611166c33,VAC-1049,CAND-10049,СИСТЕМА,Ожидание проверки резюме,Wait,yes,,2025-09-24 03:58:04.498795,2025-09-24 15:24:04.498795,686,,
be731914-c34f-4215-98ca-675611166c33,VAC-1049,CAND-10049,РЕКРУТЕР,Скрининг,Task,no,Екатерина_8,2025-09-24 15:24:04.498795,2025-09-24 15:53:04.498795,29,passed,
be731914-c34f-4215-98ca-675611166c33,VAC-1049,CAND-10049,СИСТЕМА,Ожидание назначения интервью,Wait,yes,,2025-09-24 15:53:04.498795,2025-09-25 16:09:04.498795,1456,,
be731914-c34f-4215-98ca-675611166c33,VAC-1049,CAND-10049,ИНТЕРВЬЮЕРЫ,Назначить интервью,User Task,no,Андрей_7,2025-09-25 16:09:04.498795,2025-09-25 16:46:04.498795,37,,
be731914-c34f-4215-98ca-675611166c33,VAC-1049,CAND-10049,СИСТЕМА,Ожидание интервью (раунд 1),Wait,yes,,2025-09-25 16:46:04.498795,2025-09-26 05:16:04.498795,750,,
be731914-c34f-4215-98ca-675611166c33,VAC-1049,CAND-10049,ИНТЕРВЬЮЕРЫ,Интервью (раунд 1),User Task,no,Сергей_1,2025-09-26 05:16:04.498795,2025-09-26 06:47:04.498795,91,passed,
be731914-c34f-4215-98ca-675611166c33,VAC-1049,CAND-10049,ИНТЕРВЬЮЕРЫ,Финальное интервью,User Task,no,Андрей_6,2025-09-26 21:37:04.498795,2025-09-26 22:28:04.498795,51,passed,
be731914-c34f-4215-98ca-675611166c33,VAC-1049,CAND-10049,HR (ОФФЕР),Согласовать условия,User Task,no,Наталья_7,2025-09-27 01:49:04.498795,2025-09-27 04:02:04.498795,133,,
be731914-c34f-4215-98ca-675611166c33,VAC-1049,CAND-10049,HR (ОФФЕР),Сгенерировать оффер,Service Task,no,Ольга_9,2025-09-27 04:22:04.498795,2025-09-27 04:43:04.498795,21,,
be731914-c34f-4215-98ca-675611166c33,VAC-1049,CAND-10049,HR (ОФФЕР),Отправить оффер,Send Task,no,Ольга_2,2025-09-27 04:48:04.498795,2025-09-27 04:58:04.498795,10,sent,
be731914-c34f-4215-98ca-675611166c33,VAC-1049,CAND-10049,HR (ОФФЕР),Ожидание ответа (1д),Timer,yes,,2025-09-27 04:58:04.498795,2025-09-28 04:58:04.498795,1440,timer_elapsed,
be731914-c34f-4215-98ca-675611166c33,VAC-1049,CAND-10049,HR (ОФФЕР),Переговоры / отказ,Task,no,Ольга_6,2025-09-28 06:58:04.498795,2025-09-28 09:38:04.498795,160,rejected,
bea113b3-6cc6-4788-9be6-9e12381d2209,VAC-1152,CAND-10152,РУКОВОДИТЕЛЬ,Создать заявку,User Task,no,Петров_9,2025-09-01 12:30:04.498795,2025-09-01 12:57:04.498795,27,,
bea113b3-6cc6-4788-9be6-9e12381d2209,VAC-1152,CAND-10152,СИСТЕМА,Ожидание обработки,Wait,yes,,2025-09-01 12:57:04.498795,2025-09-01 14:09:04.498795,72,,
bea113b3-6cc6-4788-9be6-9e12381d2209,VAC-1152,CAND-10152,HR,Зарегистрировать в HCM,Service Task,no,Наталья_4,2025-09-01 14:09:04.498795,2025-09-01 14:35:04.498795,26,,
bea113b3-6cc6-4788-9be6-9e12381d2209,VAC-1152,CAND-10152,РЕКРУТЕР,Разместить вакансию,Task,no,Екатерина_9,2025-09-01 15:19:04.498795,2025-09-01 15:52:04.498795,33,,
bea113b3-6cc6-4788-9be6-9e12381d2209,VAC-1152,CAND-10152,РЕКРУТЕР,Собирать резюме,Task,no,Дмитрий_5,2025-09-01 16:52:04.498795,2025-09-02 22:51:04.498795,1799,,
bea113b3-6cc6-4788-9be6-9e12381d2209,VAC-1152,CAND-10152,СИСТЕМА,Ожидание проверки резюме,Wait,yes,,2025-09-02 22:51:04.498795,2025-09-03 09:08:04.498795,617,,
bea113b3-6cc6-4788-9be6-9e12381d2209,VAC-1152,CAND-10152,РЕКРУТЕР,Скрининг,Task,no,Дмитрий_5,2025-09-03 09:08:04.498795,2025-09-03 09:37:04.498795,29,passed,
bea113b3-6cc6-4788-9be6-9e12381d2209,VAC-1152,CAND-10152,СИСТЕМА,Ожидание назначения интервью,Wait,yes,,2025-09-03 09:37:04.498795,2025-09-05 06:53:04.498795,2716,,
bea113b3-6cc6-4788-9be6-9e12381d2209,VAC-1152,CAND-10152,ИНТЕРВЬЮЕРЫ,Назначить интервью,User Task,no,Андрей_8,2025-09-05 06:53:04.498795,2025-09-05 07:14:04.498795,21,,
bea113b3-6cc6-4788-9be6-9e12381d2209,VAC-1152,CAND-10152,СИСТЕМА,Ожидание интервью (раунд 1),Wait,yes,,2025-09-05 07:14:04.498795,2025-09-06 02:01:04.498795,1127,,
bea113b3-6cc6-4788-9be6-9e12381d2209,VAC-1152,CAND-10152,ИНТЕРВЬЮЕРЫ,Интервью (раунд 1),User Task,no,Андрей_4,2025-09-06 02:01:04.498795,2025-09-06 03:49:04.498795,108,passed,
bea113b3-6cc6-4788-9be6-9e12381d2209,VAC-1152,CAND-10152,СИСТЕМА,Ожидание интервью (раунд 2),Wait,yes,,2025-09-06 03:49:04.498795,2025-09-06 23:54:04.498795,1205,,
bea113b3-6cc6-4788-9be6-9e12381d2209,VAC-1152,CAND-10152,ИНТЕРВЬЮЕРЫ,Интервью (раунд 2),User Task,no,Андрей_2,2025-09-06 23:54:04.498795,2025-09-07 01:16:04.498795,82,rejected,недостаточно навыков
bf074181-6c41-4bbf-9473-bedd54b511f6,VAC-1176,CAND-10176,РУКОВОДИТЕЛЬ,Создать заявку,User Task,no,Сидоров_7,2025-09-13 16:43:04.498795,2025-09-13 17:10:04.498795,27,,
bf074181-6c41-4bbf-9473-bedd54b511f6,VAC-1176,CAND-10176,СИСТЕМА,Ожидание обработки,Wait,yes,,2025-09-13 17:10:04.498795,2025-09-13 18:05:04.498795,55,,
bf074181-6c41-4bbf-9473-bedd54b511f6,VAC-1176,CAND-10176,HR,Зарегистрировать в HCM,Service Task,no,Наталья_6,2025-09-13 18:05:04.498795,2025-09-13 18:16:04.498795,11,,
bf074181-6c41-4bbf-9473-bedd54b511f6,VAC-1176,CAND-10176,РЕКРУТЕР,Разместить вакансию,Task,no,Дмитрий_9,2025-09-13 20:14:04.498795,2025-09-13 21:31:04.498795,77,,
bf074181-6c41-4bbf-9473-bedd54b511f6,VAC-1176,CAND-10176,РЕКРУТЕР,Собирать резюме,Task,no,Алексей_8,2025-09-13 22:31:04.498795,2025-09-16 10:28:04.498795,3597,,
bf074181-6c41-4bbf-9473-bedd54b511f6,VAC-1176,CAND-10176,СИСТЕМА,Ожидание проверки резюме,Wait,yes,,2025-09-16 10:28:04.498795,2025-09-16 18:27:04.498795,479,,
bf074181-6c41-4bbf-9473-bedd54b511f6,VAC-1176,CAND-10176,РЕКРУТЕР,Скрининг,Task,no,Екатерина_6,2025-09-16 18:27:04.498795,2025-09-16 18:51:04.498795,24,rejected,не прошёл тест
bf1125ce-ed3a-4368-8954-c04fdfaefc70,VAC-1181,CAND-10181,РУКОВОДИТЕЛЬ,Создать заявку,User Task,no,Петров_5,2025-09-06 18:33:04.498795,2025-09-06 19:09:04.498795,36,,
bf1125ce-ed3a-4368-8954-c04fdfaefc70,VAC-1181,CAND-10181,СИСТЕМА,Ожидание обработки,Wait,yes,,2025-09-06 19:09:04.498795,2025-09-06 19:49:04.498795,40,,
bf1125ce-ed3a-4368-8954-c04fdfaefc70,VAC-1181,CAND-10181,HR,Зарегистрировать в HCM,Service Task,no,Марина_7,2025-09-06 19:49:04.498795,2025-09-06 20:24:04.498795,35,,
bf1125ce-ed3a-4368-8954-c04fdfaefc70,VAC-1181,CAND-10181,РЕКРУТЕР,Разместить вакансию,Task,no,Екатерина_2,2025-09-06 22:40:04.498795,2025-09-06 23:17:04.498795,37,,
bf1125ce-ed3a-4368-8954-c04fdfaefc70,VAC-1181,CAND-10181,РЕКРУТЕР,Собирать резюме,Task,no,Алексей_5,2025-09-07 00:17:04.498795,2025-09-08 10:05:04.498795,2028,,
bf1125ce-ed3a-4368-8954-c04fdfaefc70,VAC-1181,CAND-10181,СИСТЕМА,Ожидание проверки резюме,Wait,yes,,2025-09-08 10:05:04.498795,2025-09-08 21:11:04.498795,666,,
bf1125ce-ed3a-4368-8954-c04fdfaefc70,VAC-1181,CAND-10181,РЕКРУТЕР,Скрининг,Task,no,Екатерина_6,2025-09-08 21:11:04.498795,2025-09-08 21:48:04.498795,37,passed,
bf1125ce-ed3a-4368-8954-c04fdfaefc70,VAC-1181,CAND-10181,СИСТЕМА,Ожидание назначения интервью,Wait,yes,,2025-09-08 21:48:04.498795,2025-09-10 17:57:04.498795,2649,,
bf1125ce-ed3a-4368-8954-c04fdfaefc70,VAC-1181,CAND-10181,ИНТЕРВЬЮЕРЫ,Назначить интервью,User Task,no,Сергей_2,2025-09-10 17:57:04.498795,2025-09-10 18:31:04.498795,34,,
bf1125ce-ed3a-4368-8954-c04fdfaefc70,VAC-1181,CAND-10181,СИСТЕМА,Ожидание интервью (раунд 1),Wait,yes,,2025-09-10 18:31:04.498795,2025-09-11 13:25:04.498795,1134,,
bf1125ce-ed3a-4368-8954-c04fdfaefc70,VAC-1181,CAND-10181,ИНТЕРВЬЮЕРЫ,Интервью (раунд 1),User Task,no,Анна_8,2025-09-11 13:25:04.498795,2025-09-11 14:44:04.498795,79,passed,
bf1125ce-ed3a-4368-8954-c04fdfaefc70,VAC-1181,CAND-10181,ИНТЕРВЬЮЕРЫ,Финальное интервью,User Task,no,Андрей_4,2025-09-12 10:51:04.498795,2025-09-12 12:48:04.498795,117,passed,
bf1125ce-ed3a-4368-8954-c04fdfaefc70,VAC-1181,CAND-10181,HR (ОФФЕР),Согласовать условия,User Task,no,Ольга_9,2025-09-12 14:35:04.498795,2025-09-12 17:12:04.498795,157,,
bf1125ce-ed3a-4368-8954-c04fdfaefc70,VAC-1181,CAND-10181,HR (ОФФЕР),Сгенерировать оффер,Service Task,no,Наталья_5,2025-09-12 17:32:04.498795,2025-09-12 17:52:04.498795,20,,
bf1125ce-ed3a-4368-8954-c04fdfaefc70,VAC-1181,CAND-10181,HR (ОФФЕР),Отправить оффер,Send Task,no,Марина_5,2025-09-12 17:57:04.498795,2025-09-12 18:07:04.498795,10,sent,
bf1125ce-ed3a-4368-8954-c04fdfaefc70,VAC-1181,CAND-10181,HR (ОФФЕР),Ожидание ответа (2д),Timer,yes,,2025-09-12 18:07:04.498795,2025-09-14 18:07:04.498795,2880,timer_elapsed,
bf1125ce-ed3a-4368-8954-c04fdfaefc70,VAC-1181,CAND-10181,SECURITY,Background Check,Call Activity,no,Служба_БД_1,2025-09-14 21:07:04.498795,2025-09-19 12:23:04.498795,6676,report_ready,
bf1125ce-ed3a-4368-8954-c04fdfaefc70,VAC-1181,CAND-10181,IT,Выдача оборудования,Task,no,IT_Specialist_5,2025-09-19 13:23:04.498795,2025-09-19 14:42:04.498795,79,,
bf1125ce-ed3a-4368-8954-c04fdfaefc70,VAC-1181,CAND-10181,IT,Создать доступы,Task,no,IT_Specialist_2,2025-09-19 15:12:04.498795,2025-09-19 17:03:04.498795,111,,
bf1125ce-ed3a-4368-8954-c04fdfaefc70,VAC-1181,CAND-10181,IT,Вводное обучение,Service Task,no,Ольга_3,2025-09-19 19:03:04.498795,2025-09-20 00:30:04.498795,327,,
bf1125ce-ed3a-4368-8954-c04fdfaefc70,VAC-1181,CAND-10181,HR,Назначить ментора,Task,no,Марина_4,2025-09-20 01:30:04.498795,2025-09-20 02:31:04.498795,61,,
bf1125ce-ed3a-4368-8954-c04fdfaefc70,VAC-1181,CAND-10181,HR,Уведомить всех,Message,no,system,2025-09-20 02:51:04.498795,2025-09-20 02:56:04.498795,5,notified,
bf1125ce-ed3a-4368-8954-c04fdfaefc70,VAC-1181,CAND-10181,HR,Обновить HCM,Service Task,no,Наталья_2,2025-09-20 03:26:04.498795,2025-09-20 03:46:04.498795,20,,
bf1125ce-ed3a-4368-8954-c04fdfaefc70,VAC-1181,CAND-10181,HR,Payroll,Service Task,no,Ольга_8,2025-09-20 04:16:04.498795,2025-09-20 04:36:04.498795,20,,
bf1125ce-ed3a-4368-8954-c04fdfaefc70,VAC-1181,CAND-10181,HR,Закрыть вакансию,Service Task,no,Наталья_6,2025-09-20 04:56:04.498795,2025-09-20 05:01:04.498795,5,,
bf92bd86-39d3-4820-b4b5-b5a870a3a47c,VAC-1110,CAND-10110,РУКОВОДИТЕЛЬ,Создать заявку,User Task,no,Петров_5,2025-09-25 12:10:04.498795,2025-09-25 12:22:04.498795,12,,
bf92bd86-39d3-4820-b4b5-b5a870a3a47c,VAC-1110,CAND-10110,СИСТЕМА,Ожидание обработки,Wait,yes,,2025-09-25 12:22:04.498795,2025-09-25 13:53:04.498795,91,,
bf92bd86-39d3-4820-b4b5-b5a870a3a47c,VAC-1110,CAND-10110,HR,Зарегистрировать в HCM,Service Task,no,Наталья_3,2025-09-25 13:53:04.498795,2025-09-25 14:11:04.498795,18,,
bf92bd86-39d3-4820-b4b5-b5a870a3a47c,VAC-1110,CAND-10110,РЕКРУТЕР,Разместить вакансию,Task,no,Алексей_6,2025-09-25 17:10:04.498795,2025-09-25 18:02:04.498795,52,,
bf92bd86-39d3-4820-b4b5-b5a870a3a47c,VAC-1110,CAND-10110,РЕКРУТЕР,Собирать резюме,Task,no,Екатерина_3,2025-09-25 19:02:04.498795,2025-09-28 02:52:04.498795,3350,,
bf92bd86-39d3-4820-b4b5-b5a870a3a47c,VAC-1110,CAND-10110,СИСТЕМА,Ожидание проверки резюме,Wait,yes,,2025-09-28 02:52:04.498795,2025-09-28 06:32:04.498795,220,,
bf92bd86-39d3-4820-b4b5-b5a870a3a47c,VAC-1110,CAND-10110,РЕКРУТЕР,Скрининг,Task,no,Дмитрий_1,2025-09-28 06:32:04.498795,2025-09-28 06:46:04.498795,14,rejected,не прошёл тест
c0a4f12a-fd0c-4129-8a00-7ed4ae49fd1b,VAC-1116,CAND-10116,РУКОВОДИТЕЛЬ,Создать заявку,User Task,no,Иванов_1,2025-09-09 20:50:04.498795,2025-09-09 21:46:04.498795,56,,
c0a4f12a-fd0c-4129-8a00-7ed4ae49fd1b,VAC-1116,CAND-10116,СИСТЕМА,Ожидание обработки,Wait,yes,,2025-09-09 21:46:04.498795,2025-09-09 23:10:04.498795,84,,
c0a4f12a-fd0c-4129-8a00-7ed4ae49fd1b,VAC-1116,CAND-10116,HR,Зарегистрировать в HCM,Service Task,no,Наталья_7,2025-09-09 23:10:04.498795,2025-09-09 23:40:04.498795,30,,
c0a4f12a-fd0c-4129-8a00-7ed4ae49fd1b,VAC-1116,CAND-10116,РЕКРУТЕР,Разместить вакансию,Task,no,Екатерина_5,2025-09-10 01:04:04.498795,2025-09-10 01:28:04.498795,24,,
c0a4f12a-fd0c-4129-8a00-7ed4ae49fd1b,VAC-1116,CAND-10116,РЕКРУТЕР,Собирать резюме,Task,no,Екатерина_8,2025-09-10 02:28:04.498795,2025-09-12 15:34:04.498795,3666,,
c0a4f12a-fd0c-4129-8a00-7ed4ae49fd1b,VAC-1116,CAND-10116,СИСТЕМА,Ожидание проверки резюме,Wait,yes,,2025-09-12 15:34:04.498795,2025-09-12 21:06:04.498795,332,,
c0a4f12a-fd0c-4129-8a00-7ed4ae49fd1b,VAC-1116,CAND-10116,РЕКРУТЕР,Скрининг,Task,no,Дмитрий_4,2025-09-12 21:06:04.498795,2025-09-12 21:27:04.498795,21,rejected,не прошёл тест
c0aa2134-8f2b-4fca-92ab-0937749100b1,VAC-1113,CAND-10113,РУКОВОДИТЕЛЬ,Создать заявку,User Task,no,Петров_6,2025-10-10 20:55:04.498795,2025-10-10 21:06:04.498795,11,,
c0aa2134-8f2b-4fca-92ab-0937749100b1,VAC-1113,CAND-10113,СИСТЕМА,Ожидание обработки,Wait,yes,,2025-10-10 21:06:04.498795,2025-10-10 21:30:04.498795,24,,
c0aa2134-8f2b-4fca-92ab-0937749100b1,VAC-1113,CAND-10113,HR,Зарегистрировать в HCM,Service Task,no,Наталья_1,2025-10-10 21:30:04.498795,2025-10-10 21:42:04.498795,12,,
c0aa2134-8f2b-4fca-92ab-0937749100b1,VAC-1113,CAND-10113,РЕКРУТЕР,Разместить вакансию,Task,no,Екатерина_2,2025-10-10 22:57:04.498795,2025-10-10 23:49:04.498795,52,,
c0aa2134-8f2b-4fca-92ab-0937749100b1,VAC-1113,CAND-10113,РЕКРУТЕР,Собирать резюме,Task,no,Алексей_5,2025-10-11 00:49:04.498795,2025-10-13 16:04:04.498795,3795,,
c0aa2134-8f2b-4fca-92ab-0937749100b1,VAC-1113,CAND-10113,СИСТЕМА,Ожидание проверки резюме,Wait,yes,,2025-10-13 16:04:04.498795,2025-10-14 02:01:04.498795,597,,
c0aa2134-8f2b-4fca-92ab-0937749100b1,VAC-1113,CAND-10113,РЕКРУТЕР,Скрининг,Task,no,Дмитрий_7,2025-10-14 02:01:04.498795,2025-10-14 02:23:04.498795,22,passed,
c0aa2134-8f2b-4fca-92ab-0937749100b1,VAC-1113,CAND-10113,СИСТЕМА,Ожидание назначения интервью,Wait,yes,,2025-10-14 02:23:04.498795,2025-10-15 02:57:04.498795,1474,,
c0aa2134-8f2b-4fca-92ab-0937749100b1,VAC-1113,CAND-10113,ИНТЕРВЬЮЕРЫ,Назначить интервью,User Task,no,Анна_2,2025-10-15 02:57:04.498795,2025-10-15 03:19:04.498795,22,,
c0aa2134-8f2b-4fca-92ab-0937749100b1,VAC-1113,CAND-10113,СИСТЕМА,Ожидание интервью (раунд 1),Wait,yes,,2025-10-15 03:19:04.498795,2025-10-15 22:15:04.498795,1136,,
c0aa2134-8f2b-4fca-92ab-0937749100b1,VAC-1113,CAND-10113,ИНТЕРВЬЮЕРЫ,Интервью (раунд 1),User Task,no,Анна_1,2025-10-15 22:15:04.498795,2025-10-15 23:08:04.498795,53,passed,
c0aa2134-8f2b-4fca-92ab-0937749100b1,VAC-1113,CAND-10113,СИСТЕМА,Ожидание интервью (раунд 2),Wait,yes,,2025-10-15 23:08:04.498795,2025-10-16 19:05:04.498795,1197,,
c0aa2134-8f2b-4fca-92ab-0937749100b1,VAC-1113,CAND-10113,ИНТЕРВЬЮЕРЫ,Интервью (раунд 2),User Task,no,Анна_2,2025-10-16 19:05:04.498795,2025-10-16 19:59:04.498795,54,passed,
c0aa2134-8f2b-4fca-92ab-0937749100b1,VAC-1113,CAND-10113,ИНТЕРВЬЮЕРЫ,Финальное интервью,User Task,no,Сергей_8,2025-10-17 08:55:04.498795,2025-10-17 10:18:04.498795,83,passed,
c0aa2134-8f2b-4fca-92ab-0937749100b1,VAC-1113,CAND-10113,HR (ОФФЕР),Согласовать условия,User Task,no,Марина_1,2025-10-17 12:55:04.498795,2025-10-17 15:36:04.498795,161,,
c0aa2134-8f2b-4fca-92ab-0937749100b1,VAC-1113,CAND-10113,HR (ОФФЕР),Сгенерировать оффер,Service Task,no,Наталья_9,2025-10-17 15:56:04.498795,2025-10-17 16:16:04.498795,20,,
c0aa2134-8f2b-4fca-92ab-0937749100b1,VAC-1113,CAND-10113,HR (ОФФЕР),Отправить оффер,Send Task,no,Наталья_3,2025-10-17 16:21:04.498795,2025-10-17 16:31:04.498795,10,sent,
c0aa2134-8f2b-4fca-92ab-0937749100b1,VAC-1113,CAND-10113,HR (ОФФЕР),Ожидание ответа (3д),Timer,yes,,2025-10-17 16:31:04.498795,2025-10-20 16:31:04.498795,4320,timer_elapsed,
c0aa2134-8f2b-4fca-92ab-0937749100b1,VAC-1113,CAND-10113,SECURITY,Background Check,Call Activity,no,Служба_БД_5,2025-10-20 19:31:04.498795,2025-10-24 11:47:04.498795,5296,report_ready,
c0aa2134-8f2b-4fca-92ab-0937749100b1,VAC-1113,CAND-10113,IT,Выдача оборудования,Task,no,IT_Specialist_1,2025-10-24 12:47:04.498795,2025-10-24 15:44:04.498795,177,,
c0aa2134-8f2b-4fca-92ab-0937749100b1,VAC-1113,CAND-10113,IT,Создать доступы,Task,no,IT_Specialist_2,2025-10-24 16:14:04.498795,2025-10-24 17:54:04.498795,100,,
c0aa2134-8f2b-4fca-92ab-0937749100b1,VAC-1113,CAND-10113,IT,Вводное обучение,Service Task,no,Наталья_7,2025-10-24 19:54:04.498795,2025-10-24 23:15:04.498795,201,,
c0aa2134-8f2b-4fca-92ab-0937749100b1,VAC-1113,CAND-10113,HR,Назначить ментора,Task,no,Марина_2,2025-10-25 00:15:04.498795,2025-10-25 01:19:04.498795,64,,
c0aa2134-8f2b-4fca-92ab-0937749100b1,VAC-1113,CAND-10113,HR,Уведомить всех,Message,no,system,2025-10-25 01:39:04.498795,2025-10-25 01:44:04.498795,5,notified,
c0aa2134-8f2b-4fca-92ab-0937749100b1,VAC-1113,CAND-10113,HR,Обновить HCM,Service Task,no,Ольга_4,2025-10-25 02:14:04.498795,2025-10-25 02:34:04.498795,20,,
c0aa2134-8f2b-4fca-92ab-0937749100b1,VAC-1113,CAND-10113,HR,Payroll,Service Task,no,Марина_6,2025-10-25 03:04:04.498795,2025-10-25 03:24:04.498795,20,,
c0aa2134-8f2b-4fca-92ab-0937749100b1,VAC-1113,CAND-10113,HR,Закрыть вакансию,Service Task,no,Наталья_7,2025-10-25 03:44:04.498795,2025-10-25 03:49:04.498795,5,,
c1d507c0-7505-4e8a-b9e8-78d10735cf2d,VAC-1186,CAND-10186,РУКОВОДИТЕЛЬ,Создать заявку,User Task,no,Петров_1,2025-09-30 13:57:04.498795,2025-09-30 14:49:04.498795,52,,
c1d507c0-7505-4e8a-b9e8-78d10735cf2d,VAC-1186,CAND-10186,СИСТЕМА,Ожидание обработки,Wait,yes,,2025-09-30 14:49:04.498795,2025-09-30 15:20:04.498795,31,,
c1d507c0-7505-4e8a-b9e8-78d10735cf2d,VAC-1186,CAND-10186,HR,Зарегистрировать в HCM,Service Task,no,Марина_5,2025-09-30 15:20:04.498795,2025-09-30 15:34:04.498795,14,,
c1d507c0-7505-4e8a-b9e8-78d10735cf2d,VAC-1186,CAND-10186,РЕКРУТЕР,Разместить вакансию,Task,no,Дмитрий_3,2025-09-30 18:32:04.498795,2025-09-30 19:36:04.498795,64,,
c1d507c0-7505-4e8a-b9e8-78d10735cf2d,VAC-1186,CAND-10186,РЕКРУТЕР,Собирать резюме,Task,no,Екатерина_4,2025-09-30 20:36:04.498795,2025-10-03 06:46:04.498795,3490,,
c1d507c0-7505-4e8a-b9e8-78d10735cf2d,VAC-1186,CAND-10186,СИСТЕМА,Ожидание проверки резюме,Wait,yes,,2025-10-03 06:46:04.498795,2025-10-03 18:23:04.498795,697,,
c1d507c0-7505-4e8a-b9e8-78d10735cf2d,VAC-1186,CAND-10186,РЕКРУТЕР,Скрининг,Task,no,Алексей_2,2025-10-03 18:23:04.498795,2025-10-03 18:51:04.498795,28,rejected,не соотв. опыту
c2715f87-e5cf-4e78-b067-fa44f7aa68b7,VAC-1124,CAND-10124,РУКОВОДИТЕЛЬ,Создать заявку,User Task,no,Иванов_6,2025-09-20 11:50:04.498795,2025-09-20 12:16:04.498795,26,,
c2715f87-e5cf-4e78-b067-fa44f7aa68b7,VAC-1124,CAND-10124,СИСТЕМА,Ожидание обработки,Wait,yes,,2025-09-20 12:16:04.498795,2025-09-20 12:46:04.498795,30,,
c2715f87-e5cf-4e78-b067-fa44f7aa68b7,VAC-1124,CAND-10124,HR,Зарегистрировать в HCM,Service Task,no,Наталья_7,2025-09-20 12:46:04.498795,2025-09-20 13:15:04.498795,29,,
c2715f87-e5cf-4e78-b067-fa44f7aa68b7,VAC-1124,CAND-10124,РЕКРУТЕР,Разместить вакансию,Task,no,Екатерина_9,2025-09-20 15:27:04.498795,2025-09-20 17:05:04.498795,98,,
c2715f87-e5cf-4e78-b067-fa44f7aa68b7,VAC-1124,CAND-10124,РЕКРУТЕР,Собирать резюме,Task,no,Екатерина_1,2025-09-20 18:05:04.498795,2025-09-22 13:38:04.498795,2613,,
c2715f87-e5cf-4e78-b067-fa44f7aa68b7,VAC-1124,CAND-10124,СИСТЕМА,Ожидание проверки резюме,Wait,yes,,2025-09-22 13:38:04.498795,2025-09-22 19:37:04.498795,359,,
c2715f87-e5cf-4e78-b067-fa44f7aa68b7,VAC-1124,CAND-10124,РЕКРУТЕР,Скрининг,Task,no,Дмитрий_8,2025-09-22 19:37:04.498795,2025-09-22 20:07:04.498795,30,passed,
c2715f87-e5cf-4e78-b067-fa44f7aa68b7,VAC-1124,CAND-10124,СИСТЕМА,Ожидание назначения интервью,Wait,yes,,2025-09-22 20:07:04.498795,2025-09-24 18:32:04.498795,2785,,
c2715f87-e5cf-4e78-b067-fa44f7aa68b7,VAC-1124,CAND-10124,ИНТЕРВЬЮЕРЫ,Назначить интервью,User Task,no,Анна_5,2025-09-24 18:32:04.498795,2025-09-24 19:11:04.498795,39,,
c2715f87-e5cf-4e78-b067-fa44f7aa68b7,VAC-1124,CAND-10124,СИСТЕМА,Ожидание интервью (раунд 1),Wait,yes,,2025-09-24 19:11:04.498795,2025-09-25 16:33:04.498795,1282,,
c2715f87-e5cf-4e78-b067-fa44f7aa68b7,VAC-1124,CAND-10124,ИНТЕРВЬЮЕРЫ,Интервью (раунд 1),User Task,no,Андрей_3,2025-09-25 16:33:04.498795,2025-09-25 18:23:04.498795,110,passed,
c2715f87-e5cf-4e78-b067-fa44f7aa68b7,VAC-1124,CAND-10124,ИНТЕРВЬЮЕРЫ,Финальное интервью,User Task,no,Анна_1,2025-09-26 13:53:04.498795,2025-09-26 14:42:04.498795,49,passed,
c2715f87-e5cf-4e78-b067-fa44f7aa68b7,VAC-1124,CAND-10124,HR (ОФФЕР),Согласовать условия,User Task,no,Ольга_7,2025-09-26 16:22:04.498795,2025-09-26 17:44:04.498795,82,,
c2715f87-e5cf-4e78-b067-fa44f7aa68b7,VAC-1124,CAND-10124,HR (ОФФЕР),Сгенерировать оффер,Service Task,no,Марина_7,2025-09-26 18:04:04.498795,2025-09-26 18:20:04.498795,16,,
c2715f87-e5cf-4e78-b067-fa44f7aa68b7,VAC-1124,CAND-10124,HR (ОФФЕР),Отправить оффер,Send Task,no,Ольга_4,2025-09-26 18:25:04.498795,2025-09-26 18:35:04.498795,10,sent,
c2715f87-e5cf-4e78-b067-fa44f7aa68b7,VAC-1124,CAND-10124,HR (ОФФЕР),Ожидание ответа (3д),Timer,yes,,2025-09-26 18:35:04.498795,2025-09-29 18:35:04.498795,4320,timer_elapsed,
c2715f87-e5cf-4e78-b067-fa44f7aa68b7,VAC-1124,CAND-10124,SECURITY,Background Check,Call Activity,no,Служба_БД_9,2025-09-29 21:35:04.498795,2025-10-02 06:57:04.498795,3442,report_ready,
c2715f87-e5cf-4e78-b067-fa44f7aa68b7,VAC-1124,CAND-10124,IT,Выдача оборудования,Task,no,IT_Specialist_6,2025-10-02 07:57:04.498795,2025-10-02 10:43:04.498795,166,,
c2715f87-e5cf-4e78-b067-fa44f7aa68b7,VAC-1124,CAND-10124,IT,Создать доступы,Task,no,IT_Specialist_4,2025-10-02 11:13:04.498795,2025-10-02 12:18:04.498795,65,,
c2715f87-e5cf-4e78-b067-fa44f7aa68b7,VAC-1124,CAND-10124,IT,Вводное обучение,Service Task,no,Ольга_1,2025-10-02 14:18:04.498795,2025-10-02 21:10:04.498795,412,,
c2715f87-e5cf-4e78-b067-fa44f7aa68b7,VAC-1124,CAND-10124,HR,Назначить ментора,Task,no,Наталья_7,2025-10-02 22:10:04.498795,2025-10-02 22:56:04.498795,46,,
c2715f87-e5cf-4e78-b067-fa44f7aa68b7,VAC-1124,CAND-10124,HR,Уведомить всех,Message,no,system,2025-10-02 23:16:04.498795,2025-10-02 23:21:04.498795,5,notified,
c2715f87-e5cf-4e78-b067-fa44f7aa68b7,VAC-1124,CAND-10124,HR,Обновить HCM,Service Task,no,Марина_2,2025-10-02 23:51:04.498795,2025-10-03 00:11:04.498795,20,,
c2715f87-e5cf-4e78-b067-fa44f7aa68b7,VAC-1124,CAND-10124,HR,Payroll,Service Task,no,Марина_2,2025-10-03 00:41:04.498795,2025-10-03 01:01:04.498795,20,,
c2715f87-e5cf-4e78-b067-fa44f7aa68b7,VAC-1124,CAND-10124,HR,Закрыть вакансию,Service Task,no,Марина_5,2025-10-03 01:21:04.498795,2025-10-03 01:26:04.498795,5,,
c797a00d-4b36-4273-88fc-ba5a2cfb1125,VAC-1024,CAND-10024,РУКОВОДИТЕЛЬ,Создать заявку,User Task,no,Сидоров_8,2025-10-09 15:39:04.498795,2025-10-09 16:26:04.498795,47,,
c797a00d-4b36-4273-88fc-ba5a2cfb1125,VAC-1024,CAND-10024,СИСТЕМА,Ожидание обработки,Wait,yes,,2025-10-09 16:26:04.498795,2025-10-09 17:05:04.498795,39,,
c797a00d-4b36-4273-88fc-ba5a2cfb1125,VAC-1024,CAND-10024,HR,Зарегистрировать в HCM,Service Task,no,Марина_8,2025-10-09 17:05:04.498795,2025-10-09 17:29:04.498795,24,,
c797a00d-4b36-4273-88fc-ba5a2cfb1125,VAC-1024,CAND-10024,РЕКРУТЕР,Разместить вакансию,Task,no,Екатерина_9,2025-10-09 19:27:04.498795,2025-10-09 20:29:04.498795,62,,
c797a00d-4b36-4273-88fc-ba5a2cfb1125,VAC-1024,CAND-10024,РЕКРУТЕР,Собирать резюме,Task,no,Дмитрий_6,2025-10-09 21:29:04.498795,2025-10-11 23:14:04.498795,2985,,
c797a00d-4b36-4273-88fc-ba5a2cfb1125,VAC-1024,CAND-10024,СИСТЕМА,Ожидание проверки резюме,Wait,yes,,2025-10-11 23:14:04.498795,2025-10-12 05:27:04.498795,373,,
c797a00d-4b36-4273-88fc-ba5a2cfb1125,VAC-1024,CAND-10024,РЕКРУТЕР,Скрининг,Task,no,Алексей_7,2025-10-12 05:27:04.498795,2025-10-12 05:59:04.498795,32,passed,
c797a00d-4b36-4273-88fc-ba5a2cfb1125,VAC-1024,CAND-10024,СИСТЕМА,Ожидание назначения интервью,Wait,yes,,2025-10-12 05:59:04.498795,2025-10-13 20:00:04.498795,2281,,
c797a00d-4b36-4273-88fc-ba5a2cfb1125,VAC-1024,CAND-10024,ИНТЕРВЬЮЕРЫ,Назначить интервью,User Task,no,Сергей_8,2025-10-13 20:00:04.498795,2025-10-13 20:11:04.498795,11,,
c797a00d-4b36-4273-88fc-ba5a2cfb1125,VAC-1024,CAND-10024,СИСТЕМА,Ожидание интервью (раунд 1),Wait,yes,,2025-10-13 20:11:04.498795,2025-10-14 18:01:04.498795,1310,,
c797a00d-4b36-4273-88fc-ba5a2cfb1125,VAC-1024,CAND-10024,ИНТЕРВЬЮЕРЫ,Интервью (раунд 1),User Task,no,Анна_3,2025-10-14 18:01:04.498795,2025-10-14 19:34:04.498795,93,passed,
c797a00d-4b36-4273-88fc-ba5a2cfb1125,VAC-1024,CAND-10024,СИСТЕМА,Ожидание интервью (раунд 2),Wait,yes,,2025-10-14 19:34:04.498795,2025-10-15 12:01:04.498795,987,,
c797a00d-4b36-4273-88fc-ba5a2cfb1125,VAC-1024,CAND-10024,ИНТЕРВЬЮЕРЫ,Интервью (раунд 2),User Task,no,Анна_6,2025-10-15 12:01:04.498795,2025-10-15 12:50:04.498795,49,passed,
c797a00d-4b36-4273-88fc-ba5a2cfb1125,VAC-1024,CAND-10024,ИНТЕРВЬЮЕРЫ,Финальное интервью,User Task,no,Сергей_2,2025-10-16 11:40:04.498795,2025-10-16 12:37:04.498795,57,rejected,финал не пройден
c7a21a86-64a7-49f4-9cdc-7cbf60b2e7ca,VAC-1005,CAND-10005,РУКОВОДИТЕЛЬ,Создать заявку,User Task,no,Петров_9,2025-10-12 12:54:04.498795,2025-10-12 13:46:04.498795,52,,
c7a21a86-64a7-49f4-9cdc-7cbf60b2e7ca,VAC-1005,CAND-10005,СИСТЕМА,Ожидание обработки,Wait,yes,,2025-10-12 13:46:04.498795,2025-10-12 14:27:04.498795,41,,
c7a21a86-64a7-49f4-9cdc-7cbf60b2e7ca,VAC-1005,CAND-10005,HR,Зарегистрировать в HCM,Service Task,no,Марина_7,2025-10-12 14:27:04.498795,2025-10-12 14:45:04.498795,18,,
c7a21a86-64a7-49f4-9cdc-7cbf60b2e7ca,VAC-1005,CAND-10005,РЕКРУТЕР,Разместить вакансию,Task,no,Екатерина_4,2025-10-12 16:09:04.498795,2025-10-12 17:38:04.498795,89,,
c7a21a86-64a7-49f4-9cdc-7cbf60b2e7ca,VAC-1005,CAND-10005,РЕКРУТЕР,Собирать резюме,Task,no,Дмитрий_6,2025-10-12 18:38:04.498795,2025-10-14 15:54:04.498795,2716,,
c7a21a86-64a7-49f4-9cdc-7cbf60b2e7ca,VAC-1005,CAND-10005,СИСТЕМА,Ожидание проверки резюме,Wait,yes,,2025-10-14 15:54:04.498795,2025-10-15 02:22:04.498795,628,,
c7a21a86-64a7-49f4-9cdc-7cbf60b2e7ca,VAC-1005,CAND-10005,РЕКРУТЕР,Скрининг,Task,no,Екатерина_8,2025-10-15 02:22:04.498795,2025-10-15 03:00:04.498795,38,passed,
c7a21a86-64a7-49f4-9cdc-7cbf60b2e7ca,VAC-1005,CAND-10005,СИСТЕМА,Ожидание назначения интервью,Wait,yes,,2025-10-15 03:00:04.498795,2025-10-16 10:40:04.498795,1900,,
c7a21a86-64a7-49f4-9cdc-7cbf60b2e7ca,VAC-1005,CAND-10005,ИНТЕРВЬЮЕРЫ,Назначить интервью,User Task,no,Сергей_1,2025-10-16 10:40:04.498795,2025-10-16 10:52:04.498795,12,,
c7a21a86-64a7-49f4-9cdc-7cbf60b2e7ca,VAC-1005,CAND-10005,СИСТЕМА,Ожидание интервью (раунд 1),Wait,yes,,2025-10-16 10:52:04.498795,2025-10-16 22:47:04.498795,715,,
c7a21a86-64a7-49f4-9cdc-7cbf60b2e7ca,VAC-1005,CAND-10005,ИНТЕРВЬЮЕРЫ,Интервью (раунд 1),User Task,no,Андрей_1,2025-10-16 22:47:04.498795,2025-10-17 00:47:04.498795,120,passed,
c7a21a86-64a7-49f4-9cdc-7cbf60b2e7ca,VAC-1005,CAND-10005,СИСТЕМА,Ожидание интервью (раунд 2),Wait,yes,,2025-10-17 00:47:04.498795,2025-10-17 12:41:04.498795,714,,
c7a21a86-64a7-49f4-9cdc-7cbf60b2e7ca,VAC-1005,CAND-10005,ИНТЕРВЬЮЕРЫ,Интервью (раунд 2),User Task,no,Сергей_2,2025-10-17 12:41:04.498795,2025-10-17 13:34:04.498795,53,rejected,культурный профиль
cc35d038-f657-4a61-ae9b-7306d194f018,VAC-1029,CAND-10029,РУКОВОДИТЕЛЬ,Создать заявку,User Task,no,Иванов_9,2025-10-10 16:57:04.498795,2025-10-10 17:19:04.498795,22,,
cc35d038-f657-4a61-ae9b-7306d194f018,VAC-1029,CAND-10029,СИСТЕМА,Ожидание обработки,Wait,yes,,2025-10-10 17:19:04.498795,2025-10-10 18:25:04.498795,66,,
cc35d038-f657-4a61-ae9b-7306d194f018,VAC-1029,CAND-10029,HR,Зарегистрировать в HCM,Service Task,no,Марина_5,2025-10-10 18:25:04.498795,2025-10-10 18:51:04.498795,26,,
cc35d038-f657-4a61-ae9b-7306d194f018,VAC-1029,CAND-10029,РЕКРУТЕР,Разместить вакансию,Task,no,Дмитрий_5,2025-10-10 20:03:04.498795,2025-10-10 20:55:04.498795,52,,
cc35d038-f657-4a61-ae9b-7306d194f018,VAC-1029,CAND-10029,РЕКРУТЕР,Собирать резюме,Task,no,Алексей_8,2025-10-10 21:55:04.498795,2025-10-12 21:02:04.498795,2827,,
cc35d038-f657-4a61-ae9b-7306d194f018,VAC-1029,CAND-10029,СИСТЕМА,Ожидание проверки резюме,Wait,yes,,2025-10-12 21:02:04.498795,2025-10-13 01:19:04.498795,257,,
cc35d038-f657-4a61-ae9b-7306d194f018,VAC-1029,CAND-10029,РЕКРУТЕР,Скрининг,Task,no,Алексей_7,2025-10-13 01:19:04.498795,2025-10-13 01:33:04.498795,14,rejected,не прошёл тест
cdde7028-d840-4f3a-906d-8425a40d2d96,VAC-1098,CAND-10098,РУКОВОДИТЕЛЬ,Создать заявку,User Task,no,Петров_6,2025-10-18 13:35:04.498795,2025-10-18 13:50:04.498795,15,,
cdde7028-d840-4f3a-906d-8425a40d2d96,VAC-1098,CAND-10098,СИСТЕМА,Ожидание обработки,Wait,yes,,2025-10-18 13:50:04.498795,2025-10-18 15:30:04.498795,100,,
cdde7028-d840-4f3a-906d-8425a40d2d96,VAC-1098,CAND-10098,HR,Зарегистрировать в HCM,Service Task,no,Ольга_1,2025-10-18 15:30:04.498795,2025-10-18 15:45:04.498795,15,,
cdde7028-d840-4f3a-906d-8425a40d2d96,VAC-1098,CAND-10098,РЕКРУТЕР,Разместить вакансию,Task,no,Дмитрий_4,2025-10-18 16:16:04.498795,2025-10-18 17:33:04.498795,77,,
cdde7028-d840-4f3a-906d-8425a40d2d96,VAC-1098,CAND-10098,РЕКРУТЕР,Собирать резюме,Task,no,Екатерина_3,2025-10-18 18:33:04.498795,2025-10-20 06:03:04.498795,2130,,
cdde7028-d840-4f3a-906d-8425a40d2d96,VAC-1098,CAND-10098,СИСТЕМА,Ожидание проверки резюме,Wait,yes,,2025-10-20 06:03:04.498795,2025-10-20 17:24:04.498795,681,,
cdde7028-d840-4f3a-906d-8425a40d2d96,VAC-1098,CAND-10098,РЕКРУТЕР,Скрининг,Task,no,Алексей_3,2025-10-20 17:24:04.498795,2025-10-20 17:59:04.498795,35,passed,
cdde7028-d840-4f3a-906d-8425a40d2d96,VAC-1098,CAND-10098,СИСТЕМА,Ожидание назначения интервью,Wait,yes,,2025-10-20 17:59:04.498795,2025-10-22 15:36:04.498795,2737,,
cdde7028-d840-4f3a-906d-8425a40d2d96,VAC-1098,CAND-10098,ИНТЕРВЬЮЕРЫ,Назначить интервью,User Task,no,Сергей_7,2025-10-22 15:36:04.498795,2025-10-22 15:59:04.498795,23,,
cdde7028-d840-4f3a-906d-8425a40d2d96,VAC-1098,CAND-10098,СИСТЕМА,Ожидание интервью (раунд 1),Wait,yes,,2025-10-22 15:59:04.498795,2025-10-23 06:31:04.498795,872,,
cdde7028-d840-4f3a-906d-8425a40d2d96,VAC-1098,CAND-10098,ИНТЕРВЬЮЕРЫ,Интервью (раунд 1),User Task,no,Андрей_6,2025-10-23 06:31:04.498795,2025-10-23 07:16:04.498795,45,passed,
cdde7028-d840-4f3a-906d-8425a40d2d96,VAC-1098,CAND-10098,СИСТЕМА,Ожидание интервью (раунд 2),Wait,yes,,2025-10-23 07:16:04.498795,2025-10-23 15:30:04.498795,494,,
cdde7028-d840-4f3a-906d-8425a40d2d96,VAC-1098,CAND-10098,ИНТЕРВЬЮЕРЫ,Интервью (раунд 2),User Task,no,Анна_4,2025-10-23 15:30:04.498795,2025-10-23 16:56:04.498795,86,rejected,недостаточно навыков
cfbf7679-f224-4768-bf23-281e7615f35c,VAC-1139,CAND-10139,РУКОВОДИТЕЛЬ,Создать заявку,User Task,no,Сидоров_9,2025-09-08 16:32:04.498795,2025-09-08 16:46:04.498795,14,,
cfbf7679-f224-4768-bf23-281e7615f35c,VAC-1139,CAND-10139,СИСТЕМА,Ожидание обработки,Wait,yes,,2025-09-08 16:46:04.498795,2025-09-08 17:55:04.498795,69,,
cfbf7679-f224-4768-bf23-281e7615f35c,VAC-1139,CAND-10139,HR,Зарегистрировать в HCM,Service Task,no,Марина_8,2025-09-08 17:55:04.498795,2025-09-08 18:11:04.498795,16,,
cfbf7679-f224-4768-bf23-281e7615f35c,VAC-1139,CAND-10139,РЕКРУТЕР,Разместить вакансию,Task,no,Екатерина_5,2025-09-08 21:02:04.498795,2025-09-08 21:41:04.498795,39,,
cfbf7679-f224-4768-bf23-281e7615f35c,VAC-1139,CAND-10139,РЕКРУТЕР,Собирать резюме,Task,no,Дмитрий_6,2025-09-08 22:41:04.498795,2025-09-10 20:42:04.498795,2761,,
cfbf7679-f224-4768-bf23-281e7615f35c,VAC-1139,CAND-10139,СИСТЕМА,Ожидание проверки резюме,Wait,yes,,2025-09-10 20:42:04.498795,2025-09-11 01:35:04.498795,293,,
cfbf7679-f224-4768-bf23-281e7615f35c,VAC-1139,CAND-10139,РЕКРУТЕР,Скрининг,Task,no,Екатерина_2,2025-09-11 01:35:04.498795,2025-09-11 01:48:04.498795,13,passed,
cfbf7679-f224-4768-bf23-281e7615f35c,VAC-1139,CAND-10139,СИСТЕМА,Ожидание назначения интервью,Wait,yes,,2025-09-11 01:48:04.498795,2025-09-12 06:13:04.498795,1705,,
cfbf7679-f224-4768-bf23-281e7615f35c,VAC-1139,CAND-10139,ИНТЕРВЬЮЕРЫ,Назначить интервью,User Task,no,Андрей_4,2025-09-12 06:13:04.498795,2025-09-12 06:28:04.498795,15,,
cfbf7679-f224-4768-bf23-281e7615f35c,VAC-1139,CAND-10139,СИСТЕМА,Ожидание интервью (раунд 1),Wait,yes,,2025-09-12 06:28:04.498795,2025-09-12 17:44:04.498795,676,,
cfbf7679-f224-4768-bf23-281e7615f35c,VAC-1139,CAND-10139,ИНТЕРВЬЮЕРЫ,Интервью (раунд 1),User Task,no,Анна_7,2025-09-12 17:44:04.498795,2025-09-12 18:41:04.498795,57,passed,
cfbf7679-f224-4768-bf23-281e7615f35c,VAC-1139,CAND-10139,ИНТЕРВЬЮЕРЫ,Финальное интервью,User Task,no,Анна_5,2025-09-13 13:54:04.498795,2025-09-13 15:41:04.498795,107,passed,
cfbf7679-f224-4768-bf23-281e7615f35c,VAC-1139,CAND-10139,HR (ОФФЕР),Согласовать условия,User Task,no,Наталья_2,2025-09-13 16:53:04.498795,2025-09-13 19:26:04.498795,153,,
cfbf7679-f224-4768-bf23-281e7615f35c,VAC-1139,CAND-10139,HR (ОФФЕР),Сгенерировать оффер,Service Task,no,Наталья_8,2025-09-13 19:46:04.498795,2025-09-13 19:51:04.498795,5,,
cfbf7679-f224-4768-bf23-281e7615f35c,VAC-1139,CAND-10139,HR (ОФФЕР),Отправить оффер,Send Task,no,Наталья_8,2025-09-13 19:56:04.498795,2025-09-13 20:06:04.498795,10,sent,
cfbf7679-f224-4768-bf23-281e7615f35c,VAC-1139,CAND-10139,HR (ОФФЕР),Ожидание ответа (3д),Timer,yes,,2025-09-13 20:06:04.498795,2025-09-16 20:06:04.498795,4320,timer_elapsed,
cfbf7679-f224-4768-bf23-281e7615f35c,VAC-1139,CAND-10139,SECURITY,Background Check,Call Activity,no,Служба_БД_1,2025-09-16 23:06:04.498795,2025-09-21 07:53:04.498795,6287,report_ready,
cfbf7679-f224-4768-bf23-281e7615f35c,VAC-1139,CAND-10139,IT,Выдача оборудования,Task,no,IT_Specialist_2,2025-09-21 08:53:04.498795,2025-09-21 10:27:04.498795,94,,
cfbf7679-f224-4768-bf23-281e7615f35c,VAC-1139,CAND-10139,IT,Создать доступы,Task,no,IT_Specialist_4,2025-09-21 10:57:04.498795,2025-09-21 12:05:04.498795,68,,
cfbf7679-f224-4768-bf23-281e7615f35c,VAC-1139,CAND-10139,IT,Вводное обучение,Service Task,no,Наталья_2,2025-09-21 14:05:04.498795,2025-09-21 21:30:04.498795,445,,
cfbf7679-f224-4768-bf23-281e7615f35c,VAC-1139,CAND-10139,HR,Назначить ментора,Task,no,Наталья_9,2025-09-21 22:30:04.498795,2025-09-21 23:46:04.498795,76,,
cfbf7679-f224-4768-bf23-281e7615f35c,VAC-1139,CAND-10139,HR,Уведомить всех,Message,no,system,2025-09-22 00:06:04.498795,2025-09-22 00:11:04.498795,5,notified,
cfbf7679-f224-4768-bf23-281e7615f35c,VAC-1139,CAND-10139,HR,Обновить HCM,Service Task,no,Ольга_4,2025-09-22 00:41:04.498795,2025-09-22 01:01:04.498795,20,,
cfbf7679-f224-4768-bf23-281e7615f35c,VAC-1139,CAND-10139,HR,Payroll,Service Task,no,Наталья_9,2025-09-22 01:31:04.498795,2025-09-22 01:51:04.498795,20,,
cfbf7679-f224-4768-bf23-281e7615f35c,VAC-1139,CAND-10139,HR,Закрыть вакансию,Service Task,no,Марина_4,2025-09-22 02:11:04.498795,2025-09-22 02:16:04.498795,5,,
d170c302-3806-4e36-88bf-002126701a49,VAC-1033,CAND-10033,РУКОВОДИТЕЛЬ,Создать заявку,User Task,no,Иванов_2,2025-08-28 12:06:04.498795,2025-08-28 12:54:04.498795,48,,
d170c302-3806-4e36-88bf-002126701a49,VAC-1033,CAND-10033,СИСТЕМА,Ожидание обработки,Wait,yes,,2025-08-28 12:54:04.498795,2025-08-28 13:30:04.498795,36,,
d170c302-3806-4e36-88bf-002126701a49,VAC-1033,CAND-10033,HR,Зарегистрировать в HCM,Service Task,no,Марина_9,2025-08-28 13:30:04.498795,2025-08-28 13:48:04.498795,18,,
d170c302-3806-4e36-88bf-002126701a49,VAC-1033,CAND-10033,РЕКРУТЕР,Разместить вакансию,Task,no,Екатерина_9,2025-08-28 15:41:04.498795,2025-08-28 16:49:04.498795,68,,
d170c302-3806-4e36-88bf-002126701a49,VAC-1033,CAND-10033,РЕКРУТЕР,Собирать резюме,Task,no,Дмитрий_9,2025-08-28 17:49:04.498795,2025-08-30 13:56:04.498795,2647,,
d170c302-3806-4e36-88bf-002126701a49,VAC-1033,CAND-10033,СИСТЕМА,Ожидание проверки резюме,Wait,yes,,2025-08-30 13:56:04.498795,2025-08-31 00:16:04.498795,620,,
d170c302-3806-4e36-88bf-002126701a49,VAC-1033,CAND-10033,РЕКРУТЕР,Скрининг,Task,no,Екатерина_2,2025-08-31 00:16:04.498795,2025-08-31 00:29:04.498795,13,rejected,не прошёл тест
d19d8809-0f2d-4183-8837-27813fae8159,VAC-1046,CAND-10046,РУКОВОДИТЕЛЬ,Создать заявку,User Task,no,Петров_4,2025-09-06 20:04:04.498795,2025-09-06 20:58:04.498795,54,,
d19d8809-0f2d-4183-8837-27813fae8159,VAC-1046,CAND-10046,СИСТЕМА,Ожидание обработки,Wait,yes,,2025-09-06 20:58:04.498795,2025-09-06 21:33:04.498795,35,,
d19d8809-0f2d-4183-8837-27813fae8159,VAC-1046,CAND-10046,HR,Зарегистрировать в HCM,Service Task,no,Наталья_8,2025-09-06 21:33:04.498795,2025-09-06 21:47:04.498795,14,,
d19d8809-0f2d-4183-8837-27813fae8159,VAC-1046,CAND-10046,РЕКРУТЕР,Разместить вакансию,Task,no,Дмитрий_2,2025-09-06 23:01:04.498795,2025-09-07 00:52:04.498795,111,,
d19d8809-0f2d-4183-8837-27813fae8159,VAC-1046,CAND-10046,РЕКРУТЕР,Собирать резюме,Task,no,Дмитрий_6,2025-09-07 01:52:04.498795,2025-09-10 00:25:04.498795,4233,,
d19d8809-0f2d-4183-8837-27813fae8159,VAC-1046,CAND-10046,СИСТЕМА,Ожидание проверки резюме,Wait,yes,,2025-09-10 00:25:04.498795,2025-09-10 04:31:04.498795,246,,
d19d8809-0f2d-4183-8837-27813fae8159,VAC-1046,CAND-10046,РЕКРУТЕР,Скрининг,Task,no,Екатерина_5,2025-09-10 04:31:04.498795,2025-09-10 04:58:04.498795,27,rejected,не соотв. опыту
d1c3716e-a6e1-4fd6-ac50-fb0cf58d2a24,VAC-1154,CAND-10154,РУКОВОДИТЕЛЬ,Создать заявку,User Task,no,Иванов_6,2025-09-10 16:51:04.498795,2025-09-10 17:32:04.498795,41,,
d1c3716e-a6e1-4fd6-ac50-fb0cf58d2a24,VAC-1154,CAND-10154,СИСТЕМА,Ожидание обработки,Wait,yes,,2025-09-10 17:32:04.498795,2025-09-10 18:49:04.498795,77,,
d1c3716e-a6e1-4fd6-ac50-fb0cf58d2a24,VAC-1154,CAND-10154,HR,Зарегистрировать в HCM,Service Task,no,Ольга_4,2025-09-10 18:49:04.498795,2025-09-10 19:25:04.498795,36,,
d1c3716e-a6e1-4fd6-ac50-fb0cf58d2a24,VAC-1154,CAND-10154,РЕКРУТЕР,Разместить вакансию,Task,no,Алексей_2,2025-09-10 22:09:04.498795,2025-09-10 23:07:04.498795,58,,
d1c3716e-a6e1-4fd6-ac50-fb0cf58d2a24,VAC-1154,CAND-10154,РЕКРУТЕР,Собирать резюме,Task,no,Алексей_4,2025-09-11 00:07:04.498795,2025-09-13 01:39:04.498795,2972,,
d1c3716e-a6e1-4fd6-ac50-fb0cf58d2a24,VAC-1154,CAND-10154,СИСТЕМА,Ожидание проверки резюме,Wait,yes,,2025-09-13 01:39:04.498795,2025-09-13 06:13:04.498795,274,,
d1c3716e-a6e1-4fd6-ac50-fb0cf58d2a24,VAC-1154,CAND-10154,РЕКРУТЕР,Скрининг,Task,no,Екатерина_1,2025-09-13 06:13:04.498795,2025-09-13 06:37:04.498795,24,rejected,не прошёл тест
d260c036-2207-45ba-aa93-fc5ce60dda59,VAC-1111,CAND-10111,РУКОВОДИТЕЛЬ,Создать заявку,User Task,no,Сидоров_9,2025-10-02 21:05:04.498795,2025-10-02 21:46:04.498795,41,,
d260c036-2207-45ba-aa93-fc5ce60dda59,VAC-1111,CAND-10111,СИСТЕМА,Ожидание обработки,Wait,yes,,2025-10-02 21:46:04.498795,2025-10-02 22:51:04.498795,65,,
d260c036-2207-45ba-aa93-fc5ce60dda59,VAC-1111,CAND-10111,HR,Зарегистрировать в HCM,Service Task,no,Марина_6,2025-10-02 22:51:04.498795,2025-10-02 23:03:04.498795,12,,
d260c036-2207-45ba-aa93-fc5ce60dda59,VAC-1111,CAND-10111,РЕКРУТЕР,Разместить вакансию,Task,no,Алексей_9,2025-10-03 01:47:04.498795,2025-10-03 02:35:04.498795,48,,
d260c036-2207-45ba-aa93-fc5ce60dda59,VAC-1111,CAND-10111,РЕКРУТЕР,Собирать резюме,Task,no,Екатерина_3,2025-10-03 03:35:04.498795,2025-10-04 08:14:04.498795,1719,,
d260c036-2207-45ba-aa93-fc5ce60dda59,VAC-1111,CAND-10111,СИСТЕМА,Ожидание проверки резюме,Wait,yes,,2025-10-04 08:14:04.498795,2025-10-04 18:19:04.498795,605,,
d260c036-2207-45ba-aa93-fc5ce60dda59,VAC-1111,CAND-10111,РЕКРУТЕР,Скрининг,Task,no,Екатерина_7,2025-10-04 18:19:04.498795,2025-10-04 18:46:04.498795,27,passed,
d260c036-2207-45ba-aa93-fc5ce60dda59,VAC-1111,CAND-10111,СИСТЕМА,Ожидание назначения интервью,Wait,yes,,2025-10-04 18:46:04.498795,2025-10-06 02:19:04.498795,1893,,
d260c036-2207-45ba-aa93-fc5ce60dda59,VAC-1111,CAND-10111,ИНТЕРВЬЮЕРЫ,Назначить интервью,User Task,no,Андрей_6,2025-10-06 02:19:04.498795,2025-10-06 02:57:04.498795,38,,
d260c036-2207-45ba-aa93-fc5ce60dda59,VAC-1111,CAND-10111,СИСТЕМА,Ожидание интервью (раунд 1),Wait,yes,,2025-10-06 02:57:04.498795,2025-10-06 15:57:04.498795,780,,
d260c036-2207-45ba-aa93-fc5ce60dda59,VAC-1111,CAND-10111,ИНТЕРВЬЮЕРЫ,Интервью (раунд 1),User Task,no,Анна_9,2025-10-06 15:57:04.498795,2025-10-06 17:09:04.498795,72,rejected,поведенческий
d6e7a669-02b1-4f65-bb44-a2b715e8ae87,VAC-1082,CAND-10082,РУКОВОДИТЕЛЬ,Создать заявку,User Task,no,Иванов_4,2025-09-07 18:46:04.498795,2025-09-07 18:58:04.498795,12,,
d6e7a669-02b1-4f65-bb44-a2b715e8ae87,VAC-1082,CAND-10082,СИСТЕМА,Ожидание обработки,Wait,yes,,2025-09-07 18:58:04.498795,2025-09-07 19:23:04.498795,25,,
d6e7a669-02b1-4f65-bb44-a2b715e8ae87,VAC-1082,CAND-10082,HR,Зарегистрировать в HCM,Service Task,no,Ольга_7,2025-09-07 19:23:04.498795,2025-09-07 19:48:04.498795,25,,
d6e7a669-02b1-4f65-bb44-a2b715e8ae87,VAC-1082,CAND-10082,РЕКРУТЕР,Разместить вакансию,Task,no,Алексей_9,2025-09-07 20:56:04.498795,2025-09-07 21:38:04.498795,42,,
d6e7a669-02b1-4f65-bb44-a2b715e8ae87,VAC-1082,CAND-10082,РЕКРУТЕР,Собирать резюме,Task,no,Дмитрий_4,2025-09-07 22:38:04.498795,2025-09-10 19:23:04.498795,4125,,
d6e7a669-02b1-4f65-bb44-a2b715e8ae87,VAC-1082,CAND-10082,СИСТЕМА,Ожидание проверки резюме,Wait,yes,,2025-09-10 19:23:04.498795,2025-09-11 03:52:04.498795,509,,
d6e7a669-02b1-4f65-bb44-a2b715e8ae87,VAC-1082,CAND-10082,РЕКРУТЕР,Скрининг,Task,no,Дмитрий_6,2025-09-11 03:52:04.498795,2025-09-11 04:09:04.498795,17,passed,
d6e7a669-02b1-4f65-bb44-a2b715e8ae87,VAC-1082,CAND-10082,СИСТЕМА,Ожидание назначения интервью,Wait,yes,,2025-09-11 04:09:04.498795,2025-09-12 06:48:04.498795,1599,,
d6e7a669-02b1-4f65-bb44-a2b715e8ae87,VAC-1082,CAND-10082,ИНТЕРВЬЮЕРЫ,Назначить интервью,User Task,no,Сергей_2,2025-09-12 06:48:04.498795,2025-09-12 07:16:04.498795,28,,
d6e7a669-02b1-4f65-bb44-a2b715e8ae87,VAC-1082,CAND-10082,СИСТЕМА,Ожидание интервью (раунд 1),Wait,yes,,2025-09-12 07:16:04.498795,2025-09-13 06:39:04.498795,1403,,
d6e7a669-02b1-4f65-bb44-a2b715e8ae87,VAC-1082,CAND-10082,ИНТЕРВЬЮЕРЫ,Интервью (раунд 1),User Task,no,Анна_1,2025-09-13 06:39:04.498795,2025-09-13 07:30:04.498795,51,passed,
d6e7a669-02b1-4f65-bb44-a2b715e8ae87,VAC-1082,CAND-10082,СИСТЕМА,Ожидание интервью (раунд 2),Wait,yes,,2025-09-13 07:30:04.498795,2025-09-13 22:20:04.498795,890,,
d6e7a669-02b1-4f65-bb44-a2b715e8ae87,VAC-1082,CAND-10082,ИНТЕРВЬЮЕРЫ,Интервью (раунд 2),User Task,no,Сергей_5,2025-09-13 22:20:04.498795,2025-09-13 23:13:04.498795,53,rejected,поведенческий
d77ff04b-d80d-43ad-9d16-7e57dcdf44e1,VAC-1017,CAND-10017,РУКОВОДИТЕЛЬ,Создать заявку,User Task,no,Петров_7,2025-10-02 19:35:04.498795,2025-10-02 20:15:04.498795,40,,
d77ff04b-d80d-43ad-9d16-7e57dcdf44e1,VAC-1017,CAND-10017,СИСТЕМА,Ожидание обработки,Wait,yes,,2025-10-02 20:15:04.498795,2025-10-02 22:08:04.498795,113,,
d77ff04b-d80d-43ad-9d16-7e57dcdf44e1,VAC-1017,CAND-10017,HR,Зарегистрировать в HCM,Service Task,no,Ольга_6,2025-10-02 22:08:04.498795,2025-10-02 22:36:04.498795,28,,
d77ff04b-d80d-43ad-9d16-7e57dcdf44e1,VAC-1017,CAND-10017,РЕКРУТЕР,Разместить вакансию,Task,no,Дмитрий_8,2025-10-03 00:08:04.498795,2025-10-03 00:39:04.498795,31,,
d77ff04b-d80d-43ad-9d16-7e57dcdf44e1,VAC-1017,CAND-10017,РЕКРУТЕР,Собирать резюме,Task,no,Дмитрий_7,2025-10-03 01:39:04.498795,2025-10-04 18:17:04.498795,2438,,
d77ff04b-d80d-43ad-9d16-7e57dcdf44e1,VAC-1017,CAND-10017,СИСТЕМА,Ожидание проверки резюме,Wait,yes,,2025-10-04 18:17:04.498795,2025-10-05 03:01:04.498795,524,,
d77ff04b-d80d-43ad-9d16-7e57dcdf44e1,VAC-1017,CAND-10017,РЕКРУТЕР,Скрининг,Task,no,Дмитрий_6,2025-10-05 03:01:04.498795,2025-10-05 03:11:04.498795,10,passed,
d77ff04b-d80d-43ad-9d16-7e57dcdf44e1,VAC-1017,CAND-10017,СИСТЕМА,Ожидание назначения интервью,Wait,yes,,2025-10-05 03:11:04.498795,2025-10-06 10:25:04.498795,1874,,
d77ff04b-d80d-43ad-9d16-7e57dcdf44e1,VAC-1017,CAND-10017,ИНТЕРВЬЮЕРЫ,Назначить интервью,User Task,no,Сергей_6,2025-10-06 10:25:04.498795,2025-10-06 10:46:04.498795,21,,
d77ff04b-d80d-43ad-9d16-7e57dcdf44e1,VAC-1017,CAND-10017,СИСТЕМА,Ожидание интервью (раунд 1),Wait,yes,,2025-10-06 10:46:04.498795,2025-10-07 04:56:04.498795,1090,,
d77ff04b-d80d-43ad-9d16-7e57dcdf44e1,VAC-1017,CAND-10017,ИНТЕРВЬЮЕРЫ,Интервью (раунд 1),User Task,no,Анна_4,2025-10-07 04:56:04.498795,2025-10-07 06:16:04.498795,80,passed,
d77ff04b-d80d-43ad-9d16-7e57dcdf44e1,VAC-1017,CAND-10017,ИНТЕРВЬЮЕРЫ,Финальное интервью,User Task,no,Сергей_9,2025-10-07 15:43:04.498795,2025-10-07 16:58:04.498795,75,passed,
d77ff04b-d80d-43ad-9d16-7e57dcdf44e1,VAC-1017,CAND-10017,HR (ОФФЕР),Согласовать условия,User Task,no,Марина_8,2025-10-07 21:12:04.498795,2025-10-07 23:13:04.498795,121,,
d77ff04b-d80d-43ad-9d16-7e57dcdf44e1,VAC-1017,CAND-10017,HR (ОФФЕР),Сгенерировать оффер,Service Task,no,Марина_8,2025-10-07 23:33:04.498795,2025-10-07 23:58:04.498795,25,,
d77ff04b-d80d-43ad-9d16-7e57dcdf44e1,VAC-1017,CAND-10017,HR (ОФФЕР),Отправить оффер,Send Task,no,Ольга_1,2025-10-08 00:03:04.498795,2025-10-08 00:13:04.498795,10,sent,
d77ff04b-d80d-43ad-9d16-7e57dcdf44e1,VAC-1017,CAND-10017,HR (ОФФЕР),Ожидание ответа (1д),Timer,yes,,2025-10-08 00:13:04.498795,2025-10-09 00:13:04.498795,1440,timer_elapsed,
d77ff04b-d80d-43ad-9d16-7e57dcdf44e1,VAC-1017,CAND-10017,SECURITY,Background Check,Call Activity,no,Служба_БД_5,2025-10-09 03:13:04.498795,2025-10-13 10:25:04.498795,6192,report_ready,
d77ff04b-d80d-43ad-9d16-7e57dcdf44e1,VAC-1017,CAND-10017,IT,Выдача оборудования,Task,no,IT_Specialist_9,2025-10-13 11:25:04.498795,2025-10-13 13:12:04.498795,107,,
d77ff04b-d80d-43ad-9d16-7e57dcdf44e1,VAC-1017,CAND-10017,IT,Создать доступы,Task,no,IT_Specialist_7,2025-10-13 13:42:04.498795,2025-10-13 15:19:04.498795,97,,
d77ff04b-d80d-43ad-9d16-7e57dcdf44e1,VAC-1017,CAND-10017,IT,Вводное обучение,Service Task,no,Ольга_6,2025-10-13 17:19:04.498795,2025-10-14 01:00:04.498795,461,,
d77ff04b-d80d-43ad-9d16-7e57dcdf44e1,VAC-1017,CAND-10017,HR,Назначить ментора,Task,no,Ольга_5,2025-10-14 02:00:04.498795,2025-10-14 03:14:04.498795,74,,
d77ff04b-d80d-43ad-9d16-7e57dcdf44e1,VAC-1017,CAND-10017,HR,Уведомить всех,Message,no,system,2025-10-14 03:34:04.498795,2025-10-14 03:39:04.498795,5,notified,
d77ff04b-d80d-43ad-9d16-7e57dcdf44e1,VAC-1017,CAND-10017,HR,Обновить HCM,Service Task,no,Ольга_5,2025-10-14 04:09:04.498795,2025-10-14 04:29:04.498795,20,,
d77ff04b-d80d-43ad-9d16-7e57dcdf44e1,VAC-1017,CAND-10017,HR,Payroll,Service Task,no,Наталья_2,2025-10-14 04:59:04.498795,2025-10-14 05:19:04.498795,20,,
d77ff04b-d80d-43ad-9d16-7e57dcdf44e1,VAC-1017,CAND-10017,HR,Закрыть вакансию,Service Task,no,Марина_4,2025-10-14 05:39:04.498795,2025-10-14 05:44:04.498795,5,,
d869b33d-a7c3-49b5-a30f-c6ed689fd69c,VAC-1101,CAND-10101,РУКОВОДИТЕЛЬ,Создать заявку,User Task,no,Сидоров_1,2025-09-25 12:53:04.498795,2025-09-25 13:26:04.498795,33,,
d869b33d-a7c3-49b5-a30f-c6ed689fd69c,VAC-1101,CAND-10101,СИСТЕМА,Ожидание обработки,Wait,yes,,2025-09-25 13:26:04.498795,2025-09-25 14:34:04.498795,68,,
d869b33d-a7c3-49b5-a30f-c6ed689fd69c,VAC-1101,CAND-10101,HR,Зарегистрировать в HCM,Service Task,no,Марина_5,2025-09-25 14:34:04.498795,2025-09-25 15:12:04.498795,38,,
d869b33d-a7c3-49b5-a30f-c6ed689fd69c,VAC-1101,CAND-10101,РЕКРУТЕР,Разместить вакансию,Task,no,Алексей_1,2025-09-25 17:58:04.498795,2025-09-25 19:37:04.498795,99,,
d869b33d-a7c3-49b5-a30f-c6ed689fd69c,VAC-1101,CAND-10101,РЕКРУТЕР,Собирать резюме,Task,no,Алексей_1,2025-09-25 20:37:04.498795,2025-09-28 17:48:04.498795,4151,,
d869b33d-a7c3-49b5-a30f-c6ed689fd69c,VAC-1101,CAND-10101,СИСТЕМА,Ожидание проверки резюме,Wait,yes,,2025-09-28 17:48:04.498795,2025-09-28 21:37:04.498795,229,,
d869b33d-a7c3-49b5-a30f-c6ed689fd69c,VAC-1101,CAND-10101,РЕКРУТЕР,Скрининг,Task,no,Алексей_7,2025-09-28 21:37:04.498795,2025-09-28 22:09:04.498795,32,passed,
d869b33d-a7c3-49b5-a30f-c6ed689fd69c,VAC-1101,CAND-10101,СИСТЕМА,Ожидание назначения интервью,Wait,yes,,2025-09-28 22:09:04.498795,2025-09-30 02:22:04.498795,1693,,
d869b33d-a7c3-49b5-a30f-c6ed689fd69c,VAC-1101,CAND-10101,ИНТЕРВЬЮЕРЫ,Назначить интервью,User Task,no,Сергей_8,2025-09-30 02:22:04.498795,2025-09-30 02:49:04.498795,27,,
d869b33d-a7c3-49b5-a30f-c6ed689fd69c,VAC-1101,CAND-10101,СИСТЕМА,Ожидание интервью (раунд 1),Wait,yes,,2025-09-30 02:49:04.498795,2025-09-30 14:19:04.498795,690,,
d869b33d-a7c3-49b5-a30f-c6ed689fd69c,VAC-1101,CAND-10101,ИНТЕРВЬЮЕРЫ,Интервью (раунд 1),User Task,no,Анна_2,2025-09-30 14:19:04.498795,2025-09-30 15:05:04.498795,46,passed,
d869b33d-a7c3-49b5-a30f-c6ed689fd69c,VAC-1101,CAND-10101,СИСТЕМА,Ожидание интервью (раунд 2),Wait,yes,,2025-09-30 15:05:04.498795,2025-10-01 10:23:04.498795,1158,,
d869b33d-a7c3-49b5-a30f-c6ed689fd69c,VAC-1101,CAND-10101,ИНТЕРВЬЮЕРЫ,Интервью (раунд 2),User Task,no,Анна_3,2025-10-01 10:23:04.498795,2025-10-01 12:14:04.498795,111,passed,
d869b33d-a7c3-49b5-a30f-c6ed689fd69c,VAC-1101,CAND-10101,ИНТЕРВЬЮЕРЫ,Финальное интервью,User Task,no,Анна_2,2025-10-02 03:22:04.498795,2025-10-02 04:20:04.498795,58,passed,
d869b33d-a7c3-49b5-a30f-c6ed689fd69c,VAC-1101,CAND-10101,HR (ОФФЕР),Согласовать условия,User Task,no,Наталья_8,2025-10-02 06:32:04.498795,2025-10-02 08:01:04.498795,89,,
d869b33d-a7c3-49b5-a30f-c6ed689fd69c,VAC-1101,CAND-10101,HR (ОФФЕР),Сгенерировать оффер,Service Task,no,Марина_4,2025-10-02 08:21:04.498795,2025-10-02 08:32:04.498795,11,,
d869b33d-a7c3-49b5-a30f-c6ed689fd69c,VAC-1101,CAND-10101,HR (ОФФЕР),Отправить оффер,Send Task,no,Ольга_9,2025-10-02 08:37:04.498795,2025-10-02 08:47:04.498795,10,sent,
d869b33d-a7c3-49b5-a30f-c6ed689fd69c,VAC-1101,CAND-10101,HR (ОФФЕР),Ожидание ответа (1д),Timer,yes,,2025-10-02 08:47:04.498795,2025-10-03 08:47:04.498795,1440,timer_elapsed,
d869b33d-a7c3-49b5-a30f-c6ed689fd69c,VAC-1101,CAND-10101,SECURITY,Background Check,Call Activity,no,Служба_БД_3,2025-10-03 11:47:04.498795,2025-10-07 19:43:04.498795,6236,report_ready,
d869b33d-a7c3-49b5-a30f-c6ed689fd69c,VAC-1101,CAND-10101,IT,Выдача оборудования,Task,no,IT_Specialist_8,2025-10-07 20:43:04.498795,2025-10-07 22:46:04.498795,123,,
d869b33d-a7c3-49b5-a30f-c6ed689fd69c,VAC-1101,CAND-10101,IT,Создать доступы,Task,no,IT_Specialist_1,2025-10-07 23:16:04.498795,2025-10-08 00:28:04.498795,72,,
d869b33d-a7c3-49b5-a30f-c6ed689fd69c,VAC-1101,CAND-10101,IT,Вводное обучение,Service Task,no,Марина_2,2025-10-08 02:28:04.498795,2025-10-08 05:34:04.498795,186,,
d869b33d-a7c3-49b5-a30f-c6ed689fd69c,VAC-1101,CAND-10101,HR,Назначить ментора,Task,no,Наталья_8,2025-10-08 06:34:04.498795,2025-10-08 08:02:04.498795,88,,
d869b33d-a7c3-49b5-a30f-c6ed689fd69c,VAC-1101,CAND-10101,HR,Уведомить всех,Message,no,system,2025-10-08 08:22:04.498795,2025-10-08 08:27:04.498795,5,notified,
d869b33d-a7c3-49b5-a30f-c6ed689fd69c,VAC-1101,CAND-10101,HR,Обновить HCM,Service Task,no,Наталья_2,2025-10-08 08:57:04.498795,2025-10-08 09:17:04.498795,20,,
d869b33d-a7c3-49b5-a30f-c6ed689fd69c,VAC-1101,CAND-10101,HR,Payroll,Service Task,no,Марина_2,2025-10-08 09:47:04.498795,2025-10-08 10:07:04.498795,20,,
d869b33d-a7c3-49b5-a30f-c6ed689fd69c,VAC-1101,CAND-10101,HR,Закрыть вакансию,Service Task,no,Марина_2,2025-10-08 10:27:04.498795,2025-10-08 10:32:04.498795,5,,
d86b2882-7f3e-4c92-b3e5-589b633ca553,VAC-1172,CAND-10172,РУКОВОДИТЕЛЬ,Создать заявку,User Task,no,Сидоров_1,2025-09-14 12:48:04.498795,2025-09-14 13:42:04.498795,54,,
d86b2882-7f3e-4c92-b3e5-589b633ca553,VAC-1172,CAND-10172,СИСТЕМА,Ожидание обработки,Wait,yes,,2025-09-14 13:42:04.498795,2025-09-14 14:37:04.498795,55,,
d86b2882-7f3e-4c92-b3e5-589b633ca553,VAC-1172,CAND-10172,HR,Зарегистрировать в HCM,Service Task,no,Наталья_8,2025-09-14 14:37:04.498795,2025-09-14 14:51:04.498795,14,,
d86b2882-7f3e-4c92-b3e5-589b633ca553,VAC-1172,CAND-10172,РЕКРУТЕР,Разместить вакансию,Task,no,Алексей_6,2025-09-14 17:18:04.498795,2025-09-14 18:31:04.498795,73,,
d86b2882-7f3e-4c92-b3e5-589b633ca553,VAC-1172,CAND-10172,РЕКРУТЕР,Собирать резюме,Task,no,Дмитрий_3,2025-09-14 19:31:04.498795,2025-09-16 10:31:04.498795,2340,,
d86b2882-7f3e-4c92-b3e5-589b633ca553,VAC-1172,CAND-10172,СИСТЕМА,Ожидание проверки резюме,Wait,yes,,2025-09-16 10:31:04.498795,2025-09-16 16:25:04.498795,354,,
d86b2882-7f3e-4c92-b3e5-589b633ca553,VAC-1172,CAND-10172,РЕКРУТЕР,Скрининг,Task,no,Екатерина_4,2025-09-16 16:25:04.498795,2025-09-16 16:53:04.498795,28,passed,
d86b2882-7f3e-4c92-b3e5-589b633ca553,VAC-1172,CAND-10172,СИСТЕМА,Ожидание назначения интервью,Wait,yes,,2025-09-16 16:53:04.498795,2025-09-18 10:41:04.498795,2508,,
d86b2882-7f3e-4c92-b3e5-589b633ca553,VAC-1172,CAND-10172,ИНТЕРВЬЮЕРЫ,Назначить интервью,User Task,no,Андрей_8,2025-09-18 10:41:04.498795,2025-09-18 11:06:04.498795,25,,
d86b2882-7f3e-4c92-b3e5-589b633ca553,VAC-1172,CAND-10172,СИСТЕМА,Ожидание интервью (раунд 1),Wait,yes,,2025-09-18 11:06:04.498795,2025-09-18 23:51:04.498795,765,,
d86b2882-7f3e-4c92-b3e5-589b633ca553,VAC-1172,CAND-10172,ИНТЕРВЬЮЕРЫ,Интервью (раунд 1),User Task,no,Анна_4,2025-09-18 23:51:04.498795,2025-09-19 00:37:04.498795,46,passed,
d86b2882-7f3e-4c92-b3e5-589b633ca553,VAC-1172,CAND-10172,СИСТЕМА,Ожидание интервью (раунд 2),Wait,yes,,2025-09-19 00:37:04.498795,2025-09-19 12:50:04.498795,733,,
d86b2882-7f3e-4c92-b3e5-589b633ca553,VAC-1172,CAND-10172,ИНТЕРВЬЮЕРЫ,Интервью (раунд 2),User Task,no,Андрей_3,2025-09-19 12:50:04.498795,2025-09-19 14:16:04.498795,86,passed,
d86b2882-7f3e-4c92-b3e5-589b633ca553,VAC-1172,CAND-10172,СИСТЕМА,Ожидание интервью (раунд 3),Wait,yes,,2025-09-19 14:16:04.498795,2025-09-20 13:51:04.498795,1415,,
d86b2882-7f3e-4c92-b3e5-589b633ca553,VAC-1172,CAND-10172,ИНТЕРВЬЮЕРЫ,Интервью (раунд 3),User Task,no,Сергей_1,2025-09-20 13:51:04.498795,2025-09-20 15:49:04.498795,118,rejected,недостаточно навыков
d86ea486-3a8e-42c1-8823-a788ca30a1cb,VAC-1041,CAND-10041,РУКОВОДИТЕЛЬ,Создать заявку,User Task,no,Петров_5,2025-09-16 21:32:04.498795,2025-09-16 21:57:04.498795,25,,
d86ea486-3a8e-42c1-8823-a788ca30a1cb,VAC-1041,CAND-10041,СИСТЕМА,Ожидание обработки,Wait,yes,,2025-09-16 21:57:04.498795,2025-09-16 23:53:04.498795,116,,
d86ea486-3a8e-42c1-8823-a788ca30a1cb,VAC-1041,CAND-10041,HR,Зарегистрировать в HCM,Service Task,no,Ольга_4,2025-09-16 23:53:04.498795,2025-09-17 00:26:04.498795,33,,
d86ea486-3a8e-42c1-8823-a788ca30a1cb,VAC-1041,CAND-10041,РЕКРУТЕР,Разместить вакансию,Task,no,Дмитрий_8,2025-09-17 03:12:04.498795,2025-09-17 04:02:04.498795,50,,
d86ea486-3a8e-42c1-8823-a788ca30a1cb,VAC-1041,CAND-10041,РЕКРУТЕР,Собирать резюме,Task,no,Дмитрий_8,2025-09-17 05:02:04.498795,2025-09-18 18:16:04.498795,2234,,
d86ea486-3a8e-42c1-8823-a788ca30a1cb,VAC-1041,CAND-10041,СИСТЕМА,Ожидание проверки резюме,Wait,yes,,2025-09-18 18:16:04.498795,2025-09-19 05:08:04.498795,652,,
d86ea486-3a8e-42c1-8823-a788ca30a1cb,VAC-1041,CAND-10041,РЕКРУТЕР,Скрининг,Task,no,Дмитрий_7,2025-09-19 05:08:04.498795,2025-09-19 05:42:04.498795,34,passed,
d86ea486-3a8e-42c1-8823-a788ca30a1cb,VAC-1041,CAND-10041,СИСТЕМА,Ожидание назначения интервью,Wait,yes,,2025-09-19 05:42:04.498795,2025-09-20 19:59:04.498795,2297,,
d86ea486-3a8e-42c1-8823-a788ca30a1cb,VAC-1041,CAND-10041,ИНТЕРВЬЮЕРЫ,Назначить интервью,User Task,no,Андрей_4,2025-09-20 19:59:04.498795,2025-09-20 20:39:04.498795,40,,
d86ea486-3a8e-42c1-8823-a788ca30a1cb,VAC-1041,CAND-10041,СИСТЕМА,Ожидание интервью (раунд 1),Wait,yes,,2025-09-20 20:39:04.498795,2025-09-21 07:00:04.498795,621,,
d86ea486-3a8e-42c1-8823-a788ca30a1cb,VAC-1041,CAND-10041,ИНТЕРВЬЮЕРЫ,Интервью (раунд 1),User Task,no,Сергей_6,2025-09-21 07:00:04.498795,2025-09-21 08:17:04.498795,77,passed,
d86ea486-3a8e-42c1-8823-a788ca30a1cb,VAC-1041,CAND-10041,СИСТЕМА,Ожидание интервью (раунд 2),Wait,yes,,2025-09-21 08:17:04.498795,2025-09-22 01:44:04.498795,1047,,
d86ea486-3a8e-42c1-8823-a788ca30a1cb,VAC-1041,CAND-10041,ИНТЕРВЬЮЕРЫ,Интервью (раунд 2),User Task,no,Анна_2,2025-09-22 01:44:04.498795,2025-09-22 02:42:04.498795,58,rejected,поведенческий
d8ab628d-a8c4-416d-ac85-92e6ba046338,VAC-1083,CAND-10083,РУКОВОДИТЕЛЬ,Создать заявку,User Task,no,Петров_4,2025-08-29 19:15:04.498795,2025-08-29 19:25:04.498795,10,,
d8ab628d-a8c4-416d-ac85-92e6ba046338,VAC-1083,CAND-10083,СИСТЕМА,Ожидание обработки,Wait,yes,,2025-08-29 19:25:04.498795,2025-08-29 20:22:04.498795,57,,
d8ab628d-a8c4-416d-ac85-92e6ba046338,VAC-1083,CAND-10083,HR,Зарегистрировать в HCM,Service Task,no,Ольга_4,2025-08-29 20:22:04.498795,2025-08-29 20:50:04.498795,28,,
d8ab628d-a8c4-416d-ac85-92e6ba046338,VAC-1083,CAND-10083,РЕКРУТЕР,Разместить вакансию,Task,no,Екатерина_8,2025-08-29 23:18:04.498795,2025-08-30 00:25:04.498795,67,,
d8ab628d-a8c4-416d-ac85-92e6ba046338,VAC-1083,CAND-10083,РЕКРУТЕР,Собирать резюме,Task,no,Екатерина_9,2025-08-30 01:25:04.498795,2025-08-31 14:45:04.498795,2240,,
d8ab628d-a8c4-416d-ac85-92e6ba046338,VAC-1083,CAND-10083,СИСТЕМА,Ожидание проверки резюме,Wait,yes,,2025-08-31 14:45:04.498795,2025-08-31 21:56:04.498795,431,,
d8ab628d-a8c4-416d-ac85-92e6ba046338,VAC-1083,CAND-10083,РЕКРУТЕР,Скрининг,Task,no,Алексей_7,2025-08-31 21:56:04.498795,2025-08-31 22:10:04.498795,14,passed,
d8ab628d-a8c4-416d-ac85-92e6ba046338,VAC-1083,CAND-10083,СИСТЕМА,Ожидание назначения интервью,Wait,yes,,2025-08-31 22:10:04.498795,2025-09-02 16:39:04.498795,2549,,
d8ab628d-a8c4-416d-ac85-92e6ba046338,VAC-1083,CAND-10083,ИНТЕРВЬЮЕРЫ,Назначить интервью,User Task,no,Анна_1,2025-09-02 16:39:04.498795,2025-09-02 17:00:04.498795,21,,
d8ab628d-a8c4-416d-ac85-92e6ba046338,VAC-1083,CAND-10083,СИСТЕМА,Ожидание интервью (раунд 1),Wait,yes,,2025-09-02 17:00:04.498795,2025-09-03 01:01:04.498795,481,,
d8ab628d-a8c4-416d-ac85-92e6ba046338,VAC-1083,CAND-10083,ИНТЕРВЬЮЕРЫ,Интервью (раунд 1),User Task,no,Анна_5,2025-09-03 01:01:04.498795,2025-09-03 02:34:04.498795,93,rejected,недостаточно навыков
d94ad2b2-484d-4995-bb4d-f887ef252c1b,VAC-1035,CAND-10035,РУКОВОДИТЕЛЬ,Создать заявку,User Task,no,Иванов_5,2025-10-23 17:41:04.498795,2025-10-23 18:37:04.498795,56,,
d94ad2b2-484d-4995-bb4d-f887ef252c1b,VAC-1035,CAND-10035,СИСТЕМА,Ожидание обработки,Wait,yes,,2025-10-23 18:37:04.498795,2025-10-23 20:13:04.498795,96,,
d94ad2b2-484d-4995-bb4d-f887ef252c1b,VAC-1035,CAND-10035,HR,Зарегистрировать в HCM,Service Task,no,Ольга_2,2025-10-23 20:13:04.498795,2025-10-23 20:32:04.498795,19,,
d94ad2b2-484d-4995-bb4d-f887ef252c1b,VAC-1035,CAND-10035,РЕКРУТЕР,Разместить вакансию,Task,no,Алексей_3,2025-10-23 23:29:04.498795,2025-10-24 00:53:04.498795,84,,
d94ad2b2-484d-4995-bb4d-f887ef252c1b,VAC-1035,CAND-10035,РЕКРУТЕР,Собирать резюме,Task,no,Дмитрий_4,2025-10-24 01:53:04.498795,2025-10-26 22:42:04.498795,4129,,
d94ad2b2-484d-4995-bb4d-f887ef252c1b,VAC-1035,CAND-10035,СИСТЕМА,Ожидание проверки резюме,Wait,yes,,2025-10-26 22:42:04.498795,2025-10-27 03:32:04.498795,290,,
d94ad2b2-484d-4995-bb4d-f887ef252c1b,VAC-1035,CAND-10035,РЕКРУТЕР,Скрининг,Task,no,Екатерина_6,2025-10-27 03:32:04.498795,2025-10-27 03:53:04.498795,21,passed,
d94ad2b2-484d-4995-bb4d-f887ef252c1b,VAC-1035,CAND-10035,СИСТЕМА,Ожидание назначения интервью,Wait,yes,,2025-10-27 03:53:04.498795,2025-10-28 13:23:04.498795,2010,,
d94ad2b2-484d-4995-bb4d-f887ef252c1b,VAC-1035,CAND-10035,ИНТЕРВЬЮЕРЫ,Назначить интервью,User Task,no,Андрей_7,2025-10-28 13:23:04.498795,2025-10-28 13:51:04.498795,28,,
d94ad2b2-484d-4995-bb4d-f887ef252c1b,VAC-1035,CAND-10035,СИСТЕМА,Ожидание интервью (раунд 1),Wait,yes,,2025-10-28 13:51:04.498795,2025-10-29 10:56:04.498795,1265,,
d94ad2b2-484d-4995-bb4d-f887ef252c1b,VAC-1035,CAND-10035,ИНТЕРВЬЮЕРЫ,Интервью (раунд 1),User Task,no,Анна_5,2025-10-29 10:56:04.498795,2025-10-29 12:52:04.498795,116,passed,
d94ad2b2-484d-4995-bb4d-f887ef252c1b,VAC-1035,CAND-10035,СИСТЕМА,Ожидание интервью (раунд 2),Wait,yes,,2025-10-29 12:52:04.498795,2025-10-29 21:21:04.498795,509,,
d94ad2b2-484d-4995-bb4d-f887ef252c1b,VAC-1035,CAND-10035,ИНТЕРВЬЮЕРЫ,Интервью (раунд 2),User Task,no,Сергей_6,2025-10-29 21:21:04.498795,2025-10-29 22:29:04.498795,68,passed,
d94ad2b2-484d-4995-bb4d-f887ef252c1b,VAC-1035,CAND-10035,СИСТЕМА,Ожидание интервью (раунд 3),Wait,yes,,2025-10-29 22:29:04.498795,2025-10-30 12:28:04.498795,839,,
d94ad2b2-484d-4995-bb4d-f887ef252c1b,VAC-1035,CAND-10035,ИНТЕРВЬЮЕРЫ,Интервью (раунд 3),User Task,no,Андрей_7,2025-10-30 12:28:04.498795,2025-10-30 13:13:04.498795,45,passed,
d94ad2b2-484d-4995-bb4d-f887ef252c1b,VAC-1035,CAND-10035,ИНТЕРВЬЮЕРЫ,Финальное интервью,User Task,no,Андрей_2,2025-10-30 22:24:04.498795,2025-10-30 23:27:04.498795,63,passed,
d94ad2b2-484d-4995-bb4d-f887ef252c1b,VAC-1035,CAND-10035,HR (ОФФЕР),Согласовать условия,User Task,no,Наталья_7,2025-10-31 03:38:04.498795,2025-10-31 06:53:04.498795,195,,
d94ad2b2-484d-4995-bb4d-f887ef252c1b,VAC-1035,CAND-10035,HR (ОФФЕР),Сгенерировать оффер,Service Task,no,Ольга_6,2025-10-31 07:13:04.498795,2025-10-31 07:31:04.498795,18,,
d94ad2b2-484d-4995-bb4d-f887ef252c1b,VAC-1035,CAND-10035,HR (ОФФЕР),Отправить оффер,Send Task,no,Наталья_6,2025-10-31 07:36:04.498795,2025-10-31 07:46:04.498795,10,sent,
d94ad2b2-484d-4995-bb4d-f887ef252c1b,VAC-1035,CAND-10035,HR (ОФФЕР),Ожидание ответа (2д),Timer,yes,,2025-10-31 07:46:04.498795,2025-11-02 07:46:04.498795,2880,timer_elapsed,
d94ad2b2-484d-4995-bb4d-f887ef252c1b,VAC-1035,CAND-10035,SECURITY,Background Check,Call Activity,no,Служба_БД_3,2025-11-02 10:46:04.498795,2025-11-04 22:21:04.498795,3575,report_ready,
d94ad2b2-484d-4995-bb4d-f887ef252c1b,VAC-1035,CAND-10035,IT,Выдача оборудования,Task,no,IT_Specialist_2,2025-11-04 23:21:04.498795,2025-11-05 01:40:04.498795,139,,
d94ad2b2-484d-4995-bb4d-f887ef252c1b,VAC-1035,CAND-10035,IT,Создать доступы,Task,no,IT_Specialist_7,2025-11-05 02:10:04.498795,2025-11-05 03:14:04.498795,64,,
d94ad2b2-484d-4995-bb4d-f887ef252c1b,VAC-1035,CAND-10035,IT,Вводное обучение,Service Task,no,Марина_8,2025-11-05 05:14:04.498795,2025-11-05 12:22:04.498795,428,,
d94ad2b2-484d-4995-bb4d-f887ef252c1b,VAC-1035,CAND-10035,HR,Назначить ментора,Task,no,Ольга_4,2025-11-05 13:22:04.498795,2025-11-05 14:18:04.498795,56,,
d94ad2b2-484d-4995-bb4d-f887ef252c1b,VAC-1035,CAND-10035,HR,Уведомить всех,Message,no,system,2025-11-05 14:38:04.498795,2025-11-05 14:43:04.498795,5,notified,
d94ad2b2-484d-4995-bb4d-f887ef252c1b,VAC-1035,CAND-10035,HR,Обновить HCM,Service Task,no,Марина_2,2025-11-05 15:13:04.498795,2025-11-05 15:33:04.498795,20,,
d94ad2b2-484d-4995-bb4d-f887ef252c1b,VAC-1035,CAND-10035,HR,Payroll,Service Task,no,Ольга_7,2025-11-05 16:03:04.498795,2025-11-05 16:23:04.498795,20,,
d94ad2b2-484d-4995-bb4d-f887ef252c1b,VAC-1035,CAND-10035,HR,Закрыть вакансию,Service Task,no,Наталья_5,2025-11-05 16:43:04.498795,2025-11-05 16:48:04.498795,5,,
d9c0c4e8-7f56-41dd-ba6d-53817a5c1ef9,VAC-1108,CAND-10108,РУКОВОДИТЕЛЬ,Создать заявку,User Task,no,Петров_4,2025-10-16 11:30:04.498795,2025-10-16 12:30:04.498795,60,,
d9c0c4e8-7f56-41dd-ba6d-53817a5c1ef9,VAC-1108,CAND-10108,СИСТЕМА,Ожидание обработки,Wait,yes,,2025-10-16 12:30:04.498795,2025-10-16 14:26:04.498795,116,,
d9c0c4e8-7f56-41dd-ba6d-53817a5c1ef9,VAC-1108,CAND-10108,HR,Зарегистрировать в HCM,Service Task,no,Наталья_6,2025-10-16 14:26:04.498795,2025-10-16 14:53:04.498795,27,,
d9c0c4e8-7f56-41dd-ba6d-53817a5c1ef9,VAC-1108,CAND-10108,РЕКРУТЕР,Разместить вакансию,Task,no,Екатерина_9,2025-10-16 17:18:04.498795,2025-10-16 17:51:04.498795,33,,
d9c0c4e8-7f56-41dd-ba6d-53817a5c1ef9,VAC-1108,CAND-10108,РЕКРУТЕР,Собирать резюме,Task,no,Екатерина_9,2025-10-16 18:51:04.498795,2025-10-18 10:09:04.498795,2358,,
d9c0c4e8-7f56-41dd-ba6d-53817a5c1ef9,VAC-1108,CAND-10108,СИСТЕМА,Ожидание проверки резюме,Wait,yes,,2025-10-18 10:09:04.498795,2025-10-18 19:47:04.498795,578,,
d9c0c4e8-7f56-41dd-ba6d-53817a5c1ef9,VAC-1108,CAND-10108,РЕКРУТЕР,Скрининг,Task,no,Екатерина_5,2025-10-18 19:47:04.498795,2025-10-18 20:04:04.498795,17,passed,
d9c0c4e8-7f56-41dd-ba6d-53817a5c1ef9,VAC-1108,CAND-10108,СИСТЕМА,Ожидание назначения интервью,Wait,yes,,2025-10-18 20:04:04.498795,2025-10-19 21:40:04.498795,1536,,
d9c0c4e8-7f56-41dd-ba6d-53817a5c1ef9,VAC-1108,CAND-10108,ИНТЕРВЬЮЕРЫ,Назначить интервью,User Task,no,Сергей_7,2025-10-19 21:40:04.498795,2025-10-19 22:19:04.498795,39,,
d9c0c4e8-7f56-41dd-ba6d-53817a5c1ef9,VAC-1108,CAND-10108,СИСТЕМА,Ожидание интервью (раунд 1),Wait,yes,,2025-10-19 22:19:04.498795,2025-10-20 19:46:04.498795,1287,,
d9c0c4e8-7f56-41dd-ba6d-53817a5c1ef9,VAC-1108,CAND-10108,ИНТЕРВЬЮЕРЫ,Интервью (раунд 1),User Task,no,Андрей_1,2025-10-20 19:46:04.498795,2025-10-20 21:11:04.498795,85,rejected,культурный профиль
d9d73046-924c-4439-9cc2-f496e397f82e,VAC-1105,CAND-10105,РУКОВОДИТЕЛЬ,Создать заявку,User Task,no,Сидоров_6,2025-10-12 20:24:04.498795,2025-10-12 21:04:04.498795,40,,
d9d73046-924c-4439-9cc2-f496e397f82e,VAC-1105,CAND-10105,СИСТЕМА,Ожидание обработки,Wait,yes,,2025-10-12 21:04:04.498795,2025-10-12 22:55:04.498795,111,,
d9d73046-924c-4439-9cc2-f496e397f82e,VAC-1105,CAND-10105,HR,Зарегистрировать в HCM,Service Task,no,Наталья_2,2025-10-12 22:55:04.498795,2025-10-12 23:19:04.498795,24,,
d9d73046-924c-4439-9cc2-f496e397f82e,VAC-1105,CAND-10105,РЕКРУТЕР,Разместить вакансию,Task,no,Дмитрий_6,2025-10-13 00:45:04.498795,2025-10-13 01:05:04.498795,20,,
d9d73046-924c-4439-9cc2-f496e397f82e,VAC-1105,CAND-10105,РЕКРУТЕР,Собирать резюме,Task,no,Дмитрий_9,2025-10-13 02:05:04.498795,2025-10-15 21:20:04.498795,4035,,
d9d73046-924c-4439-9cc2-f496e397f82e,VAC-1105,CAND-10105,СИСТЕМА,Ожидание проверки резюме,Wait,yes,,2025-10-15 21:20:04.498795,2025-10-16 09:14:04.498795,714,,
d9d73046-924c-4439-9cc2-f496e397f82e,VAC-1105,CAND-10105,РЕКРУТЕР,Скрининг,Task,no,Екатерина_2,2025-10-16 09:14:04.498795,2025-10-16 09:35:04.498795,21,passed,
d9d73046-924c-4439-9cc2-f496e397f82e,VAC-1105,CAND-10105,СИСТЕМА,Ожидание назначения интервью,Wait,yes,,2025-10-16 09:35:04.498795,2025-10-17 15:11:04.498795,1776,,
d9d73046-924c-4439-9cc2-f496e397f82e,VAC-1105,CAND-10105,ИНТЕРВЬЮЕРЫ,Назначить интервью,User Task,no,Андрей_7,2025-10-17 15:11:04.498795,2025-10-17 15:36:04.498795,25,,
d9d73046-924c-4439-9cc2-f496e397f82e,VAC-1105,CAND-10105,СИСТЕМА,Ожидание интервью (раунд 1),Wait,yes,,2025-10-17 15:36:04.498795,2025-10-18 10:01:04.498795,1105,,
d9d73046-924c-4439-9cc2-f496e397f82e,VAC-1105,CAND-10105,ИНТЕРВЬЮЕРЫ,Интервью (раунд 1),User Task,no,Сергей_4,2025-10-18 10:01:04.498795,2025-10-18 11:11:04.498795,70,passed,
d9d73046-924c-4439-9cc2-f496e397f82e,VAC-1105,CAND-10105,ИНТЕРВЬЮЕРЫ,Финальное интервью,User Task,no,Андрей_7,2025-10-19 02:59:04.498795,2025-10-19 04:08:04.498795,69,passed,
d9d73046-924c-4439-9cc2-f496e397f82e,VAC-1105,CAND-10105,HR (ОФФЕР),Согласовать условия,User Task,no,Марина_2,2025-10-19 05:19:04.498795,2025-10-19 09:01:04.498795,222,,
d9d73046-924c-4439-9cc2-f496e397f82e,VAC-1105,CAND-10105,HR (ОФФЕР),Сгенерировать оффер,Service Task,no,Ольга_8,2025-10-19 09:21:04.498795,2025-10-19 09:50:04.498795,29,,
d9d73046-924c-4439-9cc2-f496e397f82e,VAC-1105,CAND-10105,HR (ОФФЕР),Отправить оффер,Send Task,no,Марина_9,2025-10-19 09:55:04.498795,2025-10-19 10:05:04.498795,10,sent,
d9d73046-924c-4439-9cc2-f496e397f82e,VAC-1105,CAND-10105,HR (ОФФЕР),Ожидание ответа (1д),Timer,yes,,2025-10-19 10:05:04.498795,2025-10-20 10:05:04.498795,1440,timer_elapsed,
d9d73046-924c-4439-9cc2-f496e397f82e,VAC-1105,CAND-10105,HR (ОФФЕР),Переговоры / отказ,Task,no,Марина_1,2025-10-20 12:05:04.498795,2025-10-20 13:06:04.498795,61,rejected,
d9f2b5b3-8555-4802-b95d-5ad9a8e02118,VAC-1156,CAND-10156,РУКОВОДИТЕЛЬ,Создать заявку,User Task,no,Сидоров_6,2025-09-05 14:04:04.498795,2025-09-05 14:31:04.498795,27,,
d9f2b5b3-8555-4802-b95d-5ad9a8e02118,VAC-1156,CAND-10156,СИСТЕМА,Ожидание обработки,Wait,yes,,2025-09-05 14:31:04.498795,2025-09-05 16:29:04.498795,118,,
d9f2b5b3-8555-4802-b95d-5ad9a8e02118,VAC-1156,CAND-10156,HR,Зарегистрировать в HCM,Service Task,no,Марина_2,2025-09-05 16:29:04.498795,2025-09-05 16:53:04.498795,24,,
d9f2b5b3-8555-4802-b95d-5ad9a8e02118,VAC-1156,CAND-10156,РЕКРУТЕР,Разместить вакансию,Task,no,Алексей_5,2025-09-05 18:32:04.498795,2025-09-05 19:11:04.498795,39,,
d9f2b5b3-8555-4802-b95d-5ad9a8e02118,VAC-1156,CAND-10156,РЕКРУТЕР,Собирать резюме,Task,no,Алексей_9,2025-09-05 20:11:04.498795,2025-09-07 03:59:04.498795,1908,,
d9f2b5b3-8555-4802-b95d-5ad9a8e02118,VAC-1156,CAND-10156,СИСТЕМА,Ожидание проверки резюме,Wait,yes,,2025-09-07 03:59:04.498795,2025-09-07 15:45:04.498795,706,,
d9f2b5b3-8555-4802-b95d-5ad9a8e02118,VAC-1156,CAND-10156,РЕКРУТЕР,Скрининг,Task,no,Алексей_9,2025-09-07 15:45:04.498795,2025-09-07 15:58:04.498795,13,passed,
d9f2b5b3-8555-4802-b95d-5ad9a8e02118,VAC-1156,CAND-10156,СИСТЕМА,Ожидание назначения интервью,Wait,yes,,2025-09-07 15:58:04.498795,2025-09-09 02:50:04.498795,2092,,
d9f2b5b3-8555-4802-b95d-5ad9a8e02118,VAC-1156,CAND-10156,ИНТЕРВЬЮЕРЫ,Назначить интервью,User Task,no,Андрей_5,2025-09-09 02:50:04.498795,2025-09-09 03:08:04.498795,18,,
d9f2b5b3-8555-4802-b95d-5ad9a8e02118,VAC-1156,CAND-10156,СИСТЕМА,Ожидание интервью (раунд 1),Wait,yes,,2025-09-09 03:08:04.498795,2025-09-09 14:03:04.498795,655,,
d9f2b5b3-8555-4802-b95d-5ad9a8e02118,VAC-1156,CAND-10156,ИНТЕРВЬЮЕРЫ,Интервью (раунд 1),User Task,no,Сергей_9,2025-09-09 14:03:04.498795,2025-09-09 14:57:04.498795,54,passed,
d9f2b5b3-8555-4802-b95d-5ad9a8e02118,VAC-1156,CAND-10156,СИСТЕМА,Ожидание интервью (раунд 2),Wait,yes,,2025-09-09 14:57:04.498795,2025-09-10 06:31:04.498795,934,,
d9f2b5b3-8555-4802-b95d-5ad9a8e02118,VAC-1156,CAND-10156,ИНТЕРВЬЮЕРЫ,Интервью (раунд 2),User Task,no,Сергей_1,2025-09-10 06:31:04.498795,2025-09-10 07:22:04.498795,51,passed,
d9f2b5b3-8555-4802-b95d-5ad9a8e02118,VAC-1156,CAND-10156,ИНТЕРВЬЮЕРЫ,Финальное интервью,User Task,no,Сергей_7,2025-09-10 17:10:04.498795,2025-09-10 18:44:04.498795,94,passed,
d9f2b5b3-8555-4802-b95d-5ad9a8e02118,VAC-1156,CAND-10156,HR (ОФФЕР),Согласовать условия,User Task,no,Марина_8,2025-09-10 20:29:04.498795,2025-09-11 00:29:04.498795,240,,
d9f2b5b3-8555-4802-b95d-5ad9a8e02118,VAC-1156,CAND-10156,HR (ОФФЕР),Сгенерировать оффер,Service Task,no,Ольга_5,2025-09-11 00:49:04.498795,2025-09-11 01:13:04.498795,24,,
d9f2b5b3-8555-4802-b95d-5ad9a8e02118,VAC-1156,CAND-10156,HR (ОФФЕР),Отправить оффер,Send Task,no,Ольга_4,2025-09-11 01:18:04.498795,2025-09-11 01:28:04.498795,10,sent,
d9f2b5b3-8555-4802-b95d-5ad9a8e02118,VAC-1156,CAND-10156,HR (ОФФЕР),Ожидание ответа (3д),Timer,yes,,2025-09-11 01:28:04.498795,2025-09-14 01:28:04.498795,4320,timer_elapsed,
d9f2b5b3-8555-4802-b95d-5ad9a8e02118,VAC-1156,CAND-10156,SECURITY,Background Check,Call Activity,no,Служба_БД_3,2025-09-14 04:28:04.498795,2025-09-16 15:11:04.498795,3523,report_ready,
d9f2b5b3-8555-4802-b95d-5ad9a8e02118,VAC-1156,CAND-10156,IT,Выдача оборудования,Task,no,IT_Specialist_2,2025-09-16 16:11:04.498795,2025-09-16 18:53:04.498795,162,,
d9f2b5b3-8555-4802-b95d-5ad9a8e02118,VAC-1156,CAND-10156,IT,Создать доступы,Task,no,IT_Specialist_8,2025-09-16 19:23:04.498795,2025-09-16 20:51:04.498795,88,,
d9f2b5b3-8555-4802-b95d-5ad9a8e02118,VAC-1156,CAND-10156,IT,Вводное обучение,Service Task,no,Наталья_4,2025-09-16 22:51:04.498795,2025-09-17 05:51:04.498795,420,,
d9f2b5b3-8555-4802-b95d-5ad9a8e02118,VAC-1156,CAND-10156,HR,Назначить ментора,Task,no,Марина_5,2025-09-17 06:51:04.498795,2025-09-17 07:30:04.498795,39,,
d9f2b5b3-8555-4802-b95d-5ad9a8e02118,VAC-1156,CAND-10156,HR,Уведомить всех,Message,no,system,2025-09-17 07:50:04.498795,2025-09-17 07:55:04.498795,5,notified,
d9f2b5b3-8555-4802-b95d-5ad9a8e02118,VAC-1156,CAND-10156,HR,Обновить HCM,Service Task,no,Ольга_7,2025-09-17 08:25:04.498795,2025-09-17 08:45:04.498795,20,,
d9f2b5b3-8555-4802-b95d-5ad9a8e02118,VAC-1156,CAND-10156,HR,Payroll,Service Task,no,Наталья_6,2025-09-17 09:15:04.498795,2025-09-17 09:35:04.498795,20,,
d9f2b5b3-8555-4802-b95d-5ad9a8e02118,VAC-1156,CAND-10156,HR,Закрыть вакансию,Service Task,no,Ольга_8,2025-09-17 09:55:04.498795,2025-09-17 10:00:04.498795,5,,
da952a19-0d27-4fe7-afff-72248868ae77,VAC-1153,CAND-10153,РУКОВОДИТЕЛЬ,Создать заявку,User Task,no,Сидоров_4,2025-09-22 21:36:04.498795,2025-09-22 21:53:04.498795,17,,
da952a19-0d27-4fe7-afff-72248868ae77,VAC-1153,CAND-10153,СИСТЕМА,Ожидание обработки,Wait,yes,,2025-09-22 21:53:04.498795,2025-09-22 23:31:04.498795,98,,
da952a19-0d27-4fe7-afff-72248868ae77,VAC-1153,CAND-10153,HR,Зарегистрировать в HCM,Service Task,no,Ольга_1,2025-09-22 23:31:04.498795,2025-09-22 23:54:04.498795,23,,
da952a19-0d27-4fe7-afff-72248868ae77,VAC-1153,CAND-10153,РЕКРУТЕР,Разместить вакансию,Task,no,Екатерина_4,2025-09-23 01:49:04.498795,2025-09-23 02:53:04.498795,64,,
da952a19-0d27-4fe7-afff-72248868ae77,VAC-1153,CAND-10153,РЕКРУТЕР,Собирать резюме,Task,no,Екатерина_4,2025-09-23 03:53:04.498795,2025-09-24 04:39:04.498795,1486,,
da952a19-0d27-4fe7-afff-72248868ae77,VAC-1153,CAND-10153,СИСТЕМА,Ожидание проверки резюме,Wait,yes,,2025-09-24 04:39:04.498795,2025-09-24 12:27:04.498795,468,,
da952a19-0d27-4fe7-afff-72248868ae77,VAC-1153,CAND-10153,РЕКРУТЕР,Скрининг,Task,no,Алексей_5,2025-09-24 12:27:04.498795,2025-09-24 12:45:04.498795,18,passed,
da952a19-0d27-4fe7-afff-72248868ae77,VAC-1153,CAND-10153,СИСТЕМА,Ожидание назначения интервью,Wait,yes,,2025-09-24 12:45:04.498795,2025-09-26 07:31:04.498795,2566,,
da952a19-0d27-4fe7-afff-72248868ae77,VAC-1153,CAND-10153,ИНТЕРВЬЮЕРЫ,Назначить интервью,User Task,no,Андрей_2,2025-09-26 07:31:04.498795,2025-09-26 07:51:04.498795,20,,
da952a19-0d27-4fe7-afff-72248868ae77,VAC-1153,CAND-10153,СИСТЕМА,Ожидание интервью (раунд 1),Wait,yes,,2025-09-26 07:51:04.498795,2025-09-26 21:40:04.498795,829,,
da952a19-0d27-4fe7-afff-72248868ae77,VAC-1153,CAND-10153,ИНТЕРВЬЮЕРЫ,Интервью (раунд 1),User Task,no,Анна_1,2025-09-26 21:40:04.498795,2025-09-26 23:15:04.498795,95,passed,
da952a19-0d27-4fe7-afff-72248868ae77,VAC-1153,CAND-10153,СИСТЕМА,Ожидание интервью (раунд 2),Wait,yes,,2025-09-26 23:15:04.498795,2025-09-27 21:27:04.498795,1332,,
da952a19-0d27-4fe7-afff-72248868ae77,VAC-1153,CAND-10153,ИНТЕРВЬЮЕРЫ,Интервью (раунд 2),User Task,no,Сергей_8,2025-09-27 21:27:04.498795,2025-09-27 22:34:04.498795,67,passed,
da952a19-0d27-4fe7-afff-72248868ae77,VAC-1153,CAND-10153,ИНТЕРВЬЮЕРЫ,Финальное интервью,User Task,no,Анна_3,2025-09-28 22:12:04.498795,2025-09-28 23:57:04.498795,105,passed,
da952a19-0d27-4fe7-afff-72248868ae77,VAC-1153,CAND-10153,HR (ОФФЕР),Согласовать условия,User Task,no,Марина_8,2025-09-29 03:00:04.498795,2025-09-29 04:39:04.498795,99,,
da952a19-0d27-4fe7-afff-72248868ae77,VAC-1153,CAND-10153,HR (ОФФЕР),Сгенерировать оффер,Service Task,no,Ольга_8,2025-09-29 04:59:04.498795,2025-09-29 05:21:04.498795,22,,
da952a19-0d27-4fe7-afff-72248868ae77,VAC-1153,CAND-10153,HR (ОФФЕР),Отправить оффер,Send Task,no,Ольга_1,2025-09-29 05:26:04.498795,2025-09-29 05:36:04.498795,10,sent,
da952a19-0d27-4fe7-afff-72248868ae77,VAC-1153,CAND-10153,HR (ОФФЕР),Ожидание ответа (3д),Timer,yes,,2025-09-29 05:36:04.498795,2025-10-02 05:36:04.498795,4320,timer_elapsed,
da952a19-0d27-4fe7-afff-72248868ae77,VAC-1153,CAND-10153,SECURITY,Background Check,Call Activity,no,Служба_БД_4,2025-10-02 08:36:04.498795,2025-10-06 03:40:04.498795,5464,report_ready,
da952a19-0d27-4fe7-afff-72248868ae77,VAC-1153,CAND-10153,IT,Выдача оборудования,Task,no,IT_Specialist_2,2025-10-06 04:40:04.498795,2025-10-06 06:22:04.498795,102,,
da952a19-0d27-4fe7-afff-72248868ae77,VAC-1153,CAND-10153,IT,Создать доступы,Task,no,IT_Specialist_1,2025-10-06 06:52:04.498795,2025-10-06 07:41:04.498795,49,,
da952a19-0d27-4fe7-afff-72248868ae77,VAC-1153,CAND-10153,IT,Вводное обучение,Service Task,no,Ольга_9,2025-10-06 09:41:04.498795,2025-10-06 15:34:04.498795,353,,
da952a19-0d27-4fe7-afff-72248868ae77,VAC-1153,CAND-10153,HR,Назначить ментора,Task,no,Наталья_7,2025-10-06 16:34:04.498795,2025-10-06 17:57:04.498795,83,,
da952a19-0d27-4fe7-afff-72248868ae77,VAC-1153,CAND-10153,HR,Уведомить всех,Message,no,system,2025-10-06 18:17:04.498795,2025-10-06 18:22:04.498795,5,notified,
da952a19-0d27-4fe7-afff-72248868ae77,VAC-1153,CAND-10153,HR,Обновить HCM,Service Task,no,Наталья_2,2025-10-06 18:52:04.498795,2025-10-06 19:12:04.498795,20,,
da952a19-0d27-4fe7-afff-72248868ae77,VAC-1153,CAND-10153,HR,Payroll,Service Task,no,Ольга_6,2025-10-06 19:42:04.498795,2025-10-06 20:02:04.498795,20,,
da952a19-0d27-4fe7-afff-72248868ae77,VAC-1153,CAND-10153,HR,Закрыть вакансию,Service Task,no,Марина_1,2025-10-06 20:22:04.498795,2025-10-06 20:27:04.498795,5,,
ddff26f4-5e5e-4fb7-8b3b-312ab08534d1,VAC-1090,CAND-10090,РУКОВОДИТЕЛЬ,Создать заявку,User Task,no,Сидоров_5,2025-10-07 19:32:04.498795,2025-10-07 20:28:04.498795,56,,
ddff26f4-5e5e-4fb7-8b3b-312ab08534d1,VAC-1090,CAND-10090,СИСТЕМА,Ожидание обработки,Wait,yes,,2025-10-07 20:28:04.498795,2025-10-07 22:12:04.498795,104,,
ddff26f4-5e5e-4fb7-8b3b-312ab08534d1,VAC-1090,CAND-10090,HR,Зарегистрировать в HCM,Service Task,no,Ольга_4,2025-10-07 22:12:04.498795,2025-10-07 22:31:04.498795,19,,
ddff26f4-5e5e-4fb7-8b3b-312ab08534d1,VAC-1090,CAND-10090,РЕКРУТЕР,Разместить вакансию,Task,no,Дмитрий_9,2025-10-07 23:25:04.498795,2025-10-07 23:51:04.498795,26,,
ddff26f4-5e5e-4fb7-8b3b-312ab08534d1,VAC-1090,CAND-10090,РЕКРУТЕР,Собирать резюме,Task,no,Алексей_1,2025-10-08 00:51:04.498795,2025-10-10 10:21:04.498795,3450,,
ddff26f4-5e5e-4fb7-8b3b-312ab08534d1,VAC-1090,CAND-10090,СИСТЕМА,Ожидание проверки резюме,Wait,yes,,2025-10-10 10:21:04.498795,2025-10-10 19:30:04.498795,549,,
ddff26f4-5e5e-4fb7-8b3b-312ab08534d1,VAC-1090,CAND-10090,РЕКРУТЕР,Скрининг,Task,no,Дмитрий_2,2025-10-10 19:30:04.498795,2025-10-10 19:40:04.498795,10,passed,
ddff26f4-5e5e-4fb7-8b3b-312ab08534d1,VAC-1090,CAND-10090,СИСТЕМА,Ожидание назначения интервью,Wait,yes,,2025-10-10 19:40:04.498795,2025-10-12 18:15:04.498795,2795,,
ddff26f4-5e5e-4fb7-8b3b-312ab08534d1,VAC-1090,CAND-10090,ИНТЕРВЬЮЕРЫ,Назначить интервью,User Task,no,Анна_8,2025-10-12 18:15:04.498795,2025-10-12 18:45:04.498795,30,,
ddff26f4-5e5e-4fb7-8b3b-312ab08534d1,VAC-1090,CAND-10090,СИСТЕМА,Ожидание интервью (раунд 1),Wait,yes,,2025-10-12 18:45:04.498795,2025-10-13 03:11:04.498795,506,,
ddff26f4-5e5e-4fb7-8b3b-312ab08534d1,VAC-1090,CAND-10090,ИНТЕРВЬЮЕРЫ,Интервью (раунд 1),User Task,no,Сергей_2,2025-10-13 03:11:04.498795,2025-10-13 04:22:04.498795,71,passed,
ddff26f4-5e5e-4fb7-8b3b-312ab08534d1,VAC-1090,CAND-10090,ИНТЕРВЬЮЕРЫ,Финальное интервью,User Task,no,Сергей_8,2025-10-13 20:26:04.498795,2025-10-13 21:25:04.498795,59,passed,
ddff26f4-5e5e-4fb7-8b3b-312ab08534d1,VAC-1090,CAND-10090,HR (ОФФЕР),Согласовать условия,User Task,no,Ольга_2,2025-10-14 00:30:04.498795,2025-10-14 04:19:04.498795,229,,
ddff26f4-5e5e-4fb7-8b3b-312ab08534d1,VAC-1090,CAND-10090,HR (ОФФЕР),Сгенерировать оффер,Service Task,no,Марина_7,2025-10-14 04:39:04.498795,2025-10-14 05:04:04.498795,25,,
ddff26f4-5e5e-4fb7-8b3b-312ab08534d1,VAC-1090,CAND-10090,HR (ОФФЕР),Отправить оффер,Send Task,no,Наталья_6,2025-10-14 05:09:04.498795,2025-10-14 05:19:04.498795,10,sent,
ddff26f4-5e5e-4fb7-8b3b-312ab08534d1,VAC-1090,CAND-10090,HR (ОФФЕР),Ожидание ответа (2д),Timer,yes,,2025-10-14 05:19:04.498795,2025-10-16 05:19:04.498795,2880,timer_elapsed,
ddff26f4-5e5e-4fb7-8b3b-312ab08534d1,VAC-1090,CAND-10090,SECURITY,Background Check,Call Activity,no,Служба_БД_5,2025-10-16 08:19:04.498795,2025-10-20 21:10:04.498795,6531,report_ready,
ddff26f4-5e5e-4fb7-8b3b-312ab08534d1,VAC-1090,CAND-10090,IT,Выдача оборудования,Task,no,IT_Specialist_5,2025-10-20 22:10:04.498795,2025-10-20 23:43:04.498795,93,,
ddff26f4-5e5e-4fb7-8b3b-312ab08534d1,VAC-1090,CAND-10090,IT,Создать доступы,Task,no,IT_Specialist_3,2025-10-21 00:13:04.498795,2025-10-21 01:55:04.498795,102,,
ddff26f4-5e5e-4fb7-8b3b-312ab08534d1,VAC-1090,CAND-10090,IT,Вводное обучение,Service Task,no,Наталья_6,2025-10-21 03:55:04.498795,2025-10-21 07:44:04.498795,229,,
ddff26f4-5e5e-4fb7-8b3b-312ab08534d1,VAC-1090,CAND-10090,HR,Назначить ментора,Task,no,Марина_7,2025-10-21 08:44:04.498795,2025-10-21 10:05:04.498795,81,,
ddff26f4-5e5e-4fb7-8b3b-312ab08534d1,VAC-1090,CAND-10090,HR,Уведомить всех,Message,no,system,2025-10-21 10:25:04.498795,2025-10-21 10:30:04.498795,5,notified,
ddff26f4-5e5e-4fb7-8b3b-312ab08534d1,VAC-1090,CAND-10090,HR,Обновить HCM,Service Task,no,Марина_4,2025-10-21 11:00:04.498795,2025-10-21 11:20:04.498795,20,,
ddff26f4-5e5e-4fb7-8b3b-312ab08534d1,VAC-1090,CAND-10090,HR,Payroll,Service Task,no,Марина_1,2025-10-21 11:50:04.498795,2025-10-21 12:10:04.498795,20,,
ddff26f4-5e5e-4fb7-8b3b-312ab08534d1,VAC-1090,CAND-10090,HR,Закрыть вакансию,Service Task,no,Ольга_9,2025-10-21 12:30:04.498795,2025-10-21 12:35:04.498795,5,,
de7779d3-7cc1-42ff-bf55-ed251e94a2ba,VAC-1133,CAND-10133,РУКОВОДИТЕЛЬ,Создать заявку,User Task,no,Сидоров_4,2025-08-24 17:37:04.498795,2025-08-24 18:05:04.498795,28,,
de7779d3-7cc1-42ff-bf55-ed251e94a2ba,VAC-1133,CAND-10133,СИСТЕМА,Ожидание обработки,Wait,yes,,2025-08-24 18:05:04.498795,2025-08-24 18:25:04.498795,20,,
de7779d3-7cc1-42ff-bf55-ed251e94a2ba,VAC-1133,CAND-10133,HR,Зарегистрировать в HCM,Service Task,no,Ольга_4,2025-08-24 18:25:04.498795,2025-08-24 18:52:04.498795,27,,
de7779d3-7cc1-42ff-bf55-ed251e94a2ba,VAC-1133,CAND-10133,РЕКРУТЕР,Разместить вакансию,Task,no,Дмитрий_7,2025-08-24 21:07:04.498795,2025-08-24 22:38:04.498795,91,,
de7779d3-7cc1-42ff-bf55-ed251e94a2ba,VAC-1133,CAND-10133,РЕКРУТЕР,Собирать резюме,Task,no,Алексей_7,2025-08-24 23:38:04.498795,2025-08-26 16:41:04.498795,2463,,
de7779d3-7cc1-42ff-bf55-ed251e94a2ba,VAC-1133,CAND-10133,СИСТЕМА,Ожидание проверки резюме,Wait,yes,,2025-08-26 16:41:04.498795,2025-08-27 02:08:04.498795,567,,
de7779d3-7cc1-42ff-bf55-ed251e94a2ba,VAC-1133,CAND-10133,РЕКРУТЕР,Скрининг,Task,no,Дмитрий_2,2025-08-27 02:08:04.498795,2025-08-27 02:25:04.498795,17,passed,
de7779d3-7cc1-42ff-bf55-ed251e94a2ba,VAC-1133,CAND-10133,СИСТЕМА,Ожидание назначения интервью,Wait,yes,,2025-08-27 02:25:04.498795,2025-08-28 10:35:04.498795,1930,,
de7779d3-7cc1-42ff-bf55-ed251e94a2ba,VAC-1133,CAND-10133,ИНТЕРВЬЮЕРЫ,Назначить интервью,User Task,no,Анна_5,2025-08-28 10:35:04.498795,2025-08-28 11:01:04.498795,26,,
de7779d3-7cc1-42ff-bf55-ed251e94a2ba,VAC-1133,CAND-10133,СИСТЕМА,Ожидание интервью (раунд 1),Wait,yes,,2025-08-28 11:01:04.498795,2025-08-29 07:41:04.498795,1240,,
de7779d3-7cc1-42ff-bf55-ed251e94a2ba,VAC-1133,CAND-10133,ИНТЕРВЬЮЕРЫ,Интервью (раунд 1),User Task,no,Сергей_4,2025-08-29 07:41:04.498795,2025-08-29 09:34:04.498795,113,rejected,недостаточно навыков
e1313619-1b2c-4731-bb0b-18ce243a0b7e,VAC-1159,CAND-10159,РУКОВОДИТЕЛЬ,Создать заявку,User Task,no,Сидоров_8,2025-09-29 17:53:04.498795,2025-09-29 18:40:04.498795,47,,
e1313619-1b2c-4731-bb0b-18ce243a0b7e,VAC-1159,CAND-10159,СИСТЕМА,Ожидание обработки,Wait,yes,,2025-09-29 18:40:04.498795,2025-09-29 19:41:04.498795,61,,
e1313619-1b2c-4731-bb0b-18ce243a0b7e,VAC-1159,CAND-10159,HR,Зарегистрировать в HCM,Service Task,no,Наталья_8,2025-09-29 19:41:04.498795,2025-09-29 20:08:04.498795,27,,
e1313619-1b2c-4731-bb0b-18ce243a0b7e,VAC-1159,CAND-10159,РЕКРУТЕР,Разместить вакансию,Task,no,Дмитрий_2,2025-09-29 21:23:04.498795,2025-09-29 22:22:04.498795,59,,
e1313619-1b2c-4731-bb0b-18ce243a0b7e,VAC-1159,CAND-10159,РЕКРУТЕР,Собирать резюме,Task,no,Алексей_7,2025-09-29 23:22:04.498795,2025-10-02 16:12:04.498795,3890,,
e1313619-1b2c-4731-bb0b-18ce243a0b7e,VAC-1159,CAND-10159,СИСТЕМА,Ожидание проверки резюме,Wait,yes,,2025-10-02 16:12:04.498795,2025-10-03 00:47:04.498795,515,,
e1313619-1b2c-4731-bb0b-18ce243a0b7e,VAC-1159,CAND-10159,РЕКРУТЕР,Скрининг,Task,no,Екатерина_1,2025-10-03 00:47:04.498795,2025-10-03 01:12:04.498795,25,passed,
e1313619-1b2c-4731-bb0b-18ce243a0b7e,VAC-1159,CAND-10159,СИСТЕМА,Ожидание назначения интервью,Wait,yes,,2025-10-03 01:12:04.498795,2025-10-04 05:56:04.498795,1724,,
e1313619-1b2c-4731-bb0b-18ce243a0b7e,VAC-1159,CAND-10159,ИНТЕРВЬЮЕРЫ,Назначить интервью,User Task,no,Анна_1,2025-10-04 05:56:04.498795,2025-10-04 06:34:04.498795,38,,
e1313619-1b2c-4731-bb0b-18ce243a0b7e,VAC-1159,CAND-10159,СИСТЕМА,Ожидание интервью (раунд 1),Wait,yes,,2025-10-04 06:34:04.498795,2025-10-05 01:50:04.498795,1156,,
e1313619-1b2c-4731-bb0b-18ce243a0b7e,VAC-1159,CAND-10159,ИНТЕРВЬЮЕРЫ,Интервью (раунд 1),User Task,no,Сергей_7,2025-10-05 01:50:04.498795,2025-10-05 02:54:04.498795,64,passed,
e1313619-1b2c-4731-bb0b-18ce243a0b7e,VAC-1159,CAND-10159,СИСТЕМА,Ожидание интервью (раунд 2),Wait,yes,,2025-10-05 02:54:04.498795,2025-10-05 21:24:04.498795,1110,,
e1313619-1b2c-4731-bb0b-18ce243a0b7e,VAC-1159,CAND-10159,ИНТЕРВЬЮЕРЫ,Интервью (раунд 2),User Task,no,Андрей_6,2025-10-05 21:24:04.498795,2025-10-05 23:22:04.498795,118,passed,
e1313619-1b2c-4731-bb0b-18ce243a0b7e,VAC-1159,CAND-10159,СИСТЕМА,Ожидание интервью (раунд 3),Wait,yes,,2025-10-05 23:22:04.498795,2025-10-06 12:28:04.498795,786,,
e1313619-1b2c-4731-bb0b-18ce243a0b7e,VAC-1159,CAND-10159,ИНТЕРВЬЮЕРЫ,Интервью (раунд 3),User Task,no,Анна_5,2025-10-06 12:28:04.498795,2025-10-06 14:25:04.498795,117,rejected,поведенческий
e5b12336-061a-4d28-a0fb-6db117f77bed,VAC-1080,CAND-10080,РУКОВОДИТЕЛЬ,Создать заявку,User Task,no,Петров_3,2025-10-09 17:08:04.498795,2025-10-09 17:45:04.498795,37,,
e5b12336-061a-4d28-a0fb-6db117f77bed,VAC-1080,CAND-10080,СИСТЕМА,Ожидание обработки,Wait,yes,,2025-10-09 17:45:04.498795,2025-10-09 18:36:04.498795,51,,
e5b12336-061a-4d28-a0fb-6db117f77bed,VAC-1080,CAND-10080,HR,Зарегистрировать в HCM,Service Task,no,Марина_2,2025-10-09 18:36:04.498795,2025-10-09 18:54:04.498795,18,,
e5b12336-061a-4d28-a0fb-6db117f77bed,VAC-1080,CAND-10080,РЕКРУТЕР,Разместить вакансию,Task,no,Екатерина_5,2025-10-09 20:27:04.498795,2025-10-09 21:57:04.498795,90,,
e5b12336-061a-4d28-a0fb-6db117f77bed,VAC-1080,CAND-10080,РЕКРУТЕР,Собирать резюме,Task,no,Алексей_5,2025-10-09 22:57:04.498795,2025-10-12 22:05:04.498795,4268,,
e5b12336-061a-4d28-a0fb-6db117f77bed,VAC-1080,CAND-10080,СИСТЕМА,Ожидание проверки резюме,Wait,yes,,2025-10-12 22:05:04.498795,2025-10-13 04:35:04.498795,390,,
e5b12336-061a-4d28-a0fb-6db117f77bed,VAC-1080,CAND-10080,РЕКРУТЕР,Скрининг,Task,no,Екатерина_9,2025-10-13 04:35:04.498795,2025-10-13 05:01:04.498795,26,passed,
e5b12336-061a-4d28-a0fb-6db117f77bed,VAC-1080,CAND-10080,СИСТЕМА,Ожидание назначения интервью,Wait,yes,,2025-10-13 05:01:04.498795,2025-10-14 18:23:04.498795,2242,,
e5b12336-061a-4d28-a0fb-6db117f77bed,VAC-1080,CAND-10080,ИНТЕРВЬЮЕРЫ,Назначить интервью,User Task,no,Анна_1,2025-10-14 18:23:04.498795,2025-10-14 18:42:04.498795,19,,
e5b12336-061a-4d28-a0fb-6db117f77bed,VAC-1080,CAND-10080,СИСТЕМА,Ожидание интервью (раунд 1),Wait,yes,,2025-10-14 18:42:04.498795,2025-10-15 16:14:04.498795,1292,,
e5b12336-061a-4d28-a0fb-6db117f77bed,VAC-1080,CAND-10080,ИНТЕРВЬЮЕРЫ,Интервью (раунд 1),User Task,no,Андрей_4,2025-10-15 16:14:04.498795,2025-10-15 17:29:04.498795,75,passed,
e5b12336-061a-4d28-a0fb-6db117f77bed,VAC-1080,CAND-10080,СИСТЕМА,Ожидание интервью (раунд 2),Wait,yes,,2025-10-15 17:29:04.498795,2025-10-16 10:00:04.498795,991,,
e5b12336-061a-4d28-a0fb-6db117f77bed,VAC-1080,CAND-10080,ИНТЕРВЬЮЕРЫ,Интервью (раунд 2),User Task,no,Андрей_6,2025-10-16 10:00:04.498795,2025-10-16 10:54:04.498795,54,passed,
e5b12336-061a-4d28-a0fb-6db117f77bed,VAC-1080,CAND-10080,СИСТЕМА,Ожидание интервью (раунд 3),Wait,yes,,2025-10-16 10:54:04.498795,2025-10-17 10:50:04.498795,1436,,
e5b12336-061a-4d28-a0fb-6db117f77bed,VAC-1080,CAND-10080,ИНТЕРВЬЮЕРЫ,Интервью (раунд 3),User Task,no,Анна_7,2025-10-17 10:50:04.498795,2025-10-17 12:15:04.498795,85,passed,
e5b12336-061a-4d28-a0fb-6db117f77bed,VAC-1080,CAND-10080,ИНТЕРВЬЮЕРЫ,Финальное интервью,User Task,no,Сергей_2,2025-10-18 02:29:04.498795,2025-10-18 04:23:04.498795,114,passed,
e5b12336-061a-4d28-a0fb-6db117f77bed,VAC-1080,CAND-10080,HR (ОФФЕР),Согласовать условия,User Task,no,Наталья_1,2025-10-18 05:27:04.498795,2025-10-18 08:57:04.498795,210,,
e5b12336-061a-4d28-a0fb-6db117f77bed,VAC-1080,CAND-10080,HR (ОФФЕР),Сгенерировать оффер,Service Task,no,Наталья_1,2025-10-18 09:17:04.498795,2025-10-18 09:30:04.498795,13,,
e5b12336-061a-4d28-a0fb-6db117f77bed,VAC-1080,CAND-10080,HR (ОФФЕР),Отправить оффер,Send Task,no,Наталья_7,2025-10-18 09:35:04.498795,2025-10-18 09:45:04.498795,10,sent,
e5b12336-061a-4d28-a0fb-6db117f77bed,VAC-1080,CAND-10080,HR (ОФФЕР),Ожидание ответа (3д),Timer,yes,,2025-10-18 09:45:04.498795,2025-10-21 09:45:04.498795,4320,timer_elapsed,
e5b12336-061a-4d28-a0fb-6db117f77bed,VAC-1080,CAND-10080,SECURITY,Background Check,Call Activity,no,Служба_БД_7,2025-10-21 12:45:04.498795,2025-10-26 09:09:04.498795,6984,report_ready,
e5b12336-061a-4d28-a0fb-6db117f77bed,VAC-1080,CAND-10080,IT,Выдача оборудования,Task,no,IT_Specialist_5,2025-10-26 10:09:04.498795,2025-10-26 11:19:04.498795,70,,
e5b12336-061a-4d28-a0fb-6db117f77bed,VAC-1080,CAND-10080,IT,Создать доступы,Task,no,IT_Specialist_2,2025-10-26 11:49:04.498795,2025-10-26 12:29:04.498795,40,,
e5b12336-061a-4d28-a0fb-6db117f77bed,VAC-1080,CAND-10080,IT,Вводное обучение,Service Task,no,Наталья_3,2025-10-26 14:29:04.498795,2025-10-26 21:50:04.498795,441,,
e5b12336-061a-4d28-a0fb-6db117f77bed,VAC-1080,CAND-10080,HR,Назначить ментора,Task,no,Ольга_7,2025-10-26 22:50:04.498795,2025-10-26 23:54:04.498795,64,,
e5b12336-061a-4d28-a0fb-6db117f77bed,VAC-1080,CAND-10080,HR,Уведомить всех,Message,no,system,2025-10-27 00:14:04.498795,2025-10-27 00:19:04.498795,5,notified,
e5b12336-061a-4d28-a0fb-6db117f77bed,VAC-1080,CAND-10080,HR,Обновить HCM,Service Task,no,Марина_2,2025-10-27 00:49:04.498795,2025-10-27 01:09:04.498795,20,,
e5b12336-061a-4d28-a0fb-6db117f77bed,VAC-1080,CAND-10080,HR,Payroll,Service Task,no,Ольга_7,2025-10-27 01:39:04.498795,2025-10-27 01:59:04.498795,20,,
e5b12336-061a-4d28-a0fb-6db117f77bed,VAC-1080,CAND-10080,HR,Закрыть вакансию,Service Task,no,Марина_4,2025-10-27 02:19:04.498795,2025-10-27 02:24:04.498795,5,,
e6cd7073-a3b2-46a1-9e74-d2be889a29ad,VAC-1192,CAND-10192,РУКОВОДИТЕЛЬ,Создать заявку,User Task,no,Иванов_1,2025-10-12 15:06:04.498795,2025-10-12 15:19:04.498795,13,,
e6cd7073-a3b2-46a1-9e74-d2be889a29ad,VAC-1192,CAND-10192,СИСТЕМА,Ожидание обработки,Wait,yes,,2025-10-12 15:19:04.498795,2025-10-12 15:55:04.498795,36,,
e6cd7073-a3b2-46a1-9e74-d2be889a29ad,VAC-1192,CAND-10192,HR,Зарегистрировать в HCM,Service Task,no,Ольга_6,2025-10-12 15:55:04.498795,2025-10-12 16:31:04.498795,36,,
e6cd7073-a3b2-46a1-9e74-d2be889a29ad,VAC-1192,CAND-10192,РЕКРУТЕР,Разместить вакансию,Task,no,Екатерина_6,2025-10-12 19:30:04.498795,2025-10-12 19:53:04.498795,23,,
e6cd7073-a3b2-46a1-9e74-d2be889a29ad,VAC-1192,CAND-10192,РЕКРУТЕР,Собирать резюме,Task,no,Алексей_7,2025-10-12 20:53:04.498795,2025-10-14 22:51:04.498795,2998,,
e6cd7073-a3b2-46a1-9e74-d2be889a29ad,VAC-1192,CAND-10192,СИСТЕМА,Ожидание проверки резюме,Wait,yes,,2025-10-14 22:51:04.498795,2025-10-15 07:44:04.498795,533,,
e6cd7073-a3b2-46a1-9e74-d2be889a29ad,VAC-1192,CAND-10192,РЕКРУТЕР,Скрининг,Task,no,Дмитрий_6,2025-10-15 07:44:04.498795,2025-10-15 08:05:04.498795,21,passed,
e6cd7073-a3b2-46a1-9e74-d2be889a29ad,VAC-1192,CAND-10192,СИСТЕМА,Ожидание назначения интервью,Wait,yes,,2025-10-15 08:05:04.498795,2025-10-16 16:25:04.498795,1940,,
e6cd7073-a3b2-46a1-9e74-d2be889a29ad,VAC-1192,CAND-10192,ИНТЕРВЬЮЕРЫ,Назначить интервью,User Task,no,Андрей_5,2025-10-16 16:25:04.498795,2025-10-16 16:42:04.498795,17,,
e6cd7073-a3b2-46a1-9e74-d2be889a29ad,VAC-1192,CAND-10192,СИСТЕМА,Ожидание интервью (раунд 1),Wait,yes,,2025-10-16 16:42:04.498795,2025-10-17 16:14:04.498795,1412,,
e6cd7073-a3b2-46a1-9e74-d2be889a29ad,VAC-1192,CAND-10192,ИНТЕРВЬЮЕРЫ,Интервью (раунд 1),User Task,no,Андрей_6,2025-10-17 16:14:04.498795,2025-10-17 17:07:04.498795,53,rejected,недостаточно навыков
e773e657-4ca2-4dd5-8d46-facdc6a69652,VAC-1093,CAND-10093,РУКОВОДИТЕЛЬ,Создать заявку,User Task,no,Петров_1,2025-10-04 18:22:04.498795,2025-10-04 19:10:04.498795,48,,
e773e657-4ca2-4dd5-8d46-facdc6a69652,VAC-1093,CAND-10093,СИСТЕМА,Ожидание обработки,Wait,yes,,2025-10-04 19:10:04.498795,2025-10-04 19:52:04.498795,42,,
e773e657-4ca2-4dd5-8d46-facdc6a69652,VAC-1093,CAND-10093,HR,Зарегистрировать в HCM,Service Task,no,Ольга_3,2025-10-04 19:52:04.498795,2025-10-04 20:10:04.498795,18,,
e773e657-4ca2-4dd5-8d46-facdc6a69652,VAC-1093,CAND-10093,РЕКРУТЕР,Разместить вакансию,Task,no,Дмитрий_6,2025-10-04 22:22:04.498795,2025-10-04 22:46:04.498795,24,,
e773e657-4ca2-4dd5-8d46-facdc6a69652,VAC-1093,CAND-10093,РЕКРУТЕР,Собирать резюме,Task,no,Алексей_1,2025-10-04 23:46:04.498795,2025-10-07 22:54:04.498795,4268,,
e773e657-4ca2-4dd5-8d46-facdc6a69652,VAC-1093,CAND-10093,СИСТЕМА,Ожидание проверки резюме,Wait,yes,,2025-10-07 22:54:04.498795,2025-10-08 10:00:04.498795,666,,
e773e657-4ca2-4dd5-8d46-facdc6a69652,VAC-1093,CAND-10093,РЕКРУТЕР,Скрининг,Task,no,Дмитрий_6,2025-10-08 10:00:04.498795,2025-10-08 10:39:04.498795,39,passed,
e773e657-4ca2-4dd5-8d46-facdc6a69652,VAC-1093,CAND-10093,СИСТЕМА,Ожидание назначения интервью,Wait,yes,,2025-10-08 10:39:04.498795,2025-10-09 20:59:04.498795,2060,,
e773e657-4ca2-4dd5-8d46-facdc6a69652,VAC-1093,CAND-10093,ИНТЕРВЬЮЕРЫ,Назначить интервью,User Task,no,Сергей_8,2025-10-09 20:59:04.498795,2025-10-09 21:18:04.498795,19,,
e773e657-4ca2-4dd5-8d46-facdc6a69652,VAC-1093,CAND-10093,СИСТЕМА,Ожидание интервью (раунд 1),Wait,yes,,2025-10-09 21:18:04.498795,2025-10-10 16:59:04.498795,1181,,
e773e657-4ca2-4dd5-8d46-facdc6a69652,VAC-1093,CAND-10093,ИНТЕРВЬЮЕРЫ,Интервью (раунд 1),User Task,no,Андрей_3,2025-10-10 16:59:04.498795,2025-10-10 17:56:04.498795,57,rejected,поведенческий
e7975a47-e3f6-4723-a691-d74367d374b1,VAC-1117,CAND-10117,РУКОВОДИТЕЛЬ,Создать заявку,User Task,no,Сидоров_9,2025-10-09 14:54:04.498795,2025-10-09 15:33:04.498795,39,,
e7975a47-e3f6-4723-a691-d74367d374b1,VAC-1117,CAND-10117,СИСТЕМА,Ожидание обработки,Wait,yes,,2025-10-09 15:33:04.498795,2025-10-09 16:04:04.498795,31,,
e7975a47-e3f6-4723-a691-d74367d374b1,VAC-1117,CAND-10117,HR,Зарегистрировать в HCM,Service Task,no,Ольга_9,2025-10-09 16:04:04.498795,2025-10-09 16:26:04.498795,22,,
e7975a47-e3f6-4723-a691-d74367d374b1,VAC-1117,CAND-10117,РЕКРУТЕР,Разместить вакансию,Task,no,Алексей_3,2025-10-09 16:58:04.498795,2025-10-09 18:42:04.498795,104,,
e7975a47-e3f6-4723-a691-d74367d374b1,VAC-1117,CAND-10117,РЕКРУТЕР,Собирать резюме,Task,no,Алексей_8,2025-10-09 19:42:04.498795,2025-10-12 06:47:04.498795,3545,,
e7975a47-e3f6-4723-a691-d74367d374b1,VAC-1117,CAND-10117,СИСТЕМА,Ожидание проверки резюме,Wait,yes,,2025-10-12 06:47:04.498795,2025-10-12 12:30:04.498795,343,,
e7975a47-e3f6-4723-a691-d74367d374b1,VAC-1117,CAND-10117,РЕКРУТЕР,Скрининг,Task,no,Екатерина_3,2025-10-12 12:30:04.498795,2025-10-12 12:45:04.498795,15,rejected,некорректное резюме
e8ac0a04-50a9-4169-bb0e-532e8ebb013e,VAC-1008,CAND-10008,РУКОВОДИТЕЛЬ,Создать заявку,User Task,no,Сидоров_4,2025-10-06 14:11:04.498795,2025-10-06 14:28:04.498795,17,,
e8ac0a04-50a9-4169-bb0e-532e8ebb013e,VAC-1008,CAND-10008,СИСТЕМА,Ожидание обработки,Wait,yes,,2025-10-06 14:28:04.498795,2025-10-06 16:02:04.498795,94,,
e8ac0a04-50a9-4169-bb0e-532e8ebb013e,VAC-1008,CAND-10008,HR,Зарегистрировать в HCM,Service Task,no,Наталья_2,2025-10-06 16:02:04.498795,2025-10-06 16:31:04.498795,29,,
e8ac0a04-50a9-4169-bb0e-532e8ebb013e,VAC-1008,CAND-10008,РЕКРУТЕР,Разместить вакансию,Task,no,Екатерина_9,2025-10-06 18:48:04.498795,2025-10-06 20:32:04.498795,104,,
e8ac0a04-50a9-4169-bb0e-532e8ebb013e,VAC-1008,CAND-10008,РЕКРУТЕР,Собирать резюме,Task,no,Дмитрий_4,2025-10-06 21:32:04.498795,2025-10-08 19:07:04.498795,2735,,
e8ac0a04-50a9-4169-bb0e-532e8ebb013e,VAC-1008,CAND-10008,СИСТЕМА,Ожидание проверки резюме,Wait,yes,,2025-10-08 19:07:04.498795,2025-10-09 03:28:04.498795,501,,
e8ac0a04-50a9-4169-bb0e-532e8ebb013e,VAC-1008,CAND-10008,РЕКРУТЕР,Скрининг,Task,no,Дмитрий_7,2025-10-09 03:28:04.498795,2025-10-09 03:45:04.498795,17,passed,
e8ac0a04-50a9-4169-bb0e-532e8ebb013e,VAC-1008,CAND-10008,СИСТЕМА,Ожидание назначения интервью,Wait,yes,,2025-10-09 03:45:04.498795,2025-10-11 01:46:04.498795,2761,,
e8ac0a04-50a9-4169-bb0e-532e8ebb013e,VAC-1008,CAND-10008,ИНТЕРВЬЮЕРЫ,Назначить интервью,User Task,no,Сергей_6,2025-10-11 01:46:04.498795,2025-10-11 02:05:04.498795,19,,
e8ac0a04-50a9-4169-bb0e-532e8ebb013e,VAC-1008,CAND-10008,СИСТЕМА,Ожидание интервью (раунд 1),Wait,yes,,2025-10-11 02:05:04.498795,2025-10-12 02:03:04.498795,1438,,
e8ac0a04-50a9-4169-bb0e-532e8ebb013e,VAC-1008,CAND-10008,ИНТЕРВЬЮЕРЫ,Интервью (раунд 1),User Task,no,Анна_2,2025-10-12 02:03:04.498795,2025-10-12 02:57:04.498795,54,passed,
e8ac0a04-50a9-4169-bb0e-532e8ebb013e,VAC-1008,CAND-10008,СИСТЕМА,Ожидание интервью (раунд 2),Wait,yes,,2025-10-12 02:57:04.498795,2025-10-12 12:12:04.498795,555,,
e8ac0a04-50a9-4169-bb0e-532e8ebb013e,VAC-1008,CAND-10008,ИНТЕРВЬЮЕРЫ,Интервью (раунд 2),User Task,no,Сергей_3,2025-10-12 12:12:04.498795,2025-10-12 14:05:04.498795,113,passed,
e8ac0a04-50a9-4169-bb0e-532e8ebb013e,VAC-1008,CAND-10008,СИСТЕМА,Ожидание интервью (раунд 3),Wait,yes,,2025-10-12 14:05:04.498795,2025-10-13 14:00:04.498795,1435,,
e8ac0a04-50a9-4169-bb0e-532e8ebb013e,VAC-1008,CAND-10008,ИНТЕРВЬЮЕРЫ,Интервью (раунд 3),User Task,no,Андрей_6,2025-10-13 14:00:04.498795,2025-10-13 15:29:04.498795,89,rejected,поведенческий
ea02449e-a523-4fea-b3dc-9fe2f7648de4,VAC-1040,CAND-10040,РУКОВОДИТЕЛЬ,Создать заявку,User Task,no,Петров_5,2025-09-26 19:56:04.498795,2025-09-26 20:29:04.498795,33,,
ea02449e-a523-4fea-b3dc-9fe2f7648de4,VAC-1040,CAND-10040,СИСТЕМА,Ожидание обработки,Wait,yes,,2025-09-26 20:29:04.498795,2025-09-26 21:38:04.498795,69,,
ea02449e-a523-4fea-b3dc-9fe2f7648de4,VAC-1040,CAND-10040,HR,Зарегистрировать в HCM,Service Task,no,Ольга_1,2025-09-26 21:38:04.498795,2025-09-26 22:01:04.498795,23,,
ea02449e-a523-4fea-b3dc-9fe2f7648de4,VAC-1040,CAND-10040,РЕКРУТЕР,Разместить вакансию,Task,no,Дмитрий_2,2025-09-26 23:56:04.498795,2025-09-27 00:24:04.498795,28,,
ea02449e-a523-4fea-b3dc-9fe2f7648de4,VAC-1040,CAND-10040,РЕКРУТЕР,Собирать резюме,Task,no,Екатерина_7,2025-09-27 01:24:04.498795,2025-09-29 15:29:04.498795,3725,,
ea02449e-a523-4fea-b3dc-9fe2f7648de4,VAC-1040,CAND-10040,СИСТЕМА,Ожидание проверки резюме,Wait,yes,,2025-09-29 15:29:04.498795,2025-09-29 23:19:04.498795,470,,
ea02449e-a523-4fea-b3dc-9fe2f7648de4,VAC-1040,CAND-10040,РЕКРУТЕР,Скрининг,Task,no,Екатерина_3,2025-09-29 23:19:04.498795,2025-09-29 23:37:04.498795,18,passed,
ea02449e-a523-4fea-b3dc-9fe2f7648de4,VAC-1040,CAND-10040,СИСТЕМА,Ожидание назначения интервью,Wait,yes,,2025-09-29 23:37:04.498795,2025-10-01 19:30:04.498795,2633,,
ea02449e-a523-4fea-b3dc-9fe2f7648de4,VAC-1040,CAND-10040,ИНТЕРВЬЮЕРЫ,Назначить интервью,User Task,no,Андрей_6,2025-10-01 19:30:04.498795,2025-10-01 20:01:04.498795,31,,
ea02449e-a523-4fea-b3dc-9fe2f7648de4,VAC-1040,CAND-10040,СИСТЕМА,Ожидание интервью (раунд 1),Wait,yes,,2025-10-01 20:01:04.498795,2025-10-02 15:12:04.498795,1151,,
ea02449e-a523-4fea-b3dc-9fe2f7648de4,VAC-1040,CAND-10040,ИНТЕРВЬЮЕРЫ,Интервью (раунд 1),User Task,no,Анна_2,2025-10-02 15:12:04.498795,2025-10-02 16:47:04.498795,95,passed,
ea02449e-a523-4fea-b3dc-9fe2f7648de4,VAC-1040,CAND-10040,СИСТЕМА,Ожидание интервью (раунд 2),Wait,yes,,2025-10-02 16:47:04.498795,2025-10-03 06:04:04.498795,797,,
ea02449e-a523-4fea-b3dc-9fe2f7648de4,VAC-1040,CAND-10040,ИНТЕРВЬЮЕРЫ,Интервью (раунд 2),User Task,no,Сергей_3,2025-10-03 06:04:04.498795,2025-10-03 08:00:04.498795,116,passed,
ea02449e-a523-4fea-b3dc-9fe2f7648de4,VAC-1040,CAND-10040,ИНТЕРВЬЮЕРЫ,Финальное интервью,User Task,no,Анна_7,2025-10-04 03:26:04.498795,2025-10-04 05:18:04.498795,112,passed,
ea02449e-a523-4fea-b3dc-9fe2f7648de4,VAC-1040,CAND-10040,HR (ОФФЕР),Согласовать условия,User Task,no,Наталья_6,2025-10-04 08:28:04.498795,2025-10-04 11:00:04.498795,152,,
ea02449e-a523-4fea-b3dc-9fe2f7648de4,VAC-1040,CAND-10040,HR (ОФФЕР),Сгенерировать оффер,Service Task,no,Наталья_4,2025-10-04 11:20:04.498795,2025-10-04 11:34:04.498795,14,,
ea02449e-a523-4fea-b3dc-9fe2f7648de4,VAC-1040,CAND-10040,HR (ОФФЕР),Отправить оффер,Send Task,no,Ольга_8,2025-10-04 11:39:04.498795,2025-10-04 11:49:04.498795,10,sent,
ea02449e-a523-4fea-b3dc-9fe2f7648de4,VAC-1040,CAND-10040,HR (ОФФЕР),Ожидание ответа (1д),Timer,yes,,2025-10-04 11:49:04.498795,2025-10-05 11:49:04.498795,1440,timer_elapsed,
ea02449e-a523-4fea-b3dc-9fe2f7648de4,VAC-1040,CAND-10040,SECURITY,Background Check,Call Activity,no,Служба_БД_2,2025-10-05 14:49:04.498795,2025-10-08 09:35:04.498795,4006,report_ready,
ea02449e-a523-4fea-b3dc-9fe2f7648de4,VAC-1040,CAND-10040,IT,Выдача оборудования,Task,no,IT_Specialist_9,2025-10-08 10:35:04.498795,2025-10-08 13:15:04.498795,160,,
ea02449e-a523-4fea-b3dc-9fe2f7648de4,VAC-1040,CAND-10040,IT,Создать доступы,Task,no,IT_Specialist_6,2025-10-08 13:45:04.498795,2025-10-08 15:24:04.498795,99,,
ea02449e-a523-4fea-b3dc-9fe2f7648de4,VAC-1040,CAND-10040,IT,Вводное обучение,Service Task,no,Марина_7,2025-10-08 17:24:04.498795,2025-10-08 21:31:04.498795,247,,
ea02449e-a523-4fea-b3dc-9fe2f7648de4,VAC-1040,CAND-10040,HR,Назначить ментора,Task,no,Наталья_3,2025-10-08 22:31:04.498795,2025-10-08 23:10:04.498795,39,,
ea02449e-a523-4fea-b3dc-9fe2f7648de4,VAC-1040,CAND-10040,HR,Уведомить всех,Message,no,system,2025-10-08 23:30:04.498795,2025-10-08 23:35:04.498795,5,notified,
ea02449e-a523-4fea-b3dc-9fe2f7648de4,VAC-1040,CAND-10040,HR,Обновить HCM,Service Task,no,Марина_3,2025-10-09 00:05:04.498795,2025-10-09 00:25:04.498795,20,,
ea02449e-a523-4fea-b3dc-9fe2f7648de4,VAC-1040,CAND-10040,HR,Payroll,Service Task,no,Марина_8,2025-10-09 00:55:04.498795,2025-10-09 01:15:04.498795,20,,
ea02449e-a523-4fea-b3dc-9fe2f7648de4,VAC-1040,CAND-10040,HR,Закрыть вакансию,Service Task,no,Наталья_7,2025-10-09 01:35:04.498795,2025-10-09 01:40:04.498795,5,,
ea059f91-d6bd-423f-a92f-30d6e7521d50,VAC-1081,CAND-10081,РУКОВОДИТЕЛЬ,Создать заявку,User Task,no,Иванов_8,2025-08-27 13:51:04.498795,2025-08-27 14:28:04.498795,37,,
ea059f91-d6bd-423f-a92f-30d6e7521d50,VAC-1081,CAND-10081,СИСТЕМА,Ожидание обработки,Wait,yes,,2025-08-27 14:28:04.498795,2025-08-27 16:06:04.498795,98,,
ea059f91-d6bd-423f-a92f-30d6e7521d50,VAC-1081,CAND-10081,HR,Зарегистрировать в HCM,Service Task,no,Наталья_5,2025-08-27 16:06:04.498795,2025-08-27 16:35:04.498795,29,,
ea059f91-d6bd-423f-a92f-30d6e7521d50,VAC-1081,CAND-10081,РЕКРУТЕР,Разместить вакансию,Task,no,Алексей_3,2025-08-27 17:49:04.498795,2025-08-27 18:24:04.498795,35,,
ea059f91-d6bd-423f-a92f-30d6e7521d50,VAC-1081,CAND-10081,РЕКРУТЕР,Собирать резюме,Task,no,Алексей_3,2025-08-27 19:24:04.498795,2025-08-30 19:17:04.498795,4313,,
ea059f91-d6bd-423f-a92f-30d6e7521d50,VAC-1081,CAND-10081,СИСТЕМА,Ожидание проверки резюме,Wait,yes,,2025-08-30 19:17:04.498795,2025-08-31 06:45:04.498795,688,,
ea059f91-d6bd-423f-a92f-30d6e7521d50,VAC-1081,CAND-10081,РЕКРУТЕР,Скрининг,Task,no,Дмитрий_9,2025-08-31 06:45:04.498795,2025-08-31 07:25:04.498795,40,passed,
ea059f91-d6bd-423f-a92f-30d6e7521d50,VAC-1081,CAND-10081,СИСТЕМА,Ожидание назначения интервью,Wait,yes,,2025-08-31 07:25:04.498795,2025-09-01 16:15:04.498795,1970,,
ea059f91-d6bd-423f-a92f-30d6e7521d50,VAC-1081,CAND-10081,ИНТЕРВЬЮЕРЫ,Назначить интервью,User Task,no,Сергей_3,2025-09-01 16:15:04.498795,2025-09-01 16:30:04.498795,15,,
ea059f91-d6bd-423f-a92f-30d6e7521d50,VAC-1081,CAND-10081,СИСТЕМА,Ожидание интервью (раунд 1),Wait,yes,,2025-09-01 16:30:04.498795,2025-09-02 15:24:04.498795,1374,,
ea059f91-d6bd-423f-a92f-30d6e7521d50,VAC-1081,CAND-10081,ИНТЕРВЬЮЕРЫ,Интервью (раунд 1),User Task,no,Андрей_1,2025-09-02 15:24:04.498795,2025-09-02 16:43:04.498795,79,passed,
ea059f91-d6bd-423f-a92f-30d6e7521d50,VAC-1081,CAND-10081,СИСТЕМА,Ожидание интервью (раунд 2),Wait,yes,,2025-09-02 16:43:04.498795,2025-09-03 06:26:04.498795,823,,
ea059f91-d6bd-423f-a92f-30d6e7521d50,VAC-1081,CAND-10081,ИНТЕРВЬЮЕРЫ,Интервью (раунд 2),User Task,no,Андрей_5,2025-09-03 06:26:04.498795,2025-09-03 08:05:04.498795,99,passed,
ea059f91-d6bd-423f-a92f-30d6e7521d50,VAC-1081,CAND-10081,ИНТЕРВЬЮЕРЫ,Финальное интервью,User Task,no,Сергей_8,2025-09-04 04:14:04.498795,2025-09-04 06:12:04.498795,118,passed,
ea059f91-d6bd-423f-a92f-30d6e7521d50,VAC-1081,CAND-10081,HR (ОФФЕР),Согласовать условия,User Task,no,Наталья_8,2025-09-04 09:22:04.498795,2025-09-04 11:54:04.498795,152,,
ea059f91-d6bd-423f-a92f-30d6e7521d50,VAC-1081,CAND-10081,HR (ОФФЕР),Сгенерировать оффер,Service Task,no,Наталья_6,2025-09-04 12:14:04.498795,2025-09-04 12:37:04.498795,23,,
ea059f91-d6bd-423f-a92f-30d6e7521d50,VAC-1081,CAND-10081,HR (ОФФЕР),Отправить оффер,Send Task,no,Наталья_5,2025-09-04 12:42:04.498795,2025-09-04 12:52:04.498795,10,sent,
ea059f91-d6bd-423f-a92f-30d6e7521d50,VAC-1081,CAND-10081,HR (ОФФЕР),Ожидание ответа (1д),Timer,yes,,2025-09-04 12:52:04.498795,2025-09-05 12:52:04.498795,1440,timer_elapsed,
ea059f91-d6bd-423f-a92f-30d6e7521d50,VAC-1081,CAND-10081,HR (ОФФЕР),Переговоры / отказ,Task,no,Марина_2,2025-09-05 14:52:04.498795,2025-09-05 18:44:04.498795,232,rejected,
ea0b9d81-92c7-4a59-97a0-97b01cfd7b96,VAC-1145,CAND-10145,РУКОВОДИТЕЛЬ,Создать заявку,User Task,no,Петров_1,2025-09-14 12:05:04.498795,2025-09-14 12:43:04.498795,38,,
ea0b9d81-92c7-4a59-97a0-97b01cfd7b96,VAC-1145,CAND-10145,СИСТЕМА,Ожидание обработки,Wait,yes,,2025-09-14 12:43:04.498795,2025-09-14 13:45:04.498795,62,,
ea0b9d81-92c7-4a59-97a0-97b01cfd7b96,VAC-1145,CAND-10145,HR,Зарегистрировать в HCM,Service Task,no,Марина_9,2025-09-14 13:45:04.498795,2025-09-14 14:01:04.498795,16,,
ea0b9d81-92c7-4a59-97a0-97b01cfd7b96,VAC-1145,CAND-10145,РЕКРУТЕР,Разместить вакансию,Task,no,Екатерина_9,2025-09-14 15:25:04.498795,2025-09-14 16:11:04.498795,46,,
ea0b9d81-92c7-4a59-97a0-97b01cfd7b96,VAC-1145,CAND-10145,РЕКРУТЕР,Собирать резюме,Task,no,Екатерина_8,2025-09-14 17:11:04.498795,2025-09-16 10:50:04.498795,2499,,
ea0b9d81-92c7-4a59-97a0-97b01cfd7b96,VAC-1145,CAND-10145,СИСТЕМА,Ожидание проверки резюме,Wait,yes,,2025-09-16 10:50:04.498795,2025-09-16 16:14:04.498795,324,,
ea0b9d81-92c7-4a59-97a0-97b01cfd7b96,VAC-1145,CAND-10145,РЕКРУТЕР,Скрининг,Task,no,Екатерина_1,2025-09-16 16:14:04.498795,2025-09-16 16:46:04.498795,32,passed,
ea0b9d81-92c7-4a59-97a0-97b01cfd7b96,VAC-1145,CAND-10145,СИСТЕМА,Ожидание назначения интервью,Wait,yes,,2025-09-16 16:46:04.498795,2025-09-18 15:24:04.498795,2798,,
ea0b9d81-92c7-4a59-97a0-97b01cfd7b96,VAC-1145,CAND-10145,ИНТЕРВЬЮЕРЫ,Назначить интервью,User Task,no,Андрей_5,2025-09-18 15:24:04.498795,2025-09-18 15:50:04.498795,26,,
ea0b9d81-92c7-4a59-97a0-97b01cfd7b96,VAC-1145,CAND-10145,СИСТЕМА,Ожидание интервью (раунд 1),Wait,yes,,2025-09-18 15:50:04.498795,2025-09-19 04:40:04.498795,770,,
ea0b9d81-92c7-4a59-97a0-97b01cfd7b96,VAC-1145,CAND-10145,ИНТЕРВЬЮЕРЫ,Интервью (раунд 1),User Task,no,Анна_5,2025-09-19 04:40:04.498795,2025-09-19 05:50:04.498795,70,passed,
ea0b9d81-92c7-4a59-97a0-97b01cfd7b96,VAC-1145,CAND-10145,ИНТЕРВЬЮЕРЫ,Финальное интервью,User Task,no,Андрей_2,2025-09-19 14:44:04.498795,2025-09-19 16:28:04.498795,104,passed,
ea0b9d81-92c7-4a59-97a0-97b01cfd7b96,VAC-1145,CAND-10145,HR (ОФФЕР),Согласовать условия,User Task,no,Ольга_6,2025-09-19 19:07:04.498795,2025-09-19 22:56:04.498795,229,,
ea0b9d81-92c7-4a59-97a0-97b01cfd7b96,VAC-1145,CAND-10145,HR (ОФФЕР),Сгенерировать оффер,Service Task,no,Наталья_5,2025-09-19 23:16:04.498795,2025-09-19 23:24:04.498795,8,,
ea0b9d81-92c7-4a59-97a0-97b01cfd7b96,VAC-1145,CAND-10145,HR (ОФФЕР),Отправить оффер,Send Task,no,Марина_7,2025-09-19 23:29:04.498795,2025-09-19 23:39:04.498795,10,sent,
ea0b9d81-92c7-4a59-97a0-97b01cfd7b96,VAC-1145,CAND-10145,HR (ОФФЕР),Ожидание ответа (1д),Timer,yes,,2025-09-19 23:39:04.498795,2025-09-20 23:39:04.498795,1440,timer_elapsed,
ea0b9d81-92c7-4a59-97a0-97b01cfd7b96,VAC-1145,CAND-10145,HR (ОФФЕР),Переговоры / отказ,Task,no,Марина_2,2025-09-21 01:39:04.498795,2025-09-21 04:49:04.498795,190,rejected,
ea528703-7151-4048-a176-e7b8fecaea59,VAC-1115,CAND-10115,РУКОВОДИТЕЛЬ,Создать заявку,User Task,no,Сидоров_3,2025-09-14 20:28:04.498795,2025-09-14 20:57:04.498795,29,,
ea528703-7151-4048-a176-e7b8fecaea59,VAC-1115,CAND-10115,СИСТЕМА,Ожидание обработки,Wait,yes,,2025-09-14 20:57:04.498795,2025-09-14 22:29:04.498795,92,,
ea528703-7151-4048-a176-e7b8fecaea59,VAC-1115,CAND-10115,HR,Зарегистрировать в HCM,Service Task,no,Ольга_6,2025-09-14 22:29:04.498795,2025-09-14 22:57:04.498795,28,,
ea528703-7151-4048-a176-e7b8fecaea59,VAC-1115,CAND-10115,РЕКРУТЕР,Разместить вакансию,Task,no,Алексей_6,2025-09-15 01:16:04.498795,2025-09-15 01:57:04.498795,41,,
ea528703-7151-4048-a176-e7b8fecaea59,VAC-1115,CAND-10115,РЕКРУТЕР,Собирать резюме,Task,no,Алексей_7,2025-09-15 02:57:04.498795,2025-09-16 19:45:04.498795,2448,,
ea528703-7151-4048-a176-e7b8fecaea59,VAC-1115,CAND-10115,СИСТЕМА,Ожидание проверки резюме,Wait,yes,,2025-09-16 19:45:04.498795,2025-09-17 03:28:04.498795,463,,
ea528703-7151-4048-a176-e7b8fecaea59,VAC-1115,CAND-10115,РЕКРУТЕР,Скрининг,Task,no,Дмитрий_3,2025-09-17 03:28:04.498795,2025-09-17 04:04:04.498795,36,passed,
ea528703-7151-4048-a176-e7b8fecaea59,VAC-1115,CAND-10115,СИСТЕМА,Ожидание назначения интервью,Wait,yes,,2025-09-17 04:04:04.498795,2025-09-18 15:23:04.498795,2119,,
ea528703-7151-4048-a176-e7b8fecaea59,VAC-1115,CAND-10115,ИНТЕРВЬЮЕРЫ,Назначить интервью,User Task,no,Сергей_8,2025-09-18 15:23:04.498795,2025-09-18 16:01:04.498795,38,,
ea528703-7151-4048-a176-e7b8fecaea59,VAC-1115,CAND-10115,СИСТЕМА,Ожидание интервью (раунд 1),Wait,yes,,2025-09-18 16:01:04.498795,2025-09-19 13:14:04.498795,1273,,
ea528703-7151-4048-a176-e7b8fecaea59,VAC-1115,CAND-10115,ИНТЕРВЬЮЕРЫ,Интервью (раунд 1),User Task,no,Андрей_3,2025-09-19 13:14:04.498795,2025-09-19 14:38:04.498795,84,passed,
ea528703-7151-4048-a176-e7b8fecaea59,VAC-1115,CAND-10115,СИСТЕМА,Ожидание интервью (раунд 2),Wait,yes,,2025-09-19 14:38:04.498795,2025-09-20 09:39:04.498795,1141,,
ea528703-7151-4048-a176-e7b8fecaea59,VAC-1115,CAND-10115,ИНТЕРВЬЮЕРЫ,Интервью (раунд 2),User Task,no,Андрей_9,2025-09-20 09:39:04.498795,2025-09-20 10:34:04.498795,55,rejected,недостаточно навыков
ec8913c6-c773-4a44-9e46-e2769cc950e6,VAC-1173,CAND-10173,РУКОВОДИТЕЛЬ,Создать заявку,User Task,no,Сидоров_7,2025-09-23 18:48:04.498795,2025-09-23 19:25:04.498795,37,,
ec8913c6-c773-4a44-9e46-e2769cc950e6,VAC-1173,CAND-10173,СИСТЕМА,Ожидание обработки,Wait,yes,,2025-09-23 19:25:04.498795,2025-09-23 20:46:04.498795,81,,
ec8913c6-c773-4a44-9e46-e2769cc950e6,VAC-1173,CAND-10173,HR,Зарегистрировать в HCM,Service Task,no,Марина_2,2025-09-23 20:46:04.498795,2025-09-23 21:21:04.498795,35,,
ec8913c6-c773-4a44-9e46-e2769cc950e6,VAC-1173,CAND-10173,РЕКРУТЕР,Разместить вакансию,Task,no,Алексей_2,2025-09-23 23:46:04.498795,2025-09-24 01:09:04.498795,83,,
ec8913c6-c773-4a44-9e46-e2769cc950e6,VAC-1173,CAND-10173,РЕКРУТЕР,Собирать резюме,Task,no,Алексей_7,2025-09-24 02:09:04.498795,2025-09-26 16:16:04.498795,3727,,
ec8913c6-c773-4a44-9e46-e2769cc950e6,VAC-1173,CAND-10173,СИСТЕМА,Ожидание проверки резюме,Wait,yes,,2025-09-26 16:16:04.498795,2025-09-26 22:59:04.498795,403,,
ec8913c6-c773-4a44-9e46-e2769cc950e6,VAC-1173,CAND-10173,РЕКРУТЕР,Скрининг,Task,no,Дмитрий_5,2025-09-26 22:59:04.498795,2025-09-26 23:13:04.498795,14,passed,
ec8913c6-c773-4a44-9e46-e2769cc950e6,VAC-1173,CAND-10173,СИСТЕМА,Ожидание назначения интервью,Wait,yes,,2025-09-26 23:13:04.498795,2025-09-28 02:18:04.498795,1625,,
ec8913c6-c773-4a44-9e46-e2769cc950e6,VAC-1173,CAND-10173,ИНТЕРВЬЮЕРЫ,Назначить интервью,User Task,no,Сергей_5,2025-09-28 02:18:04.498795,2025-09-28 02:28:04.498795,10,,
ec8913c6-c773-4a44-9e46-e2769cc950e6,VAC-1173,CAND-10173,СИСТЕМА,Ожидание интервью (раунд 1),Wait,yes,,2025-09-28 02:28:04.498795,2025-09-28 18:18:04.498795,950,,
ec8913c6-c773-4a44-9e46-e2769cc950e6,VAC-1173,CAND-10173,ИНТЕРВЬЮЕРЫ,Интервью (раунд 1),User Task,no,Андрей_8,2025-09-28 18:18:04.498795,2025-09-28 20:16:04.498795,118,passed,
ec8913c6-c773-4a44-9e46-e2769cc950e6,VAC-1173,CAND-10173,ИНТЕРВЬЮЕРЫ,Финальное интервью,User Task,no,Сергей_3,2025-09-29 12:10:04.498795,2025-09-29 13:12:04.498795,62,rejected,финал не пройден
edf12117-9234-480c-a65a-b0c7872b5054,VAC-1107,CAND-10107,РУКОВОДИТЕЛЬ,Создать заявку,User Task,no,Сидоров_9,2025-10-14 12:54:04.498795,2025-10-14 13:30:04.498795,36,,
edf12117-9234-480c-a65a-b0c7872b5054,VAC-1107,CAND-10107,СИСТЕМА,Ожидание обработки,Wait,yes,,2025-10-14 13:30:04.498795,2025-10-14 14:28:04.498795,58,,
edf12117-9234-480c-a65a-b0c7872b5054,VAC-1107,CAND-10107,HR,Зарегистрировать в HCM,Service Task,no,Марина_9,2025-10-14 14:28:04.498795,2025-10-14 15:04:04.498795,36,,
edf12117-9234-480c-a65a-b0c7872b5054,VAC-1107,CAND-10107,РЕКРУТЕР,Разместить вакансию,Task,no,Екатерина_9,2025-10-14 16:54:04.498795,2025-10-14 18:45:04.498795,111,,
edf12117-9234-480c-a65a-b0c7872b5054,VAC-1107,CAND-10107,РЕКРУТЕР,Собирать резюме,Task,no,Алексей_4,2025-10-14 19:45:04.498795,2025-10-17 14:56:04.498795,4031,,
edf12117-9234-480c-a65a-b0c7872b5054,VAC-1107,CAND-10107,СИСТЕМА,Ожидание проверки резюме,Wait,yes,,2025-10-17 14:56:04.498795,2025-10-17 21:30:04.498795,394,,
edf12117-9234-480c-a65a-b0c7872b5054,VAC-1107,CAND-10107,РЕКРУТЕР,Скрининг,Task,no,Екатерина_5,2025-10-17 21:30:04.498795,2025-10-17 21:59:04.498795,29,passed,
edf12117-9234-480c-a65a-b0c7872b5054,VAC-1107,CAND-10107,СИСТЕМА,Ожидание назначения интервью,Wait,yes,,2025-10-17 21:59:04.498795,2025-10-19 20:56:04.498795,2817,,
edf12117-9234-480c-a65a-b0c7872b5054,VAC-1107,CAND-10107,ИНТЕРВЬЮЕРЫ,Назначить интервью,User Task,no,Анна_3,2025-10-19 20:56:04.498795,2025-10-19 21:10:04.498795,14,,
edf12117-9234-480c-a65a-b0c7872b5054,VAC-1107,CAND-10107,СИСТЕМА,Ожидание интервью (раунд 1),Wait,yes,,2025-10-19 21:10:04.498795,2025-10-20 17:00:04.498795,1190,,
edf12117-9234-480c-a65a-b0c7872b5054,VAC-1107,CAND-10107,ИНТЕРВЬЮЕРЫ,Интервью (раунд 1),User Task,no,Сергей_9,2025-10-20 17:00:04.498795,2025-10-20 18:26:04.498795,86,passed,
edf12117-9234-480c-a65a-b0c7872b5054,VAC-1107,CAND-10107,СИСТЕМА,Ожидание интервью (раунд 2),Wait,yes,,2025-10-20 18:26:04.498795,2025-10-21 10:37:04.498795,971,,
edf12117-9234-480c-a65a-b0c7872b5054,VAC-1107,CAND-10107,ИНТЕРВЬЮЕРЫ,Интервью (раунд 2),User Task,no,Анна_7,2025-10-21 10:37:04.498795,2025-10-21 12:36:04.498795,119,passed,
edf12117-9234-480c-a65a-b0c7872b5054,VAC-1107,CAND-10107,ИНТЕРВЬЮЕРЫ,Финальное интервью,User Task,no,Сергей_1,2025-10-22 08:06:04.498795,2025-10-22 09:59:04.498795,113,passed,
edf12117-9234-480c-a65a-b0c7872b5054,VAC-1107,CAND-10107,HR (ОФФЕР),Согласовать условия,User Task,no,Наталья_7,2025-10-22 13:12:04.498795,2025-10-22 14:39:04.498795,87,,
edf12117-9234-480c-a65a-b0c7872b5054,VAC-1107,CAND-10107,HR (ОФФЕР),Сгенерировать оффер,Service Task,no,Наталья_1,2025-10-22 14:59:04.498795,2025-10-22 15:08:04.498795,9,,
edf12117-9234-480c-a65a-b0c7872b5054,VAC-1107,CAND-10107,HR (ОФФЕР),Отправить оффер,Send Task,no,Наталья_5,2025-10-22 15:13:04.498795,2025-10-22 15:23:04.498795,10,sent,
edf12117-9234-480c-a65a-b0c7872b5054,VAC-1107,CAND-10107,HR (ОФФЕР),Ожидание ответа (1д),Timer,yes,,2025-10-22 15:23:04.498795,2025-10-23 15:23:04.498795,1440,timer_elapsed,
edf12117-9234-480c-a65a-b0c7872b5054,VAC-1107,CAND-10107,HR (ОФФЕР),Переговоры / отказ,Task,no,Ольга_3,2025-10-23 17:23:04.498795,2025-10-23 21:17:04.498795,234,rejected,
eec6dd97-04db-464a-b5b2-0b6f3b9eb27d,VAC-1065,CAND-10065,РУКОВОДИТЕЛЬ,Создать заявку,User Task,no,Петров_1,2025-10-09 12:18:04.498795,2025-10-09 13:15:04.498795,57,,
eec6dd97-04db-464a-b5b2-0b6f3b9eb27d,VAC-1065,CAND-10065,СИСТЕМА,Ожидание обработки,Wait,yes,,2025-10-09 13:15:04.498795,2025-10-09 13:47:04.498795,32,,
eec6dd97-04db-464a-b5b2-0b6f3b9eb27d,VAC-1065,CAND-10065,HR,Зарегистрировать в HCM,Service Task,no,Наталья_2,2025-10-09 13:47:04.498795,2025-10-09 14:10:04.498795,23,,
eec6dd97-04db-464a-b5b2-0b6f3b9eb27d,VAC-1065,CAND-10065,РЕКРУТЕР,Разместить вакансию,Task,no,Екатерина_7,2025-10-09 16:07:04.498795,2025-10-09 17:44:04.498795,97,,
eec6dd97-04db-464a-b5b2-0b6f3b9eb27d,VAC-1065,CAND-10065,РЕКРУТЕР,Собирать резюме,Task,no,Алексей_5,2025-10-09 18:44:04.498795,2025-10-11 17:00:04.498795,2776,,
eec6dd97-04db-464a-b5b2-0b6f3b9eb27d,VAC-1065,CAND-10065,СИСТЕМА,Ожидание проверки резюме,Wait,yes,,2025-10-11 17:00:04.498795,2025-10-12 03:41:04.498795,641,,
eec6dd97-04db-464a-b5b2-0b6f3b9eb27d,VAC-1065,CAND-10065,РЕКРУТЕР,Скрининг,Task,no,Алексей_6,2025-10-12 03:41:04.498795,2025-10-12 04:06:04.498795,25,passed,
eec6dd97-04db-464a-b5b2-0b6f3b9eb27d,VAC-1065,CAND-10065,СИСТЕМА,Ожидание назначения интервью,Wait,yes,,2025-10-12 04:06:04.498795,2025-10-13 16:54:04.498795,2208,,
eec6dd97-04db-464a-b5b2-0b6f3b9eb27d,VAC-1065,CAND-10065,ИНТЕРВЬЮЕРЫ,Назначить интервью,User Task,no,Андрей_7,2025-10-13 16:54:04.498795,2025-10-13 17:17:04.498795,23,,
eec6dd97-04db-464a-b5b2-0b6f3b9eb27d,VAC-1065,CAND-10065,СИСТЕМА,Ожидание интервью (раунд 1),Wait,yes,,2025-10-13 17:17:04.498795,2025-10-14 11:50:04.498795,1113,,
eec6dd97-04db-464a-b5b2-0b6f3b9eb27d,VAC-1065,CAND-10065,ИНТЕРВЬЮЕРЫ,Интервью (раунд 1),User Task,no,Анна_2,2025-10-14 11:50:04.498795,2025-10-14 13:12:04.498795,82,passed,
eec6dd97-04db-464a-b5b2-0b6f3b9eb27d,VAC-1065,CAND-10065,ИНТЕРВЬЮЕРЫ,Финальное интервью,User Task,no,Анна_3,2025-10-14 22:36:04.498795,2025-10-14 23:55:04.498795,79,passed,
eec6dd97-04db-464a-b5b2-0b6f3b9eb27d,VAC-1065,CAND-10065,HR (ОФФЕР),Согласовать условия,User Task,no,Ольга_6,2025-10-15 04:04:04.498795,2025-10-15 06:43:04.498795,159,,
eec6dd97-04db-464a-b5b2-0b6f3b9eb27d,VAC-1065,CAND-10065,HR (ОФФЕР),Сгенерировать оффер,Service Task,no,Наталья_1,2025-10-15 07:03:04.498795,2025-10-15 07:11:04.498795,8,,
eec6dd97-04db-464a-b5b2-0b6f3b9eb27d,VAC-1065,CAND-10065,HR (ОФФЕР),Отправить оффер,Send Task,no,Ольга_8,2025-10-15 07:16:04.498795,2025-10-15 07:26:04.498795,10,sent,
eec6dd97-04db-464a-b5b2-0b6f3b9eb27d,VAC-1065,CAND-10065,HR (ОФФЕР),Ожидание ответа (2д),Timer,yes,,2025-10-15 07:26:04.498795,2025-10-17 07:26:04.498795,2880,timer_elapsed,
eec6dd97-04db-464a-b5b2-0b6f3b9eb27d,VAC-1065,CAND-10065,SECURITY,Background Check,Call Activity,no,Служба_БД_2,2025-10-17 10:26:04.498795,2025-10-20 00:23:04.498795,3717,report_ready,
eec6dd97-04db-464a-b5b2-0b6f3b9eb27d,VAC-1065,CAND-10065,IT,Выдача оборудования,Task,no,IT_Specialist_2,2025-10-20 01:23:04.498795,2025-10-20 03:20:04.498795,117,,
eec6dd97-04db-464a-b5b2-0b6f3b9eb27d,VAC-1065,CAND-10065,IT,Создать доступы,Task,no,IT_Specialist_6,2025-10-20 03:50:04.498795,2025-10-20 04:23:04.498795,33,,
eec6dd97-04db-464a-b5b2-0b6f3b9eb27d,VAC-1065,CAND-10065,IT,Вводное обучение,Service Task,no,Наталья_6,2025-10-20 06:23:04.498795,2025-10-20 14:06:04.498795,463,,
eec6dd97-04db-464a-b5b2-0b6f3b9eb27d,VAC-1065,CAND-10065,HR,Назначить ментора,Task,no,Ольга_1,2025-10-20 15:06:04.498795,2025-10-20 16:31:04.498795,85,,
eec6dd97-04db-464a-b5b2-0b6f3b9eb27d,VAC-1065,CAND-10065,HR,Уведомить всех,Message,no,system,2025-10-20 16:51:04.498795,2025-10-20 16:56:04.498795,5,notified,
eec6dd97-04db-464a-b5b2-0b6f3b9eb27d,VAC-1065,CAND-10065,HR,Обновить HCM,Service Task,no,Ольга_7,2025-10-20 17:26:04.498795,2025-10-20 17:46:04.498795,20,,
eec6dd97-04db-464a-b5b2-0b6f3b9eb27d,VAC-1065,CAND-10065,HR,Payroll,Service Task,no,Ольга_2,2025-10-20 18:16:04.498795,2025-10-20 18:36:04.498795,20,,
eec6dd97-04db-464a-b5b2-0b6f3b9eb27d,VAC-1065,CAND-10065,HR,Закрыть вакансию,Service Task,no,Марина_9,2025-10-20 18:56:04.498795,2025-10-20 19:01:04.498795,5,,
f19c522d-da35-4484-8d37-0dc4380ded02,VAC-1055,CAND-10055,РУКОВОДИТЕЛЬ,Создать заявку,User Task,no,Иванов_3,2025-09-13 12:11:04.498795,2025-09-13 13:03:04.498795,52,,
f19c522d-da35-4484-8d37-0dc4380ded02,VAC-1055,CAND-10055,СИСТЕМА,Ожидание обработки,Wait,yes,,2025-09-13 13:03:04.498795,2025-09-13 13:40:04.498795,37,,
f19c522d-da35-4484-8d37-0dc4380ded02,VAC-1055,CAND-10055,HR,Зарегистрировать в HCM,Service Task,no,Ольга_4,2025-09-13 13:40:04.498795,2025-09-13 14:05:04.498795,25,,
f19c522d-da35-4484-8d37-0dc4380ded02,VAC-1055,CAND-10055,РЕКРУТЕР,Разместить вакансию,Task,no,Дмитрий_4,2025-09-13 14:36:04.498795,2025-09-13 15:29:04.498795,53,,
f19c522d-da35-4484-8d37-0dc4380ded02,VAC-1055,CAND-10055,РЕКРУТЕР,Собирать резюме,Task,no,Дмитрий_6,2025-09-13 16:29:04.498795,2025-09-15 22:58:04.498795,3269,,
f19c522d-da35-4484-8d37-0dc4380ded02,VAC-1055,CAND-10055,СИСТЕМА,Ожидание проверки резюме,Wait,yes,,2025-09-15 22:58:04.498795,2025-09-16 07:07:04.498795,489,,
f19c522d-da35-4484-8d37-0dc4380ded02,VAC-1055,CAND-10055,РЕКРУТЕР,Скрининг,Task,no,Екатерина_1,2025-09-16 07:07:04.498795,2025-09-16 07:35:04.498795,28,passed,
f19c522d-da35-4484-8d37-0dc4380ded02,VAC-1055,CAND-10055,СИСТЕМА,Ожидание назначения интервью,Wait,yes,,2025-09-16 07:35:04.498795,2025-09-17 19:51:04.498795,2176,,
f19c522d-da35-4484-8d37-0dc4380ded02,VAC-1055,CAND-10055,ИНТЕРВЬЮЕРЫ,Назначить интервью,User Task,no,Андрей_1,2025-09-17 19:51:04.498795,2025-09-17 20:23:04.498795,32,,
f19c522d-da35-4484-8d37-0dc4380ded02,VAC-1055,CAND-10055,СИСТЕМА,Ожидание интервью (раунд 1),Wait,yes,,2025-09-17 20:23:04.498795,2025-09-18 12:19:04.498795,956,,
f19c522d-da35-4484-8d37-0dc4380ded02,VAC-1055,CAND-10055,ИНТЕРВЬЮЕРЫ,Интервью (раунд 1),User Task,no,Анна_9,2025-09-18 12:19:04.498795,2025-09-18 13:43:04.498795,84,passed,
f19c522d-da35-4484-8d37-0dc4380ded02,VAC-1055,CAND-10055,СИСТЕМА,Ожидание интервью (раунд 2),Wait,yes,,2025-09-18 13:43:04.498795,2025-09-19 13:28:04.498795,1425,,
f19c522d-da35-4484-8d37-0dc4380ded02,VAC-1055,CAND-10055,ИНТЕРВЬЮЕРЫ,Интервью (раунд 2),User Task,no,Анна_5,2025-09-19 13:28:04.498795,2025-09-19 14:52:04.498795,84,rejected,поведенческий
f59d4f8a-7d19-49d4-9b99-871b39b73542,VAC-1106,CAND-10106,РУКОВОДИТЕЛЬ,Создать заявку,User Task,no,Петров_9,2025-09-28 17:39:04.498795,2025-09-28 18:26:04.498795,47,,
f59d4f8a-7d19-49d4-9b99-871b39b73542,VAC-1106,CAND-10106,СИСТЕМА,Ожидание обработки,Wait,yes,,2025-09-28 18:26:04.498795,2025-09-28 20:25:04.498795,119,,
f59d4f8a-7d19-49d4-9b99-871b39b73542,VAC-1106,CAND-10106,HR,Зарегистрировать в HCM,Service Task,no,Наталья_3,2025-09-28 20:25:04.498795,2025-09-28 21:04:04.498795,39,,
f59d4f8a-7d19-49d4-9b99-871b39b73542,VAC-1106,CAND-10106,РЕКРУТЕР,Разместить вакансию,Task,no,Дмитрий_6,2025-09-28 22:06:04.498795,2025-09-28 22:39:04.498795,33,,
f59d4f8a-7d19-49d4-9b99-871b39b73542,VAC-1106,CAND-10106,РЕКРУТЕР,Собирать резюме,Task,no,Дмитрий_7,2025-09-28 23:39:04.498795,2025-10-01 10:03:04.498795,3504,,
f59d4f8a-7d19-49d4-9b99-871b39b73542,VAC-1106,CAND-10106,СИСТЕМА,Ожидание проверки резюме,Wait,yes,,2025-10-01 10:03:04.498795,2025-10-01 17:17:04.498795,434,,
f59d4f8a-7d19-49d4-9b99-871b39b73542,VAC-1106,CAND-10106,РЕКРУТЕР,Скрининг,Task,no,Дмитрий_6,2025-10-01 17:17:04.498795,2025-10-01 17:35:04.498795,18,rejected,некорректное резюме
f5ac1de4-6e6a-44ea-818e-102bf79e8e63,VAC-1157,CAND-10157,РУКОВОДИТЕЛЬ,Создать заявку,User Task,no,Иванов_6,2025-09-24 10:50:04.498795,2025-09-24 11:30:04.498795,40,,
f5ac1de4-6e6a-44ea-818e-102bf79e8e63,VAC-1157,CAND-10157,СИСТЕМА,Ожидание обработки,Wait,yes,,2025-09-24 11:30:04.498795,2025-09-24 12:51:04.498795,81,,
f5ac1de4-6e6a-44ea-818e-102bf79e8e63,VAC-1157,CAND-10157,HR,Зарегистрировать в HCM,Service Task,no,Наталья_5,2025-09-24 12:51:04.498795,2025-09-24 13:15:04.498795,24,,
f5ac1de4-6e6a-44ea-818e-102bf79e8e63,VAC-1157,CAND-10157,РЕКРУТЕР,Разместить вакансию,Task,no,Екатерина_3,2025-09-24 15:14:04.498795,2025-09-24 16:51:04.498795,97,,
f5ac1de4-6e6a-44ea-818e-102bf79e8e63,VAC-1157,CAND-10157,РЕКРУТЕР,Собирать резюме,Task,no,Алексей_7,2025-09-24 17:51:04.498795,2025-09-27 04:31:04.498795,3520,,
f5ac1de4-6e6a-44ea-818e-102bf79e8e63,VAC-1157,CAND-10157,СИСТЕМА,Ожидание проверки резюме,Wait,yes,,2025-09-27 04:31:04.498795,2025-09-27 09:20:04.498795,289,,
f5ac1de4-6e6a-44ea-818e-102bf79e8e63,VAC-1157,CAND-10157,РЕКРУТЕР,Скрининг,Task,no,Екатерина_2,2025-09-27 09:20:04.498795,2025-09-27 09:40:04.498795,20,rejected,не прошёл тест
f7e9ab3e-4e99-422d-bfad-9e2a9274831d,VAC-1020,CAND-10020,РУКОВОДИТЕЛЬ,Создать заявку,User Task,no,Иванов_5,2025-10-18 17:50:04.498795,2025-10-18 18:43:04.498795,53,,
f7e9ab3e-4e99-422d-bfad-9e2a9274831d,VAC-1020,CAND-10020,СИСТЕМА,Ожидание обработки,Wait,yes,,2025-10-18 18:43:04.498795,2025-10-18 20:43:04.498795,120,,
f7e9ab3e-4e99-422d-bfad-9e2a9274831d,VAC-1020,CAND-10020,HR,Зарегистрировать в HCM,Service Task,no,Марина_4,2025-10-18 20:43:04.498795,2025-10-18 21:18:04.498795,35,,
f7e9ab3e-4e99-422d-bfad-9e2a9274831d,VAC-1020,CAND-10020,РЕКРУТЕР,Разместить вакансию,Task,no,Екатерина_4,2025-10-18 23:36:04.498795,2025-10-19 00:10:04.498795,34,,
f7e9ab3e-4e99-422d-bfad-9e2a9274831d,VAC-1020,CAND-10020,РЕКРУТЕР,Собирать резюме,Task,no,Алексей_5,2025-10-19 01:10:04.498795,2025-10-21 21:22:04.498795,4092,,
f7e9ab3e-4e99-422d-bfad-9e2a9274831d,VAC-1020,CAND-10020,СИСТЕМА,Ожидание проверки резюме,Wait,yes,,2025-10-21 21:22:04.498795,2025-10-22 02:47:04.498795,325,,
f7e9ab3e-4e99-422d-bfad-9e2a9274831d,VAC-1020,CAND-10020,РЕКРУТЕР,Скрининг,Task,no,Алексей_3,2025-10-22 02:47:04.498795,2025-10-22 02:59:04.498795,12,rejected,не прошёл тест
fbaa8071-dc90-4564-a48b-9e060d140f81,VAC-1089,CAND-10089,РУКОВОДИТЕЛЬ,Создать заявку,User Task,no,Иванов_6,2025-09-29 12:45:04.498795,2025-09-29 13:26:04.498795,41,,
fbaa8071-dc90-4564-a48b-9e060d140f81,VAC-1089,CAND-10089,СИСТЕМА,Ожидание обработки,Wait,yes,,2025-09-29 13:26:04.498795,2025-09-29 15:21:04.498795,115,,
fbaa8071-dc90-4564-a48b-9e060d140f81,VAC-1089,CAND-10089,HR,Зарегистрировать в HCM,Service Task,no,Наталья_6,2025-09-29 15:21:04.498795,2025-09-29 15:33:04.498795,12,,
fbaa8071-dc90-4564-a48b-9e060d140f81,VAC-1089,CAND-10089,РЕКРУТЕР,Разместить вакансию,Task,no,Екатерина_2,2025-09-29 17:24:04.498795,2025-09-29 18:05:04.498795,41,,
fbaa8071-dc90-4564-a48b-9e060d140f81,VAC-1089,CAND-10089,РЕКРУТЕР,Собирать резюме,Task,no,Екатерина_6,2025-09-29 19:05:04.498795,2025-10-02 16:49:04.498795,4184,,
fbaa8071-dc90-4564-a48b-9e060d140f81,VAC-1089,CAND-10089,СИСТЕМА,Ожидание проверки резюме,Wait,yes,,2025-10-02 16:49:04.498795,2025-10-03 03:26:04.498795,637,,
fbaa8071-dc90-4564-a48b-9e060d140f81,VAC-1089,CAND-10089,РЕКРУТЕР,Скрининг,Task,no,Дмитрий_4,2025-10-03 03:26:04.498795,2025-10-03 03:36:04.498795,10,passed,
fbaa8071-dc90-4564-a48b-9e060d140f81,VAC-1089,CAND-10089,СИСТЕМА,Ожидание назначения интервью,Wait,yes,,2025-10-03 03:36:04.498795,2025-10-04 05:54:04.498795,1578,,
fbaa8071-dc90-4564-a48b-9e060d140f81,VAC-1089,CAND-10089,ИНТЕРВЬЮЕРЫ,Назначить интервью,User Task,no,Сергей_2,2025-10-04 05:54:04.498795,2025-10-04 06:15:04.498795,21,,
fbaa8071-dc90-4564-a48b-9e060d140f81,VAC-1089,CAND-10089,СИСТЕМА,Ожидание интервью (раунд 1),Wait,yes,,2025-10-04 06:15:04.498795,2025-10-04 15:04:04.498795,529,,
fbaa8071-dc90-4564-a48b-9e060d140f81,VAC-1089,CAND-10089,ИНТЕРВЬЮЕРЫ,Интервью (раунд 1),User Task,no,Сергей_3,2025-10-04 15:04:04.498795,2025-10-04 16:38:04.498795,94,passed,
fbaa8071-dc90-4564-a48b-9e060d140f81,VAC-1089,CAND-10089,СИСТЕМА,Ожидание интервью (раунд 2),Wait,yes,,2025-10-04 16:38:04.498795,2025-10-05 15:43:04.498795,1385,,
fbaa8071-dc90-4564-a48b-9e060d140f81,VAC-1089,CAND-10089,ИНТЕРВЬЮЕРЫ,Интервью (раунд 2),User Task,no,Сергей_6,2025-10-05 15:43:04.498795,2025-10-05 17:20:04.498795,97,passed,
fbaa8071-dc90-4564-a48b-9e060d140f81,VAC-1089,CAND-10089,ИНТЕРВЬЮЕРЫ,Финальное интервью,User Task,no,Сергей_4,2025-10-06 10:39:04.498795,2025-10-06 12:12:04.498795,93,passed,
fbaa8071-dc90-4564-a48b-9e060d140f81,VAC-1089,CAND-10089,HR (ОФФЕР),Согласовать условия,User Task,no,Наталья_1,2025-10-06 13:53:04.498795,2025-10-06 16:48:04.498795,175,,
fbaa8071-dc90-4564-a48b-9e060d140f81,VAC-1089,CAND-10089,HR (ОФФЕР),Сгенерировать оффер,Service Task,no,Наталья_6,2025-10-06 17:08:04.498795,2025-10-06 17:22:04.498795,14,,
fbaa8071-dc90-4564-a48b-9e060d140f81,VAC-1089,CAND-10089,HR (ОФФЕР),Отправить оффер,Send Task,no,Ольга_2,2025-10-06 17:27:04.498795,2025-10-06 17:37:04.498795,10,sent,
fbaa8071-dc90-4564-a48b-9e060d140f81,VAC-1089,CAND-10089,HR (ОФФЕР),Ожидание ответа (1д),Timer,yes,,2025-10-06 17:37:04.498795,2025-10-07 17:37:04.498795,1440,timer_elapsed,
fbaa8071-dc90-4564-a48b-9e060d140f81,VAC-1089,CAND-10089,SECURITY,Background Check,Call Activity,no,Служба_БД_2,2025-10-07 20:37:04.498795,2025-10-11 23:52:04.498795,5955,report_ready,
fbaa8071-dc90-4564-a48b-9e060d140f81,VAC-1089,CAND-10089,IT,Выдача оборудования,Task,no,IT_Specialist_6,2025-10-12 00:52:04.498795,2025-10-12 03:46:04.498795,174,,
fbaa8071-dc90-4564-a48b-9e060d140f81,VAC-1089,CAND-10089,IT,Создать доступы,Task,no,IT_Specialist_1,2025-10-12 04:16:04.498795,2025-10-12 06:02:04.498795,106,,
fbaa8071-dc90-4564-a48b-9e060d140f81,VAC-1089,CAND-10089,IT,Вводное обучение,Service Task,no,Марина_3,2025-10-12 08:02:04.498795,2025-10-12 14:42:04.498795,400,,
fbaa8071-dc90-4564-a48b-9e060d140f81,VAC-1089,CAND-10089,HR,Назначить ментора,Task,no,Ольга_3,2025-10-12 15:42:04.498795,2025-10-12 16:50:04.498795,68,,
fbaa8071-dc90-4564-a48b-9e060d140f81,VAC-1089,CAND-10089,HR,Уведомить всех,Message,no,system,2025-10-12 17:10:04.498795,2025-10-12 17:15:04.498795,5,notified,
fbaa8071-dc90-4564-a48b-9e060d140f81,VAC-1089,CAND-10089,HR,Обновить HCM,Service Task,no,Наталья_2,2025-10-12 17:45:04.498795,2025-10-12 18:05:04.498795,20,,
fbaa8071-dc90-4564-a48b-9e060d140f81,VAC-1089,CAND-10089,HR,Payroll,Service Task,no,Ольга_4,2025-10-12 18:35:04.498795,2025-10-12 18:55:04.498795,20,,
fbaa8071-dc90-4564-a48b-9e060d140f81,VAC-1089,CAND-10089,HR,Закрыть вакансию,Service Task,no,Наталья_7,2025-10-12 19:15:04.498795,2025-10-12 19:20:04.498795,5,,
fbf0127f-dbfc-4e8a-83e6-719d4a6a5d9e,VAC-1006,CAND-10006,РУКОВОДИТЕЛЬ,Создать заявку,User Task,no,Иванов_9,2025-09-08 15:28:04.498795,2025-09-08 16:09:04.498795,41,,
fbf0127f-dbfc-4e8a-83e6-719d4a6a5d9e,VAC-1006,CAND-10006,СИСТЕМА,Ожидание обработки,Wait,yes,,2025-09-08 16:09:04.498795,2025-09-08 16:45:04.498795,36,,
fbf0127f-dbfc-4e8a-83e6-719d4a6a5d9e,VAC-1006,CAND-10006,HR,Зарегистрировать в HCM,Service Task,no,Марина_8,2025-09-08 16:45:04.498795,2025-09-08 17:18:04.498795,33,,
fbf0127f-dbfc-4e8a-83e6-719d4a6a5d9e,VAC-1006,CAND-10006,РЕКРУТЕР,Разместить вакансию,Task,no,Дмитрий_7,2025-09-08 18:50:04.498795,2025-09-08 20:50:04.498795,120,,
fbf0127f-dbfc-4e8a-83e6-719d4a6a5d9e,VAC-1006,CAND-10006,РЕКРУТЕР,Собирать резюме,Task,no,Алексей_2,2025-09-08 21:50:04.498795,2025-09-10 10:49:04.498795,2219,,
fbf0127f-dbfc-4e8a-83e6-719d4a6a5d9e,VAC-1006,CAND-10006,СИСТЕМА,Ожидание проверки резюме,Wait,yes,,2025-09-10 10:49:04.498795,2025-09-10 21:10:04.498795,621,,
fbf0127f-dbfc-4e8a-83e6-719d4a6a5d9e,VAC-1006,CAND-10006,РЕКРУТЕР,Скрининг,Task,no,Дмитрий_7,2025-09-10 21:10:04.498795,2025-09-10 21:31:04.498795,21,passed,
fbf0127f-dbfc-4e8a-83e6-719d4a6a5d9e,VAC-1006,CAND-10006,СИСТЕМА,Ожидание назначения интервью,Wait,yes,,2025-09-10 21:31:04.498795,2025-09-11 23:21:04.498795,1550,,
fbf0127f-dbfc-4e8a-83e6-719d4a6a5d9e,VAC-1006,CAND-10006,ИНТЕРВЬЮЕРЫ,Назначить интервью,User Task,no,Анна_2,2025-09-11 23:21:04.498795,2025-09-11 23:52:04.498795,31,,
fbf0127f-dbfc-4e8a-83e6-719d4a6a5d9e,VAC-1006,CAND-10006,СИСТЕМА,Ожидание интервью (раунд 1),Wait,yes,,2025-09-11 23:52:04.498795,2025-09-12 20:17:04.498795,1225,,
fbf0127f-dbfc-4e8a-83e6-719d4a6a5d9e,VAC-1006,CAND-10006,ИНТЕРВЬЮЕРЫ,Интервью (раунд 1),User Task,no,Андрей_4,2025-09-12 20:17:04.498795,2025-09-12 21:45:04.498795,88,rejected,недостаточно навыков
fd6d2b48-b9e7-4454-9d40-d68c49d6f9bd,VAC-1184,CAND-10184,РУКОВОДИТЕЛЬ,Создать заявку,User Task,no,Иванов_8,2025-09-22 11:53:04.498795,2025-09-22 12:11:04.498795,18,,
fd6d2b48-b9e7-4454-9d40-d68c49d6f9bd,VAC-1184,CAND-10184,СИСТЕМА,Ожидание обработки,Wait,yes,,2025-09-22 12:11:04.498795,2025-09-22 13:15:04.498795,64,,
fd6d2b48-b9e7-4454-9d40-d68c49d6f9bd,VAC-1184,CAND-10184,HR,Зарегистрировать в HCM,Service Task,no,Марина_6,2025-09-22 13:15:04.498795,2025-09-22 13:34:04.498795,19,,
fd6d2b48-b9e7-4454-9d40-d68c49d6f9bd,VAC-1184,CAND-10184,РЕКРУТЕР,Разместить вакансию,Task,no,Екатерина_9,2025-09-22 14:39:04.498795,2025-09-22 15:55:04.498795,76,,
fd6d2b48-b9e7-4454-9d40-d68c49d6f9bd,VAC-1184,CAND-10184,РЕКРУТЕР,Собирать резюме,Task,no,Алексей_5,2025-09-22 16:55:04.498795,2025-09-24 16:16:04.498795,2841,,
fd6d2b48-b9e7-4454-9d40-d68c49d6f9bd,VAC-1184,CAND-10184,СИСТЕМА,Ожидание проверки резюме,Wait,yes,,2025-09-24 16:16:04.498795,2025-09-24 19:45:04.498795,209,,
fd6d2b48-b9e7-4454-9d40-d68c49d6f9bd,VAC-1184,CAND-10184,РЕКРУТЕР,Скрининг,Task,no,Алексей_4,2025-09-24 19:45:04.498795,2025-09-24 20:18:04.498795,33,passed,
fd6d2b48-b9e7-4454-9d40-d68c49d6f9bd,VAC-1184,CAND-10184,СИСТЕМА,Ожидание назначения интервью,Wait,yes,,2025-09-24 20:18:04.498795,2025-09-26 19:59:04.498795,2861,,
fd6d2b48-b9e7-4454-9d40-d68c49d6f9bd,VAC-1184,CAND-10184,ИНТЕРВЬЮЕРЫ,Назначить интервью,User Task,no,Анна_4,2025-09-26 19:59:04.498795,2025-09-26 20:13:04.498795,14,,
fd6d2b48-b9e7-4454-9d40-d68c49d6f9bd,VAC-1184,CAND-10184,СИСТЕМА,Ожидание интервью (раунд 1),Wait,yes,,2025-09-26 20:13:04.498795,2025-09-27 07:47:04.498795,694,,
fd6d2b48-b9e7-4454-9d40-d68c49d6f9bd,VAC-1184,CAND-10184,ИНТЕРВЬЮЕРЫ,Интервью (раунд 1),User Task,no,Сергей_2,2025-09-27 07:47:04.498795,2025-09-27 08:48:04.498795,61,rejected,недостаточно навыков
