case_id,vacancy_id,candidate_id,lane,activity,activity_type,assignee,start_time,end_time,duration_min,outcome,notes
00e470cd-72a3-4641-9dfe-d90853176c52,VAC-1001,CAND-10001,РУКОВОДИТЕЛЬ,Создать заявку,User Task,Петров_2,2025-09-12 14:32:15,2025-09-12 15:30:15,58,,
00e470cd-72a3-4641-9dfe-d90853176c52,VAC-1001,CAND-10001,HR,Зарегистрировать в HCM,Service Task,Ольга_2,2025-09-12 15:30:15,2025-09-12 15:42:15,12,,
00e470cd-72a3-4641-9dfe-d90853176c52,VAC-1001,CAND-10001,РЕКРУТЕР,Разместить вакансию,Task,Дмитрий_5,2025-09-12 15:42:15,2025-09-12 16:47:15,65,,
00e470cd-72a3-4641-9dfe-d90853176c52,VAC-1001,CAND-10001,РЕКРУТЕР,Собирать резюме,Task,Екатерина_8,2025-09-12 16:47:15,2025-09-13 19:44:15,1617,,
00e470cd-72a3-4641-9dfe-d90853176c52,VAC-1001,CAND-10001,РЕКРУТЕР,Скрининг,Task,Дмитрий_2,2025-09-13 19:44:15,2025-09-13 20:23:15,39,passed,
00e470cd-72a3-4641-9dfe-d90853176c52,VAC-1001,CAND-10001,HR,Назначить интервью с HR,User Task,Ольга_6,2025-09-13 20:23:15,2025-09-13 20:50:15,27,,
00e470cd-72a3-4641-9dfe-d90853176c52,VAC-1001,CAND-10001,HR,Провести интервью с HR,User Task,Наталья_4,2025-09-13 20:50:15,2025-09-13 21:43:15,53,passed,
00e470cd-72a3-4641-9dfe-d90853176c52,VAC-1001,CAND-10001,ИНТЕРВЬЮЕРЫ,Назначить техническое интервью,User Task,Сергей_2,2025-09-13 21:43:15,2025-09-13 22:17:15,34,,
00e470cd-72a3-4641-9dfe-d90853176c52,VAC-1001,CAND-10001,ИНТЕРВЬЮЕРЫ,Провести техническое интервью,User Task,Сергей_5,2025-09-13 22:17:15,2025-09-13 23:14:15,57,rejected,слабое решение задач
018265c9-74e7-4d84-ac2e-7c057ea46e60,VAC-1076,CAND-10076,РУКОВОДИТЕЛЬ,Создать заявку,User Task,Петров_1,2025-08-26 15:51:15,2025-08-26 16:30:15,39,,
018265c9-74e7-4d84-ac2e-7c057ea46e60,VAC-1076,CAND-10076,HR,Зарегистрировать в HCM,Service Task,Марина_8,2025-08-26 16:30:15,2025-08-26 16:59:15,29,,
018265c9-74e7-4d84-ac2e-7c057ea46e60,VAC-1076,CAND-10076,РЕКРУТЕР,Разместить вакансию,Task,Дмитрий_1,2025-08-26 16:59:15,2025-08-26 18:43:15,104,,
018265c9-74e7-4d84-ac2e-7c057ea46e60,VAC-1076,CAND-10076,РЕКРУТЕР,Собирать резюме,Task,Екатерина_9,2025-08-26 18:43:15,2025-08-27 19:10:15,1467,,
018265c9-74e7-4d84-ac2e-7c057ea46e60,VAC-1076,CAND-10076,РЕКРУТЕР,Скрининг,Task,Екатерина_5,2025-08-27 19:10:15,2025-08-27 19:20:15,10,passed,
018265c9-74e7-4d84-ac2e-7c057ea46e60,VAC-1076,CAND-10076,HR,Назначить интервью с HR,User Task,Ольга_1,2025-08-27 19:20:15,2025-08-27 19:47:15,27,,
018265c9-74e7-4d84-ac2e-7c057ea46e60,VAC-1076,CAND-10076,HR,Провести интервью с HR,User Task,Наталья_2,2025-08-27 19:47:15,2025-08-27 21:27:15,100,passed,
018265c9-74e7-4d84-ac2e-7c057ea46e60,VAC-1076,CAND-10076,ИНТЕРВЬЮЕРЫ,Назначить техническое интервью,User Task,Андрей_9,2025-08-27 21:27:15,2025-08-27 22:06:15,39,,
018265c9-74e7-4d84-ac2e-7c057ea46e60,VAC-1076,CAND-10076,ИНТЕРВЬЮЕРЫ,Провести техническое интервью,User Task,Анна_9,2025-08-27 22:06:15,2025-08-27 23:15:15,69,passed,
018265c9-74e7-4d84-ac2e-7c057ea46e60,VAC-1076,CAND-10076,ИНТЕРВЬЮЕРЫ,Назначить финальное интервью,User Task,Сергей_5,2025-08-27 23:15:15,2025-08-27 23:33:15,18,,
018265c9-74e7-4d84-ac2e-7c057ea46e60,VAC-1076,CAND-10076,ИНТЕРВЬЮЕРЫ,Провести финальное интервью,User Task,Сергей_7,2025-08-27 23:33:15,2025-08-28 00:28:15,55,passed,
018265c9-74e7-4d84-ac2e-7c057ea46e60,VAC-1076,CAND-10076,HR (ОФФЕР),Согласовать условия,User Task,Марина_4,2025-08-28 00:28:15,2025-08-28 03:25:15,177,,
018265c9-74e7-4d84-ac2e-7c057ea46e60,VAC-1076,CAND-10076,HR (ОФФЕР),Сгенерировать оффер,Service Task,Наталья_5,2025-08-28 03:25:15,2025-08-28 03:52:15,27,,
018265c9-74e7-4d84-ac2e-7c057ea46e60,VAC-1076,CAND-10076,HR (ОФФЕР),Отправить оффер,Send Task,Марина_2,2025-08-28 03:52:15,2025-08-28 04:02:15,10,sent,
018265c9-74e7-4d84-ac2e-7c057ea46e60,VAC-1076,CAND-10076,SECURITY,Background Check,Call Activity,Служба_БД_7,2025-08-28 04:02:15,2025-08-30 08:21:15,3139,report_ready,
018265c9-74e7-4d84-ac2e-7c057ea46e60,VAC-1076,CAND-10076,IT,Выдача оборудования,Task,IT_Specialist_1,2025-08-30 08:21:15,2025-08-30 10:31:15,130,,
018265c9-74e7-4d84-ac2e-7c057ea46e60,VAC-1076,CAND-10076,IT,Создать доступы,Task,IT_Specialist_3,2025-08-30 10:31:15,2025-08-30 12:22:15,111,,
018265c9-74e7-4d84-ac2e-7c057ea46e60,VAC-1076,CAND-10076,IT,Вводное обучение,Service Task,Ольга_7,2025-08-30 12:22:15,2025-08-30 16:04:15,222,,
018265c9-74e7-4d84-ac2e-7c057ea46e60,VAC-1076,CAND-10076,HR,Назначить ментора,Task,Ольга_2,2025-08-30 16:04:15,2025-08-30 17:15:15,71,,
018265c9-74e7-4d84-ac2e-7c057ea46e60,VAC-1076,CAND-10076,HR,Уведомить всех,Message,system,2025-08-30 17:15:15,2025-08-30 17:20:15,5,notified,
018265c9-74e7-4d84-ac2e-7c057ea46e60,VAC-1076,CAND-10076,HR,Обновить HCM,Service Task,Марина_1,2025-08-30 17:20:15,2025-08-30 17:40:15,20,,
018265c9-74e7-4d84-ac2e-7c057ea46e60,VAC-1076,CAND-10076,HR,Payroll,Service Task,Наталья_4,2025-08-30 17:40:15,2025-08-30 18:00:15,20,,
018265c9-74e7-4d84-ac2e-7c057ea46e60,VAC-1076,CAND-10076,HR,Закрыть вакансию,Service Task,Марина_8,2025-08-30 18:00:15,2025-08-30 18:05:15,5,,
024e55f3-59f6-40b8-be87-c14346b23706,VAC-1064,CAND-10064,РУКОВОДИТЕЛЬ,Создать заявку,User Task,Петров_9,2025-10-10 19:39:15,2025-10-10 20:19:15,40,,
024e55f3-59f6-40b8-be87-c14346b23706,VAC-1064,CAND-10064,HR,Зарегистрировать в HCM,Service Task,Марина_5,2025-10-10 20:19:15,2025-10-10 20:58:15,39,,
024e55f3-59f6-40b8-be87-c14346b23706,VAC-1064,CAND-10064,РЕКРУТЕР,Разместить вакансию,Task,Алексей_9,2025-10-10 20:58:15,2025-10-10 21:54:15,56,,
024e55f3-59f6-40b8-be87-c14346b23706,VAC-1064,CAND-10064,РЕКРУТЕР,Собирать резюме,Task,Дмитрий_6,2025-10-10 21:54:15,2025-10-12 23:49:15,2995,,
024e55f3-59f6-40b8-be87-c14346b23706,VAC-1064,CAND-10064,РЕКРУТЕР,Скрининг,Task,Алексей_5,2025-10-12 23:49:15,2025-10-13 00:24:15,35,rejected,не соотв. опыту
041042ac-ab18-4eae-92a9-4374c52973cd,VAC-1148,CAND-10148,РУКОВОДИТЕЛЬ,Создать заявку,User Task,Сидоров_2,2025-10-11 16:01:15,2025-10-11 16:27:15,26,,
041042ac-ab18-4eae-92a9-4374c52973cd,VAC-1148,CAND-10148,HR,Зарегистрировать в HCM,Service Task,Наталья_7,2025-10-11 16:27:15,2025-10-11 16:43:15,16,,
041042ac-ab18-4eae-92a9-4374c52973cd,VAC-1148,CAND-10148,РЕКРУТЕР,Разместить вакансию,Task,Алексей_2,2025-10-11 16:43:15,2025-10-11 17:16:15,33,,
041042ac-ab18-4eae-92a9-4374c52973cd,VAC-1148,CAND-10148,РЕКРУТЕР,Собирать резюме,Task,Екатерина_1,2025-10-11 17:16:15,2025-10-14 01:34:15,3378,,
041042ac-ab18-4eae-92a9-4374c52973cd,VAC-1148,CAND-10148,РЕКРУТЕР,Скрининг,Task,Екатерина_2,2025-10-14 01:34:15,2025-10-14 01:56:15,22,passed,
041042ac-ab18-4eae-92a9-4374c52973cd,VAC-1148,CAND-10148,HR,Назначить интервью с HR,User Task,Ольга_3,2025-10-14 01:56:15,2025-10-14 02:09:15,13,,
041042ac-ab18-4eae-92a9-4374c52973cd,VAC-1148,CAND-10148,HR,Провести интервью с HR,User Task,Ольга_4,2025-10-14 02:09:15,2025-10-14 03:43:15,94,passed,
041042ac-ab18-4eae-92a9-4374c52973cd,VAC-1148,CAND-10148,ИНТЕРВЬЮЕРЫ,Назначить техническое интервью,User Task,Анна_5,2025-10-14 03:43:15,2025-10-14 04:00:15,17,,
041042ac-ab18-4eae-92a9-4374c52973cd,VAC-1148,CAND-10148,ИНТЕРВЬЮЕРЫ,Провести техническое интервью,User Task,Андрей_9,2025-10-14 04:00:15,2025-10-14 05:01:15,61,passed,
041042ac-ab18-4eae-92a9-4374c52973cd,VAC-1148,CAND-10148,ИНТЕРВЬЮЕРЫ,Назначить финальное интервью,User Task,Андрей_1,2025-10-14 05:01:15,2025-10-14 05:37:15,36,,
041042ac-ab18-4eae-92a9-4374c52973cd,VAC-1148,CAND-10148,ИНТЕРВЬЮЕРЫ,Провести финальное интервью,User Task,Сергей_8,2025-10-14 05:37:15,2025-10-14 07:07:15,90,passed,
041042ac-ab18-4eae-92a9-4374c52973cd,VAC-1148,CAND-10148,HR (ОФФЕР),Согласовать условия,User Task,Марина_5,2025-10-14 07:07:15,2025-10-14 10:06:15,179,,
041042ac-ab18-4eae-92a9-4374c52973cd,VAC-1148,CAND-10148,HR (ОФФЕР),Сгенерировать оффер,Service Task,Ольга_3,2025-10-14 10:06:15,2025-10-14 10:28:15,22,,
041042ac-ab18-4eae-92a9-4374c52973cd,VAC-1148,CAND-10148,HR (ОФФЕР),Отправить оффер,Send Task,Марина_9,2025-10-14 10:28:15,2025-10-14 10:38:15,10,sent,
041042ac-ab18-4eae-92a9-4374c52973cd,VAC-1148,CAND-10148,SECURITY,Background Check,Call Activity,Служба_БД_9,2025-10-14 10:38:15,2025-10-19 00:58:15,6620,report_ready,
041042ac-ab18-4eae-92a9-4374c52973cd,VAC-1148,CAND-10148,IT,Выдача оборудования,Task,IT_Specialist_6,2025-10-19 00:58:15,2025-10-19 03:06:15,128,,
041042ac-ab18-4eae-92a9-4374c52973cd,VAC-1148,CAND-10148,IT,Создать доступы,Task,IT_Specialist_2,2025-10-19 03:06:15,2025-10-19 04:37:15,91,,
041042ac-ab18-4eae-92a9-4374c52973cd,VAC-1148,CAND-10148,IT,Вводное обучение,Service Task,Ольга_6,2025-10-19 04:37:15,2025-10-19 11:23:15,406,,
041042ac-ab18-4eae-92a9-4374c52973cd,VAC-1148,CAND-10148,HR,Назначить ментора,Task,Ольга_3,2025-10-19 11:23:15,2025-10-19 12:19:15,56,,
041042ac-ab18-4eae-92a9-4374c52973cd,VAC-1148,CAND-10148,HR,Уведомить всех,Message,system,2025-10-19 12:19:15,2025-10-19 12:24:15,5,notified,
041042ac-ab18-4eae-92a9-4374c52973cd,VAC-1148,CAND-10148,HR,Обновить HCM,Service Task,Ольга_1,2025-10-19 12:24:15,2025-10-19 12:44:15,20,,
041042ac-ab18-4eae-92a9-4374c52973cd,VAC-1148,CAND-10148,HR,Payroll,Service Task,Наталья_9,2025-10-19 12:44:15,2025-10-19 13:04:15,20,,
041042ac-ab18-4eae-92a9-4374c52973cd,VAC-1148,CAND-10148,HR,Закрыть вакансию,Service Task,Наталья_6,2025-10-19 13:04:15,2025-10-19 13:09:15,5,,
04183b60-715d-4531-a0c0-b8f7b3f042b0,VAC-1103,CAND-10103,РУКОВОДИТЕЛЬ,Создать заявку,User Task,Сидоров_8,2025-09-01 12:44:15,2025-09-01 13:30:15,46,,
04183b60-715d-4531-a0c0-b8f7b3f042b0,VAC-1103,CAND-10103,HR,Зарегистрировать в HCM,Service Task,Наталья_6,2025-09-01 13:30:15,2025-09-01 13:44:15,14,,
04183b60-715d-4531-a0c0-b8f7b3f042b0,VAC-1103,CAND-10103,РЕКРУТЕР,Разместить вакансию,Task,Дмитрий_2,2025-09-01 13:44:15,2025-09-01 14:04:15,20,,
04183b60-715d-4531-a0c0-b8f7b3f042b0,VAC-1103,CAND-10103,РЕКРУТЕР,Собирать резюме,Task,Екатерина_8,2025-09-01 14:04:15,2025-09-03 10:10:15,2646,,
04183b60-715d-4531-a0c0-b8f7b3f042b0,VAC-1103,CAND-10103,РЕКРУТЕР,Скрининг,Task,Алексей_3,2025-09-03 10:10:15,2025-09-03 10:20:15,10,passed,
04183b60-715d-4531-a0c0-b8f7b3f042b0,VAC-1103,CAND-10103,HR,Назначить интервью с HR,User Task,Ольга_2,2025-09-03 10:20:15,2025-09-03 10:50:15,30,,
04183b60-715d-4531-a0c0-b8f7b3f042b0,VAC-1103,CAND-10103,HR,Провести интервью с HR,User Task,Ольга_7,2025-09-03 10:50:15,2025-09-03 11:49:15,59,passed,
04183b60-715d-4531-a0c0-b8f7b3f042b0,VAC-1103,CAND-10103,ИНТЕРВЬЮЕРЫ,Назначить техническое интервью,User Task,Сергей_5,2025-09-03 11:49:15,2025-09-03 12:14:15,25,,
04183b60-715d-4531-a0c0-b8f7b3f042b0,VAC-1103,CAND-10103,ИНТЕРВЬЮЕРЫ,Провести техническое интервью,User Task,Сергей_3,2025-09-03 12:14:15,2025-09-03 14:08:15,114,passed,
04183b60-715d-4531-a0c0-b8f7b3f042b0,VAC-1103,CAND-10103,ИНТЕРВЬЮЕРЫ,Назначить финальное интервью,User Task,Сергей_6,2025-09-03 14:08:15,2025-09-03 14:29:15,21,,
04183b60-715d-4531-a0c0-b8f7b3f042b0,VAC-1103,CAND-10103,ИНТЕРВЬЮЕРЫ,Провести финальное интервью,User Task,Сергей_8,2025-09-03 14:29:15,2025-09-03 15:19:15,50,passed,
04183b60-715d-4531-a0c0-b8f7b3f042b0,VAC-1103,CAND-10103,HR (ОФФЕР),Согласовать условия,User Task,Ольга_4,2025-09-03 15:19:15,2025-09-03 18:18:15,179,,
04183b60-715d-4531-a0c0-b8f7b3f042b0,VAC-1103,CAND-10103,HR (ОФФЕР),Сгенерировать оффер,Service Task,Марина_1,2025-09-03 18:18:15,2025-09-03 18:31:15,13,,
04183b60-715d-4531-a0c0-b8f7b3f042b0,VAC-1103,CAND-10103,HR (ОФФЕР),Отправить оффер,Send Task,Наталья_2,2025-09-03 18:31:15,2025-09-03 18:41:15,10,sent,
04183b60-715d-4531-a0c0-b8f7b3f042b0,VAC-1103,CAND-10103,SECURITY,Background Check,Call Activity,Служба_БД_4,2025-09-03 18:41:15,2025-09-07 17:37:15,5696,report_ready,
04183b60-715d-4531-a0c0-b8f7b3f042b0,VAC-1103,CAND-10103,IT,Выдача оборудования,Task,IT_Specialist_9,2025-09-07 17:37:15,2025-09-07 20:24:15,167,,
04183b60-715d-4531-a0c0-b8f7b3f042b0,VAC-1103,CAND-10103,IT,Создать доступы,Task,IT_Specialist_4,2025-09-07 20:24:15,2025-09-07 21:47:15,83,,
04183b60-715d-4531-a0c0-b8f7b3f042b0,VAC-1103,CAND-10103,IT,Вводное обучение,Service Task,Ольга_2,2025-09-07 21:47:15,2025-09-08 04:50:15,423,,
04183b60-715d-4531-a0c0-b8f7b3f042b0,VAC-1103,CAND-10103,HR,Назначить ментора,Task,Марина_1,2025-09-08 04:50:15,2025-09-08 05:45:15,55,,
04183b60-715d-4531-a0c0-b8f7b3f042b0,VAC-1103,CAND-10103,HR,Уведомить всех,Message,system,2025-09-08 05:45:15,2025-09-08 05:50:15,5,notified,
04183b60-715d-4531-a0c0-b8f7b3f042b0,VAC-1103,CAND-10103,HR,Обновить HCM,Service Task,Марина_9,2025-09-08 05:50:15,2025-09-08 06:10:15,20,,
04183b60-715d-4531-a0c0-b8f7b3f042b0,VAC-1103,CAND-10103,HR,Payroll,Service Task,Марина_3,2025-09-08 06:10:15,2025-09-08 06:30:15,20,,
04183b60-715d-4531-a0c0-b8f7b3f042b0,VAC-1103,CAND-10103,HR,Закрыть вакансию,Service Task,Наталья_8,2025-09-08 06:30:15,2025-09-08 06:35:15,5,,
0652d28f-1f77-44a6-9fdc-359d60e5e7b3,VAC-1025,CAND-10025,РУКОВОДИТЕЛЬ,Создать заявку,User Task,Сидоров_1,2025-10-20 21:46:15,2025-10-20 22:15:15,29,,
0652d28f-1f77-44a6-9fdc-359d60e5e7b3,VAC-1025,CAND-10025,HR,Зарегистрировать в HCM,Service Task,Марина_2,2025-10-20 22:15:15,2025-10-20 22:44:15,29,,
0652d28f-1f77-44a6-9fdc-359d60e5e7b3,VAC-1025,CAND-10025,РЕКРУТЕР,Разместить вакансию,Task,Алексей_4,2025-10-20 22:44:15,2025-10-21 00:41:15,117,,
0652d28f-1f77-44a6-9fdc-359d60e5e7b3,VAC-1025,CAND-10025,РЕКРУТЕР,Собирать резюме,Task,Екатерина_2,2025-10-21 00:41:15,2025-10-22 18:44:15,2523,,
0652d28f-1f77-44a6-9fdc-359d60e5e7b3,VAC-1025,CAND-10025,РЕКРУТЕР,Скрининг,Task,Екатерина_2,2025-10-22 18:44:15,2025-10-22 18:59:15,15,passed,
0652d28f-1f77-44a6-9fdc-359d60e5e7b3,VAC-1025,CAND-10025,HR,Назначить интервью с HR,User Task,Наталья_7,2025-10-22 18:59:15,2025-10-22 19:14:15,15,,
0652d28f-1f77-44a6-9fdc-359d60e5e7b3,VAC-1025,CAND-10025,HR,Провести интервью с HR,User Task,Ольга_1,2025-10-22 19:14:15,2025-10-22 20:59:15,105,passed,
0652d28f-1f77-44a6-9fdc-359d60e5e7b3,VAC-1025,CAND-10025,ИНТЕРВЬЮЕРЫ,Назначить техническое интервью,User Task,Сергей_5,2025-10-22 20:59:15,2025-10-22 21:16:15,17,,
0652d28f-1f77-44a6-9fdc-359d60e5e7b3,VAC-1025,CAND-10025,ИНТЕРВЬЮЕРЫ,Провести техническое интервью,User Task,Андрей_4,2025-10-22 21:16:15,2025-10-22 22:59:15,103,rejected,слабое решение задач
06ecca27-d7f4-49db-a158-069f97c41476,VAC-1149,CAND-10149,РУКОВОДИТЕЛЬ,Создать заявку,User Task,Сидоров_8,2025-09-13 19:53:15,2025-09-13 20:03:15,10,,
06ecca27-d7f4-49db-a158-069f97c41476,VAC-1149,CAND-10149,HR,Зарегистрировать в HCM,Service Task,Ольга_5,2025-09-13 20:03:15,2025-09-13 20:43:15,40,,
06ecca27-d7f4-49db-a158-069f97c41476,VAC-1149,CAND-10149,РЕКРУТЕР,Разместить вакансию,Task,Дмитрий_5,2025-09-13 20:43:15,2025-09-13 21:04:15,21,,
06ecca27-d7f4-49db-a158-069f97c41476,VAC-1149,CAND-10149,РЕКРУТЕР,Собирать резюме,Task,Алексей_1,2025-09-13 21:04:15,2025-09-16 13:49:15,3885,,
06ecca27-d7f4-49db-a158-069f97c41476,VAC-1149,CAND-10149,РЕКРУТЕР,Скрининг,Task,Дмитрий_9,2025-09-16 13:49:15,2025-09-16 14:05:15,16,passed,
06ecca27-d7f4-49db-a158-069f97c41476,VAC-1149,CAND-10149,HR,Назначить интервью с HR,User Task,Ольга_4,2025-09-16 14:05:15,2025-09-16 14:28:15,23,,
06ecca27-d7f4-49db-a158-069f97c41476,VAC-1149,CAND-10149,HR,Провести интервью с HR,User Task,Ольга_4,2025-09-16 14:28:15,2025-09-16 16:02:15,94,passed,
06ecca27-d7f4-49db-a158-069f97c41476,VAC-1149,CAND-10149,ИНТЕРВЬЮЕРЫ,Назначить техническое интервью,User Task,Андрей_7,2025-09-16 16:02:15,2025-09-16 16:20:15,18,,
06ecca27-d7f4-49db-a158-069f97c41476,VAC-1149,CAND-10149,ИНТЕРВЬЮЕРЫ,Провести техническое интервью,User Task,Анна_5,2025-09-16 16:20:15,2025-09-16 18:11:15,111,passed,
06ecca27-d7f4-49db-a158-069f97c41476,VAC-1149,CAND-10149,ИНТЕРВЬЮЕРЫ,Назначить финальное интервью,User Task,Анна_9,2025-09-16 18:11:15,2025-09-16 18:30:15,19,,
06ecca27-d7f4-49db-a158-069f97c41476,VAC-1149,CAND-10149,ИНТЕРВЬЮЕРЫ,Провести финальное интервью,User Task,Андрей_2,2025-09-16 18:30:15,2025-09-16 20:07:15,97,rejected,не подходит команде
0772a763-bc08-486f-b75a-90f2eee5b8fe,VAC-1146,CAND-10146,РУКОВОДИТЕЛЬ,Создать заявку,User Task,Сидоров_3,2025-09-22 18:31:15,2025-09-22 18:50:15,19,,
0772a763-bc08-486f-b75a-90f2eee5b8fe,VAC-1146,CAND-10146,HR,Зарегистрировать в HCM,Service Task,Наталья_3,2025-09-22 18:50:15,2025-09-22 19:15:15,25,,
0772a763-bc08-486f-b75a-90f2eee5b8fe,VAC-1146,CAND-10146,РЕКРУТЕР,Разместить вакансию,Task,Дмитрий_3,2025-09-22 19:15:15,2025-09-22 20:28:15,73,,
0772a763-bc08-486f-b75a-90f2eee5b8fe,VAC-1146,CAND-10146,РЕКРУТЕР,Собирать резюме,Task,Екатерина_9,2025-09-22 20:28:15,2025-09-25 15:31:15,4023,,
0772a763-bc08-486f-b75a-90f2eee5b8fe,VAC-1146,CAND-10146,РЕКРУТЕР,Скрининг,Task,Дмитрий_5,2025-09-25 15:31:15,2025-09-25 16:06:15,35,rejected,некорректное резюме
07961578-56db-4e81-b074-514e09027246,VAC-1073,CAND-10073,РУКОВОДИТЕЛЬ,Создать заявку,User Task,Петров_1,2025-10-18 15:22:15,2025-10-18 15:49:15,27,,
07961578-56db-4e81-b074-514e09027246,VAC-1073,CAND-10073,HR,Зарегистрировать в HCM,Service Task,Наталья_4,2025-10-18 15:49:15,2025-10-18 16:26:15,37,,
07961578-56db-4e81-b074-514e09027246,VAC-1073,CAND-10073,РЕКРУТЕР,Разместить вакансию,Task,Екатерина_9,2025-10-18 16:26:15,2025-10-18 18:23:15,117,,
07961578-56db-4e81-b074-514e09027246,VAC-1073,CAND-10073,РЕКРУТЕР,Собирать резюме,Task,Дмитрий_4,2025-10-18 18:23:15,2025-10-20 09:11:15,2328,,
07961578-56db-4e81-b074-514e09027246,VAC-1073,CAND-10073,РЕКРУТЕР,Скрининг,Task,Дмитрий_1,2025-10-20 09:11:15,2025-10-20 09:31:15,20,rejected,не соотв. опыту
080b0813-aab7-42d3-b5ab-7205a4b01563,VAC-1108,CAND-10108,РУКОВОДИТЕЛЬ,Создать заявку,User Task,Петров_6,2025-10-23 18:04:15,2025-10-23 18:26:15,22,,
080b0813-aab7-42d3-b5ab-7205a4b01563,VAC-1108,CAND-10108,HR,Зарегистрировать в HCM,Service Task,Ольга_9,2025-10-23 18:26:15,2025-10-23 19:02:15,36,,
080b0813-aab7-42d3-b5ab-7205a4b01563,VAC-1108,CAND-10108,РЕКРУТЕР,Разместить вакансию,Task,Екатерина_2,2025-10-23 19:02:15,2025-10-23 20:12:15,70,,
080b0813-aab7-42d3-b5ab-7205a4b01563,VAC-1108,CAND-10108,РЕКРУТЕР,Собирать резюме,Task,Алексей_4,2025-10-23 20:12:15,2025-10-26 18:42:15,4230,,
080b0813-aab7-42d3-b5ab-7205a4b01563,VAC-1108,CAND-10108,РЕКРУТЕР,Скрининг,Task,Дмитрий_3,2025-10-26 18:42:15,2025-10-26 19:11:15,29,passed,
080b0813-aab7-42d3-b5ab-7205a4b01563,VAC-1108,CAND-10108,HR,Назначить интервью с HR,User Task,Ольга_9,2025-10-26 19:11:15,2025-10-26 19:51:15,40,,
080b0813-aab7-42d3-b5ab-7205a4b01563,VAC-1108,CAND-10108,HR,Провести интервью с HR,User Task,Ольга_2,2025-10-26 19:51:15,2025-10-26 20:56:15,65,passed,
080b0813-aab7-42d3-b5ab-7205a4b01563,VAC-1108,CAND-10108,ИНТЕРВЬЮЕРЫ,Назначить техническое интервью,User Task,Андрей_7,2025-10-26 20:56:15,2025-10-26 21:15:15,19,,
080b0813-aab7-42d3-b5ab-7205a4b01563,VAC-1108,CAND-10108,ИНТЕРВЬЮЕРЫ,Провести техническое интервью,User Task,Андрей_4,2025-10-26 21:15:15,2025-10-26 23:13:15,118,passed,
080b0813-aab7-42d3-b5ab-7205a4b01563,VAC-1108,CAND-10108,ИНТЕРВЬЮЕРЫ,Назначить финальное интервью,User Task,Андрей_4,2025-10-26 23:13:15,2025-10-26 23:43:15,30,,
080b0813-aab7-42d3-b5ab-7205a4b01563,VAC-1108,CAND-10108,ИНТЕРВЬЮЕРЫ,Провести финальное интервью,User Task,Анна_1,2025-10-26 23:43:15,2025-10-27 01:20:15,97,passed,
080b0813-aab7-42d3-b5ab-7205a4b01563,VAC-1108,CAND-10108,HR (ОФФЕР),Согласовать условия,User Task,Наталья_8,2025-10-27 01:20:15,2025-10-27 05:14:15,234,,
080b0813-aab7-42d3-b5ab-7205a4b01563,VAC-1108,CAND-10108,HR (ОФФЕР),Сгенерировать оффер,Service Task,Марина_3,2025-10-27 05:14:15,2025-10-27 05:23:15,9,,
080b0813-aab7-42d3-b5ab-7205a4b01563,VAC-1108,CAND-10108,HR (ОФФЕР),Отправить оффер,Send Task,Марина_1,2025-10-27 05:23:15,2025-10-27 05:33:15,10,sent,
080b0813-aab7-42d3-b5ab-7205a4b01563,VAC-1108,CAND-10108,SECURITY,Background Check,Call Activity,Служба_БД_7,2025-10-27 05:33:15,2025-10-30 23:15:15,5382,report_ready,
080b0813-aab7-42d3-b5ab-7205a4b01563,VAC-1108,CAND-10108,IT,Выдача оборудования,Task,IT_Specialist_8,2025-10-30 23:15:15,2025-10-31 02:04:15,169,,
080b0813-aab7-42d3-b5ab-7205a4b01563,VAC-1108,CAND-10108,IT,Создать доступы,Task,IT_Specialist_8,2025-10-31 02:04:15,2025-10-31 03:06:15,62,,
080b0813-aab7-42d3-b5ab-7205a4b01563,VAC-1108,CAND-10108,IT,Вводное обучение,Service Task,Марина_9,2025-10-31 03:06:15,2025-10-31 08:40:15,334,,
080b0813-aab7-42d3-b5ab-7205a4b01563,VAC-1108,CAND-10108,HR,Назначить ментора,Task,Марина_7,2025-10-31 08:40:15,2025-10-31 10:02:15,82,,
080b0813-aab7-42d3-b5ab-7205a4b01563,VAC-1108,CAND-10108,HR,Уведомить всех,Message,system,2025-10-31 10:02:15,2025-10-31 10:07:15,5,notified,
080b0813-aab7-42d3-b5ab-7205a4b01563,VAC-1108,CAND-10108,HR,Обновить HCM,Service Task,Марина_2,2025-10-31 10:07:15,2025-10-31 10:27:15,20,,
080b0813-aab7-42d3-b5ab-7205a4b01563,VAC-1108,CAND-10108,HR,Payroll,Service Task,Наталья_9,2025-10-31 10:27:15,2025-10-31 10:47:15,20,,
080b0813-aab7-42d3-b5ab-7205a4b01563,VAC-1108,CAND-10108,HR,Закрыть вакансию,Service Task,Марина_6,2025-10-31 10:47:15,2025-10-31 10:52:15,5,,
09984dee-26da-4a0c-b38b-ecaffef716e0,VAC-1035,CAND-10035,РУКОВОДИТЕЛЬ,Создать заявку,User Task,Иванов_5,2025-09-18 14:09:15,2025-09-18 14:44:15,35,,
09984dee-26da-4a0c-b38b-ecaffef716e0,VAC-1035,CAND-10035,HR,Зарегистрировать в HCM,Service Task,Наталья_8,2025-09-18 14:44:15,2025-09-18 15:11:15,27,,
09984dee-26da-4a0c-b38b-ecaffef716e0,VAC-1035,CAND-10035,РЕКРУТЕР,Разместить вакансию,Task,Екатерина_5,2025-09-18 15:11:15,2025-09-18 16:18:15,67,,
09984dee-26da-4a0c-b38b-ecaffef716e0,VAC-1035,CAND-10035,РЕКРУТЕР,Собирать резюме,Task,Дмитрий_6,2025-09-18 16:18:15,2025-09-21 08:12:15,3834,,
09984dee-26da-4a0c-b38b-ecaffef716e0,VAC-1035,CAND-10035,РЕКРУТЕР,Скрининг,Task,Дмитрий_1,2025-09-21 08:12:15,2025-09-21 08:29:15,17,passed,
09984dee-26da-4a0c-b38b-ecaffef716e0,VAC-1035,CAND-10035,HR,Назначить интервью с HR,User Task,Марина_6,2025-09-21 08:29:15,2025-09-21 08:58:15,29,,
09984dee-26da-4a0c-b38b-ecaffef716e0,VAC-1035,CAND-10035,HR,Провести интервью с HR,User Task,Марина_2,2025-09-21 08:58:15,2025-09-21 10:11:15,73,rejected,завышенные ожидания
09d56be9-e929-46e5-8ec3-06d8712e8477,VAC-1101,CAND-10101,РУКОВОДИТЕЛЬ,Создать заявку,User Task,Сидоров_3,2025-08-29 12:28:15,2025-08-29 13:15:15,47,,
09d56be9-e929-46e5-8ec3-06d8712e8477,VAC-1101,CAND-10101,HR,Зарегистрировать в HCM,Service Task,Наталья_9,2025-08-29 13:15:15,2025-08-29 13:49:15,34,,
09d56be9-e929-46e5-8ec3-06d8712e8477,VAC-1101,CAND-10101,РЕКРУТЕР,Разместить вакансию,Task,Алексей_6,2025-08-29 13:49:15,2025-08-29 14:55:15,66,,
09d56be9-e929-46e5-8ec3-06d8712e8477,VAC-1101,CAND-10101,РЕКРУТЕР,Собирать резюме,Task,Дмитрий_2,2025-08-29 14:55:15,2025-09-01 12:07:15,4152,,
09d56be9-e929-46e5-8ec3-06d8712e8477,VAC-1101,CAND-10101,РЕКРУТЕР,Скрининг,Task,Алексей_3,2025-09-01 12:07:15,2025-09-01 12:27:15,20,passed,
09d56be9-e929-46e5-8ec3-06d8712e8477,VAC-1101,CAND-10101,HR,Назначить интервью с HR,User Task,Ольга_8,2025-09-01 12:27:15,2025-09-01 13:00:15,33,,
09d56be9-e929-46e5-8ec3-06d8712e8477,VAC-1101,CAND-10101,HR,Провести интервью с HR,User Task,Марина_9,2025-09-01 13:00:15,2025-09-01 14:07:15,67,passed,
09d56be9-e929-46e5-8ec3-06d8712e8477,VAC-1101,CAND-10101,ИНТЕРВЬЮЕРЫ,Назначить техническое интервью,User Task,Анна_6,2025-09-01 14:07:15,2025-09-01 14:39:15,32,,
09d56be9-e929-46e5-8ec3-06d8712e8477,VAC-1101,CAND-10101,ИНТЕРВЬЮЕРЫ,Провести техническое интервью,User Task,Андрей_7,2025-09-01 14:39:15,2025-09-01 16:39:15,120,passed,
09d56be9-e929-46e5-8ec3-06d8712e8477,VAC-1101,CAND-10101,ИНТЕРВЬЮЕРЫ,Назначить финальное интервью,User Task,Анна_5,2025-09-01 16:39:15,2025-09-01 16:58:15,19,,
09d56be9-e929-46e5-8ec3-06d8712e8477,VAC-1101,CAND-10101,ИНТЕРВЬЮЕРЫ,Провести финальное интервью,User Task,Анна_7,2025-09-01 16:58:15,2025-09-01 17:43:15,45,passed,
09d56be9-e929-46e5-8ec3-06d8712e8477,VAC-1101,CAND-10101,HR (ОФФЕР),Согласовать условия,User Task,Наталья_3,2025-09-01 17:43:15,2025-09-01 21:08:15,205,,
09d56be9-e929-46e5-8ec3-06d8712e8477,VAC-1101,CAND-10101,HR (ОФФЕР),Сгенерировать оффер,Service Task,Ольга_4,2025-09-01 21:08:15,2025-09-01 21:32:15,24,,
09d56be9-e929-46e5-8ec3-06d8712e8477,VAC-1101,CAND-10101,HR (ОФФЕР),Отправить оффер,Send Task,Марина_2,2025-09-01 21:32:15,2025-09-01 21:42:15,10,sent,
09d56be9-e929-46e5-8ec3-06d8712e8477,VAC-1101,CAND-10101,HR (ОФФЕР),Переговоры / отказ,Task,Ольга_2,2025-09-01 21:42:15,2025-09-01 23:18:15,96,rejected,
0c4a1639-625c-4df5-b813-078f300cd1ae,VAC-1194,CAND-10194,РУКОВОДИТЕЛЬ,Создать заявку,User Task,Иванов_7,2025-10-16 21:33:15,2025-10-16 21:47:15,14,,
0c4a1639-625c-4df5-b813-078f300cd1ae,VAC-1194,CAND-10194,HR,Зарегистрировать в HCM,Service Task,Марина_7,2025-10-16 21:47:15,2025-10-16 22:07:15,20,,
0c4a1639-625c-4df5-b813-078f300cd1ae,VAC-1194,CAND-10194,РЕКРУТЕР,Разместить вакансию,Task,Алексей_9,2025-10-16 22:07:15,2025-10-16 23:08:15,61,,
0c4a1639-625c-4df5-b813-078f300cd1ae,VAC-1194,CAND-10194,РЕКРУТЕР,Собирать резюме,Task,Дмитрий_4,2025-10-16 23:08:15,2025-10-18 08:30:15,2002,,
0c4a1639-625c-4df5-b813-078f300cd1ae,VAC-1194,CAND-10194,РЕКРУТЕР,Скрининг,Task,Алексей_6,2025-10-18 08:30:15,2025-10-18 08:58:15,28,rejected,не соотв. опыту
0f5a922b-e04f-496d-9d5b-ef8fa2f1d2ae,VAC-1084,CAND-10084,РУКОВОДИТЕЛЬ,Создать заявку,User Task,Петров_3,2025-10-09 14:51:15,2025-10-09 15:25:15,34,,
0f5a922b-e04f-496d-9d5b-ef8fa2f1d2ae,VAC-1084,CAND-10084,HR,Зарегистрировать в HCM,Service Task,Ольга_7,2025-10-09 15:25:15,2025-10-09 15:53:15,28,,
0f5a922b-e04f-496d-9d5b-ef8fa2f1d2ae,VAC-1084,CAND-10084,РЕКРУТЕР,Разместить вакансию,Task,Дмитрий_9,2025-10-09 15:53:15,2025-10-09 16:36:15,43,,
0f5a922b-e04f-496d-9d5b-ef8fa2f1d2ae,VAC-1084,CAND-10084,РЕКРУТЕР,Собирать резюме,Task,Екатерина_3,2025-10-09 16:36:15,2025-10-12 15:56:15,4280,,
0f5a922b-e04f-496d-9d5b-ef8fa2f1d2ae,VAC-1084,CAND-10084,РЕКРУТЕР,Скрининг,Task,Дмитрий_3,2025-10-12 15:56:15,2025-10-12 16:21:15,25,passed,
0f5a922b-e04f-496d-9d5b-ef8fa2f1d2ae,VAC-1084,CAND-10084,HR,Назначить интервью с HR,User Task,Ольга_8,2025-10-12 16:21:15,2025-10-12 16:36:15,15,,
0f5a922b-e04f-496d-9d5b-ef8fa2f1d2ae,VAC-1084,CAND-10084,HR,Провести интервью с HR,User Task,Наталья_8,2025-10-12 16:36:15,2025-10-12 18:06:15,90,passed,
0f5a922b-e04f-496d-9d5b-ef8fa2f1d2ae,VAC-1084,CAND-10084,ИНТЕРВЬЮЕРЫ,Назначить техническое интервью,User Task,Андрей_7,2025-10-12 18:06:15,2025-10-12 18:20:15,14,,
0f5a922b-e04f-496d-9d5b-ef8fa2f1d2ae,VAC-1084,CAND-10084,ИНТЕРВЬЮЕРЫ,Провести техническое интервью,User Task,Анна_8,2025-10-12 18:20:15,2025-10-12 20:09:15,109,rejected,слабое решение задач
0f95d8ac-1d62-4409-a5de-ca12e457406d,VAC-1130,CAND-10130,РУКОВОДИТЕЛЬ,Создать заявку,User Task,Петров_7,2025-08-31 17:07:15,2025-08-31 17:45:15,38,,
0f95d8ac-1d62-4409-a5de-ca12e457406d,VAC-1130,CAND-10130,HR,Зарегистрировать в HCM,Service Task,Марина_1,2025-08-31 17:45:15,2025-08-31 18:21:15,36,,
0f95d8ac-1d62-4409-a5de-ca12e457406d,VAC-1130,CAND-10130,РЕКРУТЕР,Разместить вакансию,Task,Алексей_9,2025-08-31 18:21:15,2025-08-31 19:41:15,80,,
0f95d8ac-1d62-4409-a5de-ca12e457406d,VAC-1130,CAND-10130,РЕКРУТЕР,Собирать резюме,Task,Алексей_7,2025-08-31 19:41:15,2025-09-02 10:41:15,2340,,
0f95d8ac-1d62-4409-a5de-ca12e457406d,VAC-1130,CAND-10130,РЕКРУТЕР,Скрининг,Task,Екатерина_5,2025-09-02 10:41:15,2025-09-02 11:18:15,37,rejected,не прошёл тест
1128ecf2-d5e8-4fb7-b51d-357740e92215,VAC-1045,CAND-10045,РУКОВОДИТЕЛЬ,Создать заявку,User Task,Сидоров_7,2025-09-15 13:19:15,2025-09-15 14:00:15,41,,
1128ecf2-d5e8-4fb7-b51d-357740e92215,VAC-1045,CAND-10045,HR,Зарегистрировать в HCM,Service Task,Наталья_7,2025-09-15 14:00:15,2025-09-15 14:15:15,15,,
1128ecf2-d5e8-4fb7-b51d-357740e92215,VAC-1045,CAND-10045,РЕКРУТЕР,Разместить вакансию,Task,Екатерина_4,2025-09-15 14:15:15,2025-09-15 15:43:15,88,,
1128ecf2-d5e8-4fb7-b51d-357740e92215,VAC-1045,CAND-10045,РЕКРУТЕР,Собирать резюме,Task,Екатерина_6,2025-09-15 15:43:15,2025-09-18 01:52:15,3489,,
1128ecf2-d5e8-4fb7-b51d-357740e92215,VAC-1045,CAND-10045,РЕКРУТЕР,Скрининг,Task,Екатерина_1,2025-09-18 01:52:15,2025-09-18 02:29:15,37,passed,
1128ecf2-d5e8-4fb7-b51d-357740e92215,VAC-1045,CAND-10045,HR,Назначить интервью с HR,User Task,Наталья_8,2025-09-18 02:29:15,2025-09-18 02:52:15,23,,
1128ecf2-d5e8-4fb7-b51d-357740e92215,VAC-1045,CAND-10045,HR,Провести интервью с HR,User Task,Марина_7,2025-09-18 02:52:15,2025-09-18 04:17:15,85,rejected,завышенные ожидания
16b0dd3b-96d2-45b3-8b24-74121c8d8752,VAC-1121,CAND-10121,РУКОВОДИТЕЛЬ,Создать заявку,User Task,Петров_6,2025-10-13 22:33:15,2025-10-13 22:43:15,10,,
16b0dd3b-96d2-45b3-8b24-74121c8d8752,VAC-1121,CAND-10121,HR,Зарегистрировать в HCM,Service Task,Марина_5,2025-10-13 22:43:15,2025-10-13 23:19:15,36,,
16b0dd3b-96d2-45b3-8b24-74121c8d8752,VAC-1121,CAND-10121,РЕКРУТЕР,Разместить вакансию,Task,Екатерина_6,2025-10-13 23:19:15,2025-10-14 00:49:15,90,,
16b0dd3b-96d2-45b3-8b24-74121c8d8752,VAC-1121,CAND-10121,РЕКРУТЕР,Собирать резюме,Task,Алексей_1,2025-10-14 00:49:15,2025-10-17 00:44:15,4315,,
16b0dd3b-96d2-45b3-8b24-74121c8d8752,VAC-1121,CAND-10121,РЕКРУТЕР,Скрининг,Task,Алексей_7,2025-10-17 00:44:15,2025-10-17 01:09:15,25,rejected,не соотв. опыту
195d253f-3a4a-45a2-b312-3757cc7fd268,VAC-1018,CAND-10018,РУКОВОДИТЕЛЬ,Создать заявку,User Task,Сидоров_4,2025-10-25 15:23:15,2025-10-25 16:10:15,47,,
195d253f-3a4a-45a2-b312-3757cc7fd268,VAC-1018,CAND-10018,HR,Зарегистрировать в HCM,Service Task,Марина_5,2025-10-25 16:10:15,2025-10-25 16:23:15,13,,
195d253f-3a4a-45a2-b312-3757cc7fd268,VAC-1018,CAND-10018,РЕКРУТЕР,Разместить вакансию,Task,Екатерина_2,2025-10-25 16:23:15,2025-10-25 18:10:15,107,,
195d253f-3a4a-45a2-b312-3757cc7fd268,VAC-1018,CAND-10018,РЕКРУТЕР,Собирать резюме,Task,Алексей_6,2025-10-25 18:10:15,2025-10-28 08:48:15,3758,,
195d253f-3a4a-45a2-b312-3757cc7fd268,VAC-1018,CAND-10018,РЕКРУТЕР,Скрининг,Task,Дмитрий_2,2025-10-28 08:48:15,2025-10-28 09:19:15,31,passed,
195d253f-3a4a-45a2-b312-3757cc7fd268,VAC-1018,CAND-10018,HR,Назначить интервью с HR,User Task,Марина_6,2025-10-28 09:19:15,2025-10-28 09:45:15,26,,
195d253f-3a4a-45a2-b312-3757cc7fd268,VAC-1018,CAND-10018,HR,Провести интервью с HR,User Task,Ольга_2,2025-10-28 09:45:15,2025-10-28 11:23:15,98,passed,
195d253f-3a4a-45a2-b312-3757cc7fd268,VAC-1018,CAND-10018,ИНТЕРВЬЮЕРЫ,Назначить техническое интервью,User Task,Сергей_8,2025-10-28 11:23:15,2025-10-28 11:46:15,23,,
195d253f-3a4a-45a2-b312-3757cc7fd268,VAC-1018,CAND-10018,ИНТЕРВЬЮЕРЫ,Провести техническое интервью,User Task,Андрей_9,2025-10-28 11:46:15,2025-10-28 13:26:15,100,rejected,нет опыта с технологиями
1a89a26b-369f-42d7-95d8-9804f72c0897,VAC-1027,CAND-10027,РУКОВОДИТЕЛЬ,Создать заявку,User Task,Петров_7,2025-10-05 19:24:15,2025-10-05 20:04:15,40,,
1a89a26b-369f-42d7-95d8-9804f72c0897,VAC-1027,CAND-10027,HR,Зарегистрировать в HCM,Service Task,Ольга_2,2025-10-05 20:04:15,2025-10-05 20:24:15,20,,
1a89a26b-369f-42d7-95d8-9804f72c0897,VAC-1027,CAND-10027,РЕКРУТЕР,Разместить вакансию,Task,Дмитрий_7,2025-10-05 20:24:15,2025-10-05 21:04:15,40,,
1a89a26b-369f-42d7-95d8-9804f72c0897,VAC-1027,CAND-10027,РЕКРУТЕР,Собирать резюме,Task,Дмитрий_5,2025-10-05 21:04:15,2025-10-08 20:25:15,4281,,
1a89a26b-369f-42d7-95d8-9804f72c0897,VAC-1027,CAND-10027,РЕКРУТЕР,Скрининг,Task,Екатерина_1,2025-10-08 20:25:15,2025-10-08 20:47:15,22,passed,
1a89a26b-369f-42d7-95d8-9804f72c0897,VAC-1027,CAND-10027,HR,Назначить интервью с HR,User Task,Наталья_6,2025-10-08 20:47:15,2025-10-08 21:11:15,24,,
1a89a26b-369f-42d7-95d8-9804f72c0897,VAC-1027,CAND-10027,HR,Провести интервью с HR,User Task,Ольга_9,2025-10-08 21:11:15,2025-10-08 22:10:15,59,passed,
1a89a26b-369f-42d7-95d8-9804f72c0897,VAC-1027,CAND-10027,ИНТЕРВЬЮЕРЫ,Назначить техническое интервью,User Task,Андрей_9,2025-10-08 22:10:15,2025-10-08 22:46:15,36,,
1a89a26b-369f-42d7-95d8-9804f72c0897,VAC-1027,CAND-10027,ИНТЕРВЬЮЕРЫ,Провести техническое интервью,User Task,Андрей_9,2025-10-08 22:46:15,2025-10-08 23:37:15,51,passed,
1a89a26b-369f-42d7-95d8-9804f72c0897,VAC-1027,CAND-10027,ИНТЕРВЬЮЕРЫ,Назначить финальное интервью,User Task,Анна_8,2025-10-08 23:37:15,2025-10-08 23:58:15,21,,
1a89a26b-369f-42d7-95d8-9804f72c0897,VAC-1027,CAND-10027,ИНТЕРВЬЮЕРЫ,Провести финальное интервью,User Task,Андрей_5,2025-10-08 23:58:15,2025-10-09 00:49:15,51,passed,
1a89a26b-369f-42d7-95d8-9804f72c0897,VAC-1027,CAND-10027,HR (ОФФЕР),Согласовать условия,User Task,Наталья_5,2025-10-09 00:49:15,2025-10-09 04:09:15,200,,
1a89a26b-369f-42d7-95d8-9804f72c0897,VAC-1027,CAND-10027,HR (ОФФЕР),Сгенерировать оффер,Service Task,Марина_8,2025-10-09 04:09:15,2025-10-09 04:28:15,19,,
1a89a26b-369f-42d7-95d8-9804f72c0897,VAC-1027,CAND-10027,HR (ОФФЕР),Отправить оффер,Send Task,Наталья_1,2025-10-09 04:28:15,2025-10-09 04:38:15,10,sent,
1a89a26b-369f-42d7-95d8-9804f72c0897,VAC-1027,CAND-10027,HR (ОФФЕР),Переговоры / отказ,Task,Наталья_3,2025-10-09 04:38:15,2025-10-09 08:13:15,215,rejected,
1b2642c3-6266-4d90-b88e-b43cbef37e0a,VAC-1019,CAND-10019,РУКОВОДИТЕЛЬ,Создать заявку,User Task,Петров_8,2025-09-12 22:10:15,2025-09-12 22:54:15,44,,
1b2642c3-6266-4d90-b88e-b43cbef37e0a,VAC-1019,CAND-10019,HR,Зарегистрировать в HCM,Service Task,Марина_5,2025-09-12 22:54:15,2025-09-12 23:17:15,23,,
1b2642c3-6266-4d90-b88e-b43cbef37e0a,VAC-1019,CAND-10019,РЕКРУТЕР,Разместить вакансию,Task,Алексей_2,2025-09-12 23:17:15,2025-09-13 00:18:15,61,,
1b2642c3-6266-4d90-b88e-b43cbef37e0a,VAC-1019,CAND-10019,РЕКРУТЕР,Собирать резюме,Task,Дмитрий_4,2025-09-13 00:18:15,2025-09-14 19:20:15,2582,,
1b2642c3-6266-4d90-b88e-b43cbef37e0a,VAC-1019,CAND-10019,РЕКРУТЕР,Скрининг,Task,Екатерина_7,2025-09-14 19:20:15,2025-09-14 19:48:15,28,rejected,некорректное резюме
1c5325b3-54dc-4b96-a1c6-bdb72ed6658e,VAC-1156,CAND-10156,РУКОВОДИТЕЛЬ,Создать заявку,User Task,Сидоров_1,2025-10-25 19:11:15,2025-10-25 19:44:15,33,,
1c5325b3-54dc-4b96-a1c6-bdb72ed6658e,VAC-1156,CAND-10156,HR,Зарегистрировать в HCM,Service Task,Марина_5,2025-10-25 19:44:15,2025-10-25 20:20:15,36,,
1c5325b3-54dc-4b96-a1c6-bdb72ed6658e,VAC-1156,CAND-10156,РЕКРУТЕР,Разместить вакансию,Task,Алексей_2,2025-10-25 20:20:15,2025-10-25 21:47:15,87,,
1c5325b3-54dc-4b96-a1c6-bdb72ed6658e,VAC-1156,CAND-10156,РЕКРУТЕР,Собирать резюме,Task,Алексей_4,2025-10-25 21:47:15,2025-10-27 18:31:15,2684,,
1c5325b3-54dc-4b96-a1c6-bdb72ed6658e,VAC-1156,CAND-10156,РЕКРУТЕР,Скрининг,Task,Алексей_4,2025-10-27 18:31:15,2025-10-27 18:44:15,13,rejected,не прошёл тест
1f6e3672-053c-4402-9b87-eda22aaf87db,VAC-1066,CAND-10066,РУКОВОДИТЕЛЬ,Создать заявку,User Task,Петров_5,2025-10-21 15:13:15,2025-10-21 15:55:15,42,,
1f6e3672-053c-4402-9b87-eda22aaf87db,VAC-1066,CAND-10066,HR,Зарегистрировать в HCM,Service Task,Наталья_6,2025-10-21 15:55:15,2025-10-21 16:11:15,16,,
1f6e3672-053c-4402-9b87-eda22aaf87db,VAC-1066,CAND-10066,РЕКРУТЕР,Разместить вакансию,Task,Екатерина_8,2025-10-21 16:11:15,2025-10-21 16:51:15,40,,
1f6e3672-053c-4402-9b87-eda22aaf87db,VAC-1066,CAND-10066,РЕКРУТЕР,Собирать резюме,Task,Дмитрий_3,2025-10-21 16:51:15,2025-10-24 13:06:15,4095,,
1f6e3672-053c-4402-9b87-eda22aaf87db,VAC-1066,CAND-10066,РЕКРУТЕР,Скрининг,Task,Дмитрий_4,2025-10-24 13:06:15,2025-10-24 13:26:15,20,passed,
1f6e3672-053c-4402-9b87-eda22aaf87db,VAC-1066,CAND-10066,HR,Назначить интервью с HR,User Task,Марина_7,2025-10-24 13:26:15,2025-10-24 13:41:15,15,,
1f6e3672-053c-4402-9b87-eda22aaf87db,VAC-1066,CAND-10066,HR,Провести интервью с HR,User Task,Ольга_2,2025-10-24 13:41:15,2025-10-24 15:31:15,110,rejected,несоответствие культуре
202fcb05-d4f9-4efb-a601-90501deff60c,VAC-1024,CAND-10024,РУКОВОДИТЕЛЬ,Создать заявку,User Task,Петров_8,2025-09-23 17:30:15,2025-09-23 17:43:15,13,,
202fcb05-d4f9-4efb-a601-90501deff60c,VAC-1024,CAND-10024,HR,Зарегистрировать в HCM,Service Task,Наталья_7,2025-09-23 17:43:15,2025-09-23 17:56:15,13,,
202fcb05-d4f9-4efb-a601-90501deff60c,VAC-1024,CAND-10024,РЕКРУТЕР,Разместить вакансию,Task,Алексей_1,2025-09-23 17:56:15,2025-09-23 19:18:15,82,,
202fcb05-d4f9-4efb-a601-90501deff60c,VAC-1024,CAND-10024,РЕКРУТЕР,Собирать резюме,Task,Алексей_5,2025-09-23 19:18:15,2025-09-25 05:39:15,2061,,
202fcb05-d4f9-4efb-a601-90501deff60c,VAC-1024,CAND-10024,РЕКРУТЕР,Скрининг,Task,Алексей_9,2025-09-25 05:39:15,2025-09-25 05:56:15,17,passed,
202fcb05-d4f9-4efb-a601-90501deff60c,VAC-1024,CAND-10024,HR,Назначить интервью с HR,User Task,Ольга_4,2025-09-25 05:56:15,2025-09-25 06:30:15,34,,
202fcb05-d4f9-4efb-a601-90501deff60c,VAC-1024,CAND-10024,HR,Провести интервью с HR,User Task,Ольга_8,2025-09-25 06:30:15,2025-09-25 08:03:15,93,rejected,несоответствие культуре
2049f926-03bb-43f8-a8c0-33b7d24f11b1,VAC-1047,CAND-10047,РУКОВОДИТЕЛЬ,Создать заявку,User Task,Сидоров_7,2025-10-06 13:58:15,2025-10-06 14:46:15,48,,
2049f926-03bb-43f8-a8c0-33b7d24f11b1,VAC-1047,CAND-10047,HR,Зарегистрировать в HCM,Service Task,Марина_9,2025-10-06 14:46:15,2025-10-06 15:10:15,24,,
2049f926-03bb-43f8-a8c0-33b7d24f11b1,VAC-1047,CAND-10047,РЕКРУТЕР,Разместить вакансию,Task,Алексей_8,2025-10-06 15:10:15,2025-10-06 17:04:15,114,,
2049f926-03bb-43f8-a8c0-33b7d24f11b1,VAC-1047,CAND-10047,РЕКРУТЕР,Собирать резюме,Task,Екатерина_4,2025-10-06 17:04:15,2025-10-09 08:05:15,3781,,
2049f926-03bb-43f8-a8c0-33b7d24f11b1,VAC-1047,CAND-10047,РЕКРУТЕР,Скрининг,Task,Екатерина_3,2025-10-09 08:05:15,2025-10-09 08:30:15,25,passed,
2049f926-03bb-43f8-a8c0-33b7d24f11b1,VAC-1047,CAND-10047,HR,Назначить интервью с HR,User Task,Наталья_8,2025-10-09 08:30:15,2025-10-09 09:10:15,40,,
2049f926-03bb-43f8-a8c0-33b7d24f11b1,VAC-1047,CAND-10047,HR,Провести интервью с HR,User Task,Марина_2,2025-10-09 09:10:15,2025-10-09 10:38:15,88,passed,
2049f926-03bb-43f8-a8c0-33b7d24f11b1,VAC-1047,CAND-10047,ИНТЕРВЬЮЕРЫ,Назначить техническое интервью,User Task,Анна_3,2025-10-09 10:38:15,2025-10-09 11:04:15,26,,
2049f926-03bb-43f8-a8c0-33b7d24f11b1,VAC-1047,CAND-10047,ИНТЕРВЬЮЕРЫ,Провести техническое интервью,User Task,Сергей_9,2025-10-09 11:04:15,2025-10-09 12:45:15,101,passed,
2049f926-03bb-43f8-a8c0-33b7d24f11b1,VAC-1047,CAND-10047,ИНТЕРВЬЮЕРЫ,Назначить финальное интервью,User Task,Анна_3,2025-10-09 12:45:15,2025-10-09 13:11:15,26,,
2049f926-03bb-43f8-a8c0-33b7d24f11b1,VAC-1047,CAND-10047,ИНТЕРВЬЮЕРЫ,Провести финальное интервью,User Task,Сергей_7,2025-10-09 13:11:15,2025-10-09 14:32:15,81,passed,
2049f926-03bb-43f8-a8c0-33b7d24f11b1,VAC-1047,CAND-10047,HR (ОФФЕР),Согласовать условия,User Task,Марина_1,2025-10-09 14:32:15,2025-10-09 16:58:15,146,,
2049f926-03bb-43f8-a8c0-33b7d24f11b1,VAC-1047,CAND-10047,HR (ОФФЕР),Сгенерировать оффер,Service Task,Марина_6,2025-10-09 16:58:15,2025-10-09 17:28:15,30,,
2049f926-03bb-43f8-a8c0-33b7d24f11b1,VAC-1047,CAND-10047,HR (ОФФЕР),Отправить оффер,Send Task,Наталья_6,2025-10-09 17:28:15,2025-10-09 17:38:15,10,sent,
2049f926-03bb-43f8-a8c0-33b7d24f11b1,VAC-1047,CAND-10047,SECURITY,Background Check,Call Activity,Служба_БД_5,2025-10-09 17:38:15,2025-10-13 22:24:15,6046,report_ready,
2049f926-03bb-43f8-a8c0-33b7d24f11b1,VAC-1047,CAND-10047,IT,Выдача оборудования,Task,IT_Specialist_6,2025-10-13 22:24:15,2025-10-14 00:48:15,144,,
2049f926-03bb-43f8-a8c0-33b7d24f11b1,VAC-1047,CAND-10047,IT,Создать доступы,Task,IT_Specialist_6,2025-10-14 00:48:15,2025-10-14 01:28:15,40,,
2049f926-03bb-43f8-a8c0-33b7d24f11b1,VAC-1047,CAND-10047,IT,Вводное обучение,Service Task,Марина_7,2025-10-14 01:28:15,2025-10-14 07:06:15,338,,
2049f926-03bb-43f8-a8c0-33b7d24f11b1,VAC-1047,CAND-10047,HR,Назначить ментора,Task,Марина_2,2025-10-14 07:06:15,2025-10-14 07:44:15,38,,
2049f926-03bb-43f8-a8c0-33b7d24f11b1,VAC-1047,CAND-10047,HR,Уведомить всех,Message,system,2025-10-14 07:44:15,2025-10-14 07:49:15,5,notified,
2049f926-03bb-43f8-a8c0-33b7d24f11b1,VAC-1047,CAND-10047,HR,Обновить HCM,Service Task,Ольга_9,2025-10-14 07:49:15,2025-10-14 08:09:15,20,,
2049f926-03bb-43f8-a8c0-33b7d24f11b1,VAC-1047,CAND-10047,HR,Payroll,Service Task,Ольга_6,2025-10-14 08:09:15,2025-10-14 08:29:15,20,,
2049f926-03bb-43f8-a8c0-33b7d24f11b1,VAC-1047,CAND-10047,HR,Закрыть вакансию,Service Task,Наталья_9,2025-10-14 08:29:15,2025-10-14 08:34:15,5,,
218ccee7-add7-45b0-8fb0-c8809c3d181f,VAC-1190,CAND-10190,РУКОВОДИТЕЛЬ,Создать заявку,User Task,Петров_4,2025-09-17 16:05:15,2025-09-17 16:33:15,28,,
218ccee7-add7-45b0-8fb0-c8809c3d181f,VAC-1190,CAND-10190,HR,Зарегистрировать в HCM,Service Task,Наталья_2,2025-09-17 16:33:15,2025-09-17 16:44:15,11,,
218ccee7-add7-45b0-8fb0-c8809c3d181f,VAC-1190,CAND-10190,РЕКРУТЕР,Разместить вакансию,Task,Екатерина_4,2025-09-17 16:44:15,2025-09-17 17:11:15,27,,
218ccee7-add7-45b0-8fb0-c8809c3d181f,VAC-1190,CAND-10190,РЕКРУТЕР,Собирать резюме,Task,Екатерина_2,2025-09-17 17:11:15,2025-09-20 10:06:15,3895,,
218ccee7-add7-45b0-8fb0-c8809c3d181f,VAC-1190,CAND-10190,РЕКРУТЕР,Скрининг,Task,Алексей_3,2025-09-20 10:06:15,2025-09-20 10:19:15,13,rejected,некорректное резюме
226f0951-3a45-4b9e-ae86-6857297e26ff,VAC-1110,CAND-10110,РУКОВОДИТЕЛЬ,Создать заявку,User Task,Иванов_8,2025-09-15 22:27:15,2025-09-15 23:23:15,56,,
226f0951-3a45-4b9e-ae86-6857297e26ff,VAC-1110,CAND-10110,HR,Зарегистрировать в HCM,Service Task,Ольга_7,2025-09-15 23:23:15,2025-09-15 23:42:15,19,,
226f0951-3a45-4b9e-ae86-6857297e26ff,VAC-1110,CAND-10110,РЕКРУТЕР,Разместить вакансию,Task,Дмитрий_1,2025-09-15 23:42:15,2025-09-16 00:53:15,71,,
226f0951-3a45-4b9e-ae86-6857297e26ff,VAC-1110,CAND-10110,РЕКРУТЕР,Собирать резюме,Task,Екатерина_4,2025-09-16 00:53:15,2025-09-18 16:41:15,3828,,
226f0951-3a45-4b9e-ae86-6857297e26ff,VAC-1110,CAND-10110,РЕКРУТЕР,Скрининг,Task,Алексей_9,2025-09-18 16:41:15,2025-09-18 17:13:15,32,passed,
226f0951-3a45-4b9e-ae86-6857297e26ff,VAC-1110,CAND-10110,HR,Назначить интервью с HR,User Task,Ольга_6,2025-09-18 17:13:15,2025-09-18 17:43:15,30,,
226f0951-3a45-4b9e-ae86-6857297e26ff,VAC-1110,CAND-10110,HR,Провести интервью с HR,User Task,Марина_9,2025-09-18 17:43:15,2025-09-18 18:49:15,66,passed,
226f0951-3a45-4b9e-ae86-6857297e26ff,VAC-1110,CAND-10110,ИНТЕРВЬЮЕРЫ,Назначить техническое интервью,User Task,Сергей_2,2025-09-18 18:49:15,2025-09-18 19:04:15,15,,
226f0951-3a45-4b9e-ae86-6857297e26ff,VAC-1110,CAND-10110,ИНТЕРВЬЮЕРЫ,Провести техническое интервью,User Task,Анна_9,2025-09-18 19:04:15,2025-09-18 20:22:15,78,passed,
226f0951-3a45-4b9e-ae86-6857297e26ff,VAC-1110,CAND-10110,ИНТЕРВЬЮЕРЫ,Назначить финальное интервью,User Task,Андрей_6,2025-09-18 20:22:15,2025-09-18 20:56:15,34,,
226f0951-3a45-4b9e-ae86-6857297e26ff,VAC-1110,CAND-10110,ИНТЕРВЬЮЕРЫ,Провести финальное интервью,User Task,Сергей_4,2025-09-18 20:56:15,2025-09-18 22:09:15,73,passed,
226f0951-3a45-4b9e-ae86-6857297e26ff,VAC-1110,CAND-10110,HR (ОФФЕР),Согласовать условия,User Task,Ольга_6,2025-09-18 22:09:15,2025-09-19 00:27:15,138,,
226f0951-3a45-4b9e-ae86-6857297e26ff,VAC-1110,CAND-10110,HR (ОФФЕР),Сгенерировать оффер,Service Task,Ольга_5,2025-09-19 00:27:15,2025-09-19 00:43:15,16,,
226f0951-3a45-4b9e-ae86-6857297e26ff,VAC-1110,CAND-10110,HR (ОФФЕР),Отправить оффер,Send Task,Ольга_2,2025-09-19 00:43:15,2025-09-19 00:53:15,10,sent,
226f0951-3a45-4b9e-ae86-6857297e26ff,VAC-1110,CAND-10110,SECURITY,Background Check,Call Activity,Служба_БД_4,2025-09-19 00:53:15,2025-09-21 10:36:15,3463,report_ready,
226f0951-3a45-4b9e-ae86-6857297e26ff,VAC-1110,CAND-10110,IT,Выдача оборудования,Task,IT_Specialist_9,2025-09-21 10:36:15,2025-09-21 13:27:15,171,,
226f0951-3a45-4b9e-ae86-6857297e26ff,VAC-1110,CAND-10110,IT,Создать доступы,Task,IT_Specialist_1,2025-09-21 13:27:15,2025-09-21 14:35:15,68,,
226f0951-3a45-4b9e-ae86-6857297e26ff,VAC-1110,CAND-10110,IT,Вводное обучение,Service Task,Наталья_4,2025-09-21 14:35:15,2025-09-21 18:52:15,257,,
226f0951-3a45-4b9e-ae86-6857297e26ff,VAC-1110,CAND-10110,HR,Назначить ментора,Task,Ольга_8,2025-09-21 18:52:15,2025-09-21 19:43:15,51,,
226f0951-3a45-4b9e-ae86-6857297e26ff,VAC-1110,CAND-10110,HR,Уведомить всех,Message,system,2025-09-21 19:43:15,2025-09-21 19:48:15,5,notified,
226f0951-3a45-4b9e-ae86-6857297e26ff,VAC-1110,CAND-10110,HR,Обновить HCM,Service Task,Наталья_6,2025-09-21 19:48:15,2025-09-21 20:08:15,20,,
226f0951-3a45-4b9e-ae86-6857297e26ff,VAC-1110,CAND-10110,HR,Payroll,Service Task,Марина_3,2025-09-21 20:08:15,2025-09-21 20:28:15,20,,
226f0951-3a45-4b9e-ae86-6857297e26ff,VAC-1110,CAND-10110,HR,Закрыть вакансию,Service Task,Наталья_8,2025-09-21 20:28:15,2025-09-21 20:33:15,5,,
22f64a8f-7b37-4d47-bfc9-3241c6ea61e5,VAC-1021,CAND-10021,РУКОВОДИТЕЛЬ,Создать заявку,User Task,Сидоров_8,2025-09-30 16:03:15,2025-09-30 16:43:15,40,,
22f64a8f-7b37-4d47-bfc9-3241c6ea61e5,VAC-1021,CAND-10021,HR,Зарегистрировать в HCM,Service Task,Наталья_2,2025-09-30 16:43:15,2025-09-30 17:07:15,24,,
22f64a8f-7b37-4d47-bfc9-3241c6ea61e5,VAC-1021,CAND-10021,РЕКРУТЕР,Разместить вакансию,Task,Алексей_7,2025-09-30 17:07:15,2025-09-30 18:04:15,57,,
22f64a8f-7b37-4d47-bfc9-3241c6ea61e5,VAC-1021,CAND-10021,РЕКРУТЕР,Собирать резюме,Task,Алексей_5,2025-09-30 18:04:15,2025-10-03 17:17:15,4273,,
22f64a8f-7b37-4d47-bfc9-3241c6ea61e5,VAC-1021,CAND-10021,РЕКРУТЕР,Скрининг,Task,Дмитрий_9,2025-10-03 17:17:15,2025-10-03 17:38:15,21,passed,
22f64a8f-7b37-4d47-bfc9-3241c6ea61e5,VAC-1021,CAND-10021,HR,Назначить интервью с HR,User Task,Ольга_7,2025-10-03 17:38:15,2025-10-03 18:04:15,26,,
22f64a8f-7b37-4d47-bfc9-3241c6ea61e5,VAC-1021,CAND-10021,HR,Провести интервью с HR,User Task,Ольга_6,2025-10-03 18:04:15,2025-10-03 19:59:15,115,rejected,завышенные ожидания
2369ac29-c77e-4c20-9c3f-2e741078c3ce,VAC-1083,CAND-10083,РУКОВОДИТЕЛЬ,Создать заявку,User Task,Иванов_1,2025-09-14 13:10:15,2025-09-14 14:05:15,55,,
2369ac29-c77e-4c20-9c3f-2e741078c3ce,VAC-1083,CAND-10083,HR,Зарегистрировать в HCM,Service Task,Ольга_2,2025-09-14 14:05:15,2025-09-14 14:42:15,37,,
2369ac29-c77e-4c20-9c3f-2e741078c3ce,VAC-1083,CAND-10083,РЕКРУТЕР,Разместить вакансию,Task,Алексей_4,2025-09-14 14:42:15,2025-09-14 16:28:15,106,,
2369ac29-c77e-4c20-9c3f-2e741078c3ce,VAC-1083,CAND-10083,РЕКРУТЕР,Собирать резюме,Task,Алексей_9,2025-09-14 16:28:15,2025-09-17 03:41:15,3553,,
2369ac29-c77e-4c20-9c3f-2e741078c3ce,VAC-1083,CAND-10083,РЕКРУТЕР,Скрининг,Task,Дмитрий_8,2025-09-17 03:41:15,2025-09-17 04:08:15,27,passed,
2369ac29-c77e-4c20-9c3f-2e741078c3ce,VAC-1083,CAND-10083,HR,Назначить интервью с HR,User Task,Ольга_3,2025-09-17 04:08:15,2025-09-17 04:25:15,17,,
2369ac29-c77e-4c20-9c3f-2e741078c3ce,VAC-1083,CAND-10083,HR,Провести интервью с HR,User Task,Ольга_1,2025-09-17 04:25:15,2025-09-17 06:05:15,100,passed,
2369ac29-c77e-4c20-9c3f-2e741078c3ce,VAC-1083,CAND-10083,ИНТЕРВЬЮЕРЫ,Назначить техническое интервью,User Task,Анна_4,2025-09-17 06:05:15,2025-09-17 06:38:15,33,,
2369ac29-c77e-4c20-9c3f-2e741078c3ce,VAC-1083,CAND-10083,ИНТЕРВЬЮЕРЫ,Провести техническое интервью,User Task,Сергей_1,2025-09-17 06:38:15,2025-09-17 08:17:15,99,passed,
2369ac29-c77e-4c20-9c3f-2e741078c3ce,VAC-1083,CAND-10083,ИНТЕРВЬЮЕРЫ,Назначить финальное интервью,User Task,Андрей_4,2025-09-17 08:17:15,2025-09-17 08:49:15,32,,
2369ac29-c77e-4c20-9c3f-2e741078c3ce,VAC-1083,CAND-10083,ИНТЕРВЬЮЕРЫ,Провести финальное интервью,User Task,Анна_2,2025-09-17 08:49:15,2025-09-17 09:42:15,53,passed,
2369ac29-c77e-4c20-9c3f-2e741078c3ce,VAC-1083,CAND-10083,HR (ОФФЕР),Согласовать условия,User Task,Наталья_6,2025-09-17 09:42:15,2025-09-17 12:59:15,197,,
2369ac29-c77e-4c20-9c3f-2e741078c3ce,VAC-1083,CAND-10083,HR (ОФФЕР),Сгенерировать оффер,Service Task,Наталья_8,2025-09-17 12:59:15,2025-09-17 13:14:15,15,,
2369ac29-c77e-4c20-9c3f-2e741078c3ce,VAC-1083,CAND-10083,HR (ОФФЕР),Отправить оффер,Send Task,Наталья_5,2025-09-17 13:14:15,2025-09-17 13:24:15,10,sent,
2369ac29-c77e-4c20-9c3f-2e741078c3ce,VAC-1083,CAND-10083,SECURITY,Background Check,Call Activity,Служба_БД_7,2025-09-17 13:24:15,2025-09-22 08:13:15,6889,report_ready,
2369ac29-c77e-4c20-9c3f-2e741078c3ce,VAC-1083,CAND-10083,IT,Выдача оборудования,Task,IT_Specialist_6,2025-09-22 08:13:15,2025-09-22 10:28:15,135,,
2369ac29-c77e-4c20-9c3f-2e741078c3ce,VAC-1083,CAND-10083,IT,Создать доступы,Task,IT_Specialist_3,2025-09-22 10:28:15,2025-09-22 11:43:15,75,,
2369ac29-c77e-4c20-9c3f-2e741078c3ce,VAC-1083,CAND-10083,IT,Вводное обучение,Service Task,Марина_2,2025-09-22 11:43:15,2025-09-22 17:15:15,332,,
2369ac29-c77e-4c20-9c3f-2e741078c3ce,VAC-1083,CAND-10083,HR,Назначить ментора,Task,Наталья_6,2025-09-22 17:15:15,2025-09-22 18:28:15,73,,
2369ac29-c77e-4c20-9c3f-2e741078c3ce,VAC-1083,CAND-10083,HR,Уведомить всех,Message,system,2025-09-22 18:28:15,2025-09-22 18:33:15,5,notified,
2369ac29-c77e-4c20-9c3f-2e741078c3ce,VAC-1083,CAND-10083,HR,Обновить HCM,Service Task,Наталья_4,2025-09-22 18:33:15,2025-09-22 18:53:15,20,,
2369ac29-c77e-4c20-9c3f-2e741078c3ce,VAC-1083,CAND-10083,HR,Payroll,Service Task,Ольга_2,2025-09-22 18:53:15,2025-09-22 19:13:15,20,,
2369ac29-c77e-4c20-9c3f-2e741078c3ce,VAC-1083,CAND-10083,HR,Закрыть вакансию,Service Task,Наталья_6,2025-09-22 19:13:15,2025-09-22 19:18:15,5,,
239ef003-6e2a-42f8-8901-13ba90055148,VAC-1079,CAND-10079,РУКОВОДИТЕЛЬ,Создать заявку,User Task,Петров_7,2025-09-26 15:41:15,2025-09-26 16:26:15,45,,
239ef003-6e2a-42f8-8901-13ba90055148,VAC-1079,CAND-10079,HR,Зарегистрировать в HCM,Service Task,Марина_7,2025-09-26 16:26:15,2025-09-26 16:41:15,15,,
239ef003-6e2a-42f8-8901-13ba90055148,VAC-1079,CAND-10079,РЕКРУТЕР,Разместить вакансию,Task,Екатерина_5,2025-09-26 16:41:15,2025-09-26 17:11:15,30,,
239ef003-6e2a-42f8-8901-13ba90055148,VAC-1079,CAND-10079,РЕКРУТЕР,Собирать резюме,Task,Екатерина_2,2025-09-26 17:11:15,2025-09-28 10:00:15,2449,,
239ef003-6e2a-42f8-8901-13ba90055148,VAC-1079,CAND-10079,РЕКРУТЕР,Скрининг,Task,Дмитрий_3,2025-09-28 10:00:15,2025-09-28 10:14:15,14,passed,
239ef003-6e2a-42f8-8901-13ba90055148,VAC-1079,CAND-10079,HR,Назначить интервью с HR,User Task,Ольга_6,2025-09-28 10:14:15,2025-09-28 10:47:15,33,,
239ef003-6e2a-42f8-8901-13ba90055148,VAC-1079,CAND-10079,HR,Провести интервью с HR,User Task,Наталья_5,2025-09-28 10:47:15,2025-09-28 11:43:15,56,passed,
239ef003-6e2a-42f8-8901-13ba90055148,VAC-1079,CAND-10079,ИНТЕРВЬЮЕРЫ,Назначить техническое интервью,User Task,Сергей_5,2025-09-28 11:43:15,2025-09-28 12:07:15,24,,
239ef003-6e2a-42f8-8901-13ba90055148,VAC-1079,CAND-10079,ИНТЕРВЬЮЕРЫ,Провести техническое интервью,User Task,Андрей_7,2025-09-28 12:07:15,2025-09-28 13:03:15,56,passed,
239ef003-6e2a-42f8-8901-13ba90055148,VAC-1079,CAND-10079,ИНТЕРВЬЮЕРЫ,Назначить финальное интервью,User Task,Анна_9,2025-09-28 13:03:15,2025-09-28 13:27:15,24,,
239ef003-6e2a-42f8-8901-13ba90055148,VAC-1079,CAND-10079,ИНТЕРВЬЮЕРЫ,Провести финальное интервью,User Task,Андрей_2,2025-09-28 13:27:15,2025-09-28 14:25:15,58,passed,
239ef003-6e2a-42f8-8901-13ba90055148,VAC-1079,CAND-10079,HR (ОФФЕР),Согласовать условия,User Task,Марина_2,2025-09-28 14:25:15,2025-09-28 16:55:15,150,,
239ef003-6e2a-42f8-8901-13ba90055148,VAC-1079,CAND-10079,HR (ОФФЕР),Сгенерировать оффер,Service Task,Марина_6,2025-09-28 16:55:15,2025-09-28 17:19:15,24,,
239ef003-6e2a-42f8-8901-13ba90055148,VAC-1079,CAND-10079,HR (ОФФЕР),Отправить оффер,Send Task,Ольга_1,2025-09-28 17:19:15,2025-09-28 17:29:15,10,sent,
239ef003-6e2a-42f8-8901-13ba90055148,VAC-1079,CAND-10079,SECURITY,Background Check,Call Activity,Служба_БД_9,2025-09-28 17:29:15,2025-10-02 22:25:15,6056,report_ready,
239ef003-6e2a-42f8-8901-13ba90055148,VAC-1079,CAND-10079,IT,Выдача оборудования,Task,IT_Specialist_7,2025-10-02 22:25:15,2025-10-02 23:56:15,91,,
239ef003-6e2a-42f8-8901-13ba90055148,VAC-1079,CAND-10079,IT,Создать доступы,Task,IT_Specialist_5,2025-10-02 23:56:15,2025-10-03 00:47:15,51,,
239ef003-6e2a-42f8-8901-13ba90055148,VAC-1079,CAND-10079,IT,Вводное обучение,Service Task,Ольга_8,2025-10-03 00:47:15,2025-10-03 06:21:15,334,,
239ef003-6e2a-42f8-8901-13ba90055148,VAC-1079,CAND-10079,HR,Назначить ментора,Task,Наталья_3,2025-10-03 06:21:15,2025-10-03 07:00:15,39,,
239ef003-6e2a-42f8-8901-13ba90055148,VAC-1079,CAND-10079,HR,Уведомить всех,Message,system,2025-10-03 07:00:15,2025-10-03 07:05:15,5,notified,
239ef003-6e2a-42f8-8901-13ba90055148,VAC-1079,CAND-10079,HR,Обновить HCM,Service Task,Ольга_5,2025-10-03 07:05:15,2025-10-03 07:25:15,20,,
239ef003-6e2a-42f8-8901-13ba90055148,VAC-1079,CAND-10079,HR,Payroll,Service Task,Ольга_5,2025-10-03 07:25:15,2025-10-03 07:45:15,20,,
239ef003-6e2a-42f8-8901-13ba90055148,VAC-1079,CAND-10079,HR,Закрыть вакансию,Service Task,Ольга_2,2025-10-03 07:45:15,2025-10-03 07:50:15,5,,
276f063b-df36-4263-a81a-c80fc74661e7,VAC-1164,CAND-10164,РУКОВОДИТЕЛЬ,Создать заявку,User Task,Сидоров_1,2025-09-06 15:51:15,2025-09-06 16:30:15,39,,
276f063b-df36-4263-a81a-c80fc74661e7,VAC-1164,CAND-10164,HR,Зарегистрировать в HCM,Service Task,Наталья_9,2025-09-06 16:30:15,2025-09-06 16:41:15,11,,
276f063b-df36-4263-a81a-c80fc74661e7,VAC-1164,CAND-10164,РЕКРУТЕР,Разместить вакансию,Task,Дмитрий_8,2025-09-06 16:41:15,2025-09-06 17:40:15,59,,
276f063b-df36-4263-a81a-c80fc74661e7,VAC-1164,CAND-10164,РЕКРУТЕР,Собирать резюме,Task,Екатерина_3,2025-09-06 17:40:15,2025-09-08 20:31:15,3051,,
276f063b-df36-4263-a81a-c80fc74661e7,VAC-1164,CAND-10164,РЕКРУТЕР,Скрининг,Task,Дмитрий_6,2025-09-08 20:31:15,2025-09-08 21:02:15,31,passed,
276f063b-df36-4263-a81a-c80fc74661e7,VAC-1164,CAND-10164,HR,Назначить интервью с HR,User Task,Ольга_4,2025-09-08 21:02:15,2025-09-08 21:32:15,30,,
276f063b-df36-4263-a81a-c80fc74661e7,VAC-1164,CAND-10164,HR,Провести интервью с HR,User Task,Ольга_1,2025-09-08 21:32:15,2025-09-08 23:21:15,109,rejected,завышенные ожидания
2a41f6f8-67a2-44fb-a71f-3a59b24b1703,VAC-1036,CAND-10036,РУКОВОДИТЕЛЬ,Создать заявку,User Task,Петров_7,2025-10-17 20:17:15,2025-10-17 21:11:15,54,,
2a41f6f8-67a2-44fb-a71f-3a59b24b1703,VAC-1036,CAND-10036,HR,Зарегистрировать в HCM,Service Task,Наталья_1,2025-10-17 21:11:15,2025-10-17 21:24:15,13,,
2a41f6f8-67a2-44fb-a71f-3a59b24b1703,VAC-1036,CAND-10036,РЕКРУТЕР,Разместить вакансию,Task,Дмитрий_8,2025-10-17 21:24:15,2025-10-17 21:48:15,24,,
2a41f6f8-67a2-44fb-a71f-3a59b24b1703,VAC-1036,CAND-10036,РЕКРУТЕР,Собирать резюме,Task,Алексей_4,2025-10-17 21:48:15,2025-10-19 05:43:15,1915,,
2a41f6f8-67a2-44fb-a71f-3a59b24b1703,VAC-1036,CAND-10036,РЕКРУТЕР,Скрининг,Task,Дмитрий_8,2025-10-19 05:43:15,2025-10-19 05:57:15,14,rejected,некорректное резюме
2a42e4d9-6638-407e-b0fc-4ed77486f53d,VAC-1023,CAND-10023,РУКОВОДИТЕЛЬ,Создать заявку,User Task,Иванов_5,2025-09-14 13:04:15,2025-09-14 13:48:15,44,,
2a42e4d9-6638-407e-b0fc-4ed77486f53d,VAC-1023,CAND-10023,HR,Зарегистрировать в HCM,Service Task,Наталья_9,2025-09-14 13:48:15,2025-09-14 13:59:15,11,,
2a42e4d9-6638-407e-b0fc-4ed77486f53d,VAC-1023,CAND-10023,РЕКРУТЕР,Разместить вакансию,Task,Екатерина_3,2025-09-14 13:59:15,2025-09-14 14:56:15,57,,
2a42e4d9-6638-407e-b0fc-4ed77486f53d,VAC-1023,CAND-10023,РЕКРУТЕР,Собирать резюме,Task,Дмитрий_2,2025-09-14 14:56:15,2025-09-17 10:28:15,4052,,
2a42e4d9-6638-407e-b0fc-4ed77486f53d,VAC-1023,CAND-10023,РЕКРУТЕР,Скрининг,Task,Дмитрий_8,2025-09-17 10:28:15,2025-09-17 10:56:15,28,rejected,некорректное резюме
2b252ff8-4065-4096-8aff-a6cb36e961d4,VAC-1065,CAND-10065,РУКОВОДИТЕЛЬ,Создать заявку,User Task,Сидоров_5,2025-09-13 13:41:15,2025-09-13 14:19:15,38,,
2b252ff8-4065-4096-8aff-a6cb36e961d4,VAC-1065,CAND-10065,HR,Зарегистрировать в HCM,Service Task,Ольга_4,2025-09-13 14:19:15,2025-09-13 14:52:15,33,,
2b252ff8-4065-4096-8aff-a6cb36e961d4,VAC-1065,CAND-10065,РЕКРУТЕР,Разместить вакансию,Task,Екатерина_5,2025-09-13 14:52:15,2025-09-13 15:37:15,45,,
2b252ff8-4065-4096-8aff-a6cb36e961d4,VAC-1065,CAND-10065,РЕКРУТЕР,Собирать резюме,Task,Екатерина_5,2025-09-13 15:37:15,2025-09-16 05:59:15,3742,,
2b252ff8-4065-4096-8aff-a6cb36e961d4,VAC-1065,CAND-10065,РЕКРУТЕР,Скрининг,Task,Екатерина_4,2025-09-16 05:59:15,2025-09-16 06:28:15,29,passed,
2b252ff8-4065-4096-8aff-a6cb36e961d4,VAC-1065,CAND-10065,HR,Назначить интервью с HR,User Task,Наталья_9,2025-09-16 06:28:15,2025-09-16 06:45:15,17,,
2b252ff8-4065-4096-8aff-a6cb36e961d4,VAC-1065,CAND-10065,HR,Провести интервью с HR,User Task,Наталья_2,2025-09-16 06:45:15,2025-09-16 07:59:15,74,passed,
2b252ff8-4065-4096-8aff-a6cb36e961d4,VAC-1065,CAND-10065,ИНТЕРВЬЮЕРЫ,Назначить техническое интервью,User Task,Сергей_8,2025-09-16 07:59:15,2025-09-16 08:22:15,23,,
2b252ff8-4065-4096-8aff-a6cb36e961d4,VAC-1065,CAND-10065,ИНТЕРВЬЮЕРЫ,Провести техническое интервью,User Task,Андрей_9,2025-09-16 08:22:15,2025-09-16 09:24:15,62,passed,
2b252ff8-4065-4096-8aff-a6cb36e961d4,VAC-1065,CAND-10065,ИНТЕРВЬЮЕРЫ,Назначить финальное интервью,User Task,Андрей_7,2025-09-16 09:24:15,2025-09-16 10:03:15,39,,
2b252ff8-4065-4096-8aff-a6cb36e961d4,VAC-1065,CAND-10065,ИНТЕРВЬЮЕРЫ,Провести финальное интервью,User Task,Сергей_4,2025-09-16 10:03:15,2025-09-16 11:48:15,105,passed,
2b252ff8-4065-4096-8aff-a6cb36e961d4,VAC-1065,CAND-10065,HR (ОФФЕР),Согласовать условия,User Task,Ольга_5,2025-09-16 11:48:15,2025-09-16 14:01:15,133,,
2b252ff8-4065-4096-8aff-a6cb36e961d4,VAC-1065,CAND-10065,HR (ОФФЕР),Сгенерировать оффер,Service Task,Наталья_2,2025-09-16 14:01:15,2025-09-16 14:26:15,25,,
2b252ff8-4065-4096-8aff-a6cb36e961d4,VAC-1065,CAND-10065,HR (ОФФЕР),Отправить оффер,Send Task,Марина_4,2025-09-16 14:26:15,2025-09-16 14:36:15,10,sent,
2b252ff8-4065-4096-8aff-a6cb36e961d4,VAC-1065,CAND-10065,SECURITY,Background Check,Call Activity,Служба_БД_7,2025-09-16 14:36:15,2025-09-18 19:41:15,3185,report_ready,
2b252ff8-4065-4096-8aff-a6cb36e961d4,VAC-1065,CAND-10065,IT,Выдача оборудования,Task,IT_Specialist_7,2025-09-18 19:41:15,2025-09-18 21:03:15,82,,
2b252ff8-4065-4096-8aff-a6cb36e961d4,VAC-1065,CAND-10065,IT,Создать доступы,Task,IT_Specialist_5,2025-09-18 21:03:15,2025-09-18 22:36:15,93,,
2b252ff8-4065-4096-8aff-a6cb36e961d4,VAC-1065,CAND-10065,IT,Вводное обучение,Service Task,Наталья_5,2025-09-18 22:36:15,2025-09-19 01:55:15,199,,
2b252ff8-4065-4096-8aff-a6cb36e961d4,VAC-1065,CAND-10065,HR,Назначить ментора,Task,Марина_2,2025-09-19 01:55:15,2025-09-19 03:01:15,66,,
2b252ff8-4065-4096-8aff-a6cb36e961d4,VAC-1065,CAND-10065,HR,Уведомить всех,Message,system,2025-09-19 03:01:15,2025-09-19 03:06:15,5,notified,
2b252ff8-4065-4096-8aff-a6cb36e961d4,VAC-1065,CAND-10065,HR,Обновить HCM,Service Task,Ольга_5,2025-09-19 03:06:15,2025-09-19 03:26:15,20,,
2b252ff8-4065-4096-8aff-a6cb36e961d4,VAC-1065,CAND-10065,HR,Payroll,Service Task,Ольга_9,2025-09-19 03:26:15,2025-09-19 03:46:15,20,,
2b252ff8-4065-4096-8aff-a6cb36e961d4,VAC-1065,CAND-10065,HR,Закрыть вакансию,Service Task,Марина_8,2025-09-19 03:46:15,2025-09-19 03:51:15,5,,
2c37d1dd-d852-4d69-a37c-3426d7ad3dac,VAC-1124,CAND-10124,РУКОВОДИТЕЛЬ,Создать заявку,User Task,Иванов_7,2025-09-13 20:10:15,2025-09-13 20:28:15,18,,
2c37d1dd-d852-4d69-a37c-3426d7ad3dac,VAC-1124,CAND-10124,HR,Зарегистрировать в HCM,Service Task,Марина_9,2025-09-13 20:28:15,2025-09-13 20:57:15,29,,
2c37d1dd-d852-4d69-a37c-3426d7ad3dac,VAC-1124,CAND-10124,РЕКРУТЕР,Разместить вакансию,Task,Екатерина_9,2025-09-13 20:57:15,2025-09-13 21:55:15,58,,
2c37d1dd-d852-4d69-a37c-3426d7ad3dac,VAC-1124,CAND-10124,РЕКРУТЕР,Собирать резюме,Task,Екатерина_9,2025-09-13 21:55:15,2025-09-15 19:20:15,2725,,
2c37d1dd-d852-4d69-a37c-3426d7ad3dac,VAC-1124,CAND-10124,РЕКРУТЕР,Скрининг,Task,Алексей_5,2025-09-15 19:20:15,2025-09-15 19:36:15,16,passed,
2c37d1dd-d852-4d69-a37c-3426d7ad3dac,VAC-1124,CAND-10124,HR,Назначить интервью с HR,User Task,Ольга_3,2025-09-15 19:36:15,2025-09-15 20:07:15,31,,
2c37d1dd-d852-4d69-a37c-3426d7ad3dac,VAC-1124,CAND-10124,HR,Провести интервью с HR,User Task,Марина_9,2025-09-15 20:07:15,2025-09-15 21:14:15,67,rejected,завышенные ожидания
2d365f3c-57e5-47ac-90d4-640fb526386c,VAC-1173,CAND-10173,РУКОВОДИТЕЛЬ,Создать заявку,User Task,Петров_7,2025-09-08 22:01:15,2025-09-08 22:41:15,40,,
2d365f3c-57e5-47ac-90d4-640fb526386c,VAC-1173,CAND-10173,HR,Зарегистрировать в HCM,Service Task,Наталья_1,2025-09-08 22:41:15,2025-09-08 23:05:15,24,,
2d365f3c-57e5-47ac-90d4-640fb526386c,VAC-1173,CAND-10173,РЕКРУТЕР,Разместить вакансию,Task,Екатерина_5,2025-09-08 23:05:15,2025-09-08 23:56:15,51,,
2d365f3c-57e5-47ac-90d4-640fb526386c,VAC-1173,CAND-10173,РЕКРУТЕР,Собирать резюме,Task,Екатерина_9,2025-09-08 23:56:15,2025-09-11 18:14:15,3978,,
2d365f3c-57e5-47ac-90d4-640fb526386c,VAC-1173,CAND-10173,РЕКРУТЕР,Скрининг,Task,Алексей_3,2025-09-11 18:14:15,2025-09-11 18:30:15,16,rejected,не соотв. опыту
302c7546-fd22-43d9-9794-16ee9c2e7cb2,VAC-1161,CAND-10161,РУКОВОДИТЕЛЬ,Создать заявку,User Task,Иванов_2,2025-09-27 20:55:15,2025-09-27 21:41:15,46,,
302c7546-fd22-43d9-9794-16ee9c2e7cb2,VAC-1161,CAND-10161,HR,Зарегистрировать в HCM,Service Task,Ольга_6,2025-09-27 21:41:15,2025-09-27 21:52:15,11,,
302c7546-fd22-43d9-9794-16ee9c2e7cb2,VAC-1161,CAND-10161,РЕКРУТЕР,Разместить вакансию,Task,Алексей_5,2025-09-27 21:52:15,2025-09-27 22:31:15,39,,
302c7546-fd22-43d9-9794-16ee9c2e7cb2,VAC-1161,CAND-10161,РЕКРУТЕР,Собирать резюме,Task,Екатерина_4,2025-09-27 22:31:15,2025-09-29 23:34:15,2943,,
302c7546-fd22-43d9-9794-16ee9c2e7cb2,VAC-1161,CAND-10161,РЕКРУТЕР,Скрининг,Task,Дмитрий_2,2025-09-29 23:34:15,2025-09-30 00:09:15,35,passed,
302c7546-fd22-43d9-9794-16ee9c2e7cb2,VAC-1161,CAND-10161,HR,Назначить интервью с HR,User Task,Ольга_4,2025-09-30 00:09:15,2025-09-30 00:37:15,28,,
302c7546-fd22-43d9-9794-16ee9c2e7cb2,VAC-1161,CAND-10161,HR,Провести интервью с HR,User Task,Ольга_3,2025-09-30 00:37:15,2025-09-30 02:03:15,86,passed,
302c7546-fd22-43d9-9794-16ee9c2e7cb2,VAC-1161,CAND-10161,ИНТЕРВЬЮЕРЫ,Назначить техническое интервью,User Task,Анна_2,2025-09-30 02:03:15,2025-09-30 02:28:15,25,,
302c7546-fd22-43d9-9794-16ee9c2e7cb2,VAC-1161,CAND-10161,ИНТЕРВЬЮЕРЫ,Провести техническое интервью,User Task,Андрей_7,2025-09-30 02:28:15,2025-09-30 03:51:15,83,passed,
302c7546-fd22-43d9-9794-16ee9c2e7cb2,VAC-1161,CAND-10161,ИНТЕРВЬЮЕРЫ,Назначить финальное интервью,User Task,Андрей_6,2025-09-30 03:51:15,2025-09-30 04:03:15,12,,
302c7546-fd22-43d9-9794-16ee9c2e7cb2,VAC-1161,CAND-10161,ИНТЕРВЬЮЕРЫ,Провести финальное интервью,User Task,Сергей_2,2025-09-30 04:03:15,2025-09-30 05:43:15,100,passed,
302c7546-fd22-43d9-9794-16ee9c2e7cb2,VAC-1161,CAND-10161,HR (ОФФЕР),Согласовать условия,User Task,Марина_1,2025-09-30 05:43:15,2025-09-30 07:41:15,118,,
302c7546-fd22-43d9-9794-16ee9c2e7cb2,VAC-1161,CAND-10161,HR (ОФФЕР),Сгенерировать оффер,Service Task,Марина_7,2025-09-30 07:41:15,2025-09-30 08:06:15,25,,
302c7546-fd22-43d9-9794-16ee9c2e7cb2,VAC-1161,CAND-10161,HR (ОФФЕР),Отправить оффер,Send Task,Наталья_5,2025-09-30 08:06:15,2025-09-30 08:16:15,10,sent,
302c7546-fd22-43d9-9794-16ee9c2e7cb2,VAC-1161,CAND-10161,SECURITY,Background Check,Call Activity,Служба_БД_6,2025-09-30 08:16:15,2025-10-04 03:51:15,5495,report_ready,
302c7546-fd22-43d9-9794-16ee9c2e7cb2,VAC-1161,CAND-10161,IT,Выдача оборудования,Task,IT_Specialist_1,2025-10-04 03:51:15,2025-10-04 05:19:15,88,,
302c7546-fd22-43d9-9794-16ee9c2e7cb2,VAC-1161,CAND-10161,IT,Создать доступы,Task,IT_Specialist_8,2025-10-04 05:19:15,2025-10-04 07:15:15,116,,
302c7546-fd22-43d9-9794-16ee9c2e7cb2,VAC-1161,CAND-10161,IT,Вводное обучение,Service Task,Марина_2,2025-10-04 07:15:15,2025-10-04 15:09:15,474,,
302c7546-fd22-43d9-9794-16ee9c2e7cb2,VAC-1161,CAND-10161,HR,Назначить ментора,Task,Ольга_5,2025-10-04 15:09:15,2025-10-04 15:53:15,44,,
302c7546-fd22-43d9-9794-16ee9c2e7cb2,VAC-1161,CAND-10161,HR,Уведомить всех,Message,system,2025-10-04 15:53:15,2025-10-04 15:58:15,5,notified,
302c7546-fd22-43d9-9794-16ee9c2e7cb2,VAC-1161,CAND-10161,HR,Обновить HCM,Service Task,Ольга_3,2025-10-04 15:58:15,2025-10-04 16:18:15,20,,
302c7546-fd22-43d9-9794-16ee9c2e7cb2,VAC-1161,CAND-10161,HR,Payroll,Service Task,Наталья_6,2025-10-04 16:18:15,2025-10-04 16:38:15,20,,
302c7546-fd22-43d9-9794-16ee9c2e7cb2,VAC-1161,CAND-10161,HR,Закрыть вакансию,Service Task,Наталья_8,2025-10-04 16:38:15,2025-10-04 16:43:15,5,,
315f7e91-ff59-4600-849b-e76cb8c76dab,VAC-1077,CAND-10077,РУКОВОДИТЕЛЬ,Создать заявку,User Task,Сидоров_5,2025-09-12 13:18:15,2025-09-12 13:32:15,14,,
315f7e91-ff59-4600-849b-e76cb8c76dab,VAC-1077,CAND-10077,HR,Зарегистрировать в HCM,Service Task,Марина_1,2025-09-12 13:32:15,2025-09-12 14:10:15,38,,
315f7e91-ff59-4600-849b-e76cb8c76dab,VAC-1077,CAND-10077,РЕКРУТЕР,Разместить вакансию,Task,Дмитрий_1,2025-09-12 14:10:15,2025-09-12 14:52:15,42,,
315f7e91-ff59-4600-849b-e76cb8c76dab,VAC-1077,CAND-10077,РЕКРУТЕР,Собирать резюме,Task,Екатерина_3,2025-09-12 14:52:15,2025-09-14 05:00:15,2288,,
315f7e91-ff59-4600-849b-e76cb8c76dab,VAC-1077,CAND-10077,РЕКРУТЕР,Скрининг,Task,Дмитрий_2,2025-09-14 05:00:15,2025-09-14 05:32:15,32,rejected,некорректное резюме
3201e97f-a794-4454-b39a-8b978873eb7b,VAC-1188,CAND-10188,РУКОВОДИТЕЛЬ,Создать заявку,User Task,Петров_4,2025-10-07 19:42:15,2025-10-07 20:03:15,21,,
3201e97f-a794-4454-b39a-8b978873eb7b,VAC-1188,CAND-10188,HR,Зарегистрировать в HCM,Service Task,Наталья_9,2025-10-07 20:03:15,2025-10-07 20:28:15,25,,
3201e97f-a794-4454-b39a-8b978873eb7b,VAC-1188,CAND-10188,РЕКРУТЕР,Разместить вакансию,Task,Дмитрий_2,2025-10-07 20:28:15,2025-10-07 20:52:15,24,,
3201e97f-a794-4454-b39a-8b978873eb7b,VAC-1188,CAND-10188,РЕКРУТЕР,Собирать резюме,Task,Екатерина_3,2025-10-07 20:52:15,2025-10-09 06:46:15,2034,,
3201e97f-a794-4454-b39a-8b978873eb7b,VAC-1188,CAND-10188,РЕКРУТЕР,Скрининг,Task,Дмитрий_7,2025-10-09 06:46:15,2025-10-09 07:20:15,34,rejected,не соотв. опыту
327a91fa-8ce0-4624-8f9d-6758de57fbdd,VAC-1049,CAND-10049,РУКОВОДИТЕЛЬ,Создать заявку,User Task,Сидоров_1,2025-09-27 21:12:15,2025-09-27 22:09:15,57,,
327a91fa-8ce0-4624-8f9d-6758de57fbdd,VAC-1049,CAND-10049,HR,Зарегистрировать в HCM,Service Task,Ольга_3,2025-09-27 22:09:15,2025-09-27 22:40:15,31,,
327a91fa-8ce0-4624-8f9d-6758de57fbdd,VAC-1049,CAND-10049,РЕКРУТЕР,Разместить вакансию,Task,Дмитрий_3,2025-09-27 22:40:15,2025-09-28 00:16:15,96,,
327a91fa-8ce0-4624-8f9d-6758de57fbdd,VAC-1049,CAND-10049,РЕКРУТЕР,Собирать резюме,Task,Алексей_3,2025-09-28 00:16:15,2025-09-29 11:20:15,2104,,
327a91fa-8ce0-4624-8f9d-6758de57fbdd,VAC-1049,CAND-10049,РЕКРУТЕР,Скрининг,Task,Дмитрий_6,2025-09-29 11:20:15,2025-09-29 11:31:15,11,rejected,не прошёл тест
3512f49c-3af6-4484-b4ee-839334d64064,VAC-1080,CAND-10080,РУКОВОДИТЕЛЬ,Создать заявку,User Task,Сидоров_8,2025-09-18 16:34:15,2025-09-18 17:30:15,56,,
3512f49c-3af6-4484-b4ee-839334d64064,VAC-1080,CAND-10080,HR,Зарегистрировать в HCM,Service Task,Марина_4,2025-09-18 17:30:15,2025-09-18 17:59:15,29,,
3512f49c-3af6-4484-b4ee-839334d64064,VAC-1080,CAND-10080,РЕКРУТЕР,Разместить вакансию,Task,Алексей_3,2025-09-18 17:59:15,2025-09-18 19:17:15,78,,
3512f49c-3af6-4484-b4ee-839334d64064,VAC-1080,CAND-10080,РЕКРУТЕР,Собирать резюме,Task,Алексей_7,2025-09-18 19:17:15,2025-09-20 16:04:15,2687,,
3512f49c-3af6-4484-b4ee-839334d64064,VAC-1080,CAND-10080,РЕКРУТЕР,Скрининг,Task,Дмитрий_6,2025-09-20 16:04:15,2025-09-20 16:33:15,29,passed,
3512f49c-3af6-4484-b4ee-839334d64064,VAC-1080,CAND-10080,HR,Назначить интервью с HR,User Task,Ольга_7,2025-09-20 16:33:15,2025-09-20 16:57:15,24,,
3512f49c-3af6-4484-b4ee-839334d64064,VAC-1080,CAND-10080,HR,Провести интервью с HR,User Task,Ольга_6,2025-09-20 16:57:15,2025-09-20 17:59:15,62,rejected,завышенные ожидания
372b40ab-8cc0-4cd7-894a-45f8fe08de97,VAC-1115,CAND-10115,РУКОВОДИТЕЛЬ,Создать заявку,User Task,Петров_9,2025-09-26 15:57:15,2025-09-26 16:19:15,22,,
372b40ab-8cc0-4cd7-894a-45f8fe08de97,VAC-1115,CAND-10115,HR,Зарегистрировать в HCM,Service Task,Ольга_7,2025-09-26 16:19:15,2025-09-26 16:35:15,16,,
372b40ab-8cc0-4cd7-894a-45f8fe08de97,VAC-1115,CAND-10115,РЕКРУТЕР,Разместить вакансию,Task,Алексей_1,2025-09-26 16:35:15,2025-09-26 17:32:15,57,,
372b40ab-8cc0-4cd7-894a-45f8fe08de97,VAC-1115,CAND-10115,РЕКРУТЕР,Собирать резюме,Task,Дмитрий_4,2025-09-26 17:32:15,2025-09-29 06:57:15,3685,,
372b40ab-8cc0-4cd7-894a-45f8fe08de97,VAC-1115,CAND-10115,РЕКРУТЕР,Скрининг,Task,Дмитрий_4,2025-09-29 06:57:15,2025-09-29 07:22:15,25,passed,
372b40ab-8cc0-4cd7-894a-45f8fe08de97,VAC-1115,CAND-10115,HR,Назначить интервью с HR,User Task,Наталья_2,2025-09-29 07:22:15,2025-09-29 07:32:15,10,,
372b40ab-8cc0-4cd7-894a-45f8fe08de97,VAC-1115,CAND-10115,HR,Провести интервью с HR,User Task,Марина_8,2025-09-29 07:32:15,2025-09-29 09:30:15,118,rejected,недостаточная мотивация
37fa0b01-29bf-4d90-89a7-b3698d73d6cd,VAC-1158,CAND-10158,РУКОВОДИТЕЛЬ,Создать заявку,User Task,Иванов_3,2025-10-07 19:15:15,2025-10-07 19:31:15,16,,
37fa0b01-29bf-4d90-89a7-b3698d73d6cd,VAC-1158,CAND-10158,HR,Зарегистрировать в HCM,Service Task,Ольга_9,2025-10-07 19:31:15,2025-10-07 19:58:15,27,,
37fa0b01-29bf-4d90-89a7-b3698d73d6cd,VAC-1158,CAND-10158,РЕКРУТЕР,Разместить вакансию,Task,Екатерина_3,2025-10-07 19:58:15,2025-10-07 21:01:15,63,,
37fa0b01-29bf-4d90-89a7-b3698d73d6cd,VAC-1158,CAND-10158,РЕКРУТЕР,Собирать резюме,Task,Екатерина_8,2025-10-07 21:01:15,2025-10-10 09:27:15,3626,,
37fa0b01-29bf-4d90-89a7-b3698d73d6cd,VAC-1158,CAND-10158,РЕКРУТЕР,Скрининг,Task,Дмитрий_9,2025-10-10 09:27:15,2025-10-10 10:05:15,38,rejected,некорректное резюме
3a369b3b-5e8b-4ffd-b112-b2d79817ef03,VAC-1016,CAND-10016,РУКОВОДИТЕЛЬ,Создать заявку,User Task,Петров_6,2025-09-12 18:50:15,2025-09-12 19:01:15,11,,
3a369b3b-5e8b-4ffd-b112-b2d79817ef03,VAC-1016,CAND-10016,HR,Зарегистрировать в HCM,Service Task,Марина_7,2025-09-12 19:01:15,2025-09-12 19:32:15,31,,
3a369b3b-5e8b-4ffd-b112-b2d79817ef03,VAC-1016,CAND-10016,РЕКРУТЕР,Разместить вакансию,Task,Алексей_8,2025-09-12 19:32:15,2025-09-12 21:24:15,112,,
3a369b3b-5e8b-4ffd-b112-b2d79817ef03,VAC-1016,CAND-10016,РЕКРУТЕР,Собирать резюме,Task,Екатерина_9,2025-09-12 21:24:15,2025-09-14 06:06:15,1962,,
3a369b3b-5e8b-4ffd-b112-b2d79817ef03,VAC-1016,CAND-10016,РЕКРУТЕР,Скрининг,Task,Екатерина_1,2025-09-14 06:06:15,2025-09-14 06:28:15,22,passed,
3a369b3b-5e8b-4ffd-b112-b2d79817ef03,VAC-1016,CAND-10016,HR,Назначить интервью с HR,User Task,Марина_7,2025-09-14 06:28:15,2025-09-14 06:40:15,12,,
3a369b3b-5e8b-4ffd-b112-b2d79817ef03,VAC-1016,CAND-10016,HR,Провести интервью с HR,User Task,Наталья_1,2025-09-14 06:40:15,2025-09-14 08:24:15,104,passed,
3a369b3b-5e8b-4ffd-b112-b2d79817ef03,VAC-1016,CAND-10016,ИНТЕРВЬЮЕРЫ,Назначить техническое интервью,User Task,Сергей_6,2025-09-14 08:24:15,2025-09-14 08:42:15,18,,
3a369b3b-5e8b-4ffd-b112-b2d79817ef03,VAC-1016,CAND-10016,ИНТЕРВЬЮЕРЫ,Провести техническое интервью,User Task,Сергей_7,2025-09-14 08:42:15,2025-09-14 10:08:15,86,passed,
3a369b3b-5e8b-4ffd-b112-b2d79817ef03,VAC-1016,CAND-10016,ИНТЕРВЬЮЕРЫ,Назначить финальное интервью,User Task,Сергей_5,2025-09-14 10:08:15,2025-09-14 10:26:15,18,,
3a369b3b-5e8b-4ffd-b112-b2d79817ef03,VAC-1016,CAND-10016,ИНТЕРВЬЮЕРЫ,Провести финальное интервью,User Task,Андрей_9,2025-09-14 10:26:15,2025-09-14 12:11:15,105,rejected,не подходит команде
3bf2dcbf-4e9c-4c61-802a-adea71a5efcf,VAC-1058,CAND-10058,РУКОВОДИТЕЛЬ,Создать заявку,User Task,Петров_4,2025-08-28 23:08:15,2025-08-28 23:54:15,46,,
3bf2dcbf-4e9c-4c61-802a-adea71a5efcf,VAC-1058,CAND-10058,HR,Зарегистрировать в HCM,Service Task,Марина_7,2025-08-28 23:54:15,2025-08-29 00:28:15,34,,
3bf2dcbf-4e9c-4c61-802a-adea71a5efcf,VAC-1058,CAND-10058,РЕКРУТЕР,Разместить вакансию,Task,Екатерина_1,2025-08-29 00:28:15,2025-08-29 02:07:15,99,,
3bf2dcbf-4e9c-4c61-802a-adea71a5efcf,VAC-1058,CAND-10058,РЕКРУТЕР,Собирать резюме,Task,Екатерина_9,2025-08-29 02:07:15,2025-08-31 12:06:15,3479,,
3bf2dcbf-4e9c-4c61-802a-adea71a5efcf,VAC-1058,CAND-10058,РЕКРУТЕР,Скрининг,Task,Дмитрий_8,2025-08-31 12:06:15,2025-08-31 12:46:15,40,passed,
3bf2dcbf-4e9c-4c61-802a-adea71a5efcf,VAC-1058,CAND-10058,HR,Назначить интервью с HR,User Task,Марина_7,2025-08-31 12:46:15,2025-08-31 13:03:15,17,,
3bf2dcbf-4e9c-4c61-802a-adea71a5efcf,VAC-1058,CAND-10058,HR,Провести интервью с HR,User Task,Марина_1,2025-08-31 13:03:15,2025-08-31 13:57:15,54,passed,
3bf2dcbf-4e9c-4c61-802a-adea71a5efcf,VAC-1058,CAND-10058,ИНТЕРВЬЮЕРЫ,Назначить техническое интервью,User Task,Сергей_7,2025-08-31 13:57:15,2025-08-31 14:12:15,15,,
3bf2dcbf-4e9c-4c61-802a-adea71a5efcf,VAC-1058,CAND-10058,ИНТЕРВЬЮЕРЫ,Провести техническое интервью,User Task,Сергей_3,2025-08-31 14:12:15,2025-08-31 15:23:15,71,passed,
3bf2dcbf-4e9c-4c61-802a-adea71a5efcf,VAC-1058,CAND-10058,ИНТЕРВЬЮЕРЫ,Назначить финальное интервью,User Task,Анна_6,2025-08-31 15:23:15,2025-08-31 15:43:15,20,,
3bf2dcbf-4e9c-4c61-802a-adea71a5efcf,VAC-1058,CAND-10058,ИНТЕРВЬЮЕРЫ,Провести финальное интервью,User Task,Сергей_3,2025-08-31 15:43:15,2025-08-31 17:12:15,89,passed,
3bf2dcbf-4e9c-4c61-802a-adea71a5efcf,VAC-1058,CAND-10058,HR (ОФФЕР),Согласовать условия,User Task,Марина_9,2025-08-31 17:12:15,2025-08-31 19:46:15,154,,
3bf2dcbf-4e9c-4c61-802a-adea71a5efcf,VAC-1058,CAND-10058,HR (ОФФЕР),Сгенерировать оффер,Service Task,Ольга_4,2025-08-31 19:46:15,2025-08-31 19:54:15,8,,
3bf2dcbf-4e9c-4c61-802a-adea71a5efcf,VAC-1058,CAND-10058,HR (ОФФЕР),Отправить оффер,Send Task,Ольга_2,2025-08-31 19:54:15,2025-08-31 20:04:15,10,sent,
3bf2dcbf-4e9c-4c61-802a-adea71a5efcf,VAC-1058,CAND-10058,SECURITY,Background Check,Call Activity,Служба_БД_2,2025-08-31 20:04:15,2025-09-04 05:54:15,4910,report_ready,
3bf2dcbf-4e9c-4c61-802a-adea71a5efcf,VAC-1058,CAND-10058,IT,Выдача оборудования,Task,IT_Specialist_4,2025-09-04 05:54:15,2025-09-04 07:43:15,109,,
3bf2dcbf-4e9c-4c61-802a-adea71a5efcf,VAC-1058,CAND-10058,IT,Создать доступы,Task,IT_Specialist_6,2025-09-04 07:43:15,2025-09-04 08:33:15,50,,
3bf2dcbf-4e9c-4c61-802a-adea71a5efcf,VAC-1058,CAND-10058,IT,Вводное обучение,Service Task,Наталья_8,2025-09-04 08:33:15,2025-09-04 13:10:15,277,,
3bf2dcbf-4e9c-4c61-802a-adea71a5efcf,VAC-1058,CAND-10058,HR,Назначить ментора,Task,Ольга_8,2025-09-04 13:10:15,2025-09-04 14:12:15,62,,
3bf2dcbf-4e9c-4c61-802a-adea71a5efcf,VAC-1058,CAND-10058,HR,Уведомить всех,Message,system,2025-09-04 14:12:15,2025-09-04 14:17:15,5,notified,
3bf2dcbf-4e9c-4c61-802a-adea71a5efcf,VAC-1058,CAND-10058,HR,Обновить HCM,Service Task,Ольга_8,2025-09-04 14:17:15,2025-09-04 14:37:15,20,,
3bf2dcbf-4e9c-4c61-802a-adea71a5efcf,VAC-1058,CAND-10058,HR,Payroll,Service Task,Наталья_2,2025-09-04 14:37:15,2025-09-04 14:57:15,20,,
3bf2dcbf-4e9c-4c61-802a-adea71a5efcf,VAC-1058,CAND-10058,HR,Закрыть вакансию,Service Task,Ольга_9,2025-09-04 14:57:15,2025-09-04 15:02:15,5,,
3bf3d92e-02b4-43d8-8ee7-70f77864557b,VAC-1116,CAND-10116,РУКОВОДИТЕЛЬ,Создать заявку,User Task,Иванов_2,2025-10-25 14:08:15,2025-10-25 14:50:15,42,,
3bf3d92e-02b4-43d8-8ee7-70f77864557b,VAC-1116,CAND-10116,HR,Зарегистрировать в HCM,Service Task,Ольга_4,2025-10-25 14:50:15,2025-10-25 15:28:15,38,,
3bf3d92e-02b4-43d8-8ee7-70f77864557b,VAC-1116,CAND-10116,РЕКРУТЕР,Разместить вакансию,Task,Дмитрий_5,2025-10-25 15:28:15,2025-10-25 16:46:15,78,,
3bf3d92e-02b4-43d8-8ee7-70f77864557b,VAC-1116,CAND-10116,РЕКРУТЕР,Собирать резюме,Task,Алексей_2,2025-10-25 16:46:15,2025-10-28 00:27:15,3341,,
3bf3d92e-02b4-43d8-8ee7-70f77864557b,VAC-1116,CAND-10116,РЕКРУТЕР,Скрининг,Task,Алексей_5,2025-10-28 00:27:15,2025-10-28 01:04:15,37,rejected,некорректное резюме
3f1c728b-68d9-4fba-b0a9-e53254374337,VAC-1032,CAND-10032,РУКОВОДИТЕЛЬ,Создать заявку,User Task,Петров_7,2025-08-30 19:41:15,2025-08-30 20:28:15,47,,
3f1c728b-68d9-4fba-b0a9-e53254374337,VAC-1032,CAND-10032,HR,Зарегистрировать в HCM,Service Task,Ольга_8,2025-08-30 20:28:15,2025-08-30 21:00:15,32,,
3f1c728b-68d9-4fba-b0a9-e53254374337,VAC-1032,CAND-10032,РЕКРУТЕР,Разместить вакансию,Task,Алексей_7,2025-08-30 21:00:15,2025-08-30 21:58:15,58,,
3f1c728b-68d9-4fba-b0a9-e53254374337,VAC-1032,CAND-10032,РЕКРУТЕР,Собирать резюме,Task,Алексей_4,2025-08-30 21:58:15,2025-09-02 06:57:15,3419,,
3f1c728b-68d9-4fba-b0a9-e53254374337,VAC-1032,CAND-10032,РЕКРУТЕР,Скрининг,Task,Екатерина_5,2025-09-02 06:57:15,2025-09-02 07:18:15,21,passed,
3f1c728b-68d9-4fba-b0a9-e53254374337,VAC-1032,CAND-10032,HR,Назначить интервью с HR,User Task,Ольга_1,2025-09-02 07:18:15,2025-09-02 07:50:15,32,,
3f1c728b-68d9-4fba-b0a9-e53254374337,VAC-1032,CAND-10032,HR,Провести интервью с HR,User Task,Ольга_1,2025-09-02 07:50:15,2025-09-02 09:25:15,95,rejected,завышенные ожидания
3f610547-bc82-4b98-b2ec-0661f856913c,VAC-1104,CAND-10104,РУКОВОДИТЕЛЬ,Создать заявку,User Task,Иванов_1,2025-09-06 14:32:15,2025-09-06 14:54:15,22,,
3f610547-bc82-4b98-b2ec-0661f856913c,VAC-1104,CAND-10104,HR,Зарегистрировать в HCM,Service Task,Наталья_7,2025-09-06 14:54:15,2025-09-06 15:17:15,23,,
3f610547-bc82-4b98-b2ec-0661f856913c,VAC-1104,CAND-10104,РЕКРУТЕР,Разместить вакансию,Task,Екатерина_3,2025-09-06 15:17:15,2025-09-06 16:02:15,45,,
3f610547-bc82-4b98-b2ec-0661f856913c,VAC-1104,CAND-10104,РЕКРУТЕР,Собирать резюме,Task,Дмитрий_6,2025-09-06 16:02:15,2025-09-09 08:39:15,3877,,
3f610547-bc82-4b98-b2ec-0661f856913c,VAC-1104,CAND-10104,РЕКРУТЕР,Скрининг,Task,Алексей_2,2025-09-09 08:39:15,2025-09-09 09:18:15,39,rejected,некорректное резюме
3fbf4ac5-1a18-4852-9797-facde4daaa2c,VAC-1081,CAND-10081,РУКОВОДИТЕЛЬ,Создать заявку,User Task,Иванов_7,2025-10-25 15:49:15,2025-10-25 16:19:15,30,,
3fbf4ac5-1a18-4852-9797-facde4daaa2c,VAC-1081,CAND-10081,HR,Зарегистрировать в HCM,Service Task,Ольга_5,2025-10-25 16:19:15,2025-10-25 16:59:15,40,,
3fbf4ac5-1a18-4852-9797-facde4daaa2c,VAC-1081,CAND-10081,РЕКРУТЕР,Разместить вакансию,Task,Екатерина_8,2025-10-25 16:59:15,2025-10-25 18:53:15,114,,
3fbf4ac5-1a18-4852-9797-facde4daaa2c,VAC-1081,CAND-10081,РЕКРУТЕР,Собирать резюме,Task,Алексей_6,2025-10-25 18:53:15,2025-10-28 10:11:15,3798,,
3fbf4ac5-1a18-4852-9797-facde4daaa2c,VAC-1081,CAND-10081,РЕКРУТЕР,Скрининг,Task,Дмитрий_6,2025-10-28 10:11:15,2025-10-28 10:47:15,36,passed,
3fbf4ac5-1a18-4852-9797-facde4daaa2c,VAC-1081,CAND-10081,HR,Назначить интервью с HR,User Task,Марина_4,2025-10-28 10:47:15,2025-10-28 11:00:15,13,,
3fbf4ac5-1a18-4852-9797-facde4daaa2c,VAC-1081,CAND-10081,HR,Провести интервью с HR,User Task,Наталья_9,2025-10-28 11:00:15,2025-10-28 12:54:15,114,passed,
3fbf4ac5-1a18-4852-9797-facde4daaa2c,VAC-1081,CAND-10081,ИНТЕРВЬЮЕРЫ,Назначить техническое интервью,User Task,Анна_8,2025-10-28 12:54:15,2025-10-28 13:04:15,10,,
3fbf4ac5-1a18-4852-9797-facde4daaa2c,VAC-1081,CAND-10081,ИНТЕРВЬЮЕРЫ,Провести техническое интервью,User Task,Сергей_5,2025-10-28 13:04:15,2025-10-28 14:15:15,71,rejected,нет опыта с технологиями
3ff196c4-f282-4fb4-beae-eebf5659ddfe,VAC-1142,CAND-10142,РУКОВОДИТЕЛЬ,Создать заявку,User Task,Сидоров_5,2025-08-26 16:13:15,2025-08-26 17:05:15,52,,
3ff196c4-f282-4fb4-beae-eebf5659ddfe,VAC-1142,CAND-10142,HR,Зарегистрировать в HCM,Service Task,Наталья_9,2025-08-26 17:05:15,2025-08-26 17:21:15,16,,
3ff196c4-f282-4fb4-beae-eebf5659ddfe,VAC-1142,CAND-10142,РЕКРУТЕР,Разместить вакансию,Task,Екатерина_4,2025-08-26 17:21:15,2025-08-26 18:47:15,86,,
3ff196c4-f282-4fb4-beae-eebf5659ddfe,VAC-1142,CAND-10142,РЕКРУТЕР,Собирать резюме,Task,Алексей_1,2025-08-26 18:47:15,2025-08-29 12:46:15,3959,,
3ff196c4-f282-4fb4-beae-eebf5659ddfe,VAC-1142,CAND-10142,РЕКРУТЕР,Скрининг,Task,Алексей_3,2025-08-29 12:46:15,2025-08-29 13:16:15,30,passed,
3ff196c4-f282-4fb4-beae-eebf5659ddfe,VAC-1142,CAND-10142,HR,Назначить интервью с HR,User Task,Ольга_7,2025-08-29 13:16:15,2025-08-29 13:28:15,12,,
3ff196c4-f282-4fb4-beae-eebf5659ddfe,VAC-1142,CAND-10142,HR,Провести интервью с HR,User Task,Ольга_4,2025-08-29 13:28:15,2025-08-29 15:03:15,95,passed,
3ff196c4-f282-4fb4-beae-eebf5659ddfe,VAC-1142,CAND-10142,ИНТЕРВЬЮЕРЫ,Назначить техническое интервью,User Task,Андрей_2,2025-08-29 15:03:15,2025-08-29 15:29:15,26,,
3ff196c4-f282-4fb4-beae-eebf5659ddfe,VAC-1142,CAND-10142,ИНТЕРВЬЮЕРЫ,Провести техническое интервью,User Task,Сергей_9,2025-08-29 15:29:15,2025-08-29 17:24:15,115,rejected,нет опыта с технологиями
402ce5e2-10ef-4f04-a9ce-1fea1aadf02d,VAC-1172,CAND-10172,РУКОВОДИТЕЛЬ,Создать заявку,User Task,Иванов_2,2025-10-11 19:37:15,2025-10-11 20:27:15,50,,
402ce5e2-10ef-4f04-a9ce-1fea1aadf02d,VAC-1172,CAND-10172,HR,Зарегистрировать в HCM,Service Task,Наталья_4,2025-10-11 20:27:15,2025-10-11 21:05:15,38,,
402ce5e2-10ef-4f04-a9ce-1fea1aadf02d,VAC-1172,CAND-10172,РЕКРУТЕР,Разместить вакансию,Task,Екатерина_5,2025-10-11 21:05:15,2025-10-11 21:25:15,20,,
402ce5e2-10ef-4f04-a9ce-1fea1aadf02d,VAC-1172,CAND-10172,РЕКРУТЕР,Собирать резюме,Task,Дмитрий_8,2025-10-11 21:25:15,2025-10-12 22:15:15,1490,,
402ce5e2-10ef-4f04-a9ce-1fea1aadf02d,VAC-1172,CAND-10172,РЕКРУТЕР,Скрининг,Task,Алексей_8,2025-10-12 22:15:15,2025-10-12 22:42:15,27,rejected,не соотв. опыту
41ef57e0-59f8-41be-b06c-6d293a407bc4,VAC-1100,CAND-10100,РУКОВОДИТЕЛЬ,Создать заявку,User Task,Петров_9,2025-10-01 14:55:15,2025-10-01 15:17:15,22,,
41ef57e0-59f8-41be-b06c-6d293a407bc4,VAC-1100,CAND-10100,HR,Зарегистрировать в HCM,Service Task,Наталья_8,2025-10-01 15:17:15,2025-10-01 15:36:15,19,,
41ef57e0-59f8-41be-b06c-6d293a407bc4,VAC-1100,CAND-10100,РЕКРУТЕР,Разместить вакансию,Task,Алексей_1,2025-10-01 15:36:15,2025-10-01 16:00:15,24,,
41ef57e0-59f8-41be-b06c-6d293a407bc4,VAC-1100,CAND-10100,РЕКРУТЕР,Собирать резюме,Task,Екатерина_4,2025-10-01 16:00:15,2025-10-03 07:52:15,2392,,
41ef57e0-59f8-41be-b06c-6d293a407bc4,VAC-1100,CAND-10100,РЕКРУТЕР,Скрининг,Task,Алексей_6,2025-10-03 07:52:15,2025-10-03 08:17:15,25,passed,
41ef57e0-59f8-41be-b06c-6d293a407bc4,VAC-1100,CAND-10100,HR,Назначить интервью с HR,User Task,Марина_4,2025-10-03 08:17:15,2025-10-03 08:56:15,39,,
41ef57e0-59f8-41be-b06c-6d293a407bc4,VAC-1100,CAND-10100,HR,Провести интервью с HR,User Task,Марина_3,2025-10-03 08:56:15,2025-10-03 10:24:15,88,rejected,несоответствие культуре
42170d8f-3da1-4e2e-b3c2-13f08da6330d,VAC-1107,CAND-10107,РУКОВОДИТЕЛЬ,Создать заявку,User Task,Петров_2,2025-09-23 17:36:15,2025-09-23 18:32:15,56,,
42170d8f-3da1-4e2e-b3c2-13f08da6330d,VAC-1107,CAND-10107,HR,Зарегистрировать в HCM,Service Task,Ольга_4,2025-09-23 18:32:15,2025-09-23 18:48:15,16,,
42170d8f-3da1-4e2e-b3c2-13f08da6330d,VAC-1107,CAND-10107,РЕКРУТЕР,Разместить вакансию,Task,Екатерина_8,2025-09-23 18:48:15,2025-09-23 20:00:15,72,,
42170d8f-3da1-4e2e-b3c2-13f08da6330d,VAC-1107,CAND-10107,РЕКРУТЕР,Собирать резюме,Task,Дмитрий_1,2025-09-23 20:00:15,2025-09-26 07:15:15,3555,,
42170d8f-3da1-4e2e-b3c2-13f08da6330d,VAC-1107,CAND-10107,РЕКРУТЕР,Скрининг,Task,Алексей_5,2025-09-26 07:15:15,2025-09-26 07:30:15,15,passed,
42170d8f-3da1-4e2e-b3c2-13f08da6330d,VAC-1107,CAND-10107,HR,Назначить интервью с HR,User Task,Марина_7,2025-09-26 07:30:15,2025-09-26 08:02:15,32,,
42170d8f-3da1-4e2e-b3c2-13f08da6330d,VAC-1107,CAND-10107,HR,Провести интервью с HR,User Task,Марина_1,2025-09-26 08:02:15,2025-09-26 09:54:15,112,passed,
42170d8f-3da1-4e2e-b3c2-13f08da6330d,VAC-1107,CAND-10107,ИНТЕРВЬЮЕРЫ,Назначить техническое интервью,User Task,Андрей_4,2025-09-26 09:54:15,2025-09-26 10:09:15,15,,
42170d8f-3da1-4e2e-b3c2-13f08da6330d,VAC-1107,CAND-10107,ИНТЕРВЬЮЕРЫ,Провести техническое интервью,User Task,Андрей_8,2025-09-26 10:09:15,2025-09-26 11:25:15,76,rejected,недостаточно технических навыков
4300ca97-13eb-4048-a415-6f2d54623b52,VAC-1000,CAND-10000,РУКОВОДИТЕЛЬ,Создать заявку,User Task,Петров_4,2025-10-05 13:20:15,2025-10-05 14:17:15,57,,
4300ca97-13eb-4048-a415-6f2d54623b52,VAC-1000,CAND-10000,HR,Зарегистрировать в HCM,Service Task,Наталья_2,2025-10-05 14:17:15,2025-10-05 14:34:15,17,,
4300ca97-13eb-4048-a415-6f2d54623b52,VAC-1000,CAND-10000,РЕКРУТЕР,Разместить вакансию,Task,Екатерина_9,2025-10-05 14:34:15,2025-10-05 16:20:15,106,,
4300ca97-13eb-4048-a415-6f2d54623b52,VAC-1000,CAND-10000,РЕКРУТЕР,Собирать резюме,Task,Екатерина_7,2025-10-05 16:20:15,2025-10-06 22:16:15,1796,,
4300ca97-13eb-4048-a415-6f2d54623b52,VAC-1000,CAND-10000,РЕКРУТЕР,Скрининг,Task,Алексей_4,2025-10-06 22:16:15,2025-10-06 22:28:15,12,passed,
4300ca97-13eb-4048-a415-6f2d54623b52,VAC-1000,CAND-10000,HR,Назначить интервью с HR,User Task,Марина_1,2025-10-06 22:28:15,2025-10-06 22:54:15,26,,
4300ca97-13eb-4048-a415-6f2d54623b52,VAC-1000,CAND-10000,HR,Провести интервью с HR,User Task,Ольга_4,2025-10-06 22:54:15,2025-10-07 00:48:15,114,passed,
4300ca97-13eb-4048-a415-6f2d54623b52,VAC-1000,CAND-10000,ИНТЕРВЬЮЕРЫ,Назначить техническое интервью,User Task,Анна_5,2025-10-07 00:48:15,2025-10-07 01:12:15,24,,
4300ca97-13eb-4048-a415-6f2d54623b52,VAC-1000,CAND-10000,ИНТЕРВЬЮЕРЫ,Провести техническое интервью,User Task,Андрей_7,2025-10-07 01:12:15,2025-10-07 01:57:15,45,rejected,слабое решение задач
4b58664e-a0ea-4221-999c-0be14838dc89,VAC-1137,CAND-10137,РУКОВОДИТЕЛЬ,Создать заявку,User Task,Иванов_4,2025-10-21 23:11:15,2025-10-21 23:39:15,28,,
4b58664e-a0ea-4221-999c-0be14838dc89,VAC-1137,CAND-10137,HR,Зарегистрировать в HCM,Service Task,Марина_8,2025-10-21 23:39:15,2025-10-22 00:03:15,24,,
4b58664e-a0ea-4221-999c-0be14838dc89,VAC-1137,CAND-10137,РЕКРУТЕР,Разместить вакансию,Task,Алексей_4,2025-10-22 00:03:15,2025-10-22 01:24:15,81,,
4b58664e-a0ea-4221-999c-0be14838dc89,VAC-1137,CAND-10137,РЕКРУТЕР,Собирать резюме,Task,Екатерина_3,2025-10-22 01:24:15,2025-10-24 05:26:15,3122,,
4b58664e-a0ea-4221-999c-0be14838dc89,VAC-1137,CAND-10137,РЕКРУТЕР,Скрининг,Task,Алексей_9,2025-10-24 05:26:15,2025-10-24 06:02:15,36,rejected,некорректное резюме
4c235390-c7ef-47ee-b1a4-6664b16aef61,VAC-1099,CAND-10099,РУКОВОДИТЕЛЬ,Создать заявку,User Task,Петров_5,2025-09-17 21:51:15,2025-09-17 22:21:15,30,,
4c235390-c7ef-47ee-b1a4-6664b16aef61,VAC-1099,CAND-10099,HR,Зарегистрировать в HCM,Service Task,Наталья_6,2025-09-17 22:21:15,2025-09-17 22:36:15,15,,
4c235390-c7ef-47ee-b1a4-6664b16aef61,VAC-1099,CAND-10099,РЕКРУТЕР,Разместить вакансию,Task,Алексей_1,2025-09-17 22:36:15,2025-09-18 00:12:15,96,,
4c235390-c7ef-47ee-b1a4-6664b16aef61,VAC-1099,CAND-10099,РЕКРУТЕР,Собирать резюме,Task,Алексей_8,2025-09-18 00:12:15,2025-09-19 19:22:15,2590,,
4c235390-c7ef-47ee-b1a4-6664b16aef61,VAC-1099,CAND-10099,РЕКРУТЕР,Скрининг,Task,Екатерина_4,2025-09-19 19:22:15,2025-09-19 19:56:15,34,passed,
4c235390-c7ef-47ee-b1a4-6664b16aef61,VAC-1099,CAND-10099,HR,Назначить интервью с HR,User Task,Наталья_4,2025-09-19 19:56:15,2025-09-19 20:11:15,15,,
4c235390-c7ef-47ee-b1a4-6664b16aef61,VAC-1099,CAND-10099,HR,Провести интервью с HR,User Task,Марина_1,2025-09-19 20:11:15,2025-09-19 21:30:15,79,passed,
4c235390-c7ef-47ee-b1a4-6664b16aef61,VAC-1099,CAND-10099,ИНТЕРВЬЮЕРЫ,Назначить техническое интервью,User Task,Андрей_7,2025-09-19 21:30:15,2025-09-19 22:04:15,34,,
4c235390-c7ef-47ee-b1a4-6664b16aef61,VAC-1099,CAND-10099,ИНТЕРВЬЮЕРЫ,Провести техническое интервью,User Task,Андрей_4,2025-09-19 22:04:15,2025-09-19 23:11:15,67,passed,
4c235390-c7ef-47ee-b1a4-6664b16aef61,VAC-1099,CAND-10099,ИНТЕРВЬЮЕРЫ,Назначить финальное интервью,User Task,Сергей_6,2025-09-19 23:11:15,2025-09-19 23:39:15,28,,
4c235390-c7ef-47ee-b1a4-6664b16aef61,VAC-1099,CAND-10099,ИНТЕРВЬЮЕРЫ,Провести финальное интервью,User Task,Анна_6,2025-09-19 23:39:15,2025-09-20 00:27:15,48,rejected,несоответствие ценностям
4dfc0ed1-cf66-4796-a8bb-995f1db9f97c,VAC-1046,CAND-10046,РУКОВОДИТЕЛЬ,Создать заявку,User Task,Иванов_7,2025-09-20 22:45:15,2025-09-20 23:13:15,28,,
4dfc0ed1-cf66-4796-a8bb-995f1db9f97c,VAC-1046,CAND-10046,HR,Зарегистрировать в HCM,Service Task,Ольга_3,2025-09-20 23:13:15,2025-09-20 23:23:15,10,,
4dfc0ed1-cf66-4796-a8bb-995f1db9f97c,VAC-1046,CAND-10046,РЕКРУТЕР,Разместить вакансию,Task,Дмитрий_6,2025-09-20 23:23:15,2025-09-21 01:02:15,99,,
4dfc0ed1-cf66-4796-a8bb-995f1db9f97c,VAC-1046,CAND-10046,РЕКРУТЕР,Собирать резюме,Task,Дмитрий_2,2025-09-21 01:02:15,2025-09-22 07:02:15,1800,,
4dfc0ed1-cf66-4796-a8bb-995f1db9f97c,VAC-1046,CAND-10046,РЕКРУТЕР,Скрининг,Task,Дмитрий_9,2025-09-22 07:02:15,2025-09-22 07:30:15,28,passed,
4dfc0ed1-cf66-4796-a8bb-995f1db9f97c,VAC-1046,CAND-10046,HR,Назначить интервью с HR,User Task,Ольга_5,2025-09-22 07:30:15,2025-09-22 07:42:15,12,,
4dfc0ed1-cf66-4796-a8bb-995f1db9f97c,VAC-1046,CAND-10046,HR,Провести интервью с HR,User Task,Ольга_3,2025-09-22 07:42:15,2025-09-22 08:55:15,73,passed,
4dfc0ed1-cf66-4796-a8bb-995f1db9f97c,VAC-1046,CAND-10046,ИНТЕРВЬЮЕРЫ,Назначить техническое интервью,User Task,Анна_2,2025-09-22 08:55:15,2025-09-22 09:07:15,12,,
4dfc0ed1-cf66-4796-a8bb-995f1db9f97c,VAC-1046,CAND-10046,ИНТЕРВЬЮЕРЫ,Провести техническое интервью,User Task,Сергей_6,2025-09-22 09:07:15,2025-09-22 10:16:15,69,passed,
4dfc0ed1-cf66-4796-a8bb-995f1db9f97c,VAC-1046,CAND-10046,ИНТЕРВЬЮЕРЫ,Назначить финальное интервью,User Task,Анна_3,2025-09-22 10:16:15,2025-09-22 10:49:15,33,,
4dfc0ed1-cf66-4796-a8bb-995f1db9f97c,VAC-1046,CAND-10046,ИНТЕРВЬЮЕРЫ,Провести финальное интервью,User Task,Сергей_4,2025-09-22 10:49:15,2025-09-22 11:52:15,63,passed,
4dfc0ed1-cf66-4796-a8bb-995f1db9f97c,VAC-1046,CAND-10046,HR (ОФФЕР),Согласовать условия,User Task,Марина_3,2025-09-22 11:52:15,2025-09-22 13:36:15,104,,
4dfc0ed1-cf66-4796-a8bb-995f1db9f97c,VAC-1046,CAND-10046,HR (ОФФЕР),Сгенерировать оффер,Service Task,Марина_2,2025-09-22 13:36:15,2025-09-22 14:05:15,29,,
4dfc0ed1-cf66-4796-a8bb-995f1db9f97c,VAC-1046,CAND-10046,HR (ОФФЕР),Отправить оффер,Send Task,Наталья_8,2025-09-22 14:05:15,2025-09-22 14:15:15,10,sent,
4dfc0ed1-cf66-4796-a8bb-995f1db9f97c,VAC-1046,CAND-10046,SECURITY,Background Check,Call Activity,Служба_БД_6,2025-09-22 14:15:15,2025-09-27 03:32:15,6557,report_ready,
4dfc0ed1-cf66-4796-a8bb-995f1db9f97c,VAC-1046,CAND-10046,IT,Выдача оборудования,Task,IT_Specialist_8,2025-09-27 03:32:15,2025-09-27 04:40:15,68,,
4dfc0ed1-cf66-4796-a8bb-995f1db9f97c,VAC-1046,CAND-10046,IT,Создать доступы,Task,IT_Specialist_5,2025-09-27 04:40:15,2025-09-27 06:30:15,110,,
4dfc0ed1-cf66-4796-a8bb-995f1db9f97c,VAC-1046,CAND-10046,IT,Вводное обучение,Service Task,Ольга_9,2025-09-27 06:30:15,2025-09-27 09:58:15,208,,
4dfc0ed1-cf66-4796-a8bb-995f1db9f97c,VAC-1046,CAND-10046,HR,Назначить ментора,Task,Ольга_8,2025-09-27 09:58:15,2025-09-27 10:32:15,34,,
4dfc0ed1-cf66-4796-a8bb-995f1db9f97c,VAC-1046,CAND-10046,HR,Уведомить всех,Message,system,2025-09-27 10:32:15,2025-09-27 10:37:15,5,notified,
4dfc0ed1-cf66-4796-a8bb-995f1db9f97c,VAC-1046,CAND-10046,HR,Обновить HCM,Service Task,Ольга_1,2025-09-27 10:37:15,2025-09-27 10:57:15,20,,
4dfc0ed1-cf66-4796-a8bb-995f1db9f97c,VAC-1046,CAND-10046,HR,Payroll,Service Task,Наталья_6,2025-09-27 10:57:15,2025-09-27 11:17:15,20,,
4dfc0ed1-cf66-4796-a8bb-995f1db9f97c,VAC-1046,CAND-10046,HR,Закрыть вакансию,Service Task,Ольга_2,2025-09-27 11:17:15,2025-09-27 11:22:15,5,,
4ebb9fa8-98e5-4ab2-8962-45fc46a52e73,VAC-1095,CAND-10095,РУКОВОДИТЕЛЬ,Создать заявку,User Task,Сидоров_3,2025-10-12 13:56:15,2025-10-12 14:12:15,16,,
4ebb9fa8-98e5-4ab2-8962-45fc46a52e73,VAC-1095,CAND-10095,HR,Зарегистрировать в HCM,Service Task,Ольга_2,2025-10-12 14:12:15,2025-10-12 14:42:15,30,,
4ebb9fa8-98e5-4ab2-8962-45fc46a52e73,VAC-1095,CAND-10095,РЕКРУТЕР,Разместить вакансию,Task,Екатерина_1,2025-10-12 14:42:15,2025-10-12 16:17:15,95,,
4ebb9fa8-98e5-4ab2-8962-45fc46a52e73,VAC-1095,CAND-10095,РЕКРУТЕР,Собирать резюме,Task,Екатерина_3,2025-10-12 16:17:15,2025-10-14 21:58:15,3221,,
4ebb9fa8-98e5-4ab2-8962-45fc46a52e73,VAC-1095,CAND-10095,РЕКРУТЕР,Скрининг,Task,Дмитрий_7,2025-10-14 21:58:15,2025-10-14 22:16:15,18,passed,
4ebb9fa8-98e5-4ab2-8962-45fc46a52e73,VAC-1095,CAND-10095,HR,Назначить интервью с HR,User Task,Марина_6,2025-10-14 22:16:15,2025-10-14 22:48:15,32,,
4ebb9fa8-98e5-4ab2-8962-45fc46a52e73,VAC-1095,CAND-10095,HR,Провести интервью с HR,User Task,Наталья_2,2025-10-14 22:48:15,2025-10-15 00:07:15,79,passed,
4ebb9fa8-98e5-4ab2-8962-45fc46a52e73,VAC-1095,CAND-10095,ИНТЕРВЬЮЕРЫ,Назначить техническое интервью,User Task,Андрей_3,2025-10-15 00:07:15,2025-10-15 00:47:15,40,,
4ebb9fa8-98e5-4ab2-8962-45fc46a52e73,VAC-1095,CAND-10095,ИНТЕРВЬЮЕРЫ,Провести техническое интервью,User Task,Андрей_3,2025-10-15 00:47:15,2025-10-15 02:46:15,119,rejected,недостаточно технических навыков
519cbcdb-2a79-4d51-bbd8-311da36f92b7,VAC-1011,CAND-10011,РУКОВОДИТЕЛЬ,Создать заявку,User Task,Петров_3,2025-10-18 16:21:15,2025-10-18 16:31:15,10,,
519cbcdb-2a79-4d51-bbd8-311da36f92b7,VAC-1011,CAND-10011,HR,Зарегистрировать в HCM,Service Task,Ольга_3,2025-10-18 16:31:15,2025-10-18 17:01:15,30,,
519cbcdb-2a79-4d51-bbd8-311da36f92b7,VAC-1011,CAND-10011,РЕКРУТЕР,Разместить вакансию,Task,Дмитрий_9,2025-10-18 17:01:15,2025-10-18 18:55:15,114,,
519cbcdb-2a79-4d51-bbd8-311da36f92b7,VAC-1011,CAND-10011,РЕКРУТЕР,Собирать резюме,Task,Екатерина_1,2025-10-18 18:55:15,2025-10-21 00:06:15,3191,,
519cbcdb-2a79-4d51-bbd8-311da36f92b7,VAC-1011,CAND-10011,РЕКРУТЕР,Скрининг,Task,Екатерина_3,2025-10-21 00:06:15,2025-10-21 00:46:15,40,passed,
519cbcdb-2a79-4d51-bbd8-311da36f92b7,VAC-1011,CAND-10011,HR,Назначить интервью с HR,User Task,Наталья_6,2025-10-21 00:46:15,2025-10-21 01:13:15,27,,
519cbcdb-2a79-4d51-bbd8-311da36f92b7,VAC-1011,CAND-10011,HR,Провести интервью с HR,User Task,Ольга_3,2025-10-21 01:13:15,2025-10-21 02:16:15,63,passed,
519cbcdb-2a79-4d51-bbd8-311da36f92b7,VAC-1011,CAND-10011,ИНТЕРВЬЮЕРЫ,Назначить техническое интервью,User Task,Сергей_6,2025-10-21 02:16:15,2025-10-21 02:27:15,11,,
519cbcdb-2a79-4d51-bbd8-311da36f92b7,VAC-1011,CAND-10011,ИНТЕРВЬЮЕРЫ,Провести техническое интервью,User Task,Сергей_4,2025-10-21 02:27:15,2025-10-21 03:17:15,50,rejected,нет опыта с технологиями
52353416-38a1-4231-9559-06a16599294d,VAC-1062,CAND-10062,РУКОВОДИТЕЛЬ,Создать заявку,User Task,Сидоров_4,2025-09-25 17:00:15,2025-09-25 18:00:15,60,,
52353416-38a1-4231-9559-06a16599294d,VAC-1062,CAND-10062,HR,Зарегистрировать в HCM,Service Task,Наталья_8,2025-09-25 18:00:15,2025-09-25 18:33:15,33,,
52353416-38a1-4231-9559-06a16599294d,VAC-1062,CAND-10062,РЕКРУТЕР,Разместить вакансию,Task,Екатерина_7,2025-09-25 18:33:15,2025-09-25 19:14:15,41,,
52353416-38a1-4231-9559-06a16599294d,VAC-1062,CAND-10062,РЕКРУТЕР,Собирать резюме,Task,Екатерина_4,2025-09-25 19:14:15,2025-09-27 05:19:15,2045,,
52353416-38a1-4231-9559-06a16599294d,VAC-1062,CAND-10062,РЕКРУТЕР,Скрининг,Task,Екатерина_2,2025-09-27 05:19:15,2025-09-27 05:59:15,40,passed,
52353416-38a1-4231-9559-06a16599294d,VAC-1062,CAND-10062,HR,Назначить интервью с HR,User Task,Наталья_8,2025-09-27 05:59:15,2025-09-27 06:15:15,16,,
52353416-38a1-4231-9559-06a16599294d,VAC-1062,CAND-10062,HR,Провести интервью с HR,User Task,Ольга_4,2025-09-27 06:15:15,2025-09-27 07:19:15,64,passed,
52353416-38a1-4231-9559-06a16599294d,VAC-1062,CAND-10062,ИНТЕРВЬЮЕРЫ,Назначить техническое интервью,User Task,Анна_8,2025-09-27 07:19:15,2025-09-27 07:42:15,23,,
52353416-38a1-4231-9559-06a16599294d,VAC-1062,CAND-10062,ИНТЕРВЬЮЕРЫ,Провести техническое интервью,User Task,Анна_3,2025-09-27 07:42:15,2025-09-27 08:34:15,52,rejected,нет опыта с технологиями
542fffa9-17fc-4f62-a779-293d5266ecbf,VAC-1074,CAND-10074,РУКОВОДИТЕЛЬ,Создать заявку,User Task,Сидоров_8,2025-10-24 16:06:15,2025-10-24 16:23:15,17,,
542fffa9-17fc-4f62-a779-293d5266ecbf,VAC-1074,CAND-10074,HR,Зарегистрировать в HCM,Service Task,Наталья_4,2025-10-24 16:23:15,2025-10-24 17:02:15,39,,
542fffa9-17fc-4f62-a779-293d5266ecbf,VAC-1074,CAND-10074,РЕКРУТЕР,Разместить вакансию,Task,Алексей_9,2025-10-24 17:02:15,2025-10-24 18:12:15,70,,
542fffa9-17fc-4f62-a779-293d5266ecbf,VAC-1074,CAND-10074,РЕКРУТЕР,Собирать резюме,Task,Дмитрий_7,2025-10-24 18:12:15,2025-10-26 16:09:15,2757,,
542fffa9-17fc-4f62-a779-293d5266ecbf,VAC-1074,CAND-10074,РЕКРУТЕР,Скрининг,Task,Дмитрий_5,2025-10-26 16:09:15,2025-10-26 16:39:15,30,passed,
542fffa9-17fc-4f62-a779-293d5266ecbf,VAC-1074,CAND-10074,HR,Назначить интервью с HR,User Task,Ольга_9,2025-10-26 16:39:15,2025-10-26 16:57:15,18,,
542fffa9-17fc-4f62-a779-293d5266ecbf,VAC-1074,CAND-10074,HR,Провести интервью с HR,User Task,Наталья_8,2025-10-26 16:57:15,2025-10-26 18:41:15,104,rejected,несоответствие культуре
55f180bc-1399-47a2-875e-ce2fd943d48d,VAC-1170,CAND-10170,РУКОВОДИТЕЛЬ,Создать заявку,User Task,Иванов_3,2025-09-20 18:39:15,2025-09-20 19:17:15,38,,
55f180bc-1399-47a2-875e-ce2fd943d48d,VAC-1170,CAND-10170,HR,Зарегистрировать в HCM,Service Task,Марина_4,2025-09-20 19:17:15,2025-09-20 19:41:15,24,,
55f180bc-1399-47a2-875e-ce2fd943d48d,VAC-1170,CAND-10170,РЕКРУТЕР,Разместить вакансию,Task,Алексей_5,2025-09-20 19:41:15,2025-09-20 20:59:15,78,,
55f180bc-1399-47a2-875e-ce2fd943d48d,VAC-1170,CAND-10170,РЕКРУТЕР,Собирать резюме,Task,Екатерина_3,2025-09-20 20:59:15,2025-09-22 19:06:15,2767,,
55f180bc-1399-47a2-875e-ce2fd943d48d,VAC-1170,CAND-10170,РЕКРУТЕР,Скрининг,Task,Алексей_2,2025-09-22 19:06:15,2025-09-22 19:19:15,13,rejected,не прошёл тест
573fa921-8f3c-42c5-8422-f386c52f43fd,VAC-1169,CAND-10169,РУКОВОДИТЕЛЬ,Создать заявку,User Task,Сидоров_9,2025-09-13 22:17:15,2025-09-13 22:30:15,13,,
573fa921-8f3c-42c5-8422-f386c52f43fd,VAC-1169,CAND-10169,HR,Зарегистрировать в HCM,Service Task,Наталья_8,2025-09-13 22:30:15,2025-09-13 23:08:15,38,,
573fa921-8f3c-42c5-8422-f386c52f43fd,VAC-1169,CAND-10169,РЕКРУТЕР,Разместить вакансию,Task,Дмитрий_2,2025-09-13 23:08:15,2025-09-14 00:50:15,102,,
573fa921-8f3c-42c5-8422-f386c52f43fd,VAC-1169,CAND-10169,РЕКРУТЕР,Собирать резюме,Task,Алексей_3,2025-09-14 00:50:15,2025-09-16 11:00:15,3490,,
573fa921-8f3c-42c5-8422-f386c52f43fd,VAC-1169,CAND-10169,РЕКРУТЕР,Скрининг,Task,Екатерина_9,2025-09-16 11:00:15,2025-09-16 11:40:15,40,rejected,не соотв. опыту
5767e6f4-551d-4150-b256-2e505d006a27,VAC-1086,CAND-10086,РУКОВОДИТЕЛЬ,Создать заявку,User Task,Иванов_6,2025-09-29 16:57:15,2025-09-29 17:41:15,44,,
5767e6f4-551d-4150-b256-2e505d006a27,VAC-1086,CAND-10086,HR,Зарегистрировать в HCM,Service Task,Ольга_5,2025-09-29 17:41:15,2025-09-29 18:13:15,32,,
5767e6f4-551d-4150-b256-2e505d006a27,VAC-1086,CAND-10086,РЕКРУТЕР,Разместить вакансию,Task,Дмитрий_9,2025-09-29 18:13:15,2025-09-29 19:46:15,93,,
5767e6f4-551d-4150-b256-2e505d006a27,VAC-1086,CAND-10086,РЕКРУТЕР,Собирать резюме,Task,Алексей_3,2025-09-29 19:46:15,2025-10-02 18:08:15,4222,,
5767e6f4-551d-4150-b256-2e505d006a27,VAC-1086,CAND-10086,РЕКРУТЕР,Скрининг,Task,Дмитрий_1,2025-10-02 18:08:15,2025-10-02 18:43:15,35,rejected,некорректное резюме
580355d0-b255-44f8-87e6-701efea424d9,VAC-1133,CAND-10133,РУКОВОДИТЕЛЬ,Создать заявку,User Task,Иванов_1,2025-10-11 22:23:15,2025-10-11 23:19:15,56,,
580355d0-b255-44f8-87e6-701efea424d9,VAC-1133,CAND-10133,HR,Зарегистрировать в HCM,Service Task,Марина_1,2025-10-11 23:19:15,2025-10-11 23:56:15,37,,
580355d0-b255-44f8-87e6-701efea424d9,VAC-1133,CAND-10133,РЕКРУТЕР,Разместить вакансию,Task,Екатерина_7,2025-10-11 23:56:15,2025-10-12 01:30:15,94,,
580355d0-b255-44f8-87e6-701efea424d9,VAC-1133,CAND-10133,РЕКРУТЕР,Собирать резюме,Task,Алексей_1,2025-10-12 01:30:15,2025-10-14 17:46:15,3856,,
580355d0-b255-44f8-87e6-701efea424d9,VAC-1133,CAND-10133,РЕКРУТЕР,Скрининг,Task,Екатерина_8,2025-10-14 17:46:15,2025-10-14 18:13:15,27,passed,
580355d0-b255-44f8-87e6-701efea424d9,VAC-1133,CAND-10133,HR,Назначить интервью с HR,User Task,Наталья_6,2025-10-14 18:13:15,2025-10-14 18:43:15,30,,
580355d0-b255-44f8-87e6-701efea424d9,VAC-1133,CAND-10133,HR,Провести интервью с HR,User Task,Марина_5,2025-10-14 18:43:15,2025-10-14 20:43:15,120,passed,
580355d0-b255-44f8-87e6-701efea424d9,VAC-1133,CAND-10133,ИНТЕРВЬЮЕРЫ,Назначить техническое интервью,User Task,Сергей_9,2025-10-14 20:43:15,2025-10-14 20:57:15,14,,
580355d0-b255-44f8-87e6-701efea424d9,VAC-1133,CAND-10133,ИНТЕРВЬЮЕРЫ,Провести техническое интервью,User Task,Сергей_9,2025-10-14 20:57:15,2025-10-14 22:32:15,95,passed,
580355d0-b255-44f8-87e6-701efea424d9,VAC-1133,CAND-10133,ИНТЕРВЬЮЕРЫ,Назначить финальное интервью,User Task,Анна_4,2025-10-14 22:32:15,2025-10-14 22:42:15,10,,
580355d0-b255-44f8-87e6-701efea424d9,VAC-1133,CAND-10133,ИНТЕРВЬЮЕРЫ,Провести финальное интервью,User Task,Анна_3,2025-10-14 22:42:15,2025-10-14 23:48:15,66,rejected,сомнения руководства
5963f69f-4939-48eb-b3a0-9f2f88b97a6b,VAC-1176,CAND-10176,РУКОВОДИТЕЛЬ,Создать заявку,User Task,Сидоров_6,2025-10-03 17:35:15,2025-10-03 18:18:15,43,,
5963f69f-4939-48eb-b3a0-9f2f88b97a6b,VAC-1176,CAND-10176,HR,Зарегистрировать в HCM,Service Task,Наталья_8,2025-10-03 18:18:15,2025-10-03 18:57:15,39,,
5963f69f-4939-48eb-b3a0-9f2f88b97a6b,VAC-1176,CAND-10176,РЕКРУТЕР,Разместить вакансию,Task,Екатерина_8,2025-10-03 18:57:15,2025-10-03 20:23:15,86,,
5963f69f-4939-48eb-b3a0-9f2f88b97a6b,VAC-1176,CAND-10176,РЕКРУТЕР,Собирать резюме,Task,Алексей_4,2025-10-03 20:23:15,2025-10-06 06:00:15,3457,,
5963f69f-4939-48eb-b3a0-9f2f88b97a6b,VAC-1176,CAND-10176,РЕКРУТЕР,Скрининг,Task,Алексей_2,2025-10-06 06:00:15,2025-10-06 06:16:15,16,rejected,не соотв. опыту
5b87d270-bbee-4c0f-a5fc-ff50d08740fa,VAC-1052,CAND-10052,РУКОВОДИТЕЛЬ,Создать заявку,User Task,Петров_9,2025-10-24 12:45:15,2025-10-24 12:58:15,13,,
5b87d270-bbee-4c0f-a5fc-ff50d08740fa,VAC-1052,CAND-10052,HR,Зарегистрировать в HCM,Service Task,Наталья_7,2025-10-24 12:58:15,2025-10-24 13:19:15,21,,
5b87d270-bbee-4c0f-a5fc-ff50d08740fa,VAC-1052,CAND-10052,РЕКРУТЕР,Разместить вакансию,Task,Дмитрий_4,2025-10-24 13:19:15,2025-10-24 13:49:15,30,,
5b87d270-bbee-4c0f-a5fc-ff50d08740fa,VAC-1052,CAND-10052,РЕКРУТЕР,Собирать резюме,Task,Дмитрий_2,2025-10-24 13:49:15,2025-10-25 15:44:15,1555,,
5b87d270-bbee-4c0f-a5fc-ff50d08740fa,VAC-1052,CAND-10052,РЕКРУТЕР,Скрининг,Task,Дмитрий_3,2025-10-25 15:44:15,2025-10-25 16:14:15,30,rejected,не соотв. опыту
5c07d928-aa4d-4815-9e2e-fa57cf48b0a9,VAC-1187,CAND-10187,РУКОВОДИТЕЛЬ,Создать заявку,User Task,Петров_6,2025-09-18 12:21:15,2025-09-18 13:07:15,46,,
5c07d928-aa4d-4815-9e2e-fa57cf48b0a9,VAC-1187,CAND-10187,HR,Зарегистрировать в HCM,Service Task,Марина_8,2025-09-18 13:07:15,2025-09-18 13:20:15,13,,
5c07d928-aa4d-4815-9e2e-fa57cf48b0a9,VAC-1187,CAND-10187,РЕКРУТЕР,Разместить вакансию,Task,Алексей_3,2025-09-18 13:20:15,2025-09-18 15:08:15,108,,
5c07d928-aa4d-4815-9e2e-fa57cf48b0a9,VAC-1187,CAND-10187,РЕКРУТЕР,Собирать резюме,Task,Дмитрий_8,2025-09-18 15:08:15,2025-09-21 03:04:15,3596,,
5c07d928-aa4d-4815-9e2e-fa57cf48b0a9,VAC-1187,CAND-10187,РЕКРУТЕР,Скрининг,Task,Екатерина_2,2025-09-21 03:04:15,2025-09-21 03:30:15,26,passed,
5c07d928-aa4d-4815-9e2e-fa57cf48b0a9,VAC-1187,CAND-10187,HR,Назначить интервью с HR,User Task,Ольга_2,2025-09-21 03:30:15,2025-09-21 03:47:15,17,,
5c07d928-aa4d-4815-9e2e-fa57cf48b0a9,VAC-1187,CAND-10187,HR,Провести интервью с HR,User Task,Марина_5,2025-09-21 03:47:15,2025-09-21 05:41:15,114,passed,
5c07d928-aa4d-4815-9e2e-fa57cf48b0a9,VAC-1187,CAND-10187,ИНТЕРВЬЮЕРЫ,Назначить техническое интервью,User Task,Андрей_6,2025-09-21 05:41:15,2025-09-21 06:10:15,29,,
5c07d928-aa4d-4815-9e2e-fa57cf48b0a9,VAC-1187,CAND-10187,ИНТЕРВЬЮЕРЫ,Провести техническое интервью,User Task,Сергей_8,2025-09-21 06:10:15,2025-09-21 06:56:15,46,passed,
5c07d928-aa4d-4815-9e2e-fa57cf48b0a9,VAC-1187,CAND-10187,ИНТЕРВЬЮЕРЫ,Назначить финальное интервью,User Task,Сергей_6,2025-09-21 06:56:15,2025-09-21 07:22:15,26,,
5c07d928-aa4d-4815-9e2e-fa57cf48b0a9,VAC-1187,CAND-10187,ИНТЕРВЬЮЕРЫ,Провести финальное интервью,User Task,Сергей_3,2025-09-21 07:22:15,2025-09-21 08:44:15,82,passed,
5c07d928-aa4d-4815-9e2e-fa57cf48b0a9,VAC-1187,CAND-10187,HR (ОФФЕР),Согласовать условия,User Task,Марина_5,2025-09-21 08:44:15,2025-09-21 09:53:15,69,,
5c07d928-aa4d-4815-9e2e-fa57cf48b0a9,VAC-1187,CAND-10187,HR (ОФФЕР),Сгенерировать оффер,Service Task,Марина_5,2025-09-21 09:53:15,2025-09-21 10:21:15,28,,
5c07d928-aa4d-4815-9e2e-fa57cf48b0a9,VAC-1187,CAND-10187,HR (ОФФЕР),Отправить оффер,Send Task,Наталья_8,2025-09-21 10:21:15,2025-09-21 10:31:15,10,sent,
5c07d928-aa4d-4815-9e2e-fa57cf48b0a9,VAC-1187,CAND-10187,SECURITY,Background Check,Call Activity,Служба_БД_1,2025-09-21 10:31:15,2025-09-23 17:33:15,3302,report_ready,
5c07d928-aa4d-4815-9e2e-fa57cf48b0a9,VAC-1187,CAND-10187,IT,Выдача оборудования,Task,IT_Specialist_9,2025-09-23 17:33:15,2025-09-23 18:43:15,70,,
5c07d928-aa4d-4815-9e2e-fa57cf48b0a9,VAC-1187,CAND-10187,IT,Создать доступы,Task,IT_Specialist_5,2025-09-23 18:43:15,2025-09-23 19:22:15,39,,
5c07d928-aa4d-4815-9e2e-fa57cf48b0a9,VAC-1187,CAND-10187,IT,Вводное обучение,Service Task,Марина_5,2025-09-23 19:22:15,2025-09-23 23:29:15,247,,
5c07d928-aa4d-4815-9e2e-fa57cf48b0a9,VAC-1187,CAND-10187,HR,Назначить ментора,Task,Ольга_1,2025-09-23 23:29:15,2025-09-24 00:16:15,47,,
5c07d928-aa4d-4815-9e2e-fa57cf48b0a9,VAC-1187,CAND-10187,HR,Уведомить всех,Message,system,2025-09-24 00:16:15,2025-09-24 00:21:15,5,notified,
5c07d928-aa4d-4815-9e2e-fa57cf48b0a9,VAC-1187,CAND-10187,HR,Обновить HCM,Service Task,Марина_2,2025-09-24 00:21:15,2025-09-24 00:41:15,20,,
5c07d928-aa4d-4815-9e2e-fa57cf48b0a9,VAC-1187,CAND-10187,HR,Payroll,Service Task,Марина_3,2025-09-24 00:41:15,2025-09-24 01:01:15,20,,
5c07d928-aa4d-4815-9e2e-fa57cf48b0a9,VAC-1187,CAND-10187,HR,Закрыть вакансию,Service Task,Марина_3,2025-09-24 01:01:15,2025-09-24 01:06:15,5,,
5fb826dc-e279-46e8-b5ba-84faff5d13c5,VAC-1189,CAND-10189,РУКОВОДИТЕЛЬ,Создать заявку,User Task,Иванов_4,2025-10-07 20:05:15,2025-10-07 20:55:15,50,,
5fb826dc-e279-46e8-b5ba-84faff5d13c5,VAC-1189,CAND-10189,HR,Зарегистрировать в HCM,Service Task,Марина_6,2025-10-07 20:55:15,2025-10-07 21:23:15,28,,
5fb826dc-e279-46e8-b5ba-84faff5d13c5,VAC-1189,CAND-10189,РЕКРУТЕР,Разместить вакансию,Task,Екатерина_5,2025-10-07 21:23:15,2025-10-07 21:49:15,26,,
5fb826dc-e279-46e8-b5ba-84faff5d13c5,VAC-1189,CAND-10189,РЕКРУТЕР,Собирать резюме,Task,Алексей_3,2025-10-07 21:49:15,2025-10-09 05:44:15,1915,,
5fb826dc-e279-46e8-b5ba-84faff5d13c5,VAC-1189,CAND-10189,РЕКРУТЕР,Скрининг,Task,Дмитрий_8,2025-10-09 05:44:15,2025-10-09 06:09:15,25,passed,
5fb826dc-e279-46e8-b5ba-84faff5d13c5,VAC-1189,CAND-10189,HR,Назначить интервью с HR,User Task,Марина_4,2025-10-09 06:09:15,2025-10-09 06:42:15,33,,
5fb826dc-e279-46e8-b5ba-84faff5d13c5,VAC-1189,CAND-10189,HR,Провести интервью с HR,User Task,Ольга_5,2025-10-09 06:42:15,2025-10-09 08:16:15,94,passed,
5fb826dc-e279-46e8-b5ba-84faff5d13c5,VAC-1189,CAND-10189,ИНТЕРВЬЮЕРЫ,Назначить техническое интервью,User Task,Анна_7,2025-10-09 08:16:15,2025-10-09 08:30:15,14,,
5fb826dc-e279-46e8-b5ba-84faff5d13c5,VAC-1189,CAND-10189,ИНТЕРВЬЮЕРЫ,Провести техническое интервью,User Task,Сергей_6,2025-10-09 08:30:15,2025-10-09 10:12:15,102,passed,
5fb826dc-e279-46e8-b5ba-84faff5d13c5,VAC-1189,CAND-10189,ИНТЕРВЬЮЕРЫ,Назначить финальное интервью,User Task,Анна_1,2025-10-09 10:12:15,2025-10-09 10:52:15,40,,
5fb826dc-e279-46e8-b5ba-84faff5d13c5,VAC-1189,CAND-10189,ИНТЕРВЬЮЕРЫ,Провести финальное интервью,User Task,Анна_6,2025-10-09 10:52:15,2025-10-09 12:45:15,113,passed,
5fb826dc-e279-46e8-b5ba-84faff5d13c5,VAC-1189,CAND-10189,HR (ОФФЕР),Согласовать условия,User Task,Марина_5,2025-10-09 12:45:15,2025-10-09 15:35:15,170,,
5fb826dc-e279-46e8-b5ba-84faff5d13c5,VAC-1189,CAND-10189,HR (ОФФЕР),Сгенерировать оффер,Service Task,Ольга_5,2025-10-09 15:35:15,2025-10-09 15:50:15,15,,
5fb826dc-e279-46e8-b5ba-84faff5d13c5,VAC-1189,CAND-10189,HR (ОФФЕР),Отправить оффер,Send Task,Наталья_5,2025-10-09 15:50:15,2025-10-09 16:00:15,10,sent,
5fb826dc-e279-46e8-b5ba-84faff5d13c5,VAC-1189,CAND-10189,SECURITY,Background Check,Call Activity,Служба_БД_4,2025-10-09 16:00:15,2025-10-13 21:24:15,6084,report_ready,
5fb826dc-e279-46e8-b5ba-84faff5d13c5,VAC-1189,CAND-10189,IT,Выдача оборудования,Task,IT_Specialist_9,2025-10-13 21:24:15,2025-10-13 23:39:15,135,,
5fb826dc-e279-46e8-b5ba-84faff5d13c5,VAC-1189,CAND-10189,IT,Создать доступы,Task,IT_Specialist_6,2025-10-13 23:39:15,2025-10-14 00:52:15,73,,
5fb826dc-e279-46e8-b5ba-84faff5d13c5,VAC-1189,CAND-10189,IT,Вводное обучение,Service Task,Наталья_1,2025-10-14 00:52:15,2025-10-14 08:32:15,460,,
5fb826dc-e279-46e8-b5ba-84faff5d13c5,VAC-1189,CAND-10189,HR,Назначить ментора,Task,Наталья_1,2025-10-14 08:32:15,2025-10-14 09:55:15,83,,
5fb826dc-e279-46e8-b5ba-84faff5d13c5,VAC-1189,CAND-10189,HR,Уведомить всех,Message,system,2025-10-14 09:55:15,2025-10-14 10:00:15,5,notified,
5fb826dc-e279-46e8-b5ba-84faff5d13c5,VAC-1189,CAND-10189,HR,Обновить HCM,Service Task,Ольга_2,2025-10-14 10:00:15,2025-10-14 10:20:15,20,,
5fb826dc-e279-46e8-b5ba-84faff5d13c5,VAC-1189,CAND-10189,HR,Payroll,Service Task,Марина_2,2025-10-14 10:20:15,2025-10-14 10:40:15,20,,
5fb826dc-e279-46e8-b5ba-84faff5d13c5,VAC-1189,CAND-10189,HR,Закрыть вакансию,Service Task,Марина_8,2025-10-14 10:40:15,2025-10-14 10:45:15,5,,
60715f5c-3fa2-42d0-a415-b90787fb5939,VAC-1029,CAND-10029,РУКОВОДИТЕЛЬ,Создать заявку,User Task,Иванов_7,2025-10-23 19:19:15,2025-10-23 20:15:15,56,,
60715f5c-3fa2-42d0-a415-b90787fb5939,VAC-1029,CAND-10029,HR,Зарегистрировать в HCM,Service Task,Марина_3,2025-10-23 20:15:15,2025-10-23 20:52:15,37,,
60715f5c-3fa2-42d0-a415-b90787fb5939,VAC-1029,CAND-10029,РЕКРУТЕР,Разместить вакансию,Task,Дмитрий_5,2025-10-23 20:52:15,2025-10-23 21:21:15,29,,
60715f5c-3fa2-42d0-a415-b90787fb5939,VAC-1029,CAND-10029,РЕКРУТЕР,Собирать резюме,Task,Екатерина_7,2025-10-23 21:21:15,2025-10-25 20:27:15,2826,,
60715f5c-3fa2-42d0-a415-b90787fb5939,VAC-1029,CAND-10029,РЕКРУТЕР,Скрининг,Task,Дмитрий_9,2025-10-25 20:27:15,2025-10-25 21:04:15,37,passed,
60715f5c-3fa2-42d0-a415-b90787fb5939,VAC-1029,CAND-10029,HR,Назначить интервью с HR,User Task,Ольга_8,2025-10-25 21:04:15,2025-10-25 21:26:15,22,,
60715f5c-3fa2-42d0-a415-b90787fb5939,VAC-1029,CAND-10029,HR,Провести интервью с HR,User Task,Марина_2,2025-10-25 21:26:15,2025-10-25 22:15:15,49,rejected,недостаточная мотивация
6180d93e-3df4-4679-aa8f-e1e2985e0d2e,VAC-1125,CAND-10125,РУКОВОДИТЕЛЬ,Создать заявку,User Task,Петров_9,2025-10-05 18:04:15,2025-10-05 18:21:15,17,,
6180d93e-3df4-4679-aa8f-e1e2985e0d2e,VAC-1125,CAND-10125,HR,Зарегистрировать в HCM,Service Task,Марина_7,2025-10-05 18:21:15,2025-10-05 18:46:15,25,,
6180d93e-3df4-4679-aa8f-e1e2985e0d2e,VAC-1125,CAND-10125,РЕКРУТЕР,Разместить вакансию,Task,Екатерина_9,2025-10-05 18:46:15,2025-10-05 20:32:15,106,,
6180d93e-3df4-4679-aa8f-e1e2985e0d2e,VAC-1125,CAND-10125,РЕКРУТЕР,Собирать резюме,Task,Дмитрий_1,2025-10-05 20:32:15,2025-10-07 16:03:15,2611,,
6180d93e-3df4-4679-aa8f-e1e2985e0d2e,VAC-1125,CAND-10125,РЕКРУТЕР,Скрининг,Task,Дмитрий_3,2025-10-07 16:03:15,2025-10-07 16:13:15,10,passed,
6180d93e-3df4-4679-aa8f-e1e2985e0d2e,VAC-1125,CAND-10125,HR,Назначить интервью с HR,User Task,Марина_1,2025-10-07 16:13:15,2025-10-07 16:24:15,11,,
6180d93e-3df4-4679-aa8f-e1e2985e0d2e,VAC-1125,CAND-10125,HR,Провести интервью с HR,User Task,Ольга_5,2025-10-07 16:24:15,2025-10-07 17:29:15,65,passed,
6180d93e-3df4-4679-aa8f-e1e2985e0d2e,VAC-1125,CAND-10125,ИНТЕРВЬЮЕРЫ,Назначить техническое интервью,User Task,Андрей_5,2025-10-07 17:29:15,2025-10-07 17:43:15,14,,
6180d93e-3df4-4679-aa8f-e1e2985e0d2e,VAC-1125,CAND-10125,ИНТЕРВЬЮЕРЫ,Провести техническое интервью,User Task,Андрей_6,2025-10-07 17:43:15,2025-10-07 19:37:15,114,passed,
6180d93e-3df4-4679-aa8f-e1e2985e0d2e,VAC-1125,CAND-10125,ИНТЕРВЬЮЕРЫ,Назначить финальное интервью,User Task,Сергей_2,2025-10-07 19:37:15,2025-10-07 20:13:15,36,,
6180d93e-3df4-4679-aa8f-e1e2985e0d2e,VAC-1125,CAND-10125,ИНТЕРВЬЮЕРЫ,Провести финальное интервью,User Task,Андрей_9,2025-10-07 20:13:15,2025-10-07 22:09:15,116,passed,
6180d93e-3df4-4679-aa8f-e1e2985e0d2e,VAC-1125,CAND-10125,HR (ОФФЕР),Согласовать условия,User Task,Наталья_9,2025-10-07 22:09:15,2025-10-08 00:48:15,159,,
6180d93e-3df4-4679-aa8f-e1e2985e0d2e,VAC-1125,CAND-10125,HR (ОФФЕР),Сгенерировать оффер,Service Task,Марина_5,2025-10-08 00:48:15,2025-10-08 01:18:15,30,,
6180d93e-3df4-4679-aa8f-e1e2985e0d2e,VAC-1125,CAND-10125,HR (ОФФЕР),Отправить оффер,Send Task,Марина_1,2025-10-08 01:18:15,2025-10-08 01:28:15,10,sent,
6180d93e-3df4-4679-aa8f-e1e2985e0d2e,VAC-1125,CAND-10125,HR (ОФФЕР),Переговоры / отказ,Task,Ольга_6,2025-10-08 01:28:15,2025-10-08 04:07:15,159,rejected,
6413764b-2b47-4a59-a75a-428b034d8935,VAC-1155,CAND-10155,РУКОВОДИТЕЛЬ,Создать заявку,User Task,Петров_8,2025-09-01 12:55:15,2025-09-01 13:46:15,51,,
6413764b-2b47-4a59-a75a-428b034d8935,VAC-1155,CAND-10155,HR,Зарегистрировать в HCM,Service Task,Марина_5,2025-09-01 13:46:15,2025-09-01 14:12:15,26,,
6413764b-2b47-4a59-a75a-428b034d8935,VAC-1155,CAND-10155,РЕКРУТЕР,Разместить вакансию,Task,Дмитрий_4,2025-09-01 14:12:15,2025-09-01 14:38:15,26,,
6413764b-2b47-4a59-a75a-428b034d8935,VAC-1155,CAND-10155,РЕКРУТЕР,Собирать резюме,Task,Екатерина_2,2025-09-01 14:38:15,2025-09-04 07:59:15,3921,,
6413764b-2b47-4a59-a75a-428b034d8935,VAC-1155,CAND-10155,РЕКРУТЕР,Скрининг,Task,Алексей_8,2025-09-04 07:59:15,2025-09-04 08:38:15,39,passed,
6413764b-2b47-4a59-a75a-428b034d8935,VAC-1155,CAND-10155,HR,Назначить интервью с HR,User Task,Наталья_8,2025-09-04 08:38:15,2025-09-04 09:17:15,39,,
6413764b-2b47-4a59-a75a-428b034d8935,VAC-1155,CAND-10155,HR,Провести интервью с HR,User Task,Ольга_9,2025-09-04 09:17:15,2025-09-04 10:09:15,52,rejected,завышенные ожидания
65b2e2d3-c6b2-4858-be59-1b9027617526,VAC-1071,CAND-10071,РУКОВОДИТЕЛЬ,Создать заявку,User Task,Иванов_8,2025-09-22 20:43:15,2025-09-22 21:07:15,24,,
65b2e2d3-c6b2-4858-be59-1b9027617526,VAC-1071,CAND-10071,HR,Зарегистрировать в HCM,Service Task,Наталья_5,2025-09-22 21:07:15,2025-09-22 21:28:15,21,,
65b2e2d3-c6b2-4858-be59-1b9027617526,VAC-1071,CAND-10071,РЕКРУТЕР,Разместить вакансию,Task,Екатерина_2,2025-09-22 21:28:15,2025-09-22 22:12:15,44,,
65b2e2d3-c6b2-4858-be59-1b9027617526,VAC-1071,CAND-10071,РЕКРУТЕР,Собирать резюме,Task,Екатерина_7,2025-09-22 22:12:15,2025-09-24 00:23:15,1571,,
65b2e2d3-c6b2-4858-be59-1b9027617526,VAC-1071,CAND-10071,РЕКРУТЕР,Скрининг,Task,Алексей_4,2025-09-24 00:23:15,2025-09-24 01:02:15,39,passed,
65b2e2d3-c6b2-4858-be59-1b9027617526,VAC-1071,CAND-10071,HR,Назначить интервью с HR,User Task,Наталья_2,2025-09-24 01:02:15,2025-09-24 01:18:15,16,,
65b2e2d3-c6b2-4858-be59-1b9027617526,VAC-1071,CAND-10071,HR,Провести интервью с HR,User Task,Марина_1,2025-09-24 01:18:15,2025-09-24 03:00:15,102,passed,
65b2e2d3-c6b2-4858-be59-1b9027617526,VAC-1071,CAND-10071,ИНТЕРВЬЮЕРЫ,Назначить техническое интервью,User Task,Анна_1,2025-09-24 03:00:15,2025-09-24 03:17:15,17,,
65b2e2d3-c6b2-4858-be59-1b9027617526,VAC-1071,CAND-10071,ИНТЕРВЬЮЕРЫ,Провести техническое интервью,User Task,Анна_4,2025-09-24 03:17:15,2025-09-24 04:31:15,74,passed,
65b2e2d3-c6b2-4858-be59-1b9027617526,VAC-1071,CAND-10071,ИНТЕРВЬЮЕРЫ,Назначить финальное интервью,User Task,Андрей_3,2025-09-24 04:31:15,2025-09-24 05:05:15,34,,
65b2e2d3-c6b2-4858-be59-1b9027617526,VAC-1071,CAND-10071,ИНТЕРВЬЮЕРЫ,Провести финальное интервью,User Task,Андрей_6,2025-09-24 05:05:15,2025-09-24 06:27:15,82,passed,
65b2e2d3-c6b2-4858-be59-1b9027617526,VAC-1071,CAND-10071,HR (ОФФЕР),Согласовать условия,User Task,Марина_6,2025-09-24 06:27:15,2025-09-24 09:54:15,207,,
65b2e2d3-c6b2-4858-be59-1b9027617526,VAC-1071,CAND-10071,HR (ОФФЕР),Сгенерировать оффер,Service Task,Ольга_3,2025-09-24 09:54:15,2025-09-24 10:06:15,12,,
65b2e2d3-c6b2-4858-be59-1b9027617526,VAC-1071,CAND-10071,HR (ОФФЕР),Отправить оффер,Send Task,Марина_9,2025-09-24 10:06:15,2025-09-24 10:16:15,10,sent,
65b2e2d3-c6b2-4858-be59-1b9027617526,VAC-1071,CAND-10071,SECURITY,Background Check,Call Activity,Служба_БД_1,2025-09-24 10:16:15,2025-09-28 03:17:15,5341,report_ready,
65b2e2d3-c6b2-4858-be59-1b9027617526,VAC-1071,CAND-10071,IT,Выдача оборудования,Task,IT_Specialist_7,2025-09-28 03:17:15,2025-09-28 05:32:15,135,,
65b2e2d3-c6b2-4858-be59-1b9027617526,VAC-1071,CAND-10071,IT,Создать доступы,Task,IT_Specialist_1,2025-09-28 05:32:15,2025-09-28 07:13:15,101,,
65b2e2d3-c6b2-4858-be59-1b9027617526,VAC-1071,CAND-10071,IT,Вводное обучение,Service Task,Марина_7,2025-09-28 07:13:15,2025-09-28 13:09:15,356,,
65b2e2d3-c6b2-4858-be59-1b9027617526,VAC-1071,CAND-10071,HR,Назначить ментора,Task,Марина_6,2025-09-28 13:09:15,2025-09-28 14:29:15,80,,
65b2e2d3-c6b2-4858-be59-1b9027617526,VAC-1071,CAND-10071,HR,Уведомить всех,Message,system,2025-09-28 14:29:15,2025-09-28 14:34:15,5,notified,
65b2e2d3-c6b2-4858-be59-1b9027617526,VAC-1071,CAND-10071,HR,Обновить HCM,Service Task,Марина_7,2025-09-28 14:34:15,2025-09-28 14:54:15,20,,
65b2e2d3-c6b2-4858-be59-1b9027617526,VAC-1071,CAND-10071,HR,Payroll,Service Task,Ольга_3,2025-09-28 14:54:15,2025-09-28 15:14:15,20,,
65b2e2d3-c6b2-4858-be59-1b9027617526,VAC-1071,CAND-10071,HR,Закрыть вакансию,Service Task,Ольга_7,2025-09-28 15:14:15,2025-09-28 15:19:15,5,,
663cd4f8-5696-4fcd-b496-8951d638ce80,VAC-1185,CAND-10185,РУКОВОДИТЕЛЬ,Создать заявку,User Task,Петров_9,2025-09-15 18:44:15,2025-09-15 19:18:15,34,,
663cd4f8-5696-4fcd-b496-8951d638ce80,VAC-1185,CAND-10185,HR,Зарегистрировать в HCM,Service Task,Марина_3,2025-09-15 19:18:15,2025-09-15 19:34:15,16,,
663cd4f8-5696-4fcd-b496-8951d638ce80,VAC-1185,CAND-10185,РЕКРУТЕР,Разместить вакансию,Task,Алексей_4,2025-09-15 19:34:15,2025-09-15 20:54:15,80,,
663cd4f8-5696-4fcd-b496-8951d638ce80,VAC-1185,CAND-10185,РЕКРУТЕР,Собирать резюме,Task,Дмитрий_6,2025-09-15 20:54:15,2025-09-18 10:49:15,3715,,
663cd4f8-5696-4fcd-b496-8951d638ce80,VAC-1185,CAND-10185,РЕКРУТЕР,Скрининг,Task,Дмитрий_3,2025-09-18 10:49:15,2025-09-18 11:03:15,14,rejected,не соотв. опыту
684a9ad0-5a0b-4675-90e4-8fd9721f5675,VAC-1120,CAND-10120,РУКОВОДИТЕЛЬ,Создать заявку,User Task,Сидоров_4,2025-10-09 21:25:15,2025-10-09 22:02:15,37,,
684a9ad0-5a0b-4675-90e4-8fd9721f5675,VAC-1120,CAND-10120,HR,Зарегистрировать в HCM,Service Task,Ольга_7,2025-10-09 22:02:15,2025-10-09 22:27:15,25,,
684a9ad0-5a0b-4675-90e4-8fd9721f5675,VAC-1120,CAND-10120,РЕКРУТЕР,Разместить вакансию,Task,Екатерина_1,2025-10-09 22:27:15,2025-10-09 23:06:15,39,,
684a9ad0-5a0b-4675-90e4-8fd9721f5675,VAC-1120,CAND-10120,РЕКРУТЕР,Собирать резюме,Task,Екатерина_3,2025-10-09 23:06:15,2025-10-10 23:53:15,1487,,
684a9ad0-5a0b-4675-90e4-8fd9721f5675,VAC-1120,CAND-10120,РЕКРУТЕР,Скрининг,Task,Дмитрий_3,2025-10-10 23:53:15,2025-10-11 00:18:15,25,passed,
684a9ad0-5a0b-4675-90e4-8fd9721f5675,VAC-1120,CAND-10120,HR,Назначить интервью с HR,User Task,Ольга_6,2025-10-11 00:18:15,2025-10-11 00:30:15,12,,
684a9ad0-5a0b-4675-90e4-8fd9721f5675,VAC-1120,CAND-10120,HR,Провести интервью с HR,User Task,Наталья_9,2025-10-11 00:30:15,2025-10-11 01:50:15,80,passed,
684a9ad0-5a0b-4675-90e4-8fd9721f5675,VAC-1120,CAND-10120,ИНТЕРВЬЮЕРЫ,Назначить техническое интервью,User Task,Анна_7,2025-10-11 01:50:15,2025-10-11 02:07:15,17,,
684a9ad0-5a0b-4675-90e4-8fd9721f5675,VAC-1120,CAND-10120,ИНТЕРВЬЮЕРЫ,Провести техническое интервью,User Task,Андрей_8,2025-10-11 02:07:15,2025-10-11 03:22:15,75,passed,
684a9ad0-5a0b-4675-90e4-8fd9721f5675,VAC-1120,CAND-10120,ИНТЕРВЬЮЕРЫ,Назначить финальное интервью,User Task,Анна_8,2025-10-11 03:22:15,2025-10-11 03:46:15,24,,
684a9ad0-5a0b-4675-90e4-8fd9721f5675,VAC-1120,CAND-10120,ИНТЕРВЬЮЕРЫ,Провести финальное интервью,User Task,Сергей_6,2025-10-11 03:46:15,2025-10-11 05:34:15,108,passed,
684a9ad0-5a0b-4675-90e4-8fd9721f5675,VAC-1120,CAND-10120,HR (ОФФЕР),Согласовать условия,User Task,Ольга_1,2025-10-11 05:34:15,2025-10-11 07:04:15,90,,
684a9ad0-5a0b-4675-90e4-8fd9721f5675,VAC-1120,CAND-10120,HR (ОФФЕР),Сгенерировать оффер,Service Task,Ольга_7,2025-10-11 07:04:15,2025-10-11 07:12:15,8,,
684a9ad0-5a0b-4675-90e4-8fd9721f5675,VAC-1120,CAND-10120,HR (ОФФЕР),Отправить оффер,Send Task,Наталья_9,2025-10-11 07:12:15,2025-10-11 07:22:15,10,sent,
684a9ad0-5a0b-4675-90e4-8fd9721f5675,VAC-1120,CAND-10120,SECURITY,Background Check,Call Activity,Служба_БД_9,2025-10-11 07:22:15,2025-10-13 19:46:15,3624,report_ready,
684a9ad0-5a0b-4675-90e4-8fd9721f5675,VAC-1120,CAND-10120,IT,Выдача оборудования,Task,IT_Specialist_6,2025-10-13 19:46:15,2025-10-13 22:09:15,143,,
684a9ad0-5a0b-4675-90e4-8fd9721f5675,VAC-1120,CAND-10120,IT,Создать доступы,Task,IT_Specialist_4,2025-10-13 22:09:15,2025-10-13 23:25:15,76,,
684a9ad0-5a0b-4675-90e4-8fd9721f5675,VAC-1120,CAND-10120,IT,Вводное обучение,Service Task,Ольга_9,2025-10-13 23:25:15,2025-10-14 06:17:15,412,,
684a9ad0-5a0b-4675-90e4-8fd9721f5675,VAC-1120,CAND-10120,HR,Назначить ментора,Task,Марина_8,2025-10-14 06:17:15,2025-10-14 07:36:15,79,,
684a9ad0-5a0b-4675-90e4-8fd9721f5675,VAC-1120,CAND-10120,HR,Уведомить всех,Message,system,2025-10-14 07:36:15,2025-10-14 07:41:15,5,notified,
684a9ad0-5a0b-4675-90e4-8fd9721f5675,VAC-1120,CAND-10120,HR,Обновить HCM,Service Task,Марина_6,2025-10-14 07:41:15,2025-10-14 08:01:15,20,,
684a9ad0-5a0b-4675-90e4-8fd9721f5675,VAC-1120,CAND-10120,HR,Payroll,Service Task,Марина_8,2025-10-14 08:01:15,2025-10-14 08:21:15,20,,
684a9ad0-5a0b-4675-90e4-8fd9721f5675,VAC-1120,CAND-10120,HR,Закрыть вакансию,Service Task,Наталья_2,2025-10-14 08:21:15,2025-10-14 08:26:15,5,,
69195cd7-3410-47b2-8afd-790dec216c94,VAC-1072,CAND-10072,РУКОВОДИТЕЛЬ,Создать заявку,User Task,Иванов_5,2025-09-06 20:49:15,2025-09-06 21:14:15,25,,
69195cd7-3410-47b2-8afd-790dec216c94,VAC-1072,CAND-10072,HR,Зарегистрировать в HCM,Service Task,Марина_3,2025-09-06 21:14:15,2025-09-06 21:51:15,37,,
69195cd7-3410-47b2-8afd-790dec216c94,VAC-1072,CAND-10072,РЕКРУТЕР,Разместить вакансию,Task,Алексей_9,2025-09-06 21:51:15,2025-09-06 23:10:15,79,,
69195cd7-3410-47b2-8afd-790dec216c94,VAC-1072,CAND-10072,РЕКРУТЕР,Собирать резюме,Task,Дмитрий_9,2025-09-06 23:10:15,2025-09-09 03:20:15,3130,,
69195cd7-3410-47b2-8afd-790dec216c94,VAC-1072,CAND-10072,РЕКРУТЕР,Скрининг,Task,Алексей_5,2025-09-09 03:20:15,2025-09-09 03:42:15,22,passed,
69195cd7-3410-47b2-8afd-790dec216c94,VAC-1072,CAND-10072,HR,Назначить интервью с HR,User Task,Ольга_2,2025-09-09 03:42:15,2025-09-09 03:58:15,16,,
69195cd7-3410-47b2-8afd-790dec216c94,VAC-1072,CAND-10072,HR,Провести интервью с HR,User Task,Наталья_9,2025-09-09 03:58:15,2025-09-09 05:30:15,92,rejected,завышенные ожидания
6bc03b79-f52a-4b62-b7d2-2cfebd0de2ea,VAC-1174,CAND-10174,РУКОВОДИТЕЛЬ,Создать заявку,User Task,Иванов_1,2025-08-29 22:41:15,2025-08-29 22:53:15,12,,
6bc03b79-f52a-4b62-b7d2-2cfebd0de2ea,VAC-1174,CAND-10174,HR,Зарегистрировать в HCM,Service Task,Марина_5,2025-08-29 22:53:15,2025-08-29 23:24:15,31,,
6bc03b79-f52a-4b62-b7d2-2cfebd0de2ea,VAC-1174,CAND-10174,РЕКРУТЕР,Разместить вакансию,Task,Алексей_1,2025-08-29 23:24:15,2025-08-30 00:26:15,62,,
6bc03b79-f52a-4b62-b7d2-2cfebd0de2ea,VAC-1174,CAND-10174,РЕКРУТЕР,Собирать резюме,Task,Дмитрий_3,2025-08-30 00:26:15,2025-08-31 07:52:15,1886,,
6bc03b79-f52a-4b62-b7d2-2cfebd0de2ea,VAC-1174,CAND-10174,РЕКРУТЕР,Скрининг,Task,Екатерина_9,2025-08-31 07:52:15,2025-08-31 08:11:15,19,passed,
6bc03b79-f52a-4b62-b7d2-2cfebd0de2ea,VAC-1174,CAND-10174,HR,Назначить интервью с HR,User Task,Ольга_6,2025-08-31 08:11:15,2025-08-31 08:26:15,15,,
6bc03b79-f52a-4b62-b7d2-2cfebd0de2ea,VAC-1174,CAND-10174,HR,Провести интервью с HR,User Task,Ольга_6,2025-08-31 08:26:15,2025-08-31 09:22:15,56,rejected,несоответствие культуре
6c08bbd8-ebfb-41fb-88a1-87db6c7b4ffe,VAC-1138,CAND-10138,РУКОВОДИТЕЛЬ,Создать заявку,User Task,Сидоров_2,2025-09-05 22:40:15,2025-09-05 23:19:15,39,,
6c08bbd8-ebfb-41fb-88a1-87db6c7b4ffe,VAC-1138,CAND-10138,HR,Зарегистрировать в HCM,Service Task,Ольга_7,2025-09-05 23:19:15,2025-09-05 23:36:15,17,,
6c08bbd8-ebfb-41fb-88a1-87db6c7b4ffe,VAC-1138,CAND-10138,РЕКРУТЕР,Разместить вакансию,Task,Алексей_1,2025-09-05 23:36:15,2025-09-06 00:12:15,36,,
6c08bbd8-ebfb-41fb-88a1-87db6c7b4ffe,VAC-1138,CAND-10138,РЕКРУТЕР,Собирать резюме,Task,Екатерина_9,2025-09-06 00:12:15,2025-09-07 14:00:15,2268,,
6c08bbd8-ebfb-41fb-88a1-87db6c7b4ffe,VAC-1138,CAND-10138,РЕКРУТЕР,Скрининг,Task,Алексей_2,2025-09-07 14:00:15,2025-09-07 14:36:15,36,passed,
6c08bbd8-ebfb-41fb-88a1-87db6c7b4ffe,VAC-1138,CAND-10138,HR,Назначить интервью с HR,User Task,Ольга_1,2025-09-07 14:36:15,2025-09-07 14:51:15,15,,
6c08bbd8-ebfb-41fb-88a1-87db6c7b4ffe,VAC-1138,CAND-10138,HR,Провести интервью с HR,User Task,Марина_2,2025-09-07 14:51:15,2025-09-07 16:44:15,113,rejected,недостаточная мотивация
6c35986d-be87-4d7f-960b-00ae178af8b4,VAC-1193,CAND-10193,РУКОВОДИТЕЛЬ,Создать заявку,User Task,Сидоров_3,2025-09-25 21:21:15,2025-09-25 21:46:15,25,,
6c35986d-be87-4d7f-960b-00ae178af8b4,VAC-1193,CAND-10193,HR,Зарегистрировать в HCM,Service Task,Наталья_1,2025-09-25 21:46:15,2025-09-25 21:56:15,10,,
6c35986d-be87-4d7f-960b-00ae178af8b4,VAC-1193,CAND-10193,РЕКРУТЕР,Разместить вакансию,Task,Алексей_8,2025-09-25 21:56:15,2025-09-25 22:55:15,59,,
6c35986d-be87-4d7f-960b-00ae178af8b4,VAC-1193,CAND-10193,РЕКРУТЕР,Собирать резюме,Task,Алексей_2,2025-09-25 22:55:15,2025-09-28 16:38:15,3943,,
6c35986d-be87-4d7f-960b-00ae178af8b4,VAC-1193,CAND-10193,РЕКРУТЕР,Скрининг,Task,Алексей_8,2025-09-28 16:38:15,2025-09-28 16:51:15,13,rejected,не прошёл тест
6d43924d-adbd-43ad-ad06-3db2477d37e7,VAC-1129,CAND-10129,РУКОВОДИТЕЛЬ,Создать заявку,User Task,Иванов_1,2025-10-17 14:06:15,2025-10-17 14:59:15,53,,
6d43924d-adbd-43ad-ad06-3db2477d37e7,VAC-1129,CAND-10129,HR,Зарегистрировать в HCM,Service Task,Марина_6,2025-10-17 14:59:15,2025-10-17 15:23:15,24,,
6d43924d-adbd-43ad-ad06-3db2477d37e7,VAC-1129,CAND-10129,РЕКРУТЕР,Разместить вакансию,Task,Алексей_2,2025-10-17 15:23:15,2025-10-17 15:47:15,24,,
6d43924d-adbd-43ad-ad06-3db2477d37e7,VAC-1129,CAND-10129,РЕКРУТЕР,Собирать резюме,Task,Алексей_5,2025-10-17 15:47:15,2025-10-18 19:29:15,1662,,
6d43924d-adbd-43ad-ad06-3db2477d37e7,VAC-1129,CAND-10129,РЕКРУТЕР,Скрининг,Task,Алексей_5,2025-10-18 19:29:15,2025-10-18 19:57:15,28,passed,
6d43924d-adbd-43ad-ad06-3db2477d37e7,VAC-1129,CAND-10129,HR,Назначить интервью с HR,User Task,Ольга_8,2025-10-18 19:57:15,2025-10-18 20:20:15,23,,
6d43924d-adbd-43ad-ad06-3db2477d37e7,VAC-1129,CAND-10129,HR,Провести интервью с HR,User Task,Ольга_1,2025-10-18 20:20:15,2025-10-18 22:00:15,100,passed,
6d43924d-adbd-43ad-ad06-3db2477d37e7,VAC-1129,CAND-10129,ИНТЕРВЬЮЕРЫ,Назначить техническое интервью,User Task,Анна_2,2025-10-18 22:00:15,2025-10-18 22:22:15,22,,
6d43924d-adbd-43ad-ad06-3db2477d37e7,VAC-1129,CAND-10129,ИНТЕРВЬЮЕРЫ,Провести техническое интервью,User Task,Анна_1,2025-10-18 22:22:15,2025-10-18 23:15:15,53,passed,
6d43924d-adbd-43ad-ad06-3db2477d37e7,VAC-1129,CAND-10129,ИНТЕРВЬЮЕРЫ,Назначить финальное интервью,User Task,Андрей_6,2025-10-18 23:15:15,2025-10-18 23:47:15,32,,
6d43924d-adbd-43ad-ad06-3db2477d37e7,VAC-1129,CAND-10129,ИНТЕРВЬЮЕРЫ,Провести финальное интервью,User Task,Сергей_5,2025-10-18 23:47:15,2025-10-19 00:45:15,58,rejected,несоответствие ценностям
72283f66-c08f-4bf1-b96d-8331ef00e28e,VAC-1112,CAND-10112,РУКОВОДИТЕЛЬ,Создать заявку,User Task,Иванов_6,2025-08-26 23:05:15,2025-08-26 23:30:15,25,,
72283f66-c08f-4bf1-b96d-8331ef00e28e,VAC-1112,CAND-10112,HR,Зарегистрировать в HCM,Service Task,Наталья_2,2025-08-26 23:30:15,2025-08-26 23:49:15,19,,
72283f66-c08f-4bf1-b96d-8331ef00e28e,VAC-1112,CAND-10112,РЕКРУТЕР,Разместить вакансию,Task,Екатерина_5,2025-08-26 23:49:15,2025-08-27 00:58:15,69,,
72283f66-c08f-4bf1-b96d-8331ef00e28e,VAC-1112,CAND-10112,РЕКРУТЕР,Собирать резюме,Task,Алексей_1,2025-08-27 00:58:15,2025-08-28 12:22:15,2124,,
72283f66-c08f-4bf1-b96d-8331ef00e28e,VAC-1112,CAND-10112,РЕКРУТЕР,Скрининг,Task,Дмитрий_9,2025-08-28 12:22:15,2025-08-28 12:41:15,19,passed,
72283f66-c08f-4bf1-b96d-8331ef00e28e,VAC-1112,CAND-10112,HR,Назначить интервью с HR,User Task,Марина_6,2025-08-28 12:41:15,2025-08-28 13:10:15,29,,
72283f66-c08f-4bf1-b96d-8331ef00e28e,VAC-1112,CAND-10112,HR,Провести интервью с HR,User Task,Ольга_8,2025-08-28 13:10:15,2025-08-28 14:12:15,62,passed,
72283f66-c08f-4bf1-b96d-8331ef00e28e,VAC-1112,CAND-10112,ИНТЕРВЬЮЕРЫ,Назначить техническое интервью,User Task,Андрей_3,2025-08-28 14:12:15,2025-08-28 14:33:15,21,,
72283f66-c08f-4bf1-b96d-8331ef00e28e,VAC-1112,CAND-10112,ИНТЕРВЬЮЕРЫ,Провести техническое интервью,User Task,Андрей_4,2025-08-28 14:33:15,2025-08-28 16:09:15,96,rejected,недостаточно технических навыков
72364d9f-b149-47af-a88c-37ca8d366744,VAC-1044,CAND-10044,РУКОВОДИТЕЛЬ,Создать заявку,User Task,Петров_9,2025-09-13 23:02:15,2025-09-13 23:49:15,47,,
72364d9f-b149-47af-a88c-37ca8d366744,VAC-1044,CAND-10044,HR,Зарегистрировать в HCM,Service Task,Ольга_1,2025-09-13 23:49:15,2025-09-14 00:20:15,31,,
72364d9f-b149-47af-a88c-37ca8d366744,VAC-1044,CAND-10044,РЕКРУТЕР,Разместить вакансию,Task,Дмитрий_1,2025-09-14 00:20:15,2025-09-14 01:08:15,48,,
72364d9f-b149-47af-a88c-37ca8d366744,VAC-1044,CAND-10044,РЕКРУТЕР,Собирать резюме,Task,Алексей_5,2025-09-14 01:08:15,2025-09-15 01:39:15,1471,,
72364d9f-b149-47af-a88c-37ca8d366744,VAC-1044,CAND-10044,РЕКРУТЕР,Скрининг,Task,Алексей_5,2025-09-15 01:39:15,2025-09-15 02:13:15,34,rejected,некорректное резюме
730c8fe5-06ca-48c4-a432-44db1074ca96,VAC-1022,CAND-10022,РУКОВОДИТЕЛЬ,Создать заявку,User Task,Иванов_2,2025-09-24 16:38:15,2025-09-24 17:04:15,26,,
730c8fe5-06ca-48c4-a432-44db1074ca96,VAC-1022,CAND-10022,HR,Зарегистрировать в HCM,Service Task,Наталья_6,2025-09-24 17:04:15,2025-09-24 17:37:15,33,,
730c8fe5-06ca-48c4-a432-44db1074ca96,VAC-1022,CAND-10022,РЕКРУТЕР,Разместить вакансию,Task,Екатерина_9,2025-09-24 17:37:15,2025-09-24 18:12:15,35,,
730c8fe5-06ca-48c4-a432-44db1074ca96,VAC-1022,CAND-10022,РЕКРУТЕР,Собирать резюме,Task,Алексей_4,2025-09-24 18:12:15,2025-09-27 17:18:15,4266,,
730c8fe5-06ca-48c4-a432-44db1074ca96,VAC-1022,CAND-10022,РЕКРУТЕР,Скрининг,Task,Дмитрий_9,2025-09-27 17:18:15,2025-09-27 17:43:15,25,passed,
730c8fe5-06ca-48c4-a432-44db1074ca96,VAC-1022,CAND-10022,HR,Назначить интервью с HR,User Task,Ольга_2,2025-09-27 17:43:15,2025-09-27 18:12:15,29,,
730c8fe5-06ca-48c4-a432-44db1074ca96,VAC-1022,CAND-10022,HR,Провести интервью с HR,User Task,Наталья_6,2025-09-27 18:12:15,2025-09-27 19:34:15,82,rejected,недостаточная мотивация
75e19f1f-8ec1-41ae-ac68-0d9c3524c726,VAC-1088,CAND-10088,РУКОВОДИТЕЛЬ,Создать заявку,User Task,Петров_5,2025-10-17 15:50:15,2025-10-17 16:17:15,27,,
75e19f1f-8ec1-41ae-ac68-0d9c3524c726,VAC-1088,CAND-10088,HR,Зарегистрировать в HCM,Service Task,Марина_3,2025-10-17 16:17:15,2025-10-17 16:37:15,20,,
75e19f1f-8ec1-41ae-ac68-0d9c3524c726,VAC-1088,CAND-10088,РЕКРУТЕР,Разместить вакансию,Task,Дмитрий_6,2025-10-17 16:37:15,2025-10-17 18:09:15,92,,
75e19f1f-8ec1-41ae-ac68-0d9c3524c726,VAC-1088,CAND-10088,РЕКРУТЕР,Собирать резюме,Task,Алексей_1,2025-10-17 18:09:15,2025-10-20 16:44:15,4235,,
75e19f1f-8ec1-41ae-ac68-0d9c3524c726,VAC-1088,CAND-10088,РЕКРУТЕР,Скрининг,Task,Дмитрий_1,2025-10-20 16:44:15,2025-10-20 17:19:15,35,passed,
75e19f1f-8ec1-41ae-ac68-0d9c3524c726,VAC-1088,CAND-10088,HR,Назначить интервью с HR,User Task,Наталья_8,2025-10-20 17:19:15,2025-10-20 17:32:15,13,,
75e19f1f-8ec1-41ae-ac68-0d9c3524c726,VAC-1088,CAND-10088,HR,Провести интервью с HR,User Task,Наталья_3,2025-10-20 17:32:15,2025-10-20 19:11:15,99,passed,
75e19f1f-8ec1-41ae-ac68-0d9c3524c726,VAC-1088,CAND-10088,ИНТЕРВЬЮЕРЫ,Назначить техническое интервью,User Task,Анна_5,2025-10-20 19:11:15,2025-10-20 19:49:15,38,,
75e19f1f-8ec1-41ae-ac68-0d9c3524c726,VAC-1088,CAND-10088,ИНТЕРВЬЮЕРЫ,Провести техническое интервью,User Task,Андрей_6,2025-10-20 19:49:15,2025-10-20 21:09:15,80,passed,
75e19f1f-8ec1-41ae-ac68-0d9c3524c726,VAC-1088,CAND-10088,ИНТЕРВЬЮЕРЫ,Назначить финальное интервью,User Task,Андрей_6,2025-10-20 21:09:15,2025-10-20 21:27:15,18,,
75e19f1f-8ec1-41ae-ac68-0d9c3524c726,VAC-1088,CAND-10088,ИНТЕРВЬЮЕРЫ,Провести финальное интервью,User Task,Андрей_7,2025-10-20 21:27:15,2025-10-20 22:33:15,66,passed,
75e19f1f-8ec1-41ae-ac68-0d9c3524c726,VAC-1088,CAND-10088,HR (ОФФЕР),Согласовать условия,User Task,Ольга_4,2025-10-20 22:33:15,2025-10-21 02:13:15,220,,
75e19f1f-8ec1-41ae-ac68-0d9c3524c726,VAC-1088,CAND-10088,HR (ОФФЕР),Сгенерировать оффер,Service Task,Марина_2,2025-10-21 02:13:15,2025-10-21 02:31:15,18,,
75e19f1f-8ec1-41ae-ac68-0d9c3524c726,VAC-1088,CAND-10088,HR (ОФФЕР),Отправить оффер,Send Task,Марина_2,2025-10-21 02:31:15,2025-10-21 02:41:15,10,sent,
75e19f1f-8ec1-41ae-ac68-0d9c3524c726,VAC-1088,CAND-10088,SECURITY,Background Check,Call Activity,Служба_БД_3,2025-10-21 02:41:15,2025-10-25 19:47:15,6786,report_ready,
75e19f1f-8ec1-41ae-ac68-0d9c3524c726,VAC-1088,CAND-10088,IT,Выдача оборудования,Task,IT_Specialist_1,2025-10-25 19:47:15,2025-10-25 21:53:15,126,,
75e19f1f-8ec1-41ae-ac68-0d9c3524c726,VAC-1088,CAND-10088,IT,Создать доступы,Task,IT_Specialist_2,2025-10-25 21:53:15,2025-10-25 22:24:15,31,,
75e19f1f-8ec1-41ae-ac68-0d9c3524c726,VAC-1088,CAND-10088,IT,Вводное обучение,Service Task,Марина_3,2025-10-25 22:24:15,2025-10-26 05:00:15,396,,
75e19f1f-8ec1-41ae-ac68-0d9c3524c726,VAC-1088,CAND-10088,HR,Назначить ментора,Task,Наталья_4,2025-10-26 05:00:15,2025-10-26 06:00:15,60,,
75e19f1f-8ec1-41ae-ac68-0d9c3524c726,VAC-1088,CAND-10088,HR,Уведомить всех,Message,system,2025-10-26 06:00:15,2025-10-26 06:05:15,5,notified,
75e19f1f-8ec1-41ae-ac68-0d9c3524c726,VAC-1088,CAND-10088,HR,Обновить HCM,Service Task,Ольга_2,2025-10-26 06:05:15,2025-10-26 06:25:15,20,,
75e19f1f-8ec1-41ae-ac68-0d9c3524c726,VAC-1088,CAND-10088,HR,Payroll,Service Task,Марина_2,2025-10-26 06:25:15,2025-10-26 06:45:15,20,,
75e19f1f-8ec1-41ae-ac68-0d9c3524c726,VAC-1088,CAND-10088,HR,Закрыть вакансию,Service Task,Наталья_6,2025-10-26 06:45:15,2025-10-26 06:50:15,5,,
768a0b44-11a7-455d-bf79-b8695f02d1c7,VAC-1055,CAND-10055,РУКОВОДИТЕЛЬ,Создать заявку,User Task,Иванов_2,2025-10-04 18:36:15,2025-10-04 19:26:15,50,,
768a0b44-11a7-455d-bf79-b8695f02d1c7,VAC-1055,CAND-10055,HR,Зарегистрировать в HCM,Service Task,Марина_7,2025-10-04 19:26:15,2025-10-04 19:57:15,31,,
768a0b44-11a7-455d-bf79-b8695f02d1c7,VAC-1055,CAND-10055,РЕКРУТЕР,Разместить вакансию,Task,Екатерина_3,2025-10-04 19:57:15,2025-10-04 21:03:15,66,,
768a0b44-11a7-455d-bf79-b8695f02d1c7,VAC-1055,CAND-10055,РЕКРУТЕР,Собирать резюме,Task,Алексей_8,2025-10-04 21:03:15,2025-10-05 23:10:15,1567,,
768a0b44-11a7-455d-bf79-b8695f02d1c7,VAC-1055,CAND-10055,РЕКРУТЕР,Скрининг,Task,Алексей_6,2025-10-05 23:10:15,2025-10-05 23:22:15,12,passed,
768a0b44-11a7-455d-bf79-b8695f02d1c7,VAC-1055,CAND-10055,HR,Назначить интервью с HR,User Task,Ольга_1,2025-10-05 23:22:15,2025-10-05 23:43:15,21,,
768a0b44-11a7-455d-bf79-b8695f02d1c7,VAC-1055,CAND-10055,HR,Провести интервью с HR,User Task,Ольга_6,2025-10-05 23:43:15,2025-10-06 01:25:15,102,passed,
768a0b44-11a7-455d-bf79-b8695f02d1c7,VAC-1055,CAND-10055,ИНТЕРВЬЮЕРЫ,Назначить техническое интервью,User Task,Андрей_3,2025-10-06 01:25:15,2025-10-06 01:49:15,24,,
768a0b44-11a7-455d-bf79-b8695f02d1c7,VAC-1055,CAND-10055,ИНТЕРВЬЮЕРЫ,Провести техническое интервью,User Task,Сергей_5,2025-10-06 01:49:15,2025-10-06 03:24:15,95,passed,
768a0b44-11a7-455d-bf79-b8695f02d1c7,VAC-1055,CAND-10055,ИНТЕРВЬЮЕРЫ,Назначить финальное интервью,User Task,Андрей_1,2025-10-06 03:24:15,2025-10-06 03:41:15,17,,
768a0b44-11a7-455d-bf79-b8695f02d1c7,VAC-1055,CAND-10055,ИНТЕРВЬЮЕРЫ,Провести финальное интервью,User Task,Анна_7,2025-10-06 03:41:15,2025-10-06 05:29:15,108,passed,
768a0b44-11a7-455d-bf79-b8695f02d1c7,VAC-1055,CAND-10055,HR (ОФФЕР),Согласовать условия,User Task,Наталья_5,2025-10-06 05:29:15,2025-10-06 08:52:15,203,,
768a0b44-11a7-455d-bf79-b8695f02d1c7,VAC-1055,CAND-10055,HR (ОФФЕР),Сгенерировать оффер,Service Task,Ольга_8,2025-10-06 08:52:15,2025-10-06 09:21:15,29,,
768a0b44-11a7-455d-bf79-b8695f02d1c7,VAC-1055,CAND-10055,HR (ОФФЕР),Отправить оффер,Send Task,Наталья_5,2025-10-06 09:21:15,2025-10-06 09:31:15,10,sent,
768a0b44-11a7-455d-bf79-b8695f02d1c7,VAC-1055,CAND-10055,SECURITY,Background Check,Call Activity,Служба_БД_2,2025-10-06 09:31:15,2025-10-11 04:34:15,6903,report_ready,
768a0b44-11a7-455d-bf79-b8695f02d1c7,VAC-1055,CAND-10055,IT,Выдача оборудования,Task,IT_Specialist_3,2025-10-11 04:34:15,2025-10-11 05:43:15,69,,
768a0b44-11a7-455d-bf79-b8695f02d1c7,VAC-1055,CAND-10055,IT,Создать доступы,Task,IT_Specialist_6,2025-10-11 05:43:15,2025-10-11 07:09:15,86,,
768a0b44-11a7-455d-bf79-b8695f02d1c7,VAC-1055,CAND-10055,IT,Вводное обучение,Service Task,Марина_2,2025-10-11 07:09:15,2025-10-11 13:06:15,357,,
768a0b44-11a7-455d-bf79-b8695f02d1c7,VAC-1055,CAND-10055,HR,Назначить ментора,Task,Марина_5,2025-10-11 13:06:15,2025-10-11 14:11:15,65,,
768a0b44-11a7-455d-bf79-b8695f02d1c7,VAC-1055,CAND-10055,HR,Уведомить всех,Message,system,2025-10-11 14:11:15,2025-10-11 14:16:15,5,notified,
768a0b44-11a7-455d-bf79-b8695f02d1c7,VAC-1055,CAND-10055,HR,Обновить HCM,Service Task,Ольга_3,2025-10-11 14:16:15,2025-10-11 14:36:15,20,,
768a0b44-11a7-455d-bf79-b8695f02d1c7,VAC-1055,CAND-10055,HR,Payroll,Service Task,Марина_3,2025-10-11 14:36:15,2025-10-11 14:56:15,20,,
768a0b44-11a7-455d-bf79-b8695f02d1c7,VAC-1055,CAND-10055,HR,Закрыть вакансию,Service Task,Ольга_9,2025-10-11 14:56:15,2025-10-11 15:01:15,5,,
77e5c8e8-055a-4537-80d6-c53bae811102,VAC-1127,CAND-10127,РУКОВОДИТЕЛЬ,Создать заявку,User Task,Иванов_9,2025-09-06 22:23:15,2025-09-06 22:44:15,21,,
77e5c8e8-055a-4537-80d6-c53bae811102,VAC-1127,CAND-10127,HR,Зарегистрировать в HCM,Service Task,Ольга_1,2025-09-06 22:44:15,2025-09-06 22:57:15,13,,
77e5c8e8-055a-4537-80d6-c53bae811102,VAC-1127,CAND-10127,РЕКРУТЕР,Разместить вакансию,Task,Дмитрий_9,2025-09-06 22:57:15,2025-09-07 00:11:15,74,,
77e5c8e8-055a-4537-80d6-c53bae811102,VAC-1127,CAND-10127,РЕКРУТЕР,Собирать резюме,Task,Алексей_3,2025-09-07 00:11:15,2025-09-08 18:13:15,2522,,
77e5c8e8-055a-4537-80d6-c53bae811102,VAC-1127,CAND-10127,РЕКРУТЕР,Скрининг,Task,Алексей_6,2025-09-08 18:13:15,2025-09-08 18:31:15,18,passed,
77e5c8e8-055a-4537-80d6-c53bae811102,VAC-1127,CAND-10127,HR,Назначить интервью с HR,User Task,Марина_3,2025-09-08 18:31:15,2025-09-08 18:55:15,24,,
77e5c8e8-055a-4537-80d6-c53bae811102,VAC-1127,CAND-10127,HR,Провести интервью с HR,User Task,Марина_1,2025-09-08 18:55:15,2025-09-08 20:21:15,86,passed,
77e5c8e8-055a-4537-80d6-c53bae811102,VAC-1127,CAND-10127,ИНТЕРВЬЮЕРЫ,Назначить техническое интервью,User Task,Анна_5,2025-09-08 20:21:15,2025-09-08 20:55:15,34,,
77e5c8e8-055a-4537-80d6-c53bae811102,VAC-1127,CAND-10127,ИНТЕРВЬЮЕРЫ,Провести техническое интервью,User Task,Анна_6,2025-09-08 20:55:15,2025-09-08 22:53:15,118,passed,
77e5c8e8-055a-4537-80d6-c53bae811102,VAC-1127,CAND-10127,ИНТЕРВЬЮЕРЫ,Назначить финальное интервью,User Task,Анна_6,2025-09-08 22:53:15,2025-09-08 23:05:15,12,,
77e5c8e8-055a-4537-80d6-c53bae811102,VAC-1127,CAND-10127,ИНТЕРВЬЮЕРЫ,Провести финальное интервью,User Task,Анна_2,2025-09-08 23:05:15,2025-09-09 00:13:15,68,passed,
77e5c8e8-055a-4537-80d6-c53bae811102,VAC-1127,CAND-10127,HR (ОФФЕР),Согласовать условия,User Task,Наталья_7,2025-09-09 00:13:15,2025-09-09 03:22:15,189,,
77e5c8e8-055a-4537-80d6-c53bae811102,VAC-1127,CAND-10127,HR (ОФФЕР),Сгенерировать оффер,Service Task,Марина_7,2025-09-09 03:22:15,2025-09-09 03:44:15,22,,
77e5c8e8-055a-4537-80d6-c53bae811102,VAC-1127,CAND-10127,HR (ОФФЕР),Отправить оффер,Send Task,Наталья_6,2025-09-09 03:44:15,2025-09-09 03:54:15,10,sent,
77e5c8e8-055a-4537-80d6-c53bae811102,VAC-1127,CAND-10127,SECURITY,Background Check,Call Activity,Служба_БД_6,2025-09-09 03:54:15,2025-09-12 09:01:15,4627,report_ready,
77e5c8e8-055a-4537-80d6-c53bae811102,VAC-1127,CAND-10127,IT,Выдача оборудования,Task,IT_Specialist_9,2025-09-12 09:01:15,2025-09-12 10:28:15,87,,
77e5c8e8-055a-4537-80d6-c53bae811102,VAC-1127,CAND-10127,IT,Создать доступы,Task,IT_Specialist_2,2025-09-12 10:28:15,2025-09-12 12:21:15,113,,
77e5c8e8-055a-4537-80d6-c53bae811102,VAC-1127,CAND-10127,IT,Вводное обучение,Service Task,Ольга_4,2025-09-12 12:21:15,2025-09-12 18:18:15,357,,
77e5c8e8-055a-4537-80d6-c53bae811102,VAC-1127,CAND-10127,HR,Назначить ментора,Task,Марина_4,2025-09-12 18:18:15,2025-09-12 19:45:15,87,,
77e5c8e8-055a-4537-80d6-c53bae811102,VAC-1127,CAND-10127,HR,Уведомить всех,Message,system,2025-09-12 19:45:15,2025-09-12 19:50:15,5,notified,
77e5c8e8-055a-4537-80d6-c53bae811102,VAC-1127,CAND-10127,HR,Обновить HCM,Service Task,Наталья_6,2025-09-12 19:50:15,2025-09-12 20:10:15,20,,
77e5c8e8-055a-4537-80d6-c53bae811102,VAC-1127,CAND-10127,HR,Payroll,Service Task,Ольга_2,2025-09-12 20:10:15,2025-09-12 20:30:15,20,,
77e5c8e8-055a-4537-80d6-c53bae811102,VAC-1127,CAND-10127,HR,Закрыть вакансию,Service Task,Ольга_5,2025-09-12 20:30:15,2025-09-12 20:35:15,5,,
7a10aa75-5a46-46ce-ae60-51a4c0113a13,VAC-1057,CAND-10057,РУКОВОДИТЕЛЬ,Создать заявку,User Task,Петров_4,2025-10-22 17:13:15,2025-10-22 17:28:15,15,,
7a10aa75-5a46-46ce-ae60-51a4c0113a13,VAC-1057,CAND-10057,HR,Зарегистрировать в HCM,Service Task,Марина_5,2025-10-22 17:28:15,2025-10-22 17:58:15,30,,
7a10aa75-5a46-46ce-ae60-51a4c0113a13,VAC-1057,CAND-10057,РЕКРУТЕР,Разместить вакансию,Task,Екатерина_5,2025-10-22 17:58:15,2025-10-22 18:34:15,36,,
7a10aa75-5a46-46ce-ae60-51a4c0113a13,VAC-1057,CAND-10057,РЕКРУТЕР,Собирать резюме,Task,Екатерина_2,2025-10-22 18:34:15,2025-10-25 12:30:15,3956,,
7a10aa75-5a46-46ce-ae60-51a4c0113a13,VAC-1057,CAND-10057,РЕКРУТЕР,Скрининг,Task,Екатерина_3,2025-10-25 12:30:15,2025-10-25 12:45:15,15,passed,
7a10aa75-5a46-46ce-ae60-51a4c0113a13,VAC-1057,CAND-10057,HR,Назначить интервью с HR,User Task,Марина_6,2025-10-25 12:45:15,2025-10-25 13:00:15,15,,
7a10aa75-5a46-46ce-ae60-51a4c0113a13,VAC-1057,CAND-10057,HR,Провести интервью с HR,User Task,Наталья_1,2025-10-25 13:00:15,2025-10-25 14:57:15,117,rejected,недостаточная мотивация
7a464e0d-23fe-4c0c-80cd-7ff15d0c37b7,VAC-1026,CAND-10026,РУКОВОДИТЕЛЬ,Создать заявку,User Task,Иванов_7,2025-10-15 22:56:15,2025-10-15 23:48:15,52,,
7a464e0d-23fe-4c0c-80cd-7ff15d0c37b7,VAC-1026,CAND-10026,HR,Зарегистрировать в HCM,Service Task,Марина_4,2025-10-15 23:48:15,2025-10-16 00:01:15,13,,
7a464e0d-23fe-4c0c-80cd-7ff15d0c37b7,VAC-1026,CAND-10026,РЕКРУТЕР,Разместить вакансию,Task,Алексей_5,2025-10-16 00:01:15,2025-10-16 01:43:15,102,,
7a464e0d-23fe-4c0c-80cd-7ff15d0c37b7,VAC-1026,CAND-10026,РЕКРУТЕР,Собирать резюме,Task,Алексей_1,2025-10-16 01:43:15,2025-10-17 11:25:15,2022,,
7a464e0d-23fe-4c0c-80cd-7ff15d0c37b7,VAC-1026,CAND-10026,РЕКРУТЕР,Скрининг,Task,Екатерина_5,2025-10-17 11:25:15,2025-10-17 11:44:15,19,passed,
7a464e0d-23fe-4c0c-80cd-7ff15d0c37b7,VAC-1026,CAND-10026,HR,Назначить интервью с HR,User Task,Наталья_8,2025-10-17 11:44:15,2025-10-17 12:08:15,24,,
7a464e0d-23fe-4c0c-80cd-7ff15d0c37b7,VAC-1026,CAND-10026,HR,Провести интервью с HR,User Task,Ольга_9,2025-10-17 12:08:15,2025-10-17 13:44:15,96,passed,
7a464e0d-23fe-4c0c-80cd-7ff15d0c37b7,VAC-1026,CAND-10026,ИНТЕРВЬЮЕРЫ,Назначить техническое интервью,User Task,Сергей_8,2025-10-17 13:44:15,2025-10-17 14:11:15,27,,
7a464e0d-23fe-4c0c-80cd-7ff15d0c37b7,VAC-1026,CAND-10026,ИНТЕРВЬЮЕРЫ,Провести техническое интервью,User Task,Сергей_6,2025-10-17 14:11:15,2025-10-17 15:01:15,50,passed,
7a464e0d-23fe-4c0c-80cd-7ff15d0c37b7,VAC-1026,CAND-10026,ИНТЕРВЬЮЕРЫ,Назначить финальное интервью,User Task,Сергей_1,2025-10-17 15:01:15,2025-10-17 15:30:15,29,,
7a464e0d-23fe-4c0c-80cd-7ff15d0c37b7,VAC-1026,CAND-10026,ИНТЕРВЬЮЕРЫ,Провести финальное интервью,User Task,Анна_1,2025-10-17 15:30:15,2025-10-17 17:28:15,118,passed,
7a464e0d-23fe-4c0c-80cd-7ff15d0c37b7,VAC-1026,CAND-10026,HR (ОФФЕР),Согласовать условия,User Task,Ольга_1,2025-10-17 17:28:15,2025-10-17 21:20:15,232,,
7a464e0d-23fe-4c0c-80cd-7ff15d0c37b7,VAC-1026,CAND-10026,HR (ОФФЕР),Сгенерировать оффер,Service Task,Наталья_8,2025-10-17 21:20:15,2025-10-17 21:49:15,29,,
7a464e0d-23fe-4c0c-80cd-7ff15d0c37b7,VAC-1026,CAND-10026,HR (ОФФЕР),Отправить оффер,Send Task,Марина_8,2025-10-17 21:49:15,2025-10-17 21:59:15,10,sent,
7a464e0d-23fe-4c0c-80cd-7ff15d0c37b7,VAC-1026,CAND-10026,HR (ОФФЕР),Переговоры / отказ,Task,Марина_7,2025-10-17 21:59:15,2025-10-17 23:45:15,106,rejected,
7b0913c3-17b3-4f9f-a2f5-f147cf97b4ee,VAC-1132,CAND-10132,РУКОВОДИТЕЛЬ,Создать заявку,User Task,Сидоров_7,2025-10-15 16:04:15,2025-10-15 17:01:15,57,,
7b0913c3-17b3-4f9f-a2f5-f147cf97b4ee,VAC-1132,CAND-10132,HR,Зарегистрировать в HCM,Service Task,Ольга_3,2025-10-15 17:01:15,2025-10-15 17:19:15,18,,
7b0913c3-17b3-4f9f-a2f5-f147cf97b4ee,VAC-1132,CAND-10132,РЕКРУТЕР,Разместить вакансию,Task,Екатерина_6,2025-10-15 17:19:15,2025-10-15 19:05:15,106,,
7b0913c3-17b3-4f9f-a2f5-f147cf97b4ee,VAC-1132,CAND-10132,РЕКРУТЕР,Собирать резюме,Task,Дмитрий_8,2025-10-15 19:05:15,2025-10-18 03:50:15,3405,,
7b0913c3-17b3-4f9f-a2f5-f147cf97b4ee,VAC-1132,CAND-10132,РЕКРУТЕР,Скрининг,Task,Дмитрий_9,2025-10-18 03:50:15,2025-10-18 04:09:15,19,passed,
7b0913c3-17b3-4f9f-a2f5-f147cf97b4ee,VAC-1132,CAND-10132,HR,Назначить интервью с HR,User Task,Наталья_2,2025-10-18 04:09:15,2025-10-18 04:22:15,13,,
7b0913c3-17b3-4f9f-a2f5-f147cf97b4ee,VAC-1132,CAND-10132,HR,Провести интервью с HR,User Task,Марина_4,2025-10-18 04:22:15,2025-10-18 05:24:15,62,rejected,несоответствие культуре
7d3359d8-b61e-40c8-9e77-b0e1d195a7a5,VAC-1096,CAND-10096,РУКОВОДИТЕЛЬ,Создать заявку,User Task,Петров_2,2025-09-05 19:48:15,2025-09-05 20:18:15,30,,
7d3359d8-b61e-40c8-9e77-b0e1d195a7a5,VAC-1096,CAND-10096,HR,Зарегистрировать в HCM,Service Task,Ольга_4,2025-09-05 20:18:15,2025-09-05 20:45:15,27,,
7d3359d8-b61e-40c8-9e77-b0e1d195a7a5,VAC-1096,CAND-10096,РЕКРУТЕР,Разместить вакансию,Task,Дмитрий_8,2025-09-05 20:45:15,2025-09-05 22:02:15,77,,
7d3359d8-b61e-40c8-9e77-b0e1d195a7a5,VAC-1096,CAND-10096,РЕКРУТЕР,Собирать резюме,Task,Алексей_2,2025-09-05 22:02:15,2025-09-07 16:07:15,2525,,
7d3359d8-b61e-40c8-9e77-b0e1d195a7a5,VAC-1096,CAND-10096,РЕКРУТЕР,Скрининг,Task,Дмитрий_1,2025-09-07 16:07:15,2025-09-07 16:38:15,31,passed,
7d3359d8-b61e-40c8-9e77-b0e1d195a7a5,VAC-1096,CAND-10096,HR,Назначить интервью с HR,User Task,Ольга_3,2025-09-07 16:38:15,2025-09-07 16:54:15,16,,
7d3359d8-b61e-40c8-9e77-b0e1d195a7a5,VAC-1096,CAND-10096,HR,Провести интервью с HR,User Task,Ольга_7,2025-09-07 16:54:15,2025-09-07 18:10:15,76,passed,
7d3359d8-b61e-40c8-9e77-b0e1d195a7a5,VAC-1096,CAND-10096,ИНТЕРВЬЮЕРЫ,Назначить техническое интервью,User Task,Андрей_5,2025-09-07 18:10:15,2025-09-07 18:36:15,26,,
7d3359d8-b61e-40c8-9e77-b0e1d195a7a5,VAC-1096,CAND-10096,ИНТЕРВЬЮЕРЫ,Провести техническое интервью,User Task,Андрей_7,2025-09-07 18:36:15,2025-09-07 19:43:15,67,passed,
7d3359d8-b61e-40c8-9e77-b0e1d195a7a5,VAC-1096,CAND-10096,ИНТЕРВЬЮЕРЫ,Назначить финальное интервью,User Task,Сергей_9,2025-09-07 19:43:15,2025-09-07 20:20:15,37,,
7d3359d8-b61e-40c8-9e77-b0e1d195a7a5,VAC-1096,CAND-10096,ИНТЕРВЬЮЕРЫ,Провести финальное интервью,User Task,Андрей_8,2025-09-07 20:20:15,2025-09-07 21:36:15,76,passed,
7d3359d8-b61e-40c8-9e77-b0e1d195a7a5,VAC-1096,CAND-10096,HR (ОФФЕР),Согласовать условия,User Task,Наталья_2,2025-09-07 21:36:15,2025-09-07 23:02:15,86,,
7d3359d8-b61e-40c8-9e77-b0e1d195a7a5,VAC-1096,CAND-10096,HR (ОФФЕР),Сгенерировать оффер,Service Task,Наталья_4,2025-09-07 23:02:15,2025-09-07 23:07:15,5,,
7d3359d8-b61e-40c8-9e77-b0e1d195a7a5,VAC-1096,CAND-10096,HR (ОФФЕР),Отправить оффер,Send Task,Наталья_4,2025-09-07 23:07:15,2025-09-07 23:17:15,10,sent,
7d3359d8-b61e-40c8-9e77-b0e1d195a7a5,VAC-1096,CAND-10096,HR (ОФФЕР),Переговоры / отказ,Task,Марина_2,2025-09-07 23:17:15,2025-09-08 01:52:15,155,rejected,
7d783b8f-404e-4d2d-9b82-51ba97f7ca21,VAC-1105,CAND-10105,РУКОВОДИТЕЛЬ,Создать заявку,User Task,Петров_9,2025-09-30 18:54:15,2025-09-30 19:24:15,30,,
7d783b8f-404e-4d2d-9b82-51ba97f7ca21,VAC-1105,CAND-10105,HR,Зарегистрировать в HCM,Service Task,Наталья_9,2025-09-30 19:24:15,2025-09-30 19:48:15,24,,
7d783b8f-404e-4d2d-9b82-51ba97f7ca21,VAC-1105,CAND-10105,РЕКРУТЕР,Разместить вакансию,Task,Дмитрий_2,2025-09-30 19:48:15,2025-09-30 21:48:15,120,,
7d783b8f-404e-4d2d-9b82-51ba97f7ca21,VAC-1105,CAND-10105,РЕКРУТЕР,Собирать резюме,Task,Алексей_3,2025-09-30 21:48:15,2025-10-03 02:05:15,3137,,
7d783b8f-404e-4d2d-9b82-51ba97f7ca21,VAC-1105,CAND-10105,РЕКРУТЕР,Скрининг,Task,Алексей_2,2025-10-03 02:05:15,2025-10-03 02:33:15,28,passed,
7d783b8f-404e-4d2d-9b82-51ba97f7ca21,VAC-1105,CAND-10105,HR,Назначить интервью с HR,User Task,Наталья_5,2025-10-03 02:33:15,2025-10-03 03:01:15,28,,
7d783b8f-404e-4d2d-9b82-51ba97f7ca21,VAC-1105,CAND-10105,HR,Провести интервью с HR,User Task,Ольга_5,2025-10-03 03:01:15,2025-10-03 04:30:15,89,rejected,несоответствие культуре
7ec67502-26e8-481d-a849-fa971861cf85,VAC-1150,CAND-10150,РУКОВОДИТЕЛЬ,Создать заявку,User Task,Петров_8,2025-09-03 16:26:15,2025-09-03 17:16:15,50,,
7ec67502-26e8-481d-a849-fa971861cf85,VAC-1150,CAND-10150,HR,Зарегистрировать в HCM,Service Task,Марина_8,2025-09-03 17:16:15,2025-09-03 17:34:15,18,,
7ec67502-26e8-481d-a849-fa971861cf85,VAC-1150,CAND-10150,РЕКРУТЕР,Разместить вакансию,Task,Дмитрий_1,2025-09-03 17:34:15,2025-09-03 18:18:15,44,,
7ec67502-26e8-481d-a849-fa971861cf85,VAC-1150,CAND-10150,РЕКРУТЕР,Собирать резюме,Task,Алексей_9,2025-09-03 18:18:15,2025-09-05 04:41:15,2063,,
7ec67502-26e8-481d-a849-fa971861cf85,VAC-1150,CAND-10150,РЕКРУТЕР,Скрининг,Task,Дмитрий_5,2025-09-05 04:41:15,2025-09-05 04:54:15,13,passed,
7ec67502-26e8-481d-a849-fa971861cf85,VAC-1150,CAND-10150,HR,Назначить интервью с HR,User Task,Марина_8,2025-09-05 04:54:15,2025-09-05 05:08:15,14,,
7ec67502-26e8-481d-a849-fa971861cf85,VAC-1150,CAND-10150,HR,Провести интервью с HR,User Task,Наталья_3,2025-09-05 05:08:15,2025-09-05 06:22:15,74,passed,
7ec67502-26e8-481d-a849-fa971861cf85,VAC-1150,CAND-10150,ИНТЕРВЬЮЕРЫ,Назначить техническое интервью,User Task,Сергей_4,2025-09-05 06:22:15,2025-09-05 06:32:15,10,,
7ec67502-26e8-481d-a849-fa971861cf85,VAC-1150,CAND-10150,ИНТЕРВЬЮЕРЫ,Провести техническое интервью,User Task,Сергей_6,2025-09-05 06:32:15,2025-09-05 07:56:15,84,passed,
7ec67502-26e8-481d-a849-fa971861cf85,VAC-1150,CAND-10150,ИНТЕРВЬЮЕРЫ,Назначить финальное интервью,User Task,Анна_1,2025-09-05 07:56:15,2025-09-05 08:20:15,24,,
7ec67502-26e8-481d-a849-fa971861cf85,VAC-1150,CAND-10150,ИНТЕРВЬЮЕРЫ,Провести финальное интервью,User Task,Андрей_5,2025-09-05 08:20:15,2025-09-05 09:23:15,63,passed,
7ec67502-26e8-481d-a849-fa971861cf85,VAC-1150,CAND-10150,HR (ОФФЕР),Согласовать условия,User Task,Наталья_9,2025-09-05 09:23:15,2025-09-05 12:03:15,160,,
7ec67502-26e8-481d-a849-fa971861cf85,VAC-1150,CAND-10150,HR (ОФФЕР),Сгенерировать оффер,Service Task,Наталья_4,2025-09-05 12:03:15,2025-09-05 12:23:15,20,,
7ec67502-26e8-481d-a849-fa971861cf85,VAC-1150,CAND-10150,HR (ОФФЕР),Отправить оффер,Send Task,Ольга_7,2025-09-05 12:23:15,2025-09-05 12:33:15,10,sent,
7ec67502-26e8-481d-a849-fa971861cf85,VAC-1150,CAND-10150,HR (ОФФЕР),Переговоры / отказ,Task,Марина_4,2025-09-05 12:33:15,2025-09-05 14:04:15,91,rejected,
8009feaf-5089-40e3-8d31-abebc6133f54,VAC-1059,CAND-10059,РУКОВОДИТЕЛЬ,Создать заявку,User Task,Петров_1,2025-09-24 15:32:15,2025-09-24 16:19:15,47,,
8009feaf-5089-40e3-8d31-abebc6133f54,VAC-1059,CAND-10059,HR,Зарегистрировать в HCM,Service Task,Ольга_8,2025-09-24 16:19:15,2025-09-24 16:30:15,11,,
8009feaf-5089-40e3-8d31-abebc6133f54,VAC-1059,CAND-10059,РЕКРУТЕР,Разместить вакансию,Task,Екатерина_8,2025-09-24 16:30:15,2025-09-24 18:06:15,96,,
8009feaf-5089-40e3-8d31-abebc6133f54,VAC-1059,CAND-10059,РЕКРУТЕР,Собирать резюме,Task,Екатерина_1,2025-09-24 18:06:15,2025-09-26 13:36:15,2610,,
8009feaf-5089-40e3-8d31-abebc6133f54,VAC-1059,CAND-10059,РЕКРУТЕР,Скрининг,Task,Алексей_5,2025-09-26 13:36:15,2025-09-26 13:59:15,23,rejected,не прошёл тест
803d45bc-01e4-4915-812f-49fa896e51c4,VAC-1040,CAND-10040,РУКОВОДИТЕЛЬ,Создать заявку,User Task,Иванов_2,2025-10-08 19:23:15,2025-10-08 19:38:15,15,,
803d45bc-01e4-4915-812f-49fa896e51c4,VAC-1040,CAND-10040,HR,Зарегистрировать в HCM,Service Task,Наталья_6,2025-10-08 19:38:15,2025-10-08 20:01:15,23,,
803d45bc-01e4-4915-812f-49fa896e51c4,VAC-1040,CAND-10040,РЕКРУТЕР,Разместить вакансию,Task,Екатерина_1,2025-10-08 20:01:15,2025-10-08 20:37:15,36,,
803d45bc-01e4-4915-812f-49fa896e51c4,VAC-1040,CAND-10040,РЕКРУТЕР,Собирать резюме,Task,Екатерина_9,2025-10-08 20:37:15,2025-10-11 12:39:15,3842,,
803d45bc-01e4-4915-812f-49fa896e51c4,VAC-1040,CAND-10040,РЕКРУТЕР,Скрининг,Task,Дмитрий_6,2025-10-11 12:39:15,2025-10-11 12:52:15,13,passed,
803d45bc-01e4-4915-812f-49fa896e51c4,VAC-1040,CAND-10040,HR,Назначить интервью с HR,User Task,Марина_7,2025-10-11 12:52:15,2025-10-11 13:29:15,37,,
803d45bc-01e4-4915-812f-49fa896e51c4,VAC-1040,CAND-10040,HR,Провести интервью с HR,User Task,Ольга_5,2025-10-11 13:29:15,2025-10-11 14:20:15,51,rejected,несоответствие культуре
8080eac8-912e-4f6a-a12e-0da8740db3f8,VAC-1063,CAND-10063,РУКОВОДИТЕЛЬ,Создать заявку,User Task,Петров_9,2025-09-08 20:39:15,2025-09-08 21:31:15,52,,
8080eac8-912e-4f6a-a12e-0da8740db3f8,VAC-1063,CAND-10063,HR,Зарегистрировать в HCM,Service Task,Ольга_3,2025-09-08 21:31:15,2025-09-08 21:53:15,22,,
8080eac8-912e-4f6a-a12e-0da8740db3f8,VAC-1063,CAND-10063,РЕКРУТЕР,Разместить вакансию,Task,Екатерина_6,2025-09-08 21:53:15,2025-09-08 23:11:15,78,,
8080eac8-912e-4f6a-a12e-0da8740db3f8,VAC-1063,CAND-10063,РЕКРУТЕР,Собирать резюме,Task,Дмитрий_5,2025-09-08 23:11:15,2025-09-11 12:28:15,3677,,
8080eac8-912e-4f6a-a12e-0da8740db3f8,VAC-1063,CAND-10063,РЕКРУТЕР,Скрининг,Task,Алексей_5,2025-09-11 12:28:15,2025-09-11 12:44:15,16,passed,
8080eac8-912e-4f6a-a12e-0da8740db3f8,VAC-1063,CAND-10063,HR,Назначить интервью с HR,User Task,Ольга_4,2025-09-11 12:44:15,2025-09-11 13:11:15,27,,
8080eac8-912e-4f6a-a12e-0da8740db3f8,VAC-1063,CAND-10063,HR,Провести интервью с HR,User Task,Ольга_4,2025-09-11 13:11:15,2025-09-11 14:34:15,83,rejected,завышенные ожидания
81b7598e-b451-4395-9b9a-d71981084f80,VAC-1154,CAND-10154,РУКОВОДИТЕЛЬ,Создать заявку,User Task,Иванов_9,2025-10-07 21:11:15,2025-10-07 21:45:15,34,,
81b7598e-b451-4395-9b9a-d71981084f80,VAC-1154,CAND-10154,HR,Зарегистрировать в HCM,Service Task,Ольга_9,2025-10-07 21:45:15,2025-10-07 22:16:15,31,,
81b7598e-b451-4395-9b9a-d71981084f80,VAC-1154,CAND-10154,РЕКРУТЕР,Разместить вакансию,Task,Екатерина_5,2025-10-07 22:16:15,2025-10-07 22:55:15,39,,
81b7598e-b451-4395-9b9a-d71981084f80,VAC-1154,CAND-10154,РЕКРУТЕР,Собирать резюме,Task,Дмитрий_6,2025-10-07 22:55:15,2025-10-09 20:56:15,2761,,
81b7598e-b451-4395-9b9a-d71981084f80,VAC-1154,CAND-10154,РЕКРУТЕР,Скрининг,Task,Екатерина_2,2025-10-09 20:56:15,2025-10-09 21:22:15,26,passed,
81b7598e-b451-4395-9b9a-d71981084f80,VAC-1154,CAND-10154,HR,Назначить интервью с HR,User Task,Наталья_3,2025-10-09 21:22:15,2025-10-09 21:33:15,11,,
81b7598e-b451-4395-9b9a-d71981084f80,VAC-1154,CAND-10154,HR,Провести интервью с HR,User Task,Наталья_8,2025-10-09 21:33:15,2025-10-09 22:43:15,70,rejected,недостаточная мотивация
81d84aa2-5a9c-4858-935b-760c45bcf12c,VAC-1069,CAND-10069,РУКОВОДИТЕЛЬ,Создать заявку,User Task,Сидоров_8,2025-09-29 14:29:15,2025-09-29 14:59:15,30,,
81d84aa2-5a9c-4858-935b-760c45bcf12c,VAC-1069,CAND-10069,HR,Зарегистрировать в HCM,Service Task,Марина_4,2025-09-29 14:59:15,2025-09-29 15:12:15,13,,
81d84aa2-5a9c-4858-935b-760c45bcf12c,VAC-1069,CAND-10069,РЕКРУТЕР,Разместить вакансию,Task,Екатерина_8,2025-09-29 15:12:15,2025-09-29 17:03:15,111,,
81d84aa2-5a9c-4858-935b-760c45bcf12c,VAC-1069,CAND-10069,РЕКРУТЕР,Собирать резюме,Task,Екатерина_8,2025-09-29 17:03:15,2025-09-30 23:15:15,1812,,
81d84aa2-5a9c-4858-935b-760c45bcf12c,VAC-1069,CAND-10069,РЕКРУТЕР,Скрининг,Task,Алексей_9,2025-09-30 23:15:15,2025-09-30 23:39:15,24,rejected,некорректное резюме
8212287d-7891-4383-9374-d90d6e9bc278,VAC-1054,CAND-10054,РУКОВОДИТЕЛЬ,Создать заявку,User Task,Иванов_8,2025-09-17 20:40:15,2025-09-17 21:31:15,51,,
8212287d-7891-4383-9374-d90d6e9bc278,VAC-1054,CAND-10054,HR,Зарегистрировать в HCM,Service Task,Ольга_3,2025-09-17 21:31:15,2025-09-17 22:03:15,32,,
8212287d-7891-4383-9374-d90d6e9bc278,VAC-1054,CAND-10054,РЕКРУТЕР,Разместить вакансию,Task,Алексей_8,2025-09-17 22:03:15,2025-09-17 22:40:15,37,,
8212287d-7891-4383-9374-d90d6e9bc278,VAC-1054,CAND-10054,РЕКРУТЕР,Собирать резюме,Task,Дмитрий_4,2025-09-17 22:40:15,2025-09-19 01:11:15,1591,,
8212287d-7891-4383-9374-d90d6e9bc278,VAC-1054,CAND-10054,РЕКРУТЕР,Скрининг,Task,Алексей_6,2025-09-19 01:11:15,2025-09-19 01:27:15,16,passed,
8212287d-7891-4383-9374-d90d6e9bc278,VAC-1054,CAND-10054,HR,Назначить интервью с HR,User Task,Ольга_9,2025-09-19 01:27:15,2025-09-19 02:06:15,39,,
8212287d-7891-4383-9374-d90d6e9bc278,VAC-1054,CAND-10054,HR,Провести интервью с HR,User Task,Ольга_5,2025-09-19 02:06:15,2025-09-19 04:00:15,114,passed,
8212287d-7891-4383-9374-d90d6e9bc278,VAC-1054,CAND-10054,ИНТЕРВЬЮЕРЫ,Назначить техническое интервью,User Task,Анна_4,2025-09-19 04:00:15,2025-09-19 04:11:15,11,,
8212287d-7891-4383-9374-d90d6e9bc278,VAC-1054,CAND-10054,ИНТЕРВЬЮЕРЫ,Провести техническое интервью,User Task,Анна_6,2025-09-19 04:11:15,2025-09-19 05:02:15,51,passed,
8212287d-7891-4383-9374-d90d6e9bc278,VAC-1054,CAND-10054,ИНТЕРВЬЮЕРЫ,Назначить финальное интервью,User Task,Андрей_6,2025-09-19 05:02:15,2025-09-19 05:20:15,18,,
8212287d-7891-4383-9374-d90d6e9bc278,VAC-1054,CAND-10054,ИНТЕРВЬЮЕРЫ,Провести финальное интервью,User Task,Анна_8,2025-09-19 05:20:15,2025-09-19 06:56:15,96,passed,
8212287d-7891-4383-9374-d90d6e9bc278,VAC-1054,CAND-10054,HR (ОФФЕР),Согласовать условия,User Task,Ольга_3,2025-09-19 06:56:15,2025-09-19 09:34:15,158,,
8212287d-7891-4383-9374-d90d6e9bc278,VAC-1054,CAND-10054,HR (ОФФЕР),Сгенерировать оффер,Service Task,Марина_8,2025-09-19 09:34:15,2025-09-19 09:54:15,20,,
8212287d-7891-4383-9374-d90d6e9bc278,VAC-1054,CAND-10054,HR (ОФФЕР),Отправить оффер,Send Task,Ольга_9,2025-09-19 09:54:15,2025-09-19 10:04:15,10,sent,
8212287d-7891-4383-9374-d90d6e9bc278,VAC-1054,CAND-10054,SECURITY,Background Check,Call Activity,Служба_БД_2,2025-09-19 10:04:15,2025-09-21 21:20:15,3556,report_ready,
8212287d-7891-4383-9374-d90d6e9bc278,VAC-1054,CAND-10054,IT,Выдача оборудования,Task,IT_Specialist_9,2025-09-21 21:20:15,2025-09-22 00:05:15,165,,
8212287d-7891-4383-9374-d90d6e9bc278,VAC-1054,CAND-10054,IT,Создать доступы,Task,IT_Specialist_2,2025-09-22 00:05:15,2025-09-22 01:12:15,67,,
8212287d-7891-4383-9374-d90d6e9bc278,VAC-1054,CAND-10054,IT,Вводное обучение,Service Task,Ольга_5,2025-09-22 01:12:15,2025-09-22 04:52:15,220,,
8212287d-7891-4383-9374-d90d6e9bc278,VAC-1054,CAND-10054,HR,Назначить ментора,Task,Ольга_7,2025-09-22 04:52:15,2025-09-22 05:41:15,49,,
8212287d-7891-4383-9374-d90d6e9bc278,VAC-1054,CAND-10054,HR,Уведомить всех,Message,system,2025-09-22 05:41:15,2025-09-22 05:46:15,5,notified,
8212287d-7891-4383-9374-d90d6e9bc278,VAC-1054,CAND-10054,HR,Обновить HCM,Service Task,Наталья_8,2025-09-22 05:46:15,2025-09-22 06:06:15,20,,
8212287d-7891-4383-9374-d90d6e9bc278,VAC-1054,CAND-10054,HR,Payroll,Service Task,Ольга_8,2025-09-22 06:06:15,2025-09-22 06:26:15,20,,
8212287d-7891-4383-9374-d90d6e9bc278,VAC-1054,CAND-10054,HR,Закрыть вакансию,Service Task,Наталья_6,2025-09-22 06:26:15,2025-09-22 06:31:15,5,,
860269f3-8401-4faf-a0d0-91422dd439c5,VAC-1068,CAND-10068,РУКОВОДИТЕЛЬ,Создать заявку,User Task,Сидоров_2,2025-10-13 16:02:15,2025-10-13 17:00:15,58,,
860269f3-8401-4faf-a0d0-91422dd439c5,VAC-1068,CAND-10068,HR,Зарегистрировать в HCM,Service Task,Ольга_9,2025-10-13 17:00:15,2025-10-13 17:26:15,26,,
860269f3-8401-4faf-a0d0-91422dd439c5,VAC-1068,CAND-10068,РЕКРУТЕР,Разместить вакансию,Task,Дмитрий_2,2025-10-13 17:26:15,2025-10-13 19:16:15,110,,
860269f3-8401-4faf-a0d0-91422dd439c5,VAC-1068,CAND-10068,РЕКРУТЕР,Собирать резюме,Task,Алексей_1,2025-10-13 19:16:15,2025-10-16 09:46:15,3750,,
860269f3-8401-4faf-a0d0-91422dd439c5,VAC-1068,CAND-10068,РЕКРУТЕР,Скрининг,Task,Екатерина_4,2025-10-16 09:46:15,2025-10-16 10:24:15,38,rejected,не прошёл тест
86e99192-3863-46e3-a8eb-9e14ec07ef73,VAC-1015,CAND-10015,РУКОВОДИТЕЛЬ,Создать заявку,User Task,Иванов_8,2025-09-24 12:54:15,2025-09-24 13:19:15,25,,
86e99192-3863-46e3-a8eb-9e14ec07ef73,VAC-1015,CAND-10015,HR,Зарегистрировать в HCM,Service Task,Ольга_9,2025-09-24 13:19:15,2025-09-24 13:33:15,14,,
86e99192-3863-46e3-a8eb-9e14ec07ef73,VAC-1015,CAND-10015,РЕКРУТЕР,Разместить вакансию,Task,Екатерина_6,2025-09-24 13:33:15,2025-09-24 15:04:15,91,,
86e99192-3863-46e3-a8eb-9e14ec07ef73,VAC-1015,CAND-10015,РЕКРУТЕР,Собирать резюме,Task,Екатерина_9,2025-09-24 15:04:15,2025-09-26 21:16:15,3252,,
86e99192-3863-46e3-a8eb-9e14ec07ef73,VAC-1015,CAND-10015,РЕКРУТЕР,Скрининг,Task,Екатерина_8,2025-09-26 21:16:15,2025-09-26 21:55:15,39,passed,
86e99192-3863-46e3-a8eb-9e14ec07ef73,VAC-1015,CAND-10015,HR,Назначить интервью с HR,User Task,Наталья_8,2025-09-26 21:55:15,2025-09-26 22:33:15,38,,
86e99192-3863-46e3-a8eb-9e14ec07ef73,VAC-1015,CAND-10015,HR,Провести интервью с HR,User Task,Марина_5,2025-09-26 22:33:15,2025-09-26 23:49:15,76,passed,
86e99192-3863-46e3-a8eb-9e14ec07ef73,VAC-1015,CAND-10015,ИНТЕРВЬЮЕРЫ,Назначить техническое интервью,User Task,Анна_8,2025-09-26 23:49:15,2025-09-27 00:23:15,34,,
86e99192-3863-46e3-a8eb-9e14ec07ef73,VAC-1015,CAND-10015,ИНТЕРВЬЮЕРЫ,Провести техническое интервью,User Task,Сергей_2,2025-09-27 00:23:15,2025-09-27 01:43:15,80,passed,
86e99192-3863-46e3-a8eb-9e14ec07ef73,VAC-1015,CAND-10015,ИНТЕРВЬЮЕРЫ,Назначить финальное интервью,User Task,Сергей_4,2025-09-27 01:43:15,2025-09-27 02:15:15,32,,
86e99192-3863-46e3-a8eb-9e14ec07ef73,VAC-1015,CAND-10015,ИНТЕРВЬЮЕРЫ,Провести финальное интервью,User Task,Анна_2,2025-09-27 02:15:15,2025-09-27 03:40:15,85,passed,
86e99192-3863-46e3-a8eb-9e14ec07ef73,VAC-1015,CAND-10015,HR (ОФФЕР),Согласовать условия,User Task,Наталья_4,2025-09-27 03:40:15,2025-09-27 05:15:15,95,,
86e99192-3863-46e3-a8eb-9e14ec07ef73,VAC-1015,CAND-10015,HR (ОФФЕР),Сгенерировать оффер,Service Task,Марина_3,2025-09-27 05:15:15,2025-09-27 05:32:15,17,,
86e99192-3863-46e3-a8eb-9e14ec07ef73,VAC-1015,CAND-10015,HR (ОФФЕР),Отправить оффер,Send Task,Марина_4,2025-09-27 05:32:15,2025-09-27 05:42:15,10,sent,
86e99192-3863-46e3-a8eb-9e14ec07ef73,VAC-1015,CAND-10015,SECURITY,Background Check,Call Activity,Служба_БД_9,2025-09-27 05:42:15,2025-10-01 13:21:15,6219,report_ready,
86e99192-3863-46e3-a8eb-9e14ec07ef73,VAC-1015,CAND-10015,IT,Выдача оборудования,Task,IT_Specialist_7,2025-10-01 13:21:15,2025-10-01 14:28:15,67,,
86e99192-3863-46e3-a8eb-9e14ec07ef73,VAC-1015,CAND-10015,IT,Создать доступы,Task,IT_Specialist_7,2025-10-01 14:28:15,2025-10-01 15:47:15,79,,
86e99192-3863-46e3-a8eb-9e14ec07ef73,VAC-1015,CAND-10015,IT,Вводное обучение,Service Task,Наталья_6,2025-10-01 15:47:15,2025-10-01 22:51:15,424,,
86e99192-3863-46e3-a8eb-9e14ec07ef73,VAC-1015,CAND-10015,HR,Назначить ментора,Task,Ольга_7,2025-10-01 22:51:15,2025-10-01 23:40:15,49,,
86e99192-3863-46e3-a8eb-9e14ec07ef73,VAC-1015,CAND-10015,HR,Уведомить всех,Message,system,2025-10-01 23:40:15,2025-10-01 23:45:15,5,notified,
86e99192-3863-46e3-a8eb-9e14ec07ef73,VAC-1015,CAND-10015,HR,Обновить HCM,Service Task,Марина_9,2025-10-01 23:45:15,2025-10-02 00:05:15,20,,
86e99192-3863-46e3-a8eb-9e14ec07ef73,VAC-1015,CAND-10015,HR,Payroll,Service Task,Марина_4,2025-10-02 00:05:15,2025-10-02 00:25:15,20,,
86e99192-3863-46e3-a8eb-9e14ec07ef73,VAC-1015,CAND-10015,HR,Закрыть вакансию,Service Task,Ольга_4,2025-10-02 00:25:15,2025-10-02 00:30:15,5,,
87f15d82-5d2d-485f-bc6e-c71f09b49c28,VAC-1162,CAND-10162,РУКОВОДИТЕЛЬ,Создать заявку,User Task,Петров_2,2025-10-01 12:54:15,2025-10-01 13:29:15,35,,
87f15d82-5d2d-485f-bc6e-c71f09b49c28,VAC-1162,CAND-10162,HR,Зарегистрировать в HCM,Service Task,Марина_7,2025-10-01 13:29:15,2025-10-01 13:51:15,22,,
87f15d82-5d2d-485f-bc6e-c71f09b49c28,VAC-1162,CAND-10162,РЕКРУТЕР,Разместить вакансию,Task,Екатерина_3,2025-10-01 13:51:15,2025-10-01 15:50:15,119,,
87f15d82-5d2d-485f-bc6e-c71f09b49c28,VAC-1162,CAND-10162,РЕКРУТЕР,Собирать резюме,Task,Дмитрий_9,2025-10-01 15:50:15,2025-10-03 01:02:15,1992,,
87f15d82-5d2d-485f-bc6e-c71f09b49c28,VAC-1162,CAND-10162,РЕКРУТЕР,Скрининг,Task,Екатерина_4,2025-10-03 01:02:15,2025-10-03 01:24:15,22,passed,
87f15d82-5d2d-485f-bc6e-c71f09b49c28,VAC-1162,CAND-10162,HR,Назначить интервью с HR,User Task,Марина_9,2025-10-03 01:24:15,2025-10-03 01:51:15,27,,
87f15d82-5d2d-485f-bc6e-c71f09b49c28,VAC-1162,CAND-10162,HR,Провести интервью с HR,User Task,Ольга_7,2025-10-03 01:51:15,2025-10-03 02:45:15,54,passed,
87f15d82-5d2d-485f-bc6e-c71f09b49c28,VAC-1162,CAND-10162,ИНТЕРВЬЮЕРЫ,Назначить техническое интервью,User Task,Анна_2,2025-10-03 02:45:15,2025-10-03 03:05:15,20,,
87f15d82-5d2d-485f-bc6e-c71f09b49c28,VAC-1162,CAND-10162,ИНТЕРВЬЮЕРЫ,Провести техническое интервью,User Task,Сергей_6,2025-10-03 03:05:15,2025-10-03 04:42:15,97,passed,
87f15d82-5d2d-485f-bc6e-c71f09b49c28,VAC-1162,CAND-10162,ИНТЕРВЬЮЕРЫ,Назначить финальное интервью,User Task,Андрей_6,2025-10-03 04:42:15,2025-10-03 05:03:15,21,,
87f15d82-5d2d-485f-bc6e-c71f09b49c28,VAC-1162,CAND-10162,ИНТЕРВЬЮЕРЫ,Провести финальное интервью,User Task,Сергей_3,2025-10-03 05:03:15,2025-10-03 05:51:15,48,passed,
87f15d82-5d2d-485f-bc6e-c71f09b49c28,VAC-1162,CAND-10162,HR (ОФФЕР),Согласовать условия,User Task,Марина_8,2025-10-03 05:51:15,2025-10-03 08:20:15,149,,
87f15d82-5d2d-485f-bc6e-c71f09b49c28,VAC-1162,CAND-10162,HR (ОФФЕР),Сгенерировать оффер,Service Task,Наталья_8,2025-10-03 08:20:15,2025-10-03 08:44:15,24,,
87f15d82-5d2d-485f-bc6e-c71f09b49c28,VAC-1162,CAND-10162,HR (ОФФЕР),Отправить оффер,Send Task,Наталья_4,2025-10-03 08:44:15,2025-10-03 08:54:15,10,sent,
87f15d82-5d2d-485f-bc6e-c71f09b49c28,VAC-1162,CAND-10162,SECURITY,Background Check,Call Activity,Служба_БД_2,2025-10-03 08:54:15,2025-10-07 11:56:15,5942,report_ready,
87f15d82-5d2d-485f-bc6e-c71f09b49c28,VAC-1162,CAND-10162,IT,Выдача оборудования,Task,IT_Specialist_3,2025-10-07 11:56:15,2025-10-07 13:02:15,66,,
87f15d82-5d2d-485f-bc6e-c71f09b49c28,VAC-1162,CAND-10162,IT,Создать доступы,Task,IT_Specialist_6,2025-10-07 13:02:15,2025-10-07 14:08:15,66,,
87f15d82-5d2d-485f-bc6e-c71f09b49c28,VAC-1162,CAND-10162,IT,Вводное обучение,Service Task,Ольга_8,2025-10-07 14:08:15,2025-10-07 18:04:15,236,,
87f15d82-5d2d-485f-bc6e-c71f09b49c28,VAC-1162,CAND-10162,HR,Назначить ментора,Task,Наталья_6,2025-10-07 18:04:15,2025-10-07 19:04:15,60,,
87f15d82-5d2d-485f-bc6e-c71f09b49c28,VAC-1162,CAND-10162,HR,Уведомить всех,Message,system,2025-10-07 19:04:15,2025-10-07 19:09:15,5,notified,
87f15d82-5d2d-485f-bc6e-c71f09b49c28,VAC-1162,CAND-10162,HR,Обновить HCM,Service Task,Наталья_9,2025-10-07 19:09:15,2025-10-07 19:29:15,20,,
87f15d82-5d2d-485f-bc6e-c71f09b49c28,VAC-1162,CAND-10162,HR,Payroll,Service Task,Наталья_4,2025-10-07 19:29:15,2025-10-07 19:49:15,20,,
87f15d82-5d2d-485f-bc6e-c71f09b49c28,VAC-1162,CAND-10162,HR,Закрыть вакансию,Service Task,Марина_9,2025-10-07 19:49:15,2025-10-07 19:54:15,5,,
8b383edb-c4ca-4be5-adae-d9e20bd07493,VAC-1182,CAND-10182,РУКОВОДИТЕЛЬ,Создать заявку,User Task,Сидоров_2,2025-10-02 21:48:15,2025-10-02 22:18:15,30,,
8b383edb-c4ca-4be5-adae-d9e20bd07493,VAC-1182,CAND-10182,HR,Зарегистрировать в HCM,Service Task,Ольга_3,2025-10-02 22:18:15,2025-10-02 22:54:15,36,,
8b383edb-c4ca-4be5-adae-d9e20bd07493,VAC-1182,CAND-10182,РЕКРУТЕР,Разместить вакансию,Task,Дмитрий_2,2025-10-02 22:54:15,2025-10-02 23:53:15,59,,
8b383edb-c4ca-4be5-adae-d9e20bd07493,VAC-1182,CAND-10182,РЕКРУТЕР,Собирать резюме,Task,Алексей_7,2025-10-02 23:53:15,2025-10-05 16:43:15,3890,,
8b383edb-c4ca-4be5-adae-d9e20bd07493,VAC-1182,CAND-10182,РЕКРУТЕР,Скрининг,Task,Екатерина_1,2025-10-05 16:43:15,2025-10-05 17:13:15,30,passed,
8b383edb-c4ca-4be5-adae-d9e20bd07493,VAC-1182,CAND-10182,HR,Назначить интервью с HR,User Task,Наталья_3,2025-10-05 17:13:15,2025-10-05 17:25:15,12,,
8b383edb-c4ca-4be5-adae-d9e20bd07493,VAC-1182,CAND-10182,HR,Провести интервью с HR,User Task,Наталья_3,2025-10-05 17:25:15,2025-10-05 18:10:15,45,rejected,несоответствие культуре
8d285e97-23b9-41e0-a1ec-fac43875ada6,VAC-1198,CAND-10198,РУКОВОДИТЕЛЬ,Создать заявку,User Task,Иванов_4,2025-10-02 19:22:15,2025-10-02 19:59:15,37,,
8d285e97-23b9-41e0-a1ec-fac43875ada6,VAC-1198,CAND-10198,HR,Зарегистрировать в HCM,Service Task,Марина_8,2025-10-02 19:59:15,2025-10-02 20:38:15,39,,
8d285e97-23b9-41e0-a1ec-fac43875ada6,VAC-1198,CAND-10198,РЕКРУТЕР,Разместить вакансию,Task,Дмитрий_6,2025-10-02 20:38:15,2025-10-02 21:20:15,42,,
8d285e97-23b9-41e0-a1ec-fac43875ada6,VAC-1198,CAND-10198,РЕКРУТЕР,Собирать резюме,Task,Дмитрий_4,2025-10-02 21:20:15,2025-10-04 06:38:15,1998,,
8d285e97-23b9-41e0-a1ec-fac43875ada6,VAC-1198,CAND-10198,РЕКРУТЕР,Скрининг,Task,Алексей_6,2025-10-04 06:38:15,2025-10-04 06:56:15,18,passed,
8d285e97-23b9-41e0-a1ec-fac43875ada6,VAC-1198,CAND-10198,HR,Назначить интервью с HR,User Task,Наталья_1,2025-10-04 06:56:15,2025-10-04 07:10:15,14,,
8d285e97-23b9-41e0-a1ec-fac43875ada6,VAC-1198,CAND-10198,HR,Провести интервью с HR,User Task,Ольга_8,2025-10-04 07:10:15,2025-10-04 08:09:15,59,passed,
8d285e97-23b9-41e0-a1ec-fac43875ada6,VAC-1198,CAND-10198,ИНТЕРВЬЮЕРЫ,Назначить техническое интервью,User Task,Андрей_6,2025-10-04 08:09:15,2025-10-04 08:32:15,23,,
8d285e97-23b9-41e0-a1ec-fac43875ada6,VAC-1198,CAND-10198,ИНТЕРВЬЮЕРЫ,Провести техническое интервью,User Task,Анна_3,2025-10-04 08:32:15,2025-10-04 09:54:15,82,passed,
8d285e97-23b9-41e0-a1ec-fac43875ada6,VAC-1198,CAND-10198,ИНТЕРВЬЮЕРЫ,Назначить финальное интервью,User Task,Анна_3,2025-10-04 09:54:15,2025-10-04 10:29:15,35,,
8d285e97-23b9-41e0-a1ec-fac43875ada6,VAC-1198,CAND-10198,ИНТЕРВЬЮЕРЫ,Провести финальное интервью,User Task,Андрей_2,2025-10-04 10:29:15,2025-10-04 12:24:15,115,passed,
8d285e97-23b9-41e0-a1ec-fac43875ada6,VAC-1198,CAND-10198,HR (ОФФЕР),Согласовать условия,User Task,Марина_8,2025-10-04 12:24:15,2025-10-04 15:09:15,165,,
8d285e97-23b9-41e0-a1ec-fac43875ada6,VAC-1198,CAND-10198,HR (ОФФЕР),Сгенерировать оффер,Service Task,Марина_8,2025-10-04 15:09:15,2025-10-04 15:20:15,11,,
8d285e97-23b9-41e0-a1ec-fac43875ada6,VAC-1198,CAND-10198,HR (ОФФЕР),Отправить оффер,Send Task,Ольга_5,2025-10-04 15:20:15,2025-10-04 15:30:15,10,sent,
8d285e97-23b9-41e0-a1ec-fac43875ada6,VAC-1198,CAND-10198,SECURITY,Background Check,Call Activity,Служба_БД_4,2025-10-04 15:30:15,2025-10-09 01:57:15,6387,report_ready,
8d285e97-23b9-41e0-a1ec-fac43875ada6,VAC-1198,CAND-10198,IT,Выдача оборудования,Task,IT_Specialist_3,2025-10-09 01:57:15,2025-10-09 04:11:15,134,,
8d285e97-23b9-41e0-a1ec-fac43875ada6,VAC-1198,CAND-10198,IT,Создать доступы,Task,IT_Specialist_7,2025-10-09 04:11:15,2025-10-09 05:54:15,103,,
8d285e97-23b9-41e0-a1ec-fac43875ada6,VAC-1198,CAND-10198,IT,Вводное обучение,Service Task,Наталья_8,2025-10-09 05:54:15,2025-10-09 09:16:15,202,,
8d285e97-23b9-41e0-a1ec-fac43875ada6,VAC-1198,CAND-10198,HR,Назначить ментора,Task,Марина_1,2025-10-09 09:16:15,2025-10-09 10:32:15,76,,
8d285e97-23b9-41e0-a1ec-fac43875ada6,VAC-1198,CAND-10198,HR,Уведомить всех,Message,system,2025-10-09 10:32:15,2025-10-09 10:37:15,5,notified,
8d285e97-23b9-41e0-a1ec-fac43875ada6,VAC-1198,CAND-10198,HR,Обновить HCM,Service Task,Ольга_9,2025-10-09 10:37:15,2025-10-09 10:57:15,20,,
8d285e97-23b9-41e0-a1ec-fac43875ada6,VAC-1198,CAND-10198,HR,Payroll,Service Task,Ольга_8,2025-10-09 10:57:15,2025-10-09 11:17:15,20,,
8d285e97-23b9-41e0-a1ec-fac43875ada6,VAC-1198,CAND-10198,HR,Закрыть вакансию,Service Task,Марина_2,2025-10-09 11:17:15,2025-10-09 11:22:15,5,,
9086b0d6-0fc8-4fd4-b1aa-a6dbe0bfad64,VAC-1102,CAND-10102,РУКОВОДИТЕЛЬ,Создать заявку,User Task,Сидоров_2,2025-09-10 17:39:15,2025-09-10 17:59:15,20,,
9086b0d6-0fc8-4fd4-b1aa-a6dbe0bfad64,VAC-1102,CAND-10102,HR,Зарегистрировать в HCM,Service Task,Марина_6,2025-09-10 17:59:15,2025-09-10 18:35:15,36,,
9086b0d6-0fc8-4fd4-b1aa-a6dbe0bfad64,VAC-1102,CAND-10102,РЕКРУТЕР,Разместить вакансию,Task,Алексей_5,2025-09-10 18:35:15,2025-09-10 19:52:15,77,,
9086b0d6-0fc8-4fd4-b1aa-a6dbe0bfad64,VAC-1102,CAND-10102,РЕКРУТЕР,Собирать резюме,Task,Алексей_2,2025-09-10 19:52:15,2025-09-12 10:10:15,2298,,
9086b0d6-0fc8-4fd4-b1aa-a6dbe0bfad64,VAC-1102,CAND-10102,РЕКРУТЕР,Скрининг,Task,Алексей_1,2025-09-12 10:10:15,2025-09-12 10:45:15,35,passed,
9086b0d6-0fc8-4fd4-b1aa-a6dbe0bfad64,VAC-1102,CAND-10102,HR,Назначить интервью с HR,User Task,Ольга_8,2025-09-12 10:45:15,2025-09-12 10:56:15,11,,
9086b0d6-0fc8-4fd4-b1aa-a6dbe0bfad64,VAC-1102,CAND-10102,HR,Провести интервью с HR,User Task,Ольга_8,2025-09-12 10:56:15,2025-09-12 12:02:15,66,passed,
9086b0d6-0fc8-4fd4-b1aa-a6dbe0bfad64,VAC-1102,CAND-10102,ИНТЕРВЬЮЕРЫ,Назначить техническое интервью,User Task,Сергей_6,2025-09-12 12:02:15,2025-09-12 12:40:15,38,,
9086b0d6-0fc8-4fd4-b1aa-a6dbe0bfad64,VAC-1102,CAND-10102,ИНТЕРВЬЮЕРЫ,Провести техническое интервью,User Task,Сергей_4,2025-09-12 12:40:15,2025-09-12 13:37:15,57,passed,
9086b0d6-0fc8-4fd4-b1aa-a6dbe0bfad64,VAC-1102,CAND-10102,ИНТЕРВЬЮЕРЫ,Назначить финальное интервью,User Task,Сергей_2,2025-09-12 13:37:15,2025-09-12 13:52:15,15,,
9086b0d6-0fc8-4fd4-b1aa-a6dbe0bfad64,VAC-1102,CAND-10102,ИНТЕРВЬЮЕРЫ,Провести финальное интервью,User Task,Сергей_1,2025-09-12 13:52:15,2025-09-12 14:41:15,49,passed,
9086b0d6-0fc8-4fd4-b1aa-a6dbe0bfad64,VAC-1102,CAND-10102,HR (ОФФЕР),Согласовать условия,User Task,Ольга_2,2025-09-12 14:41:15,2025-09-12 17:02:15,141,,
9086b0d6-0fc8-4fd4-b1aa-a6dbe0bfad64,VAC-1102,CAND-10102,HR (ОФФЕР),Сгенерировать оффер,Service Task,Ольга_3,2025-09-12 17:02:15,2025-09-12 17:09:15,7,,
9086b0d6-0fc8-4fd4-b1aa-a6dbe0bfad64,VAC-1102,CAND-10102,HR (ОФФЕР),Отправить оффер,Send Task,Ольга_3,2025-09-12 17:09:15,2025-09-12 17:19:15,10,sent,
9086b0d6-0fc8-4fd4-b1aa-a6dbe0bfad64,VAC-1102,CAND-10102,SECURITY,Background Check,Call Activity,Служба_БД_8,2025-09-12 17:19:15,2025-09-15 06:01:15,3642,report_ready,
9086b0d6-0fc8-4fd4-b1aa-a6dbe0bfad64,VAC-1102,CAND-10102,IT,Выдача оборудования,Task,IT_Specialist_7,2025-09-15 06:01:15,2025-09-15 07:56:15,115,,
9086b0d6-0fc8-4fd4-b1aa-a6dbe0bfad64,VAC-1102,CAND-10102,IT,Создать доступы,Task,IT_Specialist_2,2025-09-15 07:56:15,2025-09-15 08:46:15,50,,
9086b0d6-0fc8-4fd4-b1aa-a6dbe0bfad64,VAC-1102,CAND-10102,IT,Вводное обучение,Service Task,Наталья_4,2025-09-15 08:46:15,2025-09-15 14:35:15,349,,
9086b0d6-0fc8-4fd4-b1aa-a6dbe0bfad64,VAC-1102,CAND-10102,HR,Назначить ментора,Task,Марина_9,2025-09-15 14:35:15,2025-09-15 15:31:15,56,,
9086b0d6-0fc8-4fd4-b1aa-a6dbe0bfad64,VAC-1102,CAND-10102,HR,Уведомить всех,Message,system,2025-09-15 15:31:15,2025-09-15 15:36:15,5,notified,
9086b0d6-0fc8-4fd4-b1aa-a6dbe0bfad64,VAC-1102,CAND-10102,HR,Обновить HCM,Service Task,Марина_9,2025-09-15 15:36:15,2025-09-15 15:56:15,20,,
9086b0d6-0fc8-4fd4-b1aa-a6dbe0bfad64,VAC-1102,CAND-10102,HR,Payroll,Service Task,Ольга_5,2025-09-15 15:56:15,2025-09-15 16:16:15,20,,
9086b0d6-0fc8-4fd4-b1aa-a6dbe0bfad64,VAC-1102,CAND-10102,HR,Закрыть вакансию,Service Task,Ольга_4,2025-09-15 16:16:15,2025-09-15 16:21:15,5,,
90a921cd-179b-4a51-8db5-0e4920eb1812,VAC-1097,CAND-10097,РУКОВОДИТЕЛЬ,Создать заявку,User Task,Иванов_2,2025-10-02 21:35:15,2025-10-02 21:49:15,14,,
90a921cd-179b-4a51-8db5-0e4920eb1812,VAC-1097,CAND-10097,HR,Зарегистрировать в HCM,Service Task,Марина_8,2025-10-02 21:49:15,2025-10-02 22:05:15,16,,
90a921cd-179b-4a51-8db5-0e4920eb1812,VAC-1097,CAND-10097,РЕКРУТЕР,Разместить вакансию,Task,Алексей_6,2025-10-02 22:05:15,2025-10-02 22:41:15,36,,
90a921cd-179b-4a51-8db5-0e4920eb1812,VAC-1097,CAND-10097,РЕКРУТЕР,Собирать резюме,Task,Алексей_8,2025-10-02 22:41:15,2025-10-04 07:02:15,1941,,
90a921cd-179b-4a51-8db5-0e4920eb1812,VAC-1097,CAND-10097,РЕКРУТЕР,Скрининг,Task,Екатерина_7,2025-10-04 07:02:15,2025-10-04 07:41:15,39,passed,
90a921cd-179b-4a51-8db5-0e4920eb1812,VAC-1097,CAND-10097,HR,Назначить интервью с HR,User Task,Марина_7,2025-10-04 07:41:15,2025-10-04 08:17:15,36,,
90a921cd-179b-4a51-8db5-0e4920eb1812,VAC-1097,CAND-10097,HR,Провести интервью с HR,User Task,Марина_7,2025-10-04 08:17:15,2025-10-04 09:50:15,93,passed,
90a921cd-179b-4a51-8db5-0e4920eb1812,VAC-1097,CAND-10097,ИНТЕРВЬЮЕРЫ,Назначить техническое интервью,User Task,Сергей_4,2025-10-04 09:50:15,2025-10-04 10:05:15,15,,
90a921cd-179b-4a51-8db5-0e4920eb1812,VAC-1097,CAND-10097,ИНТЕРВЬЮЕРЫ,Провести техническое интервью,User Task,Сергей_8,2025-10-04 10:05:15,2025-10-04 11:25:15,80,rejected,недостаточно технических навыков
9176ad98-0e66-41e4-b612-bac8cdc58d98,VAC-1020,CAND-10020,РУКОВОДИТЕЛЬ,Создать заявку,User Task,Иванов_8,2025-08-27 20:13:15,2025-08-27 20:43:15,30,,
9176ad98-0e66-41e4-b612-bac8cdc58d98,VAC-1020,CAND-10020,HR,Зарегистрировать в HCM,Service Task,Ольга_5,2025-08-27 20:43:15,2025-08-27 20:59:15,16,,
9176ad98-0e66-41e4-b612-bac8cdc58d98,VAC-1020,CAND-10020,РЕКРУТЕР,Разместить вакансию,Task,Дмитрий_5,2025-08-27 20:59:15,2025-08-27 22:02:15,63,,
9176ad98-0e66-41e4-b612-bac8cdc58d98,VAC-1020,CAND-10020,РЕКРУТЕР,Собирать резюме,Task,Алексей_9,2025-08-27 22:02:15,2025-08-30 11:58:15,3716,,
9176ad98-0e66-41e4-b612-bac8cdc58d98,VAC-1020,CAND-10020,РЕКРУТЕР,Скрининг,Task,Алексей_7,2025-08-30 11:58:15,2025-08-30 12:10:15,12,rejected,некорректное резюме
939de21e-26a6-4329-b0c7-1c0ae1b62cb4,VAC-1006,CAND-10006,РУКОВОДИТЕЛЬ,Создать заявку,User Task,Сидоров_7,2025-09-25 20:29:15,2025-09-25 20:55:15,26,,
939de21e-26a6-4329-b0c7-1c0ae1b62cb4,VAC-1006,CAND-10006,HR,Зарегистрировать в HCM,Service Task,Наталья_9,2025-09-25 20:55:15,2025-09-25 21:35:15,40,,
939de21e-26a6-4329-b0c7-1c0ae1b62cb4,VAC-1006,CAND-10006,РЕКРУТЕР,Разместить вакансию,Task,Екатерина_4,2025-09-25 21:35:15,2025-09-25 23:31:15,116,,
939de21e-26a6-4329-b0c7-1c0ae1b62cb4,VAC-1006,CAND-10006,РЕКРУТЕР,Собирать резюме,Task,Дмитрий_6,2025-09-25 23:31:15,2025-09-27 20:47:15,2716,,
939de21e-26a6-4329-b0c7-1c0ae1b62cb4,VAC-1006,CAND-10006,РЕКРУТЕР,Скрининг,Task,Дмитрий_2,2025-09-27 20:47:15,2025-09-27 21:13:15,26,passed,
939de21e-26a6-4329-b0c7-1c0ae1b62cb4,VAC-1006,CAND-10006,HR,Назначить интервью с HR,User Task,Наталья_2,2025-09-27 21:13:15,2025-09-27 21:30:15,17,,
939de21e-26a6-4329-b0c7-1c0ae1b62cb4,VAC-1006,CAND-10006,HR,Провести интервью с HR,User Task,Марина_4,2025-09-27 21:30:15,2025-09-27 23:30:15,120,passed,
939de21e-26a6-4329-b0c7-1c0ae1b62cb4,VAC-1006,CAND-10006,ИНТЕРВЬЮЕРЫ,Назначить техническое интервью,User Task,Андрей_1,2025-09-27 23:30:15,2025-09-27 23:58:15,28,,
939de21e-26a6-4329-b0c7-1c0ae1b62cb4,VAC-1006,CAND-10006,ИНТЕРВЬЮЕРЫ,Провести техническое интервью,User Task,Андрей_2,2025-09-27 23:58:15,2025-09-28 00:50:15,52,passed,
939de21e-26a6-4329-b0c7-1c0ae1b62cb4,VAC-1006,CAND-10006,ИНТЕРВЬЮЕРЫ,Назначить финальное интервью,User Task,Андрей_6,2025-09-28 00:50:15,2025-09-28 01:28:15,38,,
939de21e-26a6-4329-b0c7-1c0ae1b62cb4,VAC-1006,CAND-10006,ИНТЕРВЬЮЕРЫ,Провести финальное интервью,User Task,Сергей_8,2025-09-28 01:28:15,2025-09-28 02:43:15,75,passed,
939de21e-26a6-4329-b0c7-1c0ae1b62cb4,VAC-1006,CAND-10006,HR (ОФФЕР),Согласовать условия,User Task,Марина_3,2025-09-28 02:43:15,2025-09-28 04:37:15,114,,
939de21e-26a6-4329-b0c7-1c0ae1b62cb4,VAC-1006,CAND-10006,HR (ОФФЕР),Сгенерировать оффер,Service Task,Марина_8,2025-09-28 04:37:15,2025-09-28 05:05:15,28,,
939de21e-26a6-4329-b0c7-1c0ae1b62cb4,VAC-1006,CAND-10006,HR (ОФФЕР),Отправить оффер,Send Task,Наталья_8,2025-09-28 05:05:15,2025-09-28 05:15:15,10,sent,
939de21e-26a6-4329-b0c7-1c0ae1b62cb4,VAC-1006,CAND-10006,HR (ОФФЕР),Переговоры / отказ,Task,Наталья_2,2025-09-28 05:15:15,2025-09-28 07:03:15,108,rejected,
9415fb62-9f6e-42c7-95eb-a0f53924c9a4,VAC-1067,CAND-10067,РУКОВОДИТЕЛЬ,Создать заявку,User Task,Петров_6,2025-10-07 13:30:15,2025-10-07 13:48:15,18,,
9415fb62-9f6e-42c7-95eb-a0f53924c9a4,VAC-1067,CAND-10067,HR,Зарегистрировать в HCM,Service Task,Наталья_1,2025-10-07 13:48:15,2025-10-07 14:27:15,39,,
9415fb62-9f6e-42c7-95eb-a0f53924c9a4,VAC-1067,CAND-10067,РЕКРУТЕР,Разместить вакансию,Task,Дмитрий_4,2025-10-07 14:27:15,2025-10-07 15:20:15,53,,
9415fb62-9f6e-42c7-95eb-a0f53924c9a4,VAC-1067,CAND-10067,РЕКРУТЕР,Собирать резюме,Task,Дмитрий_6,2025-10-07 15:20:15,2025-10-09 21:49:15,3269,,
9415fb62-9f6e-42c7-95eb-a0f53924c9a4,VAC-1067,CAND-10067,РЕКРУТЕР,Скрининг,Task,Екатерина_1,2025-10-09 21:49:15,2025-10-09 22:22:15,33,passed,
9415fb62-9f6e-42c7-95eb-a0f53924c9a4,VAC-1067,CAND-10067,HR,Назначить интервью с HR,User Task,Марина_6,2025-10-09 22:22:15,2025-10-09 22:40:15,18,,
9415fb62-9f6e-42c7-95eb-a0f53924c9a4,VAC-1067,CAND-10067,HR,Провести интервью с HR,User Task,Марина_2,2025-10-09 22:40:15,2025-10-09 23:32:15,52,passed,
9415fb62-9f6e-42c7-95eb-a0f53924c9a4,VAC-1067,CAND-10067,ИНТЕРВЬЮЕРЫ,Назначить техническое интервью,User Task,Сергей_3,2025-10-09 23:32:15,2025-10-09 23:56:15,24,,
9415fb62-9f6e-42c7-95eb-a0f53924c9a4,VAC-1067,CAND-10067,ИНТЕРВЬЮЕРЫ,Провести техническое интервью,User Task,Анна_5,2025-10-09 23:56:15,2025-10-10 01:45:15,109,passed,
9415fb62-9f6e-42c7-95eb-a0f53924c9a4,VAC-1067,CAND-10067,ИНТЕРВЬЮЕРЫ,Назначить финальное интервью,User Task,Андрей_5,2025-10-10 01:45:15,2025-10-10 02:17:15,32,,
9415fb62-9f6e-42c7-95eb-a0f53924c9a4,VAC-1067,CAND-10067,ИНТЕРВЬЮЕРЫ,Провести финальное интервью,User Task,Андрей_3,2025-10-10 02:17:15,2025-10-10 03:30:15,73,passed,
9415fb62-9f6e-42c7-95eb-a0f53924c9a4,VAC-1067,CAND-10067,HR (ОФФЕР),Согласовать условия,User Task,Наталья_8,2025-10-10 03:30:15,2025-10-10 06:32:15,182,,
9415fb62-9f6e-42c7-95eb-a0f53924c9a4,VAC-1067,CAND-10067,HR (ОФФЕР),Сгенерировать оффер,Service Task,Марина_6,2025-10-10 06:32:15,2025-10-10 07:00:15,28,,
9415fb62-9f6e-42c7-95eb-a0f53924c9a4,VAC-1067,CAND-10067,HR (ОФФЕР),Отправить оффер,Send Task,Ольга_9,2025-10-10 07:00:15,2025-10-10 07:10:15,10,sent,
9415fb62-9f6e-42c7-95eb-a0f53924c9a4,VAC-1067,CAND-10067,HR (ОФФЕР),Переговоры / отказ,Task,Марина_4,2025-10-10 07:10:15,2025-10-10 10:27:15,197,rejected,
94c856b5-97bf-471b-94cd-d7da9a4fc3dc,VAC-1147,CAND-10147,РУКОВОДИТЕЛЬ,Создать заявку,User Task,Иванов_3,2025-09-30 21:22:15,2025-09-30 21:57:15,35,,
94c856b5-97bf-471b-94cd-d7da9a4fc3dc,VAC-1147,CAND-10147,HR,Зарегистрировать в HCM,Service Task,Наталья_5,2025-09-30 21:57:15,2025-09-30 22:08:15,11,,
94c856b5-97bf-471b-94cd-d7da9a4fc3dc,VAC-1147,CAND-10147,РЕКРУТЕР,Разместить вакансию,Task,Екатерина_2,2025-09-30 22:08:15,2025-09-30 23:28:15,80,,
94c856b5-97bf-471b-94cd-d7da9a4fc3dc,VAC-1147,CAND-10147,РЕКРУТЕР,Собирать резюме,Task,Екатерина_6,2025-09-30 23:28:15,2025-10-03 06:10:15,3282,,
94c856b5-97bf-471b-94cd-d7da9a4fc3dc,VAC-1147,CAND-10147,РЕКРУТЕР,Скрининг,Task,Екатерина_9,2025-10-03 06:10:15,2025-10-03 06:31:15,21,passed,
94c856b5-97bf-471b-94cd-d7da9a4fc3dc,VAC-1147,CAND-10147,HR,Назначить интервью с HR,User Task,Ольга_6,2025-10-03 06:31:15,2025-10-03 07:10:15,39,,
94c856b5-97bf-471b-94cd-d7da9a4fc3dc,VAC-1147,CAND-10147,HR,Провести интервью с HR,User Task,Ольга_4,2025-10-03 07:10:15,2025-10-03 08:10:15,60,passed,
94c856b5-97bf-471b-94cd-d7da9a4fc3dc,VAC-1147,CAND-10147,ИНТЕРВЬЮЕРЫ,Назначить техническое интервью,User Task,Анна_9,2025-10-03 08:10:15,2025-10-03 08:38:15,28,,
94c856b5-97bf-471b-94cd-d7da9a4fc3dc,VAC-1147,CAND-10147,ИНТЕРВЬЮЕРЫ,Провести техническое интервью,User Task,Сергей_6,2025-10-03 08:38:15,2025-10-03 09:59:15,81,passed,
94c856b5-97bf-471b-94cd-d7da9a4fc3dc,VAC-1147,CAND-10147,ИНТЕРВЬЮЕРЫ,Назначить финальное интервью,User Task,Анна_8,2025-10-03 09:59:15,2025-10-03 10:30:15,31,,
94c856b5-97bf-471b-94cd-d7da9a4fc3dc,VAC-1147,CAND-10147,ИНТЕРВЬЮЕРЫ,Провести финальное интервью,User Task,Андрей_7,2025-10-03 10:30:15,2025-10-03 12:12:15,102,passed,
94c856b5-97bf-471b-94cd-d7da9a4fc3dc,VAC-1147,CAND-10147,HR (ОФФЕР),Согласовать условия,User Task,Ольга_8,2025-10-03 12:12:15,2025-10-03 15:49:15,217,,
94c856b5-97bf-471b-94cd-d7da9a4fc3dc,VAC-1147,CAND-10147,HR (ОФФЕР),Сгенерировать оффер,Service Task,Наталья_3,2025-10-03 15:49:15,2025-10-03 16:14:15,25,,
94c856b5-97bf-471b-94cd-d7da9a4fc3dc,VAC-1147,CAND-10147,HR (ОФФЕР),Отправить оффер,Send Task,Марина_6,2025-10-03 16:14:15,2025-10-03 16:24:15,10,sent,
94c856b5-97bf-471b-94cd-d7da9a4fc3dc,VAC-1147,CAND-10147,SECURITY,Background Check,Call Activity,Служба_БД_2,2025-10-03 16:24:15,2025-10-07 23:39:15,6195,report_ready,
94c856b5-97bf-471b-94cd-d7da9a4fc3dc,VAC-1147,CAND-10147,IT,Выдача оборудования,Task,IT_Specialist_6,2025-10-07 23:39:15,2025-10-08 01:08:15,89,,
94c856b5-97bf-471b-94cd-d7da9a4fc3dc,VAC-1147,CAND-10147,IT,Создать доступы,Task,IT_Specialist_5,2025-10-08 01:08:15,2025-10-08 03:01:15,113,,
94c856b5-97bf-471b-94cd-d7da9a4fc3dc,VAC-1147,CAND-10147,IT,Вводное обучение,Service Task,Ольга_8,2025-10-08 03:01:15,2025-10-08 09:23:15,382,,
94c856b5-97bf-471b-94cd-d7da9a4fc3dc,VAC-1147,CAND-10147,HR,Назначить ментора,Task,Ольга_9,2025-10-08 09:23:15,2025-10-08 10:42:15,79,,
94c856b5-97bf-471b-94cd-d7da9a4fc3dc,VAC-1147,CAND-10147,HR,Уведомить всех,Message,system,2025-10-08 10:42:15,2025-10-08 10:47:15,5,notified,
94c856b5-97bf-471b-94cd-d7da9a4fc3dc,VAC-1147,CAND-10147,HR,Обновить HCM,Service Task,Ольга_7,2025-10-08 10:47:15,2025-10-08 11:07:15,20,,
94c856b5-97bf-471b-94cd-d7da9a4fc3dc,VAC-1147,CAND-10147,HR,Payroll,Service Task,Наталья_3,2025-10-08 11:07:15,2025-10-08 11:27:15,20,,
94c856b5-97bf-471b-94cd-d7da9a4fc3dc,VAC-1147,CAND-10147,HR,Закрыть вакансию,Service Task,Наталья_3,2025-10-08 11:27:15,2025-10-08 11:32:15,5,,
95d61b78-33e1-417c-8d3f-d2aead0beeea,VAC-1178,CAND-10178,РУКОВОДИТЕЛЬ,Создать заявку,User Task,Петров_3,2025-10-18 14:55:15,2025-10-18 15:43:15,48,,
95d61b78-33e1-417c-8d3f-d2aead0beeea,VAC-1178,CAND-10178,HR,Зарегистрировать в HCM,Service Task,Наталья_5,2025-10-18 15:43:15,2025-10-18 16:12:15,29,,
95d61b78-33e1-417c-8d3f-d2aead0beeea,VAC-1178,CAND-10178,РЕКРУТЕР,Разместить вакансию,Task,Дмитрий_1,2025-10-18 16:12:15,2025-10-18 18:02:15,110,,
95d61b78-33e1-417c-8d3f-d2aead0beeea,VAC-1178,CAND-10178,РЕКРУТЕР,Собирать резюме,Task,Дмитрий_2,2025-10-18 18:02:15,2025-10-20 12:34:15,2552,,
95d61b78-33e1-417c-8d3f-d2aead0beeea,VAC-1178,CAND-10178,РЕКРУТЕР,Скрининг,Task,Дмитрий_8,2025-10-20 12:34:15,2025-10-20 12:51:15,17,passed,
95d61b78-33e1-417c-8d3f-d2aead0beeea,VAC-1178,CAND-10178,HR,Назначить интервью с HR,User Task,Ольга_4,2025-10-20 12:51:15,2025-10-20 13:27:15,36,,
95d61b78-33e1-417c-8d3f-d2aead0beeea,VAC-1178,CAND-10178,HR,Провести интервью с HR,User Task,Наталья_6,2025-10-20 13:27:15,2025-10-20 14:34:15,67,passed,
95d61b78-33e1-417c-8d3f-d2aead0beeea,VAC-1178,CAND-10178,ИНТЕРВЬЮЕРЫ,Назначить техническое интервью,User Task,Андрей_4,2025-10-20 14:34:15,2025-10-20 15:09:15,35,,
95d61b78-33e1-417c-8d3f-d2aead0beeea,VAC-1178,CAND-10178,ИНТЕРВЬЮЕРЫ,Провести техническое интервью,User Task,Анна_1,2025-10-20 15:09:15,2025-10-20 16:50:15,101,rejected,слабое решение задач
9604db58-2e73-4c8a-a295-39795768d39e,VAC-1141,CAND-10141,РУКОВОДИТЕЛЬ,Создать заявку,User Task,Иванов_1,2025-08-30 16:33:15,2025-08-30 17:06:15,33,,
9604db58-2e73-4c8a-a295-39795768d39e,VAC-1141,CAND-10141,HR,Зарегистрировать в HCM,Service Task,Ольга_7,2025-08-30 17:06:15,2025-08-30 17:39:15,33,,
9604db58-2e73-4c8a-a295-39795768d39e,VAC-1141,CAND-10141,РЕКРУТЕР,Разместить вакансию,Task,Екатерина_9,2025-08-30 17:39:15,2025-08-30 19:17:15,98,,
9604db58-2e73-4c8a-a295-39795768d39e,VAC-1141,CAND-10141,РЕКРУТЕР,Собирать резюме,Task,Екатерина_1,2025-08-30 19:17:15,2025-09-01 14:50:15,2613,,
9604db58-2e73-4c8a-a295-39795768d39e,VAC-1141,CAND-10141,РЕКРУТЕР,Скрининг,Task,Алексей_8,2025-09-01 14:50:15,2025-09-01 15:26:15,36,rejected,некорректное резюме
97788438-8f12-45cc-ad0f-98a83618e0b2,VAC-1180,CAND-10180,РУКОВОДИТЕЛЬ,Создать заявку,User Task,Петров_7,2025-09-01 18:22:15,2025-09-01 18:37:15,15,,
97788438-8f12-45cc-ad0f-98a83618e0b2,VAC-1180,CAND-10180,HR,Зарегистрировать в HCM,Service Task,Марина_8,2025-09-01 18:37:15,2025-09-01 18:52:15,15,,
97788438-8f12-45cc-ad0f-98a83618e0b2,VAC-1180,CAND-10180,РЕКРУТЕР,Разместить вакансию,Task,Дмитрий_5,2025-09-01 18:52:15,2025-09-01 20:30:15,98,,
97788438-8f12-45cc-ad0f-98a83618e0b2,VAC-1180,CAND-10180,РЕКРУТЕР,Собирать резюме,Task,Алексей_9,2025-09-01 20:30:15,2025-09-03 19:11:15,2801,,
97788438-8f12-45cc-ad0f-98a83618e0b2,VAC-1180,CAND-10180,РЕКРУТЕР,Скрининг,Task,Дмитрий_3,2025-09-03 19:11:15,2025-09-03 19:50:15,39,passed,
97788438-8f12-45cc-ad0f-98a83618e0b2,VAC-1180,CAND-10180,HR,Назначить интервью с HR,User Task,Марина_8,2025-09-03 19:50:15,2025-09-03 20:02:15,12,,
97788438-8f12-45cc-ad0f-98a83618e0b2,VAC-1180,CAND-10180,HR,Провести интервью с HR,User Task,Марина_8,2025-09-03 20:02:15,2025-09-03 21:26:15,84,passed,
97788438-8f12-45cc-ad0f-98a83618e0b2,VAC-1180,CAND-10180,ИНТЕРВЬЮЕРЫ,Назначить техническое интервью,User Task,Андрей_4,2025-09-03 21:26:15,2025-09-03 21:51:15,25,,
97788438-8f12-45cc-ad0f-98a83618e0b2,VAC-1180,CAND-10180,ИНТЕРВЬЮЕРЫ,Провести техническое интервью,User Task,Сергей_7,2025-09-03 21:51:15,2025-09-03 23:09:15,78,passed,
97788438-8f12-45cc-ad0f-98a83618e0b2,VAC-1180,CAND-10180,ИНТЕРВЬЮЕРЫ,Назначить финальное интервью,User Task,Анна_6,2025-09-03 23:09:15,2025-09-03 23:24:15,15,,
97788438-8f12-45cc-ad0f-98a83618e0b2,VAC-1180,CAND-10180,ИНТЕРВЬЮЕРЫ,Провести финальное интервью,User Task,Сергей_8,2025-09-03 23:24:15,2025-09-04 00:50:15,86,passed,
97788438-8f12-45cc-ad0f-98a83618e0b2,VAC-1180,CAND-10180,HR (ОФФЕР),Согласовать условия,User Task,Наталья_8,2025-09-04 00:50:15,2025-09-04 01:57:15,67,,
97788438-8f12-45cc-ad0f-98a83618e0b2,VAC-1180,CAND-10180,HR (ОФФЕР),Сгенерировать оффер,Service Task,Ольга_8,2025-09-04 01:57:15,2025-09-04 02:05:15,8,,
97788438-8f12-45cc-ad0f-98a83618e0b2,VAC-1180,CAND-10180,HR (ОФФЕР),Отправить оффер,Send Task,Ольга_3,2025-09-04 02:05:15,2025-09-04 02:15:15,10,sent,
97788438-8f12-45cc-ad0f-98a83618e0b2,VAC-1180,CAND-10180,SECURITY,Background Check,Call Activity,Служба_БД_9,2025-09-04 02:15:15,2025-09-08 01:50:15,5735,report_ready,
97788438-8f12-45cc-ad0f-98a83618e0b2,VAC-1180,CAND-10180,IT,Выдача оборудования,Task,IT_Specialist_6,2025-09-08 01:50:15,2025-09-08 04:34:15,164,,
97788438-8f12-45cc-ad0f-98a83618e0b2,VAC-1180,CAND-10180,IT,Создать доступы,Task,IT_Specialist_5,2025-09-08 04:34:15,2025-09-08 06:15:15,101,,
97788438-8f12-45cc-ad0f-98a83618e0b2,VAC-1180,CAND-10180,IT,Вводное обучение,Service Task,Ольга_7,2025-09-08 06:15:15,2025-09-08 13:47:15,452,,
97788438-8f12-45cc-ad0f-98a83618e0b2,VAC-1180,CAND-10180,HR,Назначить ментора,Task,Ольга_4,2025-09-08 13:47:15,2025-09-08 14:54:15,67,,
97788438-8f12-45cc-ad0f-98a83618e0b2,VAC-1180,CAND-10180,HR,Уведомить всех,Message,system,2025-09-08 14:54:15,2025-09-08 14:59:15,5,notified,
97788438-8f12-45cc-ad0f-98a83618e0b2,VAC-1180,CAND-10180,HR,Обновить HCM,Service Task,Марина_4,2025-09-08 14:59:15,2025-09-08 15:19:15,20,,
97788438-8f12-45cc-ad0f-98a83618e0b2,VAC-1180,CAND-10180,HR,Payroll,Service Task,Марина_3,2025-09-08 15:19:15,2025-09-08 15:39:15,20,,
97788438-8f12-45cc-ad0f-98a83618e0b2,VAC-1180,CAND-10180,HR,Закрыть вакансию,Service Task,Ольга_7,2025-09-08 15:39:15,2025-09-08 15:44:15,5,,
98005c6b-7c24-4cfe-ae48-3ebb58ac6624,VAC-1056,CAND-10056,РУКОВОДИТЕЛЬ,Создать заявку,User Task,Иванов_4,2025-09-09 13:31:15,2025-09-09 14:31:15,60,,
98005c6b-7c24-4cfe-ae48-3ebb58ac6624,VAC-1056,CAND-10056,HR,Зарегистрировать в HCM,Service Task,Ольга_1,2025-09-09 14:31:15,2025-09-09 15:06:15,35,,
98005c6b-7c24-4cfe-ae48-3ebb58ac6624,VAC-1056,CAND-10056,РЕКРУТЕР,Разместить вакансию,Task,Екатерина_6,2025-09-09 15:06:15,2025-09-09 16:12:15,66,,
98005c6b-7c24-4cfe-ae48-3ebb58ac6624,VAC-1056,CAND-10056,РЕКРУТЕР,Собирать резюме,Task,Екатерина_3,2025-09-09 16:12:15,2025-09-12 00:06:15,3354,,
98005c6b-7c24-4cfe-ae48-3ebb58ac6624,VAC-1056,CAND-10056,РЕКРУТЕР,Скрининг,Task,Алексей_5,2025-09-12 00:06:15,2025-09-12 00:18:15,12,passed,
98005c6b-7c24-4cfe-ae48-3ebb58ac6624,VAC-1056,CAND-10056,HR,Назначить интервью с HR,User Task,Марина_8,2025-09-12 00:18:15,2025-09-12 00:40:15,22,,
98005c6b-7c24-4cfe-ae48-3ebb58ac6624,VAC-1056,CAND-10056,HR,Провести интервью с HR,User Task,Марина_2,2025-09-12 00:40:15,2025-09-12 02:17:15,97,passed,
98005c6b-7c24-4cfe-ae48-3ebb58ac6624,VAC-1056,CAND-10056,ИНТЕРВЬЮЕРЫ,Назначить техническое интервью,User Task,Сергей_2,2025-09-12 02:17:15,2025-09-12 02:31:15,14,,
98005c6b-7c24-4cfe-ae48-3ebb58ac6624,VAC-1056,CAND-10056,ИНТЕРВЬЮЕРЫ,Провести техническое интервью,User Task,Сергей_3,2025-09-12 02:31:15,2025-09-12 04:22:15,111,passed,
98005c6b-7c24-4cfe-ae48-3ebb58ac6624,VAC-1056,CAND-10056,ИНТЕРВЬЮЕРЫ,Назначить финальное интервью,User Task,Анна_3,2025-09-12 04:22:15,2025-09-12 05:00:15,38,,
98005c6b-7c24-4cfe-ae48-3ebb58ac6624,VAC-1056,CAND-10056,ИНТЕРВЬЮЕРЫ,Провести финальное интервью,User Task,Сергей_9,2025-09-12 05:00:15,2025-09-12 06:01:15,61,passed,
98005c6b-7c24-4cfe-ae48-3ebb58ac6624,VAC-1056,CAND-10056,HR (ОФФЕР),Согласовать условия,User Task,Наталья_9,2025-09-12 06:01:15,2025-09-12 07:15:15,74,,
98005c6b-7c24-4cfe-ae48-3ebb58ac6624,VAC-1056,CAND-10056,HR (ОФФЕР),Сгенерировать оффер,Service Task,Ольга_3,2025-09-12 07:15:15,2025-09-12 07:24:15,9,,
98005c6b-7c24-4cfe-ae48-3ebb58ac6624,VAC-1056,CAND-10056,HR (ОФФЕР),Отправить оффер,Send Task,Наталья_6,2025-09-12 07:24:15,2025-09-12 07:34:15,10,sent,
98005c6b-7c24-4cfe-ae48-3ebb58ac6624,VAC-1056,CAND-10056,HR (ОФФЕР),Переговоры / отказ,Task,Ольга_9,2025-09-12 07:34:15,2025-09-12 09:31:15,117,rejected,
98457242-8a4f-4045-8b35-049ed8c6726a,VAC-1002,CAND-10002,РУКОВОДИТЕЛЬ,Создать заявку,User Task,Петров_4,2025-10-05 17:29:15,2025-10-05 18:02:15,33,,
98457242-8a4f-4045-8b35-049ed8c6726a,VAC-1002,CAND-10002,HR,Зарегистрировать в HCM,Service Task,Ольга_2,2025-10-05 18:02:15,2025-10-05 18:33:15,31,,
98457242-8a4f-4045-8b35-049ed8c6726a,VAC-1002,CAND-10002,РЕКРУТЕР,Разместить вакансию,Task,Екатерина_3,2025-10-05 18:33:15,2025-10-05 20:10:15,97,,
98457242-8a4f-4045-8b35-049ed8c6726a,VAC-1002,CAND-10002,РЕКРУТЕР,Собирать резюме,Task,Екатерина_4,2025-10-05 20:10:15,2025-10-08 08:37:15,3627,,
98457242-8a4f-4045-8b35-049ed8c6726a,VAC-1002,CAND-10002,РЕКРУТЕР,Скрининг,Task,Дмитрий_9,2025-10-08 08:37:15,2025-10-08 08:59:15,22,passed,
98457242-8a4f-4045-8b35-049ed8c6726a,VAC-1002,CAND-10002,HR,Назначить интервью с HR,User Task,Марина_6,2025-10-08 08:59:15,2025-10-08 09:16:15,17,,
98457242-8a4f-4045-8b35-049ed8c6726a,VAC-1002,CAND-10002,HR,Провести интервью с HR,User Task,Наталья_1,2025-10-08 09:16:15,2025-10-08 10:08:15,52,rejected,несоответствие культуре
987330d0-2080-44ea-9548-d8237827a1ef,VAC-1106,CAND-10106,РУКОВОДИТЕЛЬ,Создать заявку,User Task,Петров_1,2025-10-06 19:55:15,2025-10-06 20:43:15,48,,
987330d0-2080-44ea-9548-d8237827a1ef,VAC-1106,CAND-10106,HR,Зарегистрировать в HCM,Service Task,Ольга_7,2025-10-06 20:43:15,2025-10-06 20:58:15,15,,
987330d0-2080-44ea-9548-d8237827a1ef,VAC-1106,CAND-10106,РЕКРУТЕР,Разместить вакансию,Task,Екатерина_7,2025-10-06 20:58:15,2025-10-06 21:36:15,38,,
987330d0-2080-44ea-9548-d8237827a1ef,VAC-1106,CAND-10106,РЕКРУТЕР,Собирать резюме,Task,Дмитрий_6,2025-10-06 21:36:15,2025-10-08 00:14:15,1598,,
987330d0-2080-44ea-9548-d8237827a1ef,VAC-1106,CAND-10106,РЕКРУТЕР,Скрининг,Task,Екатерина_8,2025-10-08 00:14:15,2025-10-08 00:25:15,11,passed,
987330d0-2080-44ea-9548-d8237827a1ef,VAC-1106,CAND-10106,HR,Назначить интервью с HR,User Task,Ольга_6,2025-10-08 00:25:15,2025-10-08 01:04:15,39,,
987330d0-2080-44ea-9548-d8237827a1ef,VAC-1106,CAND-10106,HR,Провести интервью с HR,User Task,Ольга_5,2025-10-08 01:04:15,2025-10-08 02:27:15,83,passed,
987330d0-2080-44ea-9548-d8237827a1ef,VAC-1106,CAND-10106,ИНТЕРВЬЮЕРЫ,Назначить техническое интервью,User Task,Сергей_2,2025-10-08 02:27:15,2025-10-08 03:03:15,36,,
987330d0-2080-44ea-9548-d8237827a1ef,VAC-1106,CAND-10106,ИНТЕРВЬЮЕРЫ,Провести техническое интервью,User Task,Андрей_5,2025-10-08 03:03:15,2025-10-08 04:17:15,74,rejected,нет опыта с технологиями
989a46cf-8044-43c7-8c68-cada113ec5ee,VAC-1123,CAND-10123,РУКОВОДИТЕЛЬ,Создать заявку,User Task,Иванов_9,2025-09-26 12:52:15,2025-09-26 13:49:15,57,,
989a46cf-8044-43c7-8c68-cada113ec5ee,VAC-1123,CAND-10123,HR,Зарегистрировать в HCM,Service Task,Ольга_8,2025-09-26 13:49:15,2025-09-26 14:28:15,39,,
989a46cf-8044-43c7-8c68-cada113ec5ee,VAC-1123,CAND-10123,РЕКРУТЕР,Разместить вакансию,Task,Алексей_3,2025-09-26 14:28:15,2025-09-26 15:53:15,85,,
989a46cf-8044-43c7-8c68-cada113ec5ee,VAC-1123,CAND-10123,РЕКРУТЕР,Собирать резюме,Task,Алексей_7,2025-09-26 15:53:15,2025-09-28 00:38:15,1965,,
989a46cf-8044-43c7-8c68-cada113ec5ee,VAC-1123,CAND-10123,РЕКРУТЕР,Скрининг,Task,Дмитрий_9,2025-09-28 00:38:15,2025-09-28 01:07:15,29,passed,
989a46cf-8044-43c7-8c68-cada113ec5ee,VAC-1123,CAND-10123,HR,Назначить интервью с HR,User Task,Ольга_7,2025-09-28 01:07:15,2025-09-28 01:45:15,38,,
989a46cf-8044-43c7-8c68-cada113ec5ee,VAC-1123,CAND-10123,HR,Провести интервью с HR,User Task,Ольга_7,2025-09-28 01:45:15,2025-09-28 03:01:15,76,rejected,несоответствие культуре
9d6fb36d-581b-47e9-adbb-2b939f36482e,VAC-1037,CAND-10037,РУКОВОДИТЕЛЬ,Создать заявку,User Task,Сидоров_3,2025-10-07 20:45:15,2025-10-07 21:32:15,47,,
9d6fb36d-581b-47e9-adbb-2b939f36482e,VAC-1037,CAND-10037,HR,Зарегистрировать в HCM,Service Task,Ольга_2,2025-10-07 21:32:15,2025-10-07 22:10:15,38,,
9d6fb36d-581b-47e9-adbb-2b939f36482e,VAC-1037,CAND-10037,РЕКРУТЕР,Разместить вакансию,Task,Екатерина_7,2025-10-07 22:10:15,2025-10-07 23:32:15,82,,
9d6fb36d-581b-47e9-adbb-2b939f36482e,VAC-1037,CAND-10037,РЕКРУТЕР,Собирать резюме,Task,Алексей_6,2025-10-07 23:32:15,2025-10-09 18:37:15,2585,,
9d6fb36d-581b-47e9-adbb-2b939f36482e,VAC-1037,CAND-10037,РЕКРУТЕР,Скрининг,Task,Алексей_6,2025-10-09 18:37:15,2025-10-09 19:01:15,24,passed,
9d6fb36d-581b-47e9-adbb-2b939f36482e,VAC-1037,CAND-10037,HR,Назначить интервью с HR,User Task,Марина_6,2025-10-09 19:01:15,2025-10-09 19:14:15,13,,
9d6fb36d-581b-47e9-adbb-2b939f36482e,VAC-1037,CAND-10037,HR,Провести интервью с HR,User Task,Наталья_7,2025-10-09 19:14:15,2025-10-09 20:44:15,90,passed,
9d6fb36d-581b-47e9-adbb-2b939f36482e,VAC-1037,CAND-10037,ИНТЕРВЬЮЕРЫ,Назначить техническое интервью,User Task,Андрей_2,2025-10-09 20:44:15,2025-10-09 21:02:15,18,,
9d6fb36d-581b-47e9-adbb-2b939f36482e,VAC-1037,CAND-10037,ИНТЕРВЬЮЕРЫ,Провести техническое интервью,User Task,Андрей_4,2025-10-09 21:02:15,2025-10-09 22:45:15,103,rejected,нет опыта с технологиями
9f0b7515-69a0-4461-93e3-2fc137e65283,VAC-1060,CAND-10060,РУКОВОДИТЕЛЬ,Создать заявку,User Task,Петров_1,2025-09-18 18:42:15,2025-09-18 18:54:15,12,,
9f0b7515-69a0-4461-93e3-2fc137e65283,VAC-1060,CAND-10060,HR,Зарегистрировать в HCM,Service Task,Марина_4,2025-09-18 18:54:15,2025-09-18 19:22:15,28,,
9f0b7515-69a0-4461-93e3-2fc137e65283,VAC-1060,CAND-10060,РЕКРУТЕР,Разместить вакансию,Task,Екатерина_5,2025-09-18 19:22:15,2025-09-18 20:28:15,66,,
9f0b7515-69a0-4461-93e3-2fc137e65283,VAC-1060,CAND-10060,РЕКРУТЕР,Собирать резюме,Task,Дмитрий_9,2025-09-18 20:28:15,2025-09-20 01:29:15,1741,,
9f0b7515-69a0-4461-93e3-2fc137e65283,VAC-1060,CAND-10060,РЕКРУТЕР,Скрининг,Task,Дмитрий_2,2025-09-20 01:29:15,2025-09-20 01:56:15,27,passed,
9f0b7515-69a0-4461-93e3-2fc137e65283,VAC-1060,CAND-10060,HR,Назначить интервью с HR,User Task,Наталья_7,2025-09-20 01:56:15,2025-09-20 02:10:15,14,,
9f0b7515-69a0-4461-93e3-2fc137e65283,VAC-1060,CAND-10060,HR,Провести интервью с HR,User Task,Марина_6,2025-09-20 02:10:15,2025-09-20 03:38:15,88,passed,
9f0b7515-69a0-4461-93e3-2fc137e65283,VAC-1060,CAND-10060,ИНТЕРВЬЮЕРЫ,Назначить техническое интервью,User Task,Андрей_4,2025-09-20 03:38:15,2025-09-20 04:12:15,34,,
9f0b7515-69a0-4461-93e3-2fc137e65283,VAC-1060,CAND-10060,ИНТЕРВЬЮЕРЫ,Провести техническое интервью,User Task,Анна_1,2025-09-20 04:12:15,2025-09-20 05:48:15,96,passed,
9f0b7515-69a0-4461-93e3-2fc137e65283,VAC-1060,CAND-10060,ИНТЕРВЬЮЕРЫ,Назначить финальное интервью,User Task,Андрей_3,2025-09-20 05:48:15,2025-09-20 05:59:15,11,,
9f0b7515-69a0-4461-93e3-2fc137e65283,VAC-1060,CAND-10060,ИНТЕРВЬЮЕРЫ,Провести финальное интервью,User Task,Анна_8,2025-09-20 05:59:15,2025-09-20 07:44:15,105,passed,
9f0b7515-69a0-4461-93e3-2fc137e65283,VAC-1060,CAND-10060,HR (ОФФЕР),Согласовать условия,User Task,Марина_9,2025-09-20 07:44:15,2025-09-20 09:22:15,98,,
9f0b7515-69a0-4461-93e3-2fc137e65283,VAC-1060,CAND-10060,HR (ОФФЕР),Сгенерировать оффер,Service Task,Ольга_6,2025-09-20 09:22:15,2025-09-20 09:31:15,9,,
9f0b7515-69a0-4461-93e3-2fc137e65283,VAC-1060,CAND-10060,HR (ОФФЕР),Отправить оффер,Send Task,Наталья_7,2025-09-20 09:31:15,2025-09-20 09:41:15,10,sent,
9f0b7515-69a0-4461-93e3-2fc137e65283,VAC-1060,CAND-10060,HR (ОФФЕР),Переговоры / отказ,Task,Марина_6,2025-09-20 09:41:15,2025-09-20 11:57:15,136,rejected,
9f302371-b7a9-4d8b-813a-752f88c4d209,VAC-1163,CAND-10163,РУКОВОДИТЕЛЬ,Создать заявку,User Task,Сидоров_3,2025-10-13 16:54:15,2025-10-13 17:34:15,40,,
9f302371-b7a9-4d8b-813a-752f88c4d209,VAC-1163,CAND-10163,HR,Зарегистрировать в HCM,Service Task,Марина_1,2025-10-13 17:34:15,2025-10-13 18:06:15,32,,
9f302371-b7a9-4d8b-813a-752f88c4d209,VAC-1163,CAND-10163,РЕКРУТЕР,Разместить вакансию,Task,Екатерина_9,2025-10-13 18:06:15,2025-10-13 19:14:15,68,,
9f302371-b7a9-4d8b-813a-752f88c4d209,VAC-1163,CAND-10163,РЕКРУТЕР,Собирать резюме,Task,Дмитрий_3,2025-10-13 19:14:15,2025-10-14 22:12:15,1618,,
9f302371-b7a9-4d8b-813a-752f88c4d209,VAC-1163,CAND-10163,РЕКРУТЕР,Скрининг,Task,Екатерина_5,2025-10-14 22:12:15,2025-10-14 22:28:15,16,passed,
9f302371-b7a9-4d8b-813a-752f88c4d209,VAC-1163,CAND-10163,HR,Назначить интервью с HR,User Task,Ольга_1,2025-10-14 22:28:15,2025-10-14 22:39:15,11,,
9f302371-b7a9-4d8b-813a-752f88c4d209,VAC-1163,CAND-10163,HR,Провести интервью с HR,User Task,Марина_6,2025-10-14 22:39:15,2025-10-14 23:58:15,79,passed,
9f302371-b7a9-4d8b-813a-752f88c4d209,VAC-1163,CAND-10163,ИНТЕРВЬЮЕРЫ,Назначить техническое интервью,User Task,Андрей_1,2025-10-14 23:58:15,2025-10-15 00:35:15,37,,
9f302371-b7a9-4d8b-813a-752f88c4d209,VAC-1163,CAND-10163,ИНТЕРВЬЮЕРЫ,Провести техническое интервью,User Task,Андрей_7,2025-10-15 00:35:15,2025-10-15 02:09:15,94,passed,
9f302371-b7a9-4d8b-813a-752f88c4d209,VAC-1163,CAND-10163,ИНТЕРВЬЮЕРЫ,Назначить финальное интервью,User Task,Анна_2,2025-10-15 02:09:15,2025-10-15 02:35:15,26,,
9f302371-b7a9-4d8b-813a-752f88c4d209,VAC-1163,CAND-10163,ИНТЕРВЬЮЕРЫ,Провести финальное интервью,User Task,Анна_9,2025-10-15 02:35:15,2025-10-15 04:22:15,107,rejected,не подходит команде
9fd9001b-beb2-4634-a90a-69ba4654dc3f,VAC-1135,CAND-10135,РУКОВОДИТЕЛЬ,Создать заявку,User Task,Иванов_7,2025-09-11 21:53:15,2025-09-11 22:39:15,46,,
9fd9001b-beb2-4634-a90a-69ba4654dc3f,VAC-1135,CAND-10135,HR,Зарегистрировать в HCM,Service Task,Ольга_6,2025-09-11 22:39:15,2025-09-11 23:09:15,30,,
9fd9001b-beb2-4634-a90a-69ba4654dc3f,VAC-1135,CAND-10135,РЕКРУТЕР,Разместить вакансию,Task,Екатерина_2,2025-09-11 23:09:15,2025-09-12 00:44:15,95,,
9fd9001b-beb2-4634-a90a-69ba4654dc3f,VAC-1135,CAND-10135,РЕКРУТЕР,Собирать резюме,Task,Дмитрий_7,2025-09-12 00:44:15,2025-09-14 12:00:15,3556,,
9fd9001b-beb2-4634-a90a-69ba4654dc3f,VAC-1135,CAND-10135,РЕКРУТЕР,Скрининг,Task,Екатерина_7,2025-09-14 12:00:15,2025-09-14 12:17:15,17,rejected,некорректное резюме
a16feb4c-e846-4030-9366-65d033933d1c,VAC-1010,CAND-10010,РУКОВОДИТЕЛЬ,Создать заявку,User Task,Сидоров_4,2025-10-20 15:44:15,2025-10-20 16:01:15,17,,
a16feb4c-e846-4030-9366-65d033933d1c,VAC-1010,CAND-10010,HR,Зарегистрировать в HCM,Service Task,Марина_1,2025-10-20 16:01:15,2025-10-20 16:29:15,28,,
a16feb4c-e846-4030-9366-65d033933d1c,VAC-1010,CAND-10010,РЕКРУТЕР,Разместить вакансию,Task,Алексей_7,2025-10-20 16:29:15,2025-10-20 18:08:15,99,,
a16feb4c-e846-4030-9366-65d033933d1c,VAC-1010,CAND-10010,РЕКРУТЕР,Собирать резюме,Task,Екатерина_9,2025-10-20 18:08:15,2025-10-23 15:00:15,4132,,
a16feb4c-e846-4030-9366-65d033933d1c,VAC-1010,CAND-10010,РЕКРУТЕР,Скрининг,Task,Алексей_6,2025-10-23 15:00:15,2025-10-23 15:18:15,18,passed,
a16feb4c-e846-4030-9366-65d033933d1c,VAC-1010,CAND-10010,HR,Назначить интервью с HR,User Task,Ольга_7,2025-10-23 15:18:15,2025-10-23 15:35:15,17,,
a16feb4c-e846-4030-9366-65d033933d1c,VAC-1010,CAND-10010,HR,Провести интервью с HR,User Task,Ольга_6,2025-10-23 15:35:15,2025-10-23 16:58:15,83,passed,
a16feb4c-e846-4030-9366-65d033933d1c,VAC-1010,CAND-10010,ИНТЕРВЬЮЕРЫ,Назначить техническое интервью,User Task,Андрей_1,2025-10-23 16:58:15,2025-10-23 17:37:15,39,,
a16feb4c-e846-4030-9366-65d033933d1c,VAC-1010,CAND-10010,ИНТЕРВЬЮЕРЫ,Провести техническое интервью,User Task,Андрей_2,2025-10-23 17:37:15,2025-10-23 19:34:15,117,passed,
a16feb4c-e846-4030-9366-65d033933d1c,VAC-1010,CAND-10010,ИНТЕРВЬЮЕРЫ,Назначить финальное интервью,User Task,Андрей_9,2025-10-23 19:34:15,2025-10-23 20:01:15,27,,
a16feb4c-e846-4030-9366-65d033933d1c,VAC-1010,CAND-10010,ИНТЕРВЬЮЕРЫ,Провести финальное интервью,User Task,Андрей_4,2025-10-23 20:01:15,2025-10-23 21:30:15,89,passed,
a16feb4c-e846-4030-9366-65d033933d1c,VAC-1010,CAND-10010,HR (ОФФЕР),Согласовать условия,User Task,Ольга_3,2025-10-23 21:30:15,2025-10-24 00:04:15,154,,
a16feb4c-e846-4030-9366-65d033933d1c,VAC-1010,CAND-10010,HR (ОФФЕР),Сгенерировать оффер,Service Task,Марина_5,2025-10-24 00:04:15,2025-10-24 00:23:15,19,,
a16feb4c-e846-4030-9366-65d033933d1c,VAC-1010,CAND-10010,HR (ОФФЕР),Отправить оффер,Send Task,Марина_9,2025-10-24 00:23:15,2025-10-24 00:33:15,10,sent,
a16feb4c-e846-4030-9366-65d033933d1c,VAC-1010,CAND-10010,SECURITY,Background Check,Call Activity,Служба_БД_3,2025-10-24 00:33:15,2025-10-27 17:25:15,5332,report_ready,
a16feb4c-e846-4030-9366-65d033933d1c,VAC-1010,CAND-10010,IT,Выдача оборудования,Task,IT_Specialist_9,2025-10-27 17:25:15,2025-10-27 20:18:15,173,,
a16feb4c-e846-4030-9366-65d033933d1c,VAC-1010,CAND-10010,IT,Создать доступы,Task,IT_Specialist_5,2025-10-27 20:18:15,2025-10-27 21:07:15,49,,
a16feb4c-e846-4030-9366-65d033933d1c,VAC-1010,CAND-10010,IT,Вводное обучение,Service Task,Марина_6,2025-10-27 21:07:15,2025-10-28 01:54:15,287,,
a16feb4c-e846-4030-9366-65d033933d1c,VAC-1010,CAND-10010,HR,Назначить ментора,Task,Марина_5,2025-10-28 01:54:15,2025-10-28 02:37:15,43,,
a16feb4c-e846-4030-9366-65d033933d1c,VAC-1010,CAND-10010,HR,Уведомить всех,Message,system,2025-10-28 02:37:15,2025-10-28 02:42:15,5,notified,
a16feb4c-e846-4030-9366-65d033933d1c,VAC-1010,CAND-10010,HR,Обновить HCM,Service Task,Марина_8,2025-10-28 02:42:15,2025-10-28 03:02:15,20,,
a16feb4c-e846-4030-9366-65d033933d1c,VAC-1010,CAND-10010,HR,Payroll,Service Task,Ольга_1,2025-10-28 03:02:15,2025-10-28 03:22:15,20,,
a16feb4c-e846-4030-9366-65d033933d1c,VAC-1010,CAND-10010,HR,Закрыть вакансию,Service Task,Наталья_7,2025-10-28 03:22:15,2025-10-28 03:27:15,5,,
a6ca2063-3788-47d6-90b4-999cce3ae205,VAC-1014,CAND-10014,РУКОВОДИТЕЛЬ,Создать заявку,User Task,Петров_6,2025-09-18 18:23:15,2025-09-18 19:15:15,52,,
a6ca2063-3788-47d6-90b4-999cce3ae205,VAC-1014,CAND-10014,HR,Зарегистрировать в HCM,Service Task,Наталья_5,2025-09-18 19:15:15,2025-09-18 19:46:15,31,,
a6ca2063-3788-47d6-90b4-999cce3ae205,VAC-1014,CAND-10014,РЕКРУТЕР,Разместить вакансию,Task,Дмитрий_7,2025-09-18 19:46:15,2025-09-18 21:10:15,84,,
a6ca2063-3788-47d6-90b4-999cce3ae205,VAC-1014,CAND-10014,РЕКРУТЕР,Собирать резюме,Task,Дмитрий_5,2025-09-18 21:10:15,2025-09-20 19:26:15,2776,,
a6ca2063-3788-47d6-90b4-999cce3ae205,VAC-1014,CAND-10014,РЕКРУТЕР,Скрининг,Task,Дмитрий_7,2025-09-20 19:26:15,2025-09-20 19:42:15,16,passed,
a6ca2063-3788-47d6-90b4-999cce3ae205,VAC-1014,CAND-10014,HR,Назначить интервью с HR,User Task,Марина_3,2025-09-20 19:42:15,2025-09-20 20:13:15,31,,
a6ca2063-3788-47d6-90b4-999cce3ae205,VAC-1014,CAND-10014,HR,Провести интервью с HR,User Task,Ольга_9,2025-09-20 20:13:15,2025-09-20 21:36:15,83,passed,
a6ca2063-3788-47d6-90b4-999cce3ae205,VAC-1014,CAND-10014,ИНТЕРВЬЮЕРЫ,Назначить техническое интервью,User Task,Андрей_5,2025-09-20 21:36:15,2025-09-20 22:12:15,36,,
a6ca2063-3788-47d6-90b4-999cce3ae205,VAC-1014,CAND-10014,ИНТЕРВЬЮЕРЫ,Провести техническое интервью,User Task,Анна_6,2025-09-20 22:12:15,2025-09-20 23:52:15,100,passed,
a6ca2063-3788-47d6-90b4-999cce3ae205,VAC-1014,CAND-10014,ИНТЕРВЬЮЕРЫ,Назначить финальное интервью,User Task,Сергей_8,2025-09-20 23:52:15,2025-09-21 00:16:15,24,,
a6ca2063-3788-47d6-90b4-999cce3ae205,VAC-1014,CAND-10014,ИНТЕРВЬЮЕРЫ,Провести финальное интервью,User Task,Сергей_3,2025-09-21 00:16:15,2025-09-21 02:06:15,110,passed,
a6ca2063-3788-47d6-90b4-999cce3ae205,VAC-1014,CAND-10014,HR (ОФФЕР),Согласовать условия,User Task,Наталья_5,2025-09-21 02:06:15,2025-09-21 05:54:15,228,,
a6ca2063-3788-47d6-90b4-999cce3ae205,VAC-1014,CAND-10014,HR (ОФФЕР),Сгенерировать оффер,Service Task,Марина_6,2025-09-21 05:54:15,2025-09-21 06:15:15,21,,
a6ca2063-3788-47d6-90b4-999cce3ae205,VAC-1014,CAND-10014,HR (ОФФЕР),Отправить оффер,Send Task,Наталья_4,2025-09-21 06:15:15,2025-09-21 06:25:15,10,sent,
a6ca2063-3788-47d6-90b4-999cce3ae205,VAC-1014,CAND-10014,SECURITY,Background Check,Call Activity,Служба_БД_3,2025-09-21 06:25:15,2025-09-24 13:05:15,4720,report_ready,
a6ca2063-3788-47d6-90b4-999cce3ae205,VAC-1014,CAND-10014,IT,Выдача оборудования,Task,IT_Specialist_2,2025-09-24 13:05:15,2025-09-24 14:36:15,91,,
a6ca2063-3788-47d6-90b4-999cce3ae205,VAC-1014,CAND-10014,IT,Создать доступы,Task,IT_Specialist_4,2025-09-24 14:36:15,2025-09-24 16:04:15,88,,
a6ca2063-3788-47d6-90b4-999cce3ae205,VAC-1014,CAND-10014,IT,Вводное обучение,Service Task,Ольга_7,2025-09-24 16:04:15,2025-09-24 22:20:15,376,,
a6ca2063-3788-47d6-90b4-999cce3ae205,VAC-1014,CAND-10014,HR,Назначить ментора,Task,Наталья_1,2025-09-24 22:20:15,2025-09-24 23:05:15,45,,
a6ca2063-3788-47d6-90b4-999cce3ae205,VAC-1014,CAND-10014,HR,Уведомить всех,Message,system,2025-09-24 23:05:15,2025-09-24 23:10:15,5,notified,
a6ca2063-3788-47d6-90b4-999cce3ae205,VAC-1014,CAND-10014,HR,Обновить HCM,Service Task,Наталья_7,2025-09-24 23:10:15,2025-09-24 23:30:15,20,,
a6ca2063-3788-47d6-90b4-999cce3ae205,VAC-1014,CAND-10014,HR,Payroll,Service Task,Наталья_3,2025-09-24 23:30:15,2025-09-24 23:50:15,20,,
a6ca2063-3788-47d6-90b4-999cce3ae205,VAC-1014,CAND-10014,HR,Закрыть вакансию,Service Task,Марина_9,2025-09-24 23:50:15,2025-09-24 23:55:15,5,,
ae3f579e-d791-48ff-b596-90b020011a19,VAC-1075,CAND-10075,РУКОВОДИТЕЛЬ,Создать заявку,User Task,Петров_1,2025-10-23 15:42:15,2025-10-23 16:12:15,30,,
ae3f579e-d791-48ff-b596-90b020011a19,VAC-1075,CAND-10075,HR,Зарегистрировать в HCM,Service Task,Наталья_3,2025-10-23 16:12:15,2025-10-23 16:40:15,28,,
ae3f579e-d791-48ff-b596-90b020011a19,VAC-1075,CAND-10075,РЕКРУТЕР,Разместить вакансию,Task,Дмитрий_9,2025-10-23 16:40:15,2025-10-23 17:02:15,22,,
ae3f579e-d791-48ff-b596-90b020011a19,VAC-1075,CAND-10075,РЕКРУТЕР,Собирать резюме,Task,Екатерина_7,2025-10-23 17:02:15,2025-10-26 08:54:15,3832,,
ae3f579e-d791-48ff-b596-90b020011a19,VAC-1075,CAND-10075,РЕКРУТЕР,Скрининг,Task,Дмитрий_4,2025-10-26 08:54:15,2025-10-26 09:10:15,16,passed,
ae3f579e-d791-48ff-b596-90b020011a19,VAC-1075,CAND-10075,HR,Назначить интервью с HR,User Task,Марина_4,2025-10-26 09:10:15,2025-10-26 09:32:15,22,,
ae3f579e-d791-48ff-b596-90b020011a19,VAC-1075,CAND-10075,HR,Провести интервью с HR,User Task,Ольга_8,2025-10-26 09:32:15,2025-10-26 11:00:15,88,passed,
ae3f579e-d791-48ff-b596-90b020011a19,VAC-1075,CAND-10075,ИНТЕРВЬЮЕРЫ,Назначить техническое интервью,User Task,Анна_8,2025-10-26 11:00:15,2025-10-26 11:40:15,40,,
ae3f579e-d791-48ff-b596-90b020011a19,VAC-1075,CAND-10075,ИНТЕРВЬЮЕРЫ,Провести техническое интервью,User Task,Андрей_3,2025-10-26 11:40:15,2025-10-26 13:10:15,90,passed,
ae3f579e-d791-48ff-b596-90b020011a19,VAC-1075,CAND-10075,ИНТЕРВЬЮЕРЫ,Назначить финальное интервью,User Task,Анна_8,2025-10-26 13:10:15,2025-10-26 13:43:15,33,,
ae3f579e-d791-48ff-b596-90b020011a19,VAC-1075,CAND-10075,ИНТЕРВЬЮЕРЫ,Провести финальное интервью,User Task,Анна_1,2025-10-26 13:43:15,2025-10-26 15:37:15,114,passed,
ae3f579e-d791-48ff-b596-90b020011a19,VAC-1075,CAND-10075,HR (ОФФЕР),Согласовать условия,User Task,Наталья_2,2025-10-26 15:37:15,2025-10-26 18:51:15,194,,
ae3f579e-d791-48ff-b596-90b020011a19,VAC-1075,CAND-10075,HR (ОФФЕР),Сгенерировать оффер,Service Task,Наталья_1,2025-10-26 18:51:15,2025-10-26 19:17:15,26,,
ae3f579e-d791-48ff-b596-90b020011a19,VAC-1075,CAND-10075,HR (ОФФЕР),Отправить оффер,Send Task,Ольга_3,2025-10-26 19:17:15,2025-10-26 19:27:15,10,sent,
ae3f579e-d791-48ff-b596-90b020011a19,VAC-1075,CAND-10075,HR (ОФФЕР),Переговоры / отказ,Task,Наталья_3,2025-10-26 19:27:15,2025-10-26 21:26:15,119,rejected,
ae645c7b-954d-40a6-a8b4-2a141ec0fe23,VAC-1126,CAND-10126,РУКОВОДИТЕЛЬ,Создать заявку,User Task,Петров_4,2025-09-30 12:19:15,2025-09-30 13:16:15,57,,
ae645c7b-954d-40a6-a8b4-2a141ec0fe23,VAC-1126,CAND-10126,HR,Зарегистрировать в HCM,Service Task,Ольга_4,2025-09-30 13:16:15,2025-09-30 13:45:15,29,,
ae645c7b-954d-40a6-a8b4-2a141ec0fe23,VAC-1126,CAND-10126,РЕКРУТЕР,Разместить вакансию,Task,Екатерина_6,2025-09-30 13:45:15,2025-09-30 15:26:15,101,,
ae645c7b-954d-40a6-a8b4-2a141ec0fe23,VAC-1126,CAND-10126,РЕКРУТЕР,Собирать резюме,Task,Екатерина_4,2025-09-30 15:26:15,2025-10-03 07:36:15,3850,,
ae645c7b-954d-40a6-a8b4-2a141ec0fe23,VAC-1126,CAND-10126,РЕКРУТЕР,Скрининг,Task,Алексей_5,2025-10-03 07:36:15,2025-10-03 08:16:15,40,rejected,некорректное резюме
aed38cb6-7ac6-4480-b09c-46538fd1f76f,VAC-1091,CAND-10091,РУКОВОДИТЕЛЬ,Создать заявку,User Task,Сидоров_2,2025-09-20 21:59:15,2025-09-20 22:57:15,58,,
aed38cb6-7ac6-4480-b09c-46538fd1f76f,VAC-1091,CAND-10091,HR,Зарегистрировать в HCM,Service Task,Марина_7,2025-09-20 22:57:15,2025-09-20 23:16:15,19,,
aed38cb6-7ac6-4480-b09c-46538fd1f76f,VAC-1091,CAND-10091,РЕКРУТЕР,Разместить вакансию,Task,Алексей_1,2025-09-20 23:16:15,2025-09-21 01:09:15,113,,
aed38cb6-7ac6-4480-b09c-46538fd1f76f,VAC-1091,CAND-10091,РЕКРУТЕР,Собирать резюме,Task,Алексей_7,2025-09-21 01:09:15,2025-09-22 17:50:15,2441,,
aed38cb6-7ac6-4480-b09c-46538fd1f76f,VAC-1091,CAND-10091,РЕКРУТЕР,Скрининг,Task,Екатерина_1,2025-09-22 17:50:15,2025-09-22 18:19:15,29,passed,
aed38cb6-7ac6-4480-b09c-46538fd1f76f,VAC-1091,CAND-10091,HR,Назначить интервью с HR,User Task,Марина_3,2025-09-22 18:19:15,2025-09-22 18:38:15,19,,
aed38cb6-7ac6-4480-b09c-46538fd1f76f,VAC-1091,CAND-10091,HR,Провести интервью с HR,User Task,Марина_1,2025-09-22 18:38:15,2025-09-22 19:40:15,62,passed,
aed38cb6-7ac6-4480-b09c-46538fd1f76f,VAC-1091,CAND-10091,ИНТЕРВЬЮЕРЫ,Назначить техническое интервью,User Task,Сергей_6,2025-09-22 19:40:15,2025-09-22 19:55:15,15,,
aed38cb6-7ac6-4480-b09c-46538fd1f76f,VAC-1091,CAND-10091,ИНТЕРВЬЮЕРЫ,Провести техническое интервью,User Task,Андрей_6,2025-09-22 19:55:15,2025-09-22 21:13:15,78,passed,
aed38cb6-7ac6-4480-b09c-46538fd1f76f,VAC-1091,CAND-10091,ИНТЕРВЬЮЕРЫ,Назначить финальное интервью,User Task,Анна_5,2025-09-22 21:13:15,2025-09-22 21:27:15,14,,
aed38cb6-7ac6-4480-b09c-46538fd1f76f,VAC-1091,CAND-10091,ИНТЕРВЬЮЕРЫ,Провести финальное интервью,User Task,Андрей_6,2025-09-22 21:27:15,2025-09-22 22:27:15,60,passed,
aed38cb6-7ac6-4480-b09c-46538fd1f76f,VAC-1091,CAND-10091,HR (ОФФЕР),Согласовать условия,User Task,Ольга_9,2025-09-22 22:27:15,2025-09-23 01:16:15,169,,
aed38cb6-7ac6-4480-b09c-46538fd1f76f,VAC-1091,CAND-10091,HR (ОФФЕР),Сгенерировать оффер,Service Task,Ольга_2,2025-09-23 01:16:15,2025-09-23 01:23:15,7,,
aed38cb6-7ac6-4480-b09c-46538fd1f76f,VAC-1091,CAND-10091,HR (ОФФЕР),Отправить оффер,Send Task,Ольга_8,2025-09-23 01:23:15,2025-09-23 01:33:15,10,sent,
aed38cb6-7ac6-4480-b09c-46538fd1f76f,VAC-1091,CAND-10091,SECURITY,Background Check,Call Activity,Служба_БД_3,2025-09-23 01:33:15,2025-09-25 09:07:15,3334,report_ready,
aed38cb6-7ac6-4480-b09c-46538fd1f76f,VAC-1091,CAND-10091,IT,Выдача оборудования,Task,IT_Specialist_2,2025-09-25 09:07:15,2025-09-25 10:39:15,92,,
aed38cb6-7ac6-4480-b09c-46538fd1f76f,VAC-1091,CAND-10091,IT,Создать доступы,Task,IT_Specialist_1,2025-09-25 10:39:15,2025-09-25 11:38:15,59,,
aed38cb6-7ac6-4480-b09c-46538fd1f76f,VAC-1091,CAND-10091,IT,Вводное обучение,Service Task,Наталья_1,2025-09-25 11:38:15,2025-09-25 14:44:15,186,,
aed38cb6-7ac6-4480-b09c-46538fd1f76f,VAC-1091,CAND-10091,HR,Назначить ментора,Task,Ольга_7,2025-09-25 14:44:15,2025-09-25 15:44:15,60,,
aed38cb6-7ac6-4480-b09c-46538fd1f76f,VAC-1091,CAND-10091,HR,Уведомить всех,Message,system,2025-09-25 15:44:15,2025-09-25 15:49:15,5,notified,
aed38cb6-7ac6-4480-b09c-46538fd1f76f,VAC-1091,CAND-10091,HR,Обновить HCM,Service Task,Наталья_3,2025-09-25 15:49:15,2025-09-25 16:09:15,20,,
aed38cb6-7ac6-4480-b09c-46538fd1f76f,VAC-1091,CAND-10091,HR,Payroll,Service Task,Наталья_9,2025-09-25 16:09:15,2025-09-25 16:29:15,20,,
aed38cb6-7ac6-4480-b09c-46538fd1f76f,VAC-1091,CAND-10091,HR,Закрыть вакансию,Service Task,Марина_7,2025-09-25 16:29:15,2025-09-25 16:34:15,5,,
b164d8d0-3428-4b9e-8fc2-9a40b6b65a62,VAC-1197,CAND-10197,РУКОВОДИТЕЛЬ,Создать заявку,User Task,Иванов_2,2025-09-05 12:50:15,2025-09-05 13:32:15,42,,
b164d8d0-3428-4b9e-8fc2-9a40b6b65a62,VAC-1197,CAND-10197,HR,Зарегистрировать в HCM,Service Task,Наталья_8,2025-09-05 13:32:15,2025-09-05 14:10:15,38,,
b164d8d0-3428-4b9e-8fc2-9a40b6b65a62,VAC-1197,CAND-10197,РЕКРУТЕР,Разместить вакансию,Task,Екатерина_6,2025-09-05 14:10:15,2025-09-05 15:45:15,95,,
b164d8d0-3428-4b9e-8fc2-9a40b6b65a62,VAC-1197,CAND-10197,РЕКРУТЕР,Собирать резюме,Task,Алексей_6,2025-09-05 15:45:15,2025-09-07 20:21:15,3156,,
b164d8d0-3428-4b9e-8fc2-9a40b6b65a62,VAC-1197,CAND-10197,РЕКРУТЕР,Скрининг,Task,Дмитрий_4,2025-09-07 20:21:15,2025-09-07 20:34:15,13,passed,
b164d8d0-3428-4b9e-8fc2-9a40b6b65a62,VAC-1197,CAND-10197,HR,Назначить интервью с HR,User Task,Наталья_7,2025-09-07 20:34:15,2025-09-07 20:47:15,13,,
b164d8d0-3428-4b9e-8fc2-9a40b6b65a62,VAC-1197,CAND-10197,HR,Провести интервью с HR,User Task,Наталья_2,2025-09-07 20:47:15,2025-09-07 22:20:15,93,rejected,несоответствие культуре
b1e655ac-343b-40e0-9bb0-bf336f20799c,VAC-1157,CAND-10157,РУКОВОДИТЕЛЬ,Создать заявку,User Task,Сидоров_4,2025-09-19 15:31:15,2025-09-19 16:14:15,43,,
b1e655ac-343b-40e0-9bb0-bf336f20799c,VAC-1157,CAND-10157,HR,Зарегистрировать в HCM,Service Task,Марина_3,2025-09-19 16:14:15,2025-09-19 16:42:15,28,,
b1e655ac-343b-40e0-9bb0-bf336f20799c,VAC-1157,CAND-10157,РЕКРУТЕР,Разместить вакансию,Task,Екатерина_9,2025-09-19 16:42:15,2025-09-19 18:13:15,91,,
b1e655ac-343b-40e0-9bb0-bf336f20799c,VAC-1157,CAND-10157,РЕКРУТЕР,Собирать резюме,Task,Екатерина_2,2025-09-19 18:13:15,2025-09-21 22:33:15,3140,,
b1e655ac-343b-40e0-9bb0-bf336f20799c,VAC-1157,CAND-10157,РЕКРУТЕР,Скрининг,Task,Дмитрий_8,2025-09-21 22:33:15,2025-09-21 23:01:15,28,rejected,не прошёл тест
b30f8b71-f782-45c9-a15b-c02d6ff1878d,VAC-1007,CAND-10007,РУКОВОДИТЕЛЬ,Создать заявку,User Task,Петров_8,2025-10-07 18:41:15,2025-10-07 19:18:15,37,,
b30f8b71-f782-45c9-a15b-c02d6ff1878d,VAC-1007,CAND-10007,HR,Зарегистрировать в HCM,Service Task,Марина_1,2025-10-07 19:18:15,2025-10-07 19:55:15,37,,
b30f8b71-f782-45c9-a15b-c02d6ff1878d,VAC-1007,CAND-10007,РЕКРУТЕР,Разместить вакансию,Task,Екатерина_2,2025-10-07 19:55:15,2025-10-07 21:41:15,106,,
b30f8b71-f782-45c9-a15b-c02d6ff1878d,VAC-1007,CAND-10007,РЕКРУТЕР,Собирать резюме,Task,Дмитрий_6,2025-10-07 21:41:15,2025-10-09 01:49:15,1688,,
b30f8b71-f782-45c9-a15b-c02d6ff1878d,VAC-1007,CAND-10007,РЕКРУТЕР,Скрининг,Task,Алексей_4,2025-10-09 01:49:15,2025-10-09 02:02:15,13,rejected,не соотв. опыту
b39566e2-33c3-4917-8149-f1993560326c,VAC-1030,CAND-10030,РУКОВОДИТЕЛЬ,Создать заявку,User Task,Иванов_2,2025-10-05 23:17:15,2025-10-05 23:45:15,28,,
b39566e2-33c3-4917-8149-f1993560326c,VAC-1030,CAND-10030,HR,Зарегистрировать в HCM,Service Task,Наталья_2,2025-10-05 23:45:15,2025-10-06 00:08:15,23,,
b39566e2-33c3-4917-8149-f1993560326c,VAC-1030,CAND-10030,РЕКРУТЕР,Разместить вакансию,Task,Алексей_5,2025-10-06 00:08:15,2025-10-06 01:24:15,76,,
b39566e2-33c3-4917-8149-f1993560326c,VAC-1030,CAND-10030,РЕКРУТЕР,Собирать резюме,Task,Алексей_6,2025-10-06 01:24:15,2025-10-07 03:22:15,1558,,
b39566e2-33c3-4917-8149-f1993560326c,VAC-1030,CAND-10030,РЕКРУТЕР,Скрининг,Task,Дмитрий_6,2025-10-07 03:22:15,2025-10-07 03:41:15,19,rejected,некорректное резюме
b4f4d7d2-54b2-4e87-a4aa-97e89b76f6aa,VAC-1003,CAND-10003,РУКОВОДИТЕЛЬ,Создать заявку,User Task,Сидоров_6,2025-09-20 16:23:15,2025-09-20 16:46:15,23,,
b4f4d7d2-54b2-4e87-a4aa-97e89b76f6aa,VAC-1003,CAND-10003,HR,Зарегистрировать в HCM,Service Task,Марина_8,2025-09-20 16:46:15,2025-09-20 17:02:15,16,,
b4f4d7d2-54b2-4e87-a4aa-97e89b76f6aa,VAC-1003,CAND-10003,РЕКРУТЕР,Разместить вакансию,Task,Екатерина_8,2025-09-20 17:02:15,2025-09-20 18:12:15,70,,
b4f4d7d2-54b2-4e87-a4aa-97e89b76f6aa,VAC-1003,CAND-10003,РЕКРУТЕР,Собирать резюме,Task,Дмитрий_3,2025-09-20 18:12:15,2025-09-22 03:57:15,2025,,
b4f4d7d2-54b2-4e87-a4aa-97e89b76f6aa,VAC-1003,CAND-10003,РЕКРУТЕР,Скрининг,Task,Екатерина_5,2025-09-22 03:57:15,2025-09-22 04:24:15,27,passed,
b4f4d7d2-54b2-4e87-a4aa-97e89b76f6aa,VAC-1003,CAND-10003,HR,Назначить интервью с HR,User Task,Марина_7,2025-09-22 04:24:15,2025-09-22 04:57:15,33,,
b4f4d7d2-54b2-4e87-a4aa-97e89b76f6aa,VAC-1003,CAND-10003,HR,Провести интервью с HR,User Task,Ольга_4,2025-09-22 04:57:15,2025-09-22 06:33:15,96,rejected,недостаточная мотивация
b5ccd4e5-6dbb-4eb3-a491-2794dd520b69,VAC-1094,CAND-10094,РУКОВОДИТЕЛЬ,Создать заявку,User Task,Сидоров_4,2025-10-11 16:25:15,2025-10-11 16:48:15,23,,
b5ccd4e5-6dbb-4eb3-a491-2794dd520b69,VAC-1094,CAND-10094,HR,Зарегистрировать в HCM,Service Task,Ольга_1,2025-10-11 16:48:15,2025-10-11 17:11:15,23,,
b5ccd4e5-6dbb-4eb3-a491-2794dd520b69,VAC-1094,CAND-10094,РЕКРУТЕР,Разместить вакансию,Task,Екатерина_5,2025-10-11 17:11:15,2025-10-11 17:49:15,38,,
b5ccd4e5-6dbb-4eb3-a491-2794dd520b69,VAC-1094,CAND-10094,РЕКРУТЕР,Собирать резюме,Task,Алексей_4,2025-10-11 17:49:15,2025-10-13 00:10:15,1821,,
b5ccd4e5-6dbb-4eb3-a491-2794dd520b69,VAC-1094,CAND-10094,РЕКРУТЕР,Скрининг,Task,Дмитрий_6,2025-10-13 00:10:15,2025-10-13 00:36:15,26,rejected,некорректное резюме
b65c6cbf-6187-4ac8-93db-e1a2f379b924,VAC-1109,CAND-10109,РУКОВОДИТЕЛЬ,Создать заявку,User Task,Петров_5,2025-09-30 22:57:15,2025-09-30 23:45:15,48,,
b65c6cbf-6187-4ac8-93db-e1a2f379b924,VAC-1109,CAND-10109,HR,Зарегистрировать в HCM,Service Task,Наталья_8,2025-09-30 23:45:15,2025-10-01 00:16:15,31,,
b65c6cbf-6187-4ac8-93db-e1a2f379b924,VAC-1109,CAND-10109,РЕКРУТЕР,Разместить вакансию,Task,Дмитрий_5,2025-10-01 00:16:15,2025-10-01 00:44:15,28,,
b65c6cbf-6187-4ac8-93db-e1a2f379b924,VAC-1109,CAND-10109,РЕКРУТЕР,Собирать резюме,Task,Дмитрий_5,2025-10-01 00:44:15,2025-10-03 20:27:15,4063,,
b65c6cbf-6187-4ac8-93db-e1a2f379b924,VAC-1109,CAND-10109,РЕКРУТЕР,Скрининг,Task,Екатерина_5,2025-10-03 20:27:15,2025-10-03 20:59:15,32,passed,
b65c6cbf-6187-4ac8-93db-e1a2f379b924,VAC-1109,CAND-10109,HR,Назначить интервью с HR,User Task,Наталья_9,2025-10-03 20:59:15,2025-10-03 21:15:15,16,,
b65c6cbf-6187-4ac8-93db-e1a2f379b924,VAC-1109,CAND-10109,HR,Провести интервью с HR,User Task,Марина_7,2025-10-03 21:15:15,2025-10-03 22:07:15,52,rejected,завышенные ожидания
b93368cb-705b-4cc5-b52a-faa5e2b79425,VAC-1131,CAND-10131,РУКОВОДИТЕЛЬ,Создать заявку,User Task,Сидоров_6,2025-09-04 17:02:15,2025-09-04 18:02:15,60,,
b93368cb-705b-4cc5-b52a-faa5e2b79425,VAC-1131,CAND-10131,HR,Зарегистрировать в HCM,Service Task,Наталья_9,2025-09-04 18:02:15,2025-09-04 18:42:15,40,,
b93368cb-705b-4cc5-b52a-faa5e2b79425,VAC-1131,CAND-10131,РЕКРУТЕР,Разместить вакансию,Task,Алексей_2,2025-09-04 18:42:15,2025-09-04 20:13:15,91,,
b93368cb-705b-4cc5-b52a-faa5e2b79425,VAC-1131,CAND-10131,РЕКРУТЕР,Собирать резюме,Task,Алексей_7,2025-09-04 20:13:15,2025-09-05 23:04:15,1611,,
b93368cb-705b-4cc5-b52a-faa5e2b79425,VAC-1131,CAND-10131,РЕКРУТЕР,Скрининг,Task,Алексей_5,2025-09-05 23:04:15,2025-09-05 23:44:15,40,passed,
b93368cb-705b-4cc5-b52a-faa5e2b79425,VAC-1131,CAND-10131,HR,Назначить интервью с HR,User Task,Марина_6,2025-09-05 23:44:15,2025-09-06 00:00:15,16,,
b93368cb-705b-4cc5-b52a-faa5e2b79425,VAC-1131,CAND-10131,HR,Провести интервью с HR,User Task,Наталья_3,2025-09-06 00:00:15,2025-09-06 01:50:15,110,passed,
b93368cb-705b-4cc5-b52a-faa5e2b79425,VAC-1131,CAND-10131,ИНТЕРВЬЮЕРЫ,Назначить техническое интервью,User Task,Андрей_5,2025-09-06 01:50:15,2025-09-06 02:05:15,15,,
b93368cb-705b-4cc5-b52a-faa5e2b79425,VAC-1131,CAND-10131,ИНТЕРВЬЮЕРЫ,Провести техническое интервью,User Task,Анна_1,2025-09-06 02:05:15,2025-09-06 03:13:15,68,passed,
b93368cb-705b-4cc5-b52a-faa5e2b79425,VAC-1131,CAND-10131,ИНТЕРВЬЮЕРЫ,Назначить финальное интервью,User Task,Анна_8,2025-09-06 03:13:15,2025-09-06 03:50:15,37,,
b93368cb-705b-4cc5-b52a-faa5e2b79425,VAC-1131,CAND-10131,ИНТЕРВЬЮЕРЫ,Провести финальное интервью,User Task,Сергей_2,2025-09-06 03:50:15,2025-09-06 04:44:15,54,passed,
b93368cb-705b-4cc5-b52a-faa5e2b79425,VAC-1131,CAND-10131,HR (ОФФЕР),Согласовать условия,User Task,Наталья_4,2025-09-06 04:44:15,2025-09-06 06:48:15,124,,
b93368cb-705b-4cc5-b52a-faa5e2b79425,VAC-1131,CAND-10131,HR (ОФФЕР),Сгенерировать оффер,Service Task,Марина_8,2025-09-06 06:48:15,2025-09-06 07:16:15,28,,
b93368cb-705b-4cc5-b52a-faa5e2b79425,VAC-1131,CAND-10131,HR (ОФФЕР),Отправить оффер,Send Task,Ольга_6,2025-09-06 07:16:15,2025-09-06 07:26:15,10,sent,
b93368cb-705b-4cc5-b52a-faa5e2b79425,VAC-1131,CAND-10131,SECURITY,Background Check,Call Activity,Служба_БД_5,2025-09-06 07:26:15,2025-09-09 15:27:15,4801,report_ready,
b93368cb-705b-4cc5-b52a-faa5e2b79425,VAC-1131,CAND-10131,IT,Выдача оборудования,Task,IT_Specialist_6,2025-09-09 15:27:15,2025-09-09 18:22:15,175,,
b93368cb-705b-4cc5-b52a-faa5e2b79425,VAC-1131,CAND-10131,IT,Создать доступы,Task,IT_Specialist_6,2025-09-09 18:22:15,2025-09-09 19:54:15,92,,
b93368cb-705b-4cc5-b52a-faa5e2b79425,VAC-1131,CAND-10131,IT,Вводное обучение,Service Task,Марина_3,2025-09-09 19:54:15,2025-09-10 01:30:15,336,,
b93368cb-705b-4cc5-b52a-faa5e2b79425,VAC-1131,CAND-10131,HR,Назначить ментора,Task,Марина_6,2025-09-10 01:30:15,2025-09-10 02:36:15,66,,
b93368cb-705b-4cc5-b52a-faa5e2b79425,VAC-1131,CAND-10131,HR,Уведомить всех,Message,system,2025-09-10 02:36:15,2025-09-10 02:41:15,5,notified,
b93368cb-705b-4cc5-b52a-faa5e2b79425,VAC-1131,CAND-10131,HR,Обновить HCM,Service Task,Ольга_7,2025-09-10 02:41:15,2025-09-10 03:01:15,20,,
b93368cb-705b-4cc5-b52a-faa5e2b79425,VAC-1131,CAND-10131,HR,Payroll,Service Task,Наталья_1,2025-09-10 03:01:15,2025-09-10 03:21:15,20,,
b93368cb-705b-4cc5-b52a-faa5e2b79425,VAC-1131,CAND-10131,HR,Закрыть вакансию,Service Task,Ольга_4,2025-09-10 03:21:15,2025-09-10 03:26:15,5,,
babf7edb-0492-45aa-aeb6-50ed0bb4a47a,VAC-1008,CAND-10008,РУКОВОДИТЕЛЬ,Создать заявку,User Task,Иванов_5,2025-09-29 19:27:15,2025-09-29 20:04:15,37,,
babf7edb-0492-45aa-aeb6-50ed0bb4a47a,VAC-1008,CAND-10008,HR,Зарегистрировать в HCM,Service Task,Наталья_2,2025-09-29 20:04:15,2025-09-29 20:28:15,24,,
babf7edb-0492-45aa-aeb6-50ed0bb4a47a,VAC-1008,CAND-10008,РЕКРУТЕР,Разместить вакансию,Task,Екатерина_2,2025-09-29 20:28:15,2025-09-29 21:44:15,76,,
babf7edb-0492-45aa-aeb6-50ed0bb4a47a,VAC-1008,CAND-10008,РЕКРУТЕР,Собирать резюме,Task,Екатерина_9,2025-09-29 21:44:15,2025-10-01 01:11:15,1647,,
babf7edb-0492-45aa-aeb6-50ed0bb4a47a,VAC-1008,CAND-10008,РЕКРУТЕР,Скрининг,Task,Алексей_3,2025-10-01 01:11:15,2025-10-01 01:23:15,12,rejected,некорректное резюме
bafc434a-1ff9-46dd-82c6-a2d6110b93c5,VAC-1191,CAND-10191,РУКОВОДИТЕЛЬ,Создать заявку,User Task,Иванов_3,2025-10-07 22:55:15,2025-10-07 23:16:15,21,,
bafc434a-1ff9-46dd-82c6-a2d6110b93c5,VAC-1191,CAND-10191,HR,Зарегистрировать в HCM,Service Task,Ольга_8,2025-10-07 23:16:15,2025-10-07 23:34:15,18,,
bafc434a-1ff9-46dd-82c6-a2d6110b93c5,VAC-1191,CAND-10191,РЕКРУТЕР,Разместить вакансию,Task,Алексей_8,2025-10-07 23:34:15,2025-10-08 01:18:15,104,,
bafc434a-1ff9-46dd-82c6-a2d6110b93c5,VAC-1191,CAND-10191,РЕКРУТЕР,Собирать резюме,Task,Дмитрий_6,2025-10-08 01:18:15,2025-10-09 20:10:15,2572,,
bafc434a-1ff9-46dd-82c6-a2d6110b93c5,VAC-1191,CAND-10191,РЕКРУТЕР,Скрининг,Task,Алексей_5,2025-10-09 20:10:15,2025-10-09 20:44:15,34,passed,
bafc434a-1ff9-46dd-82c6-a2d6110b93c5,VAC-1191,CAND-10191,HR,Назначить интервью с HR,User Task,Наталья_7,2025-10-09 20:44:15,2025-10-09 21:18:15,34,,
bafc434a-1ff9-46dd-82c6-a2d6110b93c5,VAC-1191,CAND-10191,HR,Провести интервью с HR,User Task,Ольга_5,2025-10-09 21:18:15,2025-10-09 22:10:15,52,passed,
bafc434a-1ff9-46dd-82c6-a2d6110b93c5,VAC-1191,CAND-10191,ИНТЕРВЬЮЕРЫ,Назначить техническое интервью,User Task,Сергей_2,2025-10-09 22:10:15,2025-10-09 22:25:15,15,,
bafc434a-1ff9-46dd-82c6-a2d6110b93c5,VAC-1191,CAND-10191,ИНТЕРВЬЮЕРЫ,Провести техническое интервью,User Task,Анна_7,2025-10-09 22:25:15,2025-10-09 23:35:15,70,passed,
bafc434a-1ff9-46dd-82c6-a2d6110b93c5,VAC-1191,CAND-10191,ИНТЕРВЬЮЕРЫ,Назначить финальное интервью,User Task,Анна_8,2025-10-09 23:35:15,2025-10-09 23:50:15,15,,
bafc434a-1ff9-46dd-82c6-a2d6110b93c5,VAC-1191,CAND-10191,ИНТЕРВЬЮЕРЫ,Провести финальное интервью,User Task,Сергей_4,2025-10-09 23:50:15,2025-10-10 01:44:15,114,passed,
bafc434a-1ff9-46dd-82c6-a2d6110b93c5,VAC-1191,CAND-10191,HR (ОФФЕР),Согласовать условия,User Task,Марина_2,2025-10-10 01:44:15,2025-10-10 05:21:15,217,,
bafc434a-1ff9-46dd-82c6-a2d6110b93c5,VAC-1191,CAND-10191,HR (ОФФЕР),Сгенерировать оффер,Service Task,Марина_5,2025-10-10 05:21:15,2025-10-10 05:40:15,19,,
bafc434a-1ff9-46dd-82c6-a2d6110b93c5,VAC-1191,CAND-10191,HR (ОФФЕР),Отправить оффер,Send Task,Наталья_1,2025-10-10 05:40:15,2025-10-10 05:50:15,10,sent,
bafc434a-1ff9-46dd-82c6-a2d6110b93c5,VAC-1191,CAND-10191,SECURITY,Background Check,Call Activity,Служба_БД_1,2025-10-10 05:50:15,2025-10-13 16:02:15,4932,report_ready,
bafc434a-1ff9-46dd-82c6-a2d6110b93c5,VAC-1191,CAND-10191,IT,Выдача оборудования,Task,IT_Specialist_1,2025-10-13 16:02:15,2025-10-13 17:21:15,79,,
bafc434a-1ff9-46dd-82c6-a2d6110b93c5,VAC-1191,CAND-10191,IT,Создать доступы,Task,IT_Specialist_5,2025-10-13 17:21:15,2025-10-13 19:16:15,115,,
bafc434a-1ff9-46dd-82c6-a2d6110b93c5,VAC-1191,CAND-10191,IT,Вводное обучение,Service Task,Марина_6,2025-10-13 19:16:15,2025-10-13 23:33:15,257,,
bafc434a-1ff9-46dd-82c6-a2d6110b93c5,VAC-1191,CAND-10191,HR,Назначить ментора,Task,Ольга_1,2025-10-13 23:33:15,2025-10-14 01:00:15,87,,
bafc434a-1ff9-46dd-82c6-a2d6110b93c5,VAC-1191,CAND-10191,HR,Уведомить всех,Message,system,2025-10-14 01:00:15,2025-10-14 01:05:15,5,notified,
bafc434a-1ff9-46dd-82c6-a2d6110b93c5,VAC-1191,CAND-10191,HR,Обновить HCM,Service Task,Марина_8,2025-10-14 01:05:15,2025-10-14 01:25:15,20,,
bafc434a-1ff9-46dd-82c6-a2d6110b93c5,VAC-1191,CAND-10191,HR,Payroll,Service Task,Ольга_7,2025-10-14 01:25:15,2025-10-14 01:45:15,20,,
bafc434a-1ff9-46dd-82c6-a2d6110b93c5,VAC-1191,CAND-10191,HR,Закрыть вакансию,Service Task,Ольга_2,2025-10-14 01:45:15,2025-10-14 01:50:15,5,,
bd8ae667-9fe5-4c72-b24c-5d6dc4491fcc,VAC-1050,CAND-10050,РУКОВОДИТЕЛЬ,Создать заявку,User Task,Петров_8,2025-10-11 15:47:15,2025-10-11 16:36:15,49,,
bd8ae667-9fe5-4c72-b24c-5d6dc4491fcc,VAC-1050,CAND-10050,HR,Зарегистрировать в HCM,Service Task,Марина_4,2025-10-11 16:36:15,2025-10-11 16:53:15,17,,
bd8ae667-9fe5-4c72-b24c-5d6dc4491fcc,VAC-1050,CAND-10050,РЕКРУТЕР,Разместить вакансию,Task,Дмитрий_4,2025-10-11 16:53:15,2025-10-11 17:52:15,59,,
bd8ae667-9fe5-4c72-b24c-5d6dc4491fcc,VAC-1050,CAND-10050,РЕКРУТЕР,Собирать резюме,Task,Екатерина_8,2025-10-11 17:52:15,2025-10-13 18:58:15,2946,,
bd8ae667-9fe5-4c72-b24c-5d6dc4491fcc,VAC-1050,CAND-10050,РЕКРУТЕР,Скрининг,Task,Дмитрий_9,2025-10-13 18:58:15,2025-10-13 19:17:15,19,passed,
bd8ae667-9fe5-4c72-b24c-5d6dc4491fcc,VAC-1050,CAND-10050,HR,Назначить интервью с HR,User Task,Ольга_3,2025-10-13 19:17:15,2025-10-13 19:43:15,26,,
bd8ae667-9fe5-4c72-b24c-5d6dc4491fcc,VAC-1050,CAND-10050,HR,Провести интервью с HR,User Task,Ольга_1,2025-10-13 19:43:15,2025-10-13 20:45:15,62,rejected,завышенные ожидания
be164372-047b-4db5-a84b-5c9408bb7855,VAC-1195,CAND-10195,РУКОВОДИТЕЛЬ,Создать заявку,User Task,Петров_3,2025-09-02 16:28:15,2025-09-02 17:26:15,58,,
be164372-047b-4db5-a84b-5c9408bb7855,VAC-1195,CAND-10195,HR,Зарегистрировать в HCM,Service Task,Ольга_9,2025-09-02 17:26:15,2025-09-02 17:58:15,32,,
be164372-047b-4db5-a84b-5c9408bb7855,VAC-1195,CAND-10195,РЕКРУТЕР,Разместить вакансию,Task,Дмитрий_4,2025-09-02 17:58:15,2025-09-02 18:39:15,41,,
be164372-047b-4db5-a84b-5c9408bb7855,VAC-1195,CAND-10195,РЕКРУТЕР,Собирать резюме,Task,Алексей_3,2025-09-02 18:39:15,2025-09-05 10:22:15,3823,,
be164372-047b-4db5-a84b-5c9408bb7855,VAC-1195,CAND-10195,РЕКРУТЕР,Скрининг,Task,Екатерина_7,2025-09-05 10:22:15,2025-09-05 10:59:15,37,passed,
be164372-047b-4db5-a84b-5c9408bb7855,VAC-1195,CAND-10195,HR,Назначить интервью с HR,User Task,Наталья_1,2025-09-05 10:59:15,2025-09-05 11:33:15,34,,
be164372-047b-4db5-a84b-5c9408bb7855,VAC-1195,CAND-10195,HR,Провести интервью с HR,User Task,Наталья_1,2025-09-05 11:33:15,2025-09-05 12:28:15,55,rejected,недостаточная мотивация
bed6e012-b371-402e-8aa8-84e5921eb5d3,VAC-1151,CAND-10151,РУКОВОДИТЕЛЬ,Создать заявку,User Task,Иванов_4,2025-09-19 19:34:15,2025-09-19 20:31:15,57,,
bed6e012-b371-402e-8aa8-84e5921eb5d3,VAC-1151,CAND-10151,HR,Зарегистрировать в HCM,Service Task,Марина_2,2025-09-19 20:31:15,2025-09-19 20:55:15,24,,
bed6e012-b371-402e-8aa8-84e5921eb5d3,VAC-1151,CAND-10151,РЕКРУТЕР,Разместить вакансию,Task,Екатерина_4,2025-09-19 20:55:15,2025-09-19 22:21:15,86,,
bed6e012-b371-402e-8aa8-84e5921eb5d3,VAC-1151,CAND-10151,РЕКРУТЕР,Собирать резюме,Task,Дмитрий_5,2025-09-19 22:21:15,2025-09-22 06:37:15,3376,,
bed6e012-b371-402e-8aa8-84e5921eb5d3,VAC-1151,CAND-10151,РЕКРУТЕР,Скрининг,Task,Екатерина_1,2025-09-22 06:37:15,2025-09-22 06:52:15,15,rejected,не прошёл тест
c21a3645-5bea-4b98-b820-e04356b6e38e,VAC-1012,CAND-10012,РУКОВОДИТЕЛЬ,Создать заявку,User Task,Сидоров_7,2025-09-10 22:25:15,2025-09-10 22:57:15,32,,
c21a3645-5bea-4b98-b820-e04356b6e38e,VAC-1012,CAND-10012,HR,Зарегистрировать в HCM,Service Task,Марина_3,2025-09-10 22:57:15,2025-09-10 23:26:15,29,,
c21a3645-5bea-4b98-b820-e04356b6e38e,VAC-1012,CAND-10012,РЕКРУТЕР,Разместить вакансию,Task,Алексей_3,2025-09-10 23:26:15,2025-09-11 00:16:15,50,,
c21a3645-5bea-4b98-b820-e04356b6e38e,VAC-1012,CAND-10012,РЕКРУТЕР,Собирать резюме,Task,Алексей_3,2025-09-11 00:16:15,2025-09-13 04:24:15,3128,,
c21a3645-5bea-4b98-b820-e04356b6e38e,VAC-1012,CAND-10012,РЕКРУТЕР,Скрининг,Task,Дмитрий_4,2025-09-13 04:24:15,2025-09-13 04:44:15,20,rejected,некорректное резюме
c2472940-c2da-447c-8e0c-fed1efc2b41c,VAC-1114,CAND-10114,РУКОВОДИТЕЛЬ,Создать заявку,User Task,Иванов_2,2025-09-01 23:12:15,2025-09-01 23:23:15,11,,
c2472940-c2da-447c-8e0c-fed1efc2b41c,VAC-1114,CAND-10114,HR,Зарегистрировать в HCM,Service Task,Ольга_7,2025-09-01 23:23:15,2025-09-01 23:46:15,23,,
c2472940-c2da-447c-8e0c-fed1efc2b41c,VAC-1114,CAND-10114,РЕКРУТЕР,Разместить вакансию,Task,Екатерина_5,2025-09-01 23:46:15,2025-09-02 00:21:15,35,,
c2472940-c2da-447c-8e0c-fed1efc2b41c,VAC-1114,CAND-10114,РЕКРУТЕР,Собирать резюме,Task,Екатерина_3,2025-09-02 00:21:15,2025-09-04 08:44:15,3383,,
c2472940-c2da-447c-8e0c-fed1efc2b41c,VAC-1114,CAND-10114,РЕКРУТЕР,Скрининг,Task,Екатерина_1,2025-09-04 08:44:15,2025-09-04 09:15:15,31,passed,
c2472940-c2da-447c-8e0c-fed1efc2b41c,VAC-1114,CAND-10114,HR,Назначить интервью с HR,User Task,Ольга_2,2025-09-04 09:15:15,2025-09-04 09:34:15,19,,
c2472940-c2da-447c-8e0c-fed1efc2b41c,VAC-1114,CAND-10114,HR,Провести интервью с HR,User Task,Марина_3,2025-09-04 09:34:15,2025-09-04 10:53:15,79,passed,
c2472940-c2da-447c-8e0c-fed1efc2b41c,VAC-1114,CAND-10114,ИНТЕРВЬЮЕРЫ,Назначить техническое интервью,User Task,Андрей_9,2025-09-04 10:53:15,2025-09-04 11:16:15,23,,
c2472940-c2da-447c-8e0c-fed1efc2b41c,VAC-1114,CAND-10114,ИНТЕРВЬЮЕРЫ,Провести техническое интервью,User Task,Сергей_2,2025-09-04 11:16:15,2025-09-04 12:16:15,60,rejected,недостаточно технических навыков
c3599c51-e06a-4118-bea1-d80824372ce2,VAC-1128,CAND-10128,РУКОВОДИТЕЛЬ,Создать заявку,User Task,Петров_9,2025-09-29 16:20:15,2025-09-29 17:03:15,43,,
c3599c51-e06a-4118-bea1-d80824372ce2,VAC-1128,CAND-10128,HR,Зарегистрировать в HCM,Service Task,Марина_8,2025-09-29 17:03:15,2025-09-29 17:38:15,35,,
c3599c51-e06a-4118-bea1-d80824372ce2,VAC-1128,CAND-10128,РЕКРУТЕР,Разместить вакансию,Task,Алексей_5,2025-09-29 17:38:15,2025-09-29 19:00:15,82,,
c3599c51-e06a-4118-bea1-d80824372ce2,VAC-1128,CAND-10128,РЕКРУТЕР,Собирать резюме,Task,Алексей_6,2025-09-29 19:00:15,2025-10-02 15:28:15,4108,,
c3599c51-e06a-4118-bea1-d80824372ce2,VAC-1128,CAND-10128,РЕКРУТЕР,Скрининг,Task,Алексей_3,2025-10-02 15:28:15,2025-10-02 16:08:15,40,passed,
c3599c51-e06a-4118-bea1-d80824372ce2,VAC-1128,CAND-10128,HR,Назначить интервью с HR,User Task,Марина_9,2025-10-02 16:08:15,2025-10-02 16:48:15,40,,
c3599c51-e06a-4118-bea1-d80824372ce2,VAC-1128,CAND-10128,HR,Провести интервью с HR,User Task,Наталья_4,2025-10-02 16:48:15,2025-10-02 17:41:15,53,passed,
c3599c51-e06a-4118-bea1-d80824372ce2,VAC-1128,CAND-10128,ИНТЕРВЬЮЕРЫ,Назначить техническое интервью,User Task,Анна_7,2025-10-02 17:41:15,2025-10-02 18:18:15,37,,
c3599c51-e06a-4118-bea1-d80824372ce2,VAC-1128,CAND-10128,ИНТЕРВЬЮЕРЫ,Провести техническое интервью,User Task,Анна_7,2025-10-02 18:18:15,2025-10-02 19:29:15,71,rejected,нет опыта с технологиями
c3b9586a-756a-47ce-8149-7ae191c5af9d,VAC-1042,CAND-10042,РУКОВОДИТЕЛЬ,Создать заявку,User Task,Петров_1,2025-10-03 23:12:15,2025-10-04 00:06:15,54,,
c3b9586a-756a-47ce-8149-7ae191c5af9d,VAC-1042,CAND-10042,HR,Зарегистрировать в HCM,Service Task,Ольга_5,2025-10-04 00:06:15,2025-10-04 00:21:15,15,,
c3b9586a-756a-47ce-8149-7ae191c5af9d,VAC-1042,CAND-10042,РЕКРУТЕР,Разместить вакансию,Task,Дмитрий_1,2025-10-04 00:21:15,2025-10-04 01:24:15,63,,
c3b9586a-756a-47ce-8149-7ae191c5af9d,VAC-1042,CAND-10042,РЕКРУТЕР,Собирать резюме,Task,Алексей_7,2025-10-04 01:24:15,2025-10-05 13:47:15,2183,,
c3b9586a-756a-47ce-8149-7ae191c5af9d,VAC-1042,CAND-10042,РЕКРУТЕР,Скрининг,Task,Екатерина_1,2025-10-05 13:47:15,2025-10-05 14:20:15,33,passed,
c3b9586a-756a-47ce-8149-7ae191c5af9d,VAC-1042,CAND-10042,HR,Назначить интервью с HR,User Task,Марина_9,2025-10-05 14:20:15,2025-10-05 14:32:15,12,,
c3b9586a-756a-47ce-8149-7ae191c5af9d,VAC-1042,CAND-10042,HR,Провести интервью с HR,User Task,Ольга_6,2025-10-05 14:32:15,2025-10-05 16:10:15,98,passed,
c3b9586a-756a-47ce-8149-7ae191c5af9d,VAC-1042,CAND-10042,ИНТЕРВЬЮЕРЫ,Назначить техническое интервью,User Task,Сергей_5,2025-10-05 16:10:15,2025-10-05 16:25:15,15,,
c3b9586a-756a-47ce-8149-7ae191c5af9d,VAC-1042,CAND-10042,ИНТЕРВЬЮЕРЫ,Провести техническое интервью,User Task,Анна_2,2025-10-05 16:25:15,2025-10-05 18:22:15,117,rejected,недостаточно технических навыков
c87d89a5-c1bc-4ba0-bf57-de9df6706af9,VAC-1098,CAND-10098,РУКОВОДИТЕЛЬ,Создать заявку,User Task,Иванов_5,2025-08-28 21:58:15,2025-08-28 22:47:15,49,,
c87d89a5-c1bc-4ba0-bf57-de9df6706af9,VAC-1098,CAND-10098,HR,Зарегистрировать в HCM,Service Task,Ольга_9,2025-08-28 22:47:15,2025-08-28 23:12:15,25,,
c87d89a5-c1bc-4ba0-bf57-de9df6706af9,VAC-1098,CAND-10098,РЕКРУТЕР,Разместить вакансию,Task,Алексей_2,2025-08-28 23:12:15,2025-08-29 00:33:15,81,,
c87d89a5-c1bc-4ba0-bf57-de9df6706af9,VAC-1098,CAND-10098,РЕКРУТЕР,Собирать резюме,Task,Дмитрий_3,2025-08-29 00:33:15,2025-08-30 19:38:15,2585,,
c87d89a5-c1bc-4ba0-bf57-de9df6706af9,VAC-1098,CAND-10098,РЕКРУТЕР,Скрининг,Task,Екатерина_4,2025-08-30 19:38:15,2025-08-30 20:08:15,30,passed,
c87d89a5-c1bc-4ba0-bf57-de9df6706af9,VAC-1098,CAND-10098,HR,Назначить интервью с HR,User Task,Марина_1,2025-08-30 20:08:15,2025-08-30 20:38:15,30,,
c87d89a5-c1bc-4ba0-bf57-de9df6706af9,VAC-1098,CAND-10098,HR,Провести интервью с HR,User Task,Ольга_9,2025-08-30 20:38:15,2025-08-30 22:08:15,90,rejected,несоответствие культуре
c9e0da75-4599-4955-bbe1-ed53f710170b,VAC-1113,CAND-10113,РУКОВОДИТЕЛЬ,Создать заявку,User Task,Иванов_9,2025-10-11 14:32:15,2025-10-11 15:28:15,56,,
c9e0da75-4599-4955-bbe1-ed53f710170b,VAC-1113,CAND-10113,HR,Зарегистрировать в HCM,Service Task,Наталья_6,2025-10-11 15:28:15,2025-10-11 15:43:15,15,,
c9e0da75-4599-4955-bbe1-ed53f710170b,VAC-1113,CAND-10113,РЕКРУТЕР,Разместить вакансию,Task,Екатерина_1,2025-10-11 15:43:15,2025-10-11 17:34:15,111,,
c9e0da75-4599-4955-bbe1-ed53f710170b,VAC-1113,CAND-10113,РЕКРУТЕР,Собирать резюме,Task,Екатерина_5,2025-10-11 17:34:15,2025-10-13 19:10:15,2976,,
c9e0da75-4599-4955-bbe1-ed53f710170b,VAC-1113,CAND-10113,РЕКРУТЕР,Скрининг,Task,Алексей_1,2025-10-13 19:10:15,2025-10-13 19:39:15,29,rejected,не прошёл тест
ca521718-4bd2-4768-a972-41eb7a993165,VAC-1087,CAND-10087,РУКОВОДИТЕЛЬ,Создать заявку,User Task,Иванов_4,2025-10-20 22:27:15,2025-10-20 23:21:15,54,,
ca521718-4bd2-4768-a972-41eb7a993165,VAC-1087,CAND-10087,HR,Зарегистрировать в HCM,Service Task,Марина_6,2025-10-20 23:21:15,2025-10-20 23:35:15,14,,
ca521718-4bd2-4768-a972-41eb7a993165,VAC-1087,CAND-10087,РЕКРУТЕР,Разместить вакансию,Task,Екатерина_7,2025-10-20 23:35:15,2025-10-21 00:26:15,51,,
ca521718-4bd2-4768-a972-41eb7a993165,VAC-1087,CAND-10087,РЕКРУТЕР,Собирать резюме,Task,Алексей_5,2025-10-21 00:26:15,2025-10-23 09:50:15,3444,,
ca521718-4bd2-4768-a972-41eb7a993165,VAC-1087,CAND-10087,РЕКРУТЕР,Скрининг,Task,Дмитрий_2,2025-10-23 09:50:15,2025-10-23 10:12:15,22,passed,
ca521718-4bd2-4768-a972-41eb7a993165,VAC-1087,CAND-10087,HR,Назначить интервью с HR,User Task,Наталья_7,2025-10-23 10:12:15,2025-10-23 10:42:15,30,,
ca521718-4bd2-4768-a972-41eb7a993165,VAC-1087,CAND-10087,HR,Провести интервью с HR,User Task,Марина_6,2025-10-23 10:42:15,2025-10-23 12:02:15,80,passed,
ca521718-4bd2-4768-a972-41eb7a993165,VAC-1087,CAND-10087,ИНТЕРВЬЮЕРЫ,Назначить техническое интервью,User Task,Сергей_6,2025-10-23 12:02:15,2025-10-23 12:26:15,24,,
ca521718-4bd2-4768-a972-41eb7a993165,VAC-1087,CAND-10087,ИНТЕРВЬЮЕРЫ,Провести техническое интервью,User Task,Анна_8,2025-10-23 12:26:15,2025-10-23 13:22:15,56,passed,
ca521718-4bd2-4768-a972-41eb7a993165,VAC-1087,CAND-10087,ИНТЕРВЬЮЕРЫ,Назначить финальное интервью,User Task,Анна_6,2025-10-23 13:22:15,2025-10-23 13:52:15,30,,
ca521718-4bd2-4768-a972-41eb7a993165,VAC-1087,CAND-10087,ИНТЕРВЬЮЕРЫ,Провести финальное интервью,User Task,Сергей_4,2025-10-23 13:52:15,2025-10-23 15:45:15,113,rejected,сомнения руководства
cc14a8c1-05ed-45f7-a4f2-76c7fb6ea75c,VAC-1085,CAND-10085,РУКОВОДИТЕЛЬ,Создать заявку,User Task,Петров_8,2025-10-08 19:45:15,2025-10-08 20:40:15,55,,
cc14a8c1-05ed-45f7-a4f2-76c7fb6ea75c,VAC-1085,CAND-10085,HR,Зарегистрировать в HCM,Service Task,Наталья_1,2025-10-08 20:40:15,2025-10-08 20:55:15,15,,
cc14a8c1-05ed-45f7-a4f2-76c7fb6ea75c,VAC-1085,CAND-10085,РЕКРУТЕР,Разместить вакансию,Task,Алексей_5,2025-10-08 20:55:15,2025-10-08 22:52:15,117,,
cc14a8c1-05ed-45f7-a4f2-76c7fb6ea75c,VAC-1085,CAND-10085,РЕКРУТЕР,Собирать резюме,Task,Дмитрий_4,2025-10-08 22:52:15,2025-10-10 01:05:15,1573,,
cc14a8c1-05ed-45f7-a4f2-76c7fb6ea75c,VAC-1085,CAND-10085,РЕКРУТЕР,Скрининг,Task,Дмитрий_8,2025-10-10 01:05:15,2025-10-10 01:20:15,15,passed,
cc14a8c1-05ed-45f7-a4f2-76c7fb6ea75c,VAC-1085,CAND-10085,HR,Назначить интервью с HR,User Task,Марина_2,2025-10-10 01:20:15,2025-10-10 01:47:15,27,,
cc14a8c1-05ed-45f7-a4f2-76c7fb6ea75c,VAC-1085,CAND-10085,HR,Провести интервью с HR,User Task,Марина_6,2025-10-10 01:47:15,2025-10-10 03:06:15,79,passed,
cc14a8c1-05ed-45f7-a4f2-76c7fb6ea75c,VAC-1085,CAND-10085,ИНТЕРВЬЮЕРЫ,Назначить техническое интервью,User Task,Андрей_8,2025-10-10 03:06:15,2025-10-10 03:33:15,27,,
cc14a8c1-05ed-45f7-a4f2-76c7fb6ea75c,VAC-1085,CAND-10085,ИНТЕРВЬЮЕРЫ,Провести техническое интервью,User Task,Андрей_4,2025-10-10 03:33:15,2025-10-10 05:12:15,99,passed,
cc14a8c1-05ed-45f7-a4f2-76c7fb6ea75c,VAC-1085,CAND-10085,ИНТЕРВЬЮЕРЫ,Назначить финальное интервью,User Task,Андрей_8,2025-10-10 05:12:15,2025-10-10 05:31:15,19,,
cc14a8c1-05ed-45f7-a4f2-76c7fb6ea75c,VAC-1085,CAND-10085,ИНТЕРВЬЮЕРЫ,Провести финальное интервью,User Task,Сергей_2,2025-10-10 05:31:15,2025-10-10 06:27:15,56,passed,
cc14a8c1-05ed-45f7-a4f2-76c7fb6ea75c,VAC-1085,CAND-10085,HR (ОФФЕР),Согласовать условия,User Task,Наталья_6,2025-10-10 06:27:15,2025-10-10 08:27:15,120,,
cc14a8c1-05ed-45f7-a4f2-76c7fb6ea75c,VAC-1085,CAND-10085,HR (ОФФЕР),Сгенерировать оффер,Service Task,Марина_7,2025-10-10 08:27:15,2025-10-10 08:54:15,27,,
cc14a8c1-05ed-45f7-a4f2-76c7fb6ea75c,VAC-1085,CAND-10085,HR (ОФФЕР),Отправить оффер,Send Task,Наталья_3,2025-10-10 08:54:15,2025-10-10 09:04:15,10,sent,
cc14a8c1-05ed-45f7-a4f2-76c7fb6ea75c,VAC-1085,CAND-10085,HR (ОФФЕР),Переговоры / отказ,Task,Наталья_6,2025-10-10 09:04:15,2025-10-10 10:56:15,112,rejected,
cc9d85fb-9f31-4e10-a22c-3f2a66833645,VAC-1186,CAND-10186,РУКОВОДИТЕЛЬ,Создать заявку,User Task,Иванов_8,2025-08-26 14:00:15,2025-08-26 14:11:15,11,,
cc9d85fb-9f31-4e10-a22c-3f2a66833645,VAC-1186,CAND-10186,HR,Зарегистрировать в HCM,Service Task,Ольга_3,2025-08-26 14:11:15,2025-08-26 14:42:15,31,,
cc9d85fb-9f31-4e10-a22c-3f2a66833645,VAC-1186,CAND-10186,РЕКРУТЕР,Разместить вакансию,Task,Алексей_7,2025-08-26 14:42:15,2025-08-26 15:12:15,30,,
cc9d85fb-9f31-4e10-a22c-3f2a66833645,VAC-1186,CAND-10186,РЕКРУТЕР,Собирать резюме,Task,Екатерина_7,2025-08-26 15:12:15,2025-08-28 22:19:15,3307,,
cc9d85fb-9f31-4e10-a22c-3f2a66833645,VAC-1186,CAND-10186,РЕКРУТЕР,Скрининг,Task,Екатерина_7,2025-08-28 22:19:15,2025-08-28 22:43:15,24,passed,
cc9d85fb-9f31-4e10-a22c-3f2a66833645,VAC-1186,CAND-10186,HR,Назначить интервью с HR,User Task,Ольга_7,2025-08-28 22:43:15,2025-08-28 23:10:15,27,,
cc9d85fb-9f31-4e10-a22c-3f2a66833645,VAC-1186,CAND-10186,HR,Провести интервью с HR,User Task,Ольга_1,2025-08-28 23:10:15,2025-08-29 00:18:15,68,passed,
cc9d85fb-9f31-4e10-a22c-3f2a66833645,VAC-1186,CAND-10186,ИНТЕРВЬЮЕРЫ,Назначить техническое интервью,User Task,Сергей_4,2025-08-29 00:18:15,2025-08-29 00:46:15,28,,
cc9d85fb-9f31-4e10-a22c-3f2a66833645,VAC-1186,CAND-10186,ИНТЕРВЬЮЕРЫ,Провести техническое интервью,User Task,Сергей_9,2025-08-29 00:46:15,2025-08-29 02:05:15,79,rejected,нет опыта с технологиями
ccf26382-44d8-43e1-a547-9737a56905bd,VAC-1160,CAND-10160,РУКОВОДИТЕЛЬ,Создать заявку,User Task,Петров_1,2025-09-20 13:05:15,2025-09-20 13:17:15,12,,
ccf26382-44d8-43e1-a547-9737a56905bd,VAC-1160,CAND-10160,HR,Зарегистрировать в HCM,Service Task,Наталья_5,2025-09-20 13:17:15,2025-09-20 13:43:15,26,,
ccf26382-44d8-43e1-a547-9737a56905bd,VAC-1160,CAND-10160,РЕКРУТЕР,Разместить вакансию,Task,Дмитрий_4,2025-09-20 13:43:15,2025-09-20 14:03:15,20,,
ccf26382-44d8-43e1-a547-9737a56905bd,VAC-1160,CAND-10160,РЕКРУТЕР,Собирать резюме,Task,Дмитрий_1,2025-09-20 14:03:15,2025-09-22 04:42:15,2319,,
ccf26382-44d8-43e1-a547-9737a56905bd,VAC-1160,CAND-10160,РЕКРУТЕР,Скрининг,Task,Екатерина_5,2025-09-22 04:42:15,2025-09-22 05:22:15,40,rejected,не прошёл тест
ceed558e-ebcf-4ade-9c8d-03809c003f5e,VAC-1017,CAND-10017,РУКОВОДИТЕЛЬ,Создать заявку,User Task,Иванов_1,2025-10-25 17:33:15,2025-10-25 18:24:15,51,,
ceed558e-ebcf-4ade-9c8d-03809c003f5e,VAC-1017,CAND-10017,HR,Зарегистрировать в HCM,Service Task,Наталья_4,2025-10-25 18:24:15,2025-10-25 18:58:15,34,,
ceed558e-ebcf-4ade-9c8d-03809c003f5e,VAC-1017,CAND-10017,РЕКРУТЕР,Разместить вакансию,Task,Алексей_3,2025-10-25 18:58:15,2025-10-25 19:43:15,45,,
ceed558e-ebcf-4ade-9c8d-03809c003f5e,VAC-1017,CAND-10017,РЕКРУТЕР,Собирать резюме,Task,Алексей_8,2025-10-25 19:43:15,2025-10-27 12:00:15,2417,,
ceed558e-ebcf-4ade-9c8d-03809c003f5e,VAC-1017,CAND-10017,РЕКРУТЕР,Скрининг,Task,Алексей_8,2025-10-27 12:00:15,2025-10-27 12:28:15,28,passed,
ceed558e-ebcf-4ade-9c8d-03809c003f5e,VAC-1017,CAND-10017,HR,Назначить интервью с HR,User Task,Ольга_6,2025-10-27 12:28:15,2025-10-27 13:00:15,32,,
ceed558e-ebcf-4ade-9c8d-03809c003f5e,VAC-1017,CAND-10017,HR,Провести интервью с HR,User Task,Наталья_5,2025-10-27 13:00:15,2025-10-27 13:59:15,59,passed,
ceed558e-ebcf-4ade-9c8d-03809c003f5e,VAC-1017,CAND-10017,ИНТЕРВЬЮЕРЫ,Назначить техническое интервью,User Task,Анна_1,2025-10-27 13:59:15,2025-10-27 14:12:15,13,,
ceed558e-ebcf-4ade-9c8d-03809c003f5e,VAC-1017,CAND-10017,ИНТЕРВЬЮЕРЫ,Провести техническое интервью,User Task,Анна_7,2025-10-27 14:12:15,2025-10-27 16:10:15,118,rejected,слабое решение задач
cf1d981e-dd1c-494e-8a9b-9a95a231f2da,VAC-1184,CAND-10184,РУКОВОДИТЕЛЬ,Создать заявку,User Task,Иванов_6,2025-10-19 15:13:15,2025-10-19 15:41:15,28,,
cf1d981e-dd1c-494e-8a9b-9a95a231f2da,VAC-1184,CAND-10184,HR,Зарегистрировать в HCM,Service Task,Марина_1,2025-10-19 15:41:15,2025-10-19 16:19:15,38,,
cf1d981e-dd1c-494e-8a9b-9a95a231f2da,VAC-1184,CAND-10184,РЕКРУТЕР,Разместить вакансию,Task,Екатерина_9,2025-10-19 16:19:15,2025-10-19 16:39:15,20,,
cf1d981e-dd1c-494e-8a9b-9a95a231f2da,VAC-1184,CAND-10184,РЕКРУТЕР,Собирать резюме,Task,Алексей_5,2025-10-19 16:39:15,2025-10-21 17:10:15,2911,,
cf1d981e-dd1c-494e-8a9b-9a95a231f2da,VAC-1184,CAND-10184,РЕКРУТЕР,Скрининг,Task,Дмитрий_7,2025-10-21 17:10:15,2025-10-21 17:27:15,17,rejected,не прошёл тест
cf2a79d5-5b44-4703-9a5d-976cbf9fccbc,VAC-1119,CAND-10119,РУКОВОДИТЕЛЬ,Создать заявку,User Task,Петров_1,2025-10-23 19:26:15,2025-10-23 20:02:15,36,,
cf2a79d5-5b44-4703-9a5d-976cbf9fccbc,VAC-1119,CAND-10119,HR,Зарегистрировать в HCM,Service Task,Ольга_6,2025-10-23 20:02:15,2025-10-23 20:14:15,12,,
cf2a79d5-5b44-4703-9a5d-976cbf9fccbc,VAC-1119,CAND-10119,РЕКРУТЕР,Разместить вакансию,Task,Екатерина_9,2025-10-23 20:14:15,2025-10-23 20:35:15,21,,
cf2a79d5-5b44-4703-9a5d-976cbf9fccbc,VAC-1119,CAND-10119,РЕКРУТЕР,Собирать резюме,Task,Екатерина_4,2025-10-23 20:35:15,2025-10-26 11:56:15,3801,,
cf2a79d5-5b44-4703-9a5d-976cbf9fccbc,VAC-1119,CAND-10119,РЕКРУТЕР,Скрининг,Task,Дмитрий_9,2025-10-26 11:56:15,2025-10-26 12:27:15,31,rejected,не прошёл тест
cfe048b9-1852-4908-9391-67175861f739,VAC-1153,CAND-10153,РУКОВОДИТЕЛЬ,Создать заявку,User Task,Иванов_4,2025-10-03 14:42:15,2025-10-03 15:41:15,59,,
cfe048b9-1852-4908-9391-67175861f739,VAC-1153,CAND-10153,HR,Зарегистрировать в HCM,Service Task,Ольга_2,2025-10-03 15:41:15,2025-10-03 15:56:15,15,,
cfe048b9-1852-4908-9391-67175861f739,VAC-1153,CAND-10153,РЕКРУТЕР,Разместить вакансию,Task,Екатерина_6,2025-10-03 15:56:15,2025-10-03 17:43:15,107,,
cfe048b9-1852-4908-9391-67175861f739,VAC-1153,CAND-10153,РЕКРУТЕР,Собирать резюме,Task,Алексей_1,2025-10-03 17:43:15,2025-10-06 12:23:15,4000,,
cfe048b9-1852-4908-9391-67175861f739,VAC-1153,CAND-10153,РЕКРУТЕР,Скрининг,Task,Екатерина_9,2025-10-06 12:23:15,2025-10-06 12:37:15,14,passed,
cfe048b9-1852-4908-9391-67175861f739,VAC-1153,CAND-10153,HR,Назначить интервью с HR,User Task,Наталья_3,2025-10-06 12:37:15,2025-10-06 13:12:15,35,,
cfe048b9-1852-4908-9391-67175861f739,VAC-1153,CAND-10153,HR,Провести интервью с HR,User Task,Марина_6,2025-10-06 13:12:15,2025-10-06 14:37:15,85,passed,
cfe048b9-1852-4908-9391-67175861f739,VAC-1153,CAND-10153,ИНТЕРВЬЮЕРЫ,Назначить техническое интервью,User Task,Сергей_4,2025-10-06 14:37:15,2025-10-06 15:12:15,35,,
cfe048b9-1852-4908-9391-67175861f739,VAC-1153,CAND-10153,ИНТЕРВЬЮЕРЫ,Провести техническое интервью,User Task,Сергей_3,2025-10-06 15:12:15,2025-10-06 16:45:15,93,passed,
cfe048b9-1852-4908-9391-67175861f739,VAC-1153,CAND-10153,ИНТЕРВЬЮЕРЫ,Назначить финальное интервью,User Task,Андрей_8,2025-10-06 16:45:15,2025-10-06 17:03:15,18,,
cfe048b9-1852-4908-9391-67175861f739,VAC-1153,CAND-10153,ИНТЕРВЬЮЕРЫ,Провести финальное интервью,User Task,Сергей_9,2025-10-06 17:03:15,2025-10-06 18:59:15,116,passed,
cfe048b9-1852-4908-9391-67175861f739,VAC-1153,CAND-10153,HR (ОФФЕР),Согласовать условия,User Task,Ольга_4,2025-10-06 18:59:15,2025-10-06 22:57:15,238,,
cfe048b9-1852-4908-9391-67175861f739,VAC-1153,CAND-10153,HR (ОФФЕР),Сгенерировать оффер,Service Task,Наталья_9,2025-10-06 22:57:15,2025-10-06 23:20:15,23,,
cfe048b9-1852-4908-9391-67175861f739,VAC-1153,CAND-10153,HR (ОФФЕР),Отправить оффер,Send Task,Ольга_6,2025-10-06 23:20:15,2025-10-06 23:30:15,10,sent,
cfe048b9-1852-4908-9391-67175861f739,VAC-1153,CAND-10153,SECURITY,Background Check,Call Activity,Служба_БД_2,2025-10-06 23:30:15,2025-10-10 13:05:15,5135,report_ready,
cfe048b9-1852-4908-9391-67175861f739,VAC-1153,CAND-10153,IT,Выдача оборудования,Task,IT_Specialist_5,2025-10-10 13:05:15,2025-10-10 15:02:15,117,,
cfe048b9-1852-4908-9391-67175861f739,VAC-1153,CAND-10153,IT,Создать доступы,Task,IT_Specialist_8,2025-10-10 15:02:15,2025-10-10 16:41:15,99,,
cfe048b9-1852-4908-9391-67175861f739,VAC-1153,CAND-10153,IT,Вводное обучение,Service Task,Марина_9,2025-10-10 16:41:15,2025-10-10 19:41:15,180,,
cfe048b9-1852-4908-9391-67175861f739,VAC-1153,CAND-10153,HR,Назначить ментора,Task,Марина_3,2025-10-10 19:41:15,2025-10-10 20:35:15,54,,
cfe048b9-1852-4908-9391-67175861f739,VAC-1153,CAND-10153,HR,Уведомить всех,Message,system,2025-10-10 20:35:15,2025-10-10 20:40:15,5,notified,
cfe048b9-1852-4908-9391-67175861f739,VAC-1153,CAND-10153,HR,Обновить HCM,Service Task,Наталья_6,2025-10-10 20:40:15,2025-10-10 21:00:15,20,,
cfe048b9-1852-4908-9391-67175861f739,VAC-1153,CAND-10153,HR,Payroll,Service Task,Марина_4,2025-10-10 21:00:15,2025-10-10 21:20:15,20,,
cfe048b9-1852-4908-9391-67175861f739,VAC-1153,CAND-10153,HR,Закрыть вакансию,Service Task,Ольга_2,2025-10-10 21:20:15,2025-10-10 21:25:15,5,,
cffa9fe4-d0e7-411b-b5b8-35a4654f8090,VAC-1152,CAND-10152,РУКОВОДИТЕЛЬ,Создать заявку,User Task,Петров_8,2025-10-24 20:52:15,2025-10-24 21:09:15,17,,
cffa9fe4-d0e7-411b-b5b8-35a4654f8090,VAC-1152,CAND-10152,HR,Зарегистрировать в HCM,Service Task,Ольга_4,2025-10-24 21:09:15,2025-10-24 21:39:15,30,,
cffa9fe4-d0e7-411b-b5b8-35a4654f8090,VAC-1152,CAND-10152,РЕКРУТЕР,Разместить вакансию,Task,Алексей_4,2025-10-24 21:39:15,2025-10-24 22:45:15,66,,
cffa9fe4-d0e7-411b-b5b8-35a4654f8090,VAC-1152,CAND-10152,РЕКРУТЕР,Собирать резюме,Task,Алексей_7,2025-10-24 22:45:15,2025-10-26 06:27:15,1902,,
cffa9fe4-d0e7-411b-b5b8-35a4654f8090,VAC-1152,CAND-10152,РЕКРУТЕР,Скрининг,Task,Дмитрий_2,2025-10-26 06:27:15,2025-10-26 06:42:15,15,passed,
cffa9fe4-d0e7-411b-b5b8-35a4654f8090,VAC-1152,CAND-10152,HR,Назначить интервью с HR,User Task,Наталья_1,2025-10-26 06:42:15,2025-10-26 07:04:15,22,,
cffa9fe4-d0e7-411b-b5b8-35a4654f8090,VAC-1152,CAND-10152,HR,Провести интервью с HR,User Task,Марина_8,2025-10-26 07:04:15,2025-10-26 09:03:15,119,rejected,завышенные ожидания
d18a7019-5c0e-4e4d-bf26-0a88f2b4e5a0,VAC-1134,CAND-10134,РУКОВОДИТЕЛЬ,Создать заявку,User Task,Сидоров_3,2025-09-05 14:55:15,2025-09-05 15:41:15,46,,
d18a7019-5c0e-4e4d-bf26-0a88f2b4e5a0,VAC-1134,CAND-10134,HR,Зарегистрировать в HCM,Service Task,Марина_8,2025-09-05 15:41:15,2025-09-05 16:14:15,33,,
d18a7019-5c0e-4e4d-bf26-0a88f2b4e5a0,VAC-1134,CAND-10134,РЕКРУТЕР,Разместить вакансию,Task,Алексей_4,2025-09-05 16:14:15,2025-09-05 17:19:15,65,,
d18a7019-5c0e-4e4d-bf26-0a88f2b4e5a0,VAC-1134,CAND-10134,РЕКРУТЕР,Собирать резюме,Task,Алексей_2,2025-09-05 17:19:15,2025-09-08 02:36:15,3437,,
d18a7019-5c0e-4e4d-bf26-0a88f2b4e5a0,VAC-1134,CAND-10134,РЕКРУТЕР,Скрининг,Task,Алексей_4,2025-09-08 02:36:15,2025-09-08 02:53:15,17,passed,
d18a7019-5c0e-4e4d-bf26-0a88f2b4e5a0,VAC-1134,CAND-10134,HR,Назначить интервью с HR,User Task,Ольга_7,2025-09-08 02:53:15,2025-09-08 03:19:15,26,,
d18a7019-5c0e-4e4d-bf26-0a88f2b4e5a0,VAC-1134,CAND-10134,HR,Провести интервью с HR,User Task,Наталья_1,2025-09-08 03:19:15,2025-09-08 05:02:15,103,passed,
d18a7019-5c0e-4e4d-bf26-0a88f2b4e5a0,VAC-1134,CAND-10134,ИНТЕРВЬЮЕРЫ,Назначить техническое интервью,User Task,Сергей_2,2025-09-08 05:02:15,2025-09-08 05:32:15,30,,
d18a7019-5c0e-4e4d-bf26-0a88f2b4e5a0,VAC-1134,CAND-10134,ИНТЕРВЬЮЕРЫ,Провести техническое интервью,User Task,Анна_5,2025-09-08 05:32:15,2025-09-08 07:23:15,111,rejected,нет опыта с технологиями
d32d56ef-f686-428e-9afd-c7398d3c7092,VAC-1199,CAND-10199,РУКОВОДИТЕЛЬ,Создать заявку,User Task,Сидоров_1,2025-09-23 19:34:15,2025-09-23 19:49:15,15,,
d32d56ef-f686-428e-9afd-c7398d3c7092,VAC-1199,CAND-10199,HR,Зарегистрировать в HCM,Service Task,Марина_7,2025-09-23 19:49:15,2025-09-23 20:21:15,32,,
d32d56ef-f686-428e-9afd-c7398d3c7092,VAC-1199,CAND-10199,РЕКРУТЕР,Разместить вакансию,Task,Алексей_6,2025-09-23 20:21:15,2025-09-23 21:08:15,47,,
d32d56ef-f686-428e-9afd-c7398d3c7092,VAC-1199,CAND-10199,РЕКРУТЕР,Собирать резюме,Task,Алексей_2,2025-09-23 21:08:15,2025-09-25 17:19:15,2651,,
d32d56ef-f686-428e-9afd-c7398d3c7092,VAC-1199,CAND-10199,РЕКРУТЕР,Скрининг,Task,Дмитрий_3,2025-09-25 17:19:15,2025-09-25 17:50:15,31,passed,
d32d56ef-f686-428e-9afd-c7398d3c7092,VAC-1199,CAND-10199,HR,Назначить интервью с HR,User Task,Ольга_1,2025-09-25 17:50:15,2025-09-25 18:22:15,32,,
d32d56ef-f686-428e-9afd-c7398d3c7092,VAC-1199,CAND-10199,HR,Провести интервью с HR,User Task,Наталья_7,2025-09-25 18:22:15,2025-09-25 20:06:15,104,rejected,недостаточная мотивация
d6cdb0da-1adf-4be3-8510-84cf0400c28f,VAC-1177,CAND-10177,РУКОВОДИТЕЛЬ,Создать заявку,User Task,Сидоров_4,2025-09-24 23:09:15,2025-09-24 23:26:15,17,,
d6cdb0da-1adf-4be3-8510-84cf0400c28f,VAC-1177,CAND-10177,HR,Зарегистрировать в HCM,Service Task,Марина_7,2025-09-24 23:26:15,2025-09-25 00:01:15,35,,
d6cdb0da-1adf-4be3-8510-84cf0400c28f,VAC-1177,CAND-10177,РЕКРУТЕР,Разместить вакансию,Task,Алексей_6,2025-09-25 00:01:15,2025-09-25 01:13:15,72,,
d6cdb0da-1adf-4be3-8510-84cf0400c28f,VAC-1177,CAND-10177,РЕКРУТЕР,Собирать резюме,Task,Екатерина_4,2025-09-25 01:13:15,2025-09-27 01:05:15,2872,,
d6cdb0da-1adf-4be3-8510-84cf0400c28f,VAC-1177,CAND-10177,РЕКРУТЕР,Скрининг,Task,Екатерина_5,2025-09-27 01:05:15,2025-09-27 01:21:15,16,passed,
d6cdb0da-1adf-4be3-8510-84cf0400c28f,VAC-1177,CAND-10177,HR,Назначить интервью с HR,User Task,Наталья_5,2025-09-27 01:21:15,2025-09-27 01:39:15,18,,
d6cdb0da-1adf-4be3-8510-84cf0400c28f,VAC-1177,CAND-10177,HR,Провести интервью с HR,User Task,Ольга_1,2025-09-27 01:39:15,2025-09-27 03:34:15,115,passed,
d6cdb0da-1adf-4be3-8510-84cf0400c28f,VAC-1177,CAND-10177,ИНТЕРВЬЮЕРЫ,Назначить техническое интервью,User Task,Анна_6,2025-09-27 03:34:15,2025-09-27 03:47:15,13,,
d6cdb0da-1adf-4be3-8510-84cf0400c28f,VAC-1177,CAND-10177,ИНТЕРВЬЮЕРЫ,Провести техническое интервью,User Task,Анна_1,2025-09-27 03:47:15,2025-09-27 05:44:15,117,passed,
d6cdb0da-1adf-4be3-8510-84cf0400c28f,VAC-1177,CAND-10177,ИНТЕРВЬЮЕРЫ,Назначить финальное интервью,User Task,Андрей_4,2025-09-27 05:44:15,2025-09-27 06:20:15,36,,
d6cdb0da-1adf-4be3-8510-84cf0400c28f,VAC-1177,CAND-10177,ИНТЕРВЬЮЕРЫ,Провести финальное интервью,User Task,Анна_8,2025-09-27 06:20:15,2025-09-27 07:48:15,88,passed,
d6cdb0da-1adf-4be3-8510-84cf0400c28f,VAC-1177,CAND-10177,HR (ОФФЕР),Согласовать условия,User Task,Наталья_3,2025-09-27 07:48:15,2025-09-27 10:49:15,181,,
d6cdb0da-1adf-4be3-8510-84cf0400c28f,VAC-1177,CAND-10177,HR (ОФФЕР),Сгенерировать оффер,Service Task,Наталья_8,2025-09-27 10:49:15,2025-09-27 11:09:15,20,,
d6cdb0da-1adf-4be3-8510-84cf0400c28f,VAC-1177,CAND-10177,HR (ОФФЕР),Отправить оффер,Send Task,Марина_6,2025-09-27 11:09:15,2025-09-27 11:19:15,10,sent,
d6cdb0da-1adf-4be3-8510-84cf0400c28f,VAC-1177,CAND-10177,SECURITY,Background Check,Call Activity,Служба_БД_9,2025-09-27 11:19:15,2025-10-01 19:50:15,6271,report_ready,
d6cdb0da-1adf-4be3-8510-84cf0400c28f,VAC-1177,CAND-10177,IT,Выдача оборудования,Task,IT_Specialist_9,2025-10-01 19:50:15,2025-10-01 22:22:15,152,,
d6cdb0da-1adf-4be3-8510-84cf0400c28f,VAC-1177,CAND-10177,IT,Создать доступы,Task,IT_Specialist_4,2025-10-01 22:22:15,2025-10-02 00:00:15,98,,
d6cdb0da-1adf-4be3-8510-84cf0400c28f,VAC-1177,CAND-10177,IT,Вводное обучение,Service Task,Марина_6,2025-10-02 00:00:15,2025-10-02 07:55:15,475,,
d6cdb0da-1adf-4be3-8510-84cf0400c28f,VAC-1177,CAND-10177,HR,Назначить ментора,Task,Ольга_2,2025-10-02 07:55:15,2025-10-02 09:16:15,81,,
d6cdb0da-1adf-4be3-8510-84cf0400c28f,VAC-1177,CAND-10177,HR,Уведомить всех,Message,system,2025-10-02 09:16:15,2025-10-02 09:21:15,5,notified,
d6cdb0da-1adf-4be3-8510-84cf0400c28f,VAC-1177,CAND-10177,HR,Обновить HCM,Service Task,Наталья_5,2025-10-02 09:21:15,2025-10-02 09:41:15,20,,
d6cdb0da-1adf-4be3-8510-84cf0400c28f,VAC-1177,CAND-10177,HR,Payroll,Service Task,Наталья_6,2025-10-02 09:41:15,2025-10-02 10:01:15,20,,
d6cdb0da-1adf-4be3-8510-84cf0400c28f,VAC-1177,CAND-10177,HR,Закрыть вакансию,Service Task,Ольга_9,2025-10-02 10:01:15,2025-10-02 10:06:15,5,,
d88b2c48-2441-48e3-b334-0835261f2df2,VAC-1143,CAND-10143,РУКОВОДИТЕЛЬ,Создать заявку,User Task,Иванов_4,2025-09-17 18:11:15,2025-09-17 18:38:15,27,,
d88b2c48-2441-48e3-b334-0835261f2df2,VAC-1143,CAND-10143,HR,Зарегистрировать в HCM,Service Task,Ольга_1,2025-09-17 18:38:15,2025-09-17 19:02:15,24,,
d88b2c48-2441-48e3-b334-0835261f2df2,VAC-1143,CAND-10143,РЕКРУТЕР,Разместить вакансию,Task,Алексей_7,2025-09-17 19:02:15,2025-09-17 19:55:15,53,,
d88b2c48-2441-48e3-b334-0835261f2df2,VAC-1143,CAND-10143,РЕКРУТЕР,Собирать резюме,Task,Алексей_9,2025-09-17 19:55:15,2025-09-20 06:28:15,3513,,
d88b2c48-2441-48e3-b334-0835261f2df2,VAC-1143,CAND-10143,РЕКРУТЕР,Скрининг,Task,Дмитрий_2,2025-09-20 06:28:15,2025-09-20 06:47:15,19,passed,
d88b2c48-2441-48e3-b334-0835261f2df2,VAC-1143,CAND-10143,HR,Назначить интервью с HR,User Task,Марина_5,2025-09-20 06:47:15,2025-09-20 07:22:15,35,,
d88b2c48-2441-48e3-b334-0835261f2df2,VAC-1143,CAND-10143,HR,Провести интервью с HR,User Task,Ольга_8,2025-09-20 07:22:15,2025-09-20 09:20:15,118,rejected,несоответствие культуре
d8c55ee0-db90-4a8e-b06d-967b86c0a6d7,VAC-1028,CAND-10028,РУКОВОДИТЕЛЬ,Создать заявку,User Task,Петров_2,2025-09-14 20:19:15,2025-09-14 21:04:15,45,,
d8c55ee0-db90-4a8e-b06d-967b86c0a6d7,VAC-1028,CAND-10028,HR,Зарегистрировать в HCM,Service Task,Наталья_8,2025-09-14 21:04:15,2025-09-14 21:21:15,17,,
d8c55ee0-db90-4a8e-b06d-967b86c0a6d7,VAC-1028,CAND-10028,РЕКРУТЕР,Разместить вакансию,Task,Екатерина_3,2025-09-14 21:21:15,2025-09-14 21:56:15,35,,
d8c55ee0-db90-4a8e-b06d-967b86c0a6d7,VAC-1028,CAND-10028,РЕКРУТЕР,Собирать резюме,Task,Екатерина_5,2025-09-14 21:56:15,2025-09-17 07:57:15,3481,,
d8c55ee0-db90-4a8e-b06d-967b86c0a6d7,VAC-1028,CAND-10028,РЕКРУТЕР,Скрининг,Task,Дмитрий_8,2025-09-17 07:57:15,2025-09-17 08:15:15,18,passed,
d8c55ee0-db90-4a8e-b06d-967b86c0a6d7,VAC-1028,CAND-10028,HR,Назначить интервью с HR,User Task,Наталья_8,2025-09-17 08:15:15,2025-09-17 08:40:15,25,,
d8c55ee0-db90-4a8e-b06d-967b86c0a6d7,VAC-1028,CAND-10028,HR,Провести интервью с HR,User Task,Наталья_9,2025-09-17 08:40:15,2025-09-17 10:14:15,94,passed,
d8c55ee0-db90-4a8e-b06d-967b86c0a6d7,VAC-1028,CAND-10028,ИНТЕРВЬЮЕРЫ,Назначить техническое интервью,User Task,Андрей_2,2025-09-17 10:14:15,2025-09-17 10:47:15,33,,
d8c55ee0-db90-4a8e-b06d-967b86c0a6d7,VAC-1028,CAND-10028,ИНТЕРВЬЮЕРЫ,Провести техническое интервью,User Task,Сергей_9,2025-09-17 10:47:15,2025-09-17 12:25:15,98,passed,
d8c55ee0-db90-4a8e-b06d-967b86c0a6d7,VAC-1028,CAND-10028,ИНТЕРВЬЮЕРЫ,Назначить финальное интервью,User Task,Андрей_5,2025-09-17 12:25:15,2025-09-17 12:43:15,18,,
d8c55ee0-db90-4a8e-b06d-967b86c0a6d7,VAC-1028,CAND-10028,ИНТЕРВЬЮЕРЫ,Провести финальное интервью,User Task,Анна_8,2025-09-17 12:43:15,2025-09-17 14:43:15,120,passed,
d8c55ee0-db90-4a8e-b06d-967b86c0a6d7,VAC-1028,CAND-10028,HR (ОФФЕР),Согласовать условия,User Task,Ольга_9,2025-09-17 14:43:15,2025-09-17 16:21:15,98,,
d8c55ee0-db90-4a8e-b06d-967b86c0a6d7,VAC-1028,CAND-10028,HR (ОФФЕР),Сгенерировать оффер,Service Task,Ольга_6,2025-09-17 16:21:15,2025-09-17 16:41:15,20,,
d8c55ee0-db90-4a8e-b06d-967b86c0a6d7,VAC-1028,CAND-10028,HR (ОФФЕР),Отправить оффер,Send Task,Марина_9,2025-09-17 16:41:15,2025-09-17 16:51:15,10,sent,
d8c55ee0-db90-4a8e-b06d-967b86c0a6d7,VAC-1028,CAND-10028,SECURITY,Background Check,Call Activity,Служба_БД_4,2025-09-17 16:51:15,2025-09-21 12:47:15,5516,report_ready,
d8c55ee0-db90-4a8e-b06d-967b86c0a6d7,VAC-1028,CAND-10028,IT,Выдача оборудования,Task,IT_Specialist_1,2025-09-21 12:47:15,2025-09-21 14:16:15,89,,
d8c55ee0-db90-4a8e-b06d-967b86c0a6d7,VAC-1028,CAND-10028,IT,Создать доступы,Task,IT_Specialist_7,2025-09-21 14:16:15,2025-09-21 15:26:15,70,,
d8c55ee0-db90-4a8e-b06d-967b86c0a6d7,VAC-1028,CAND-10028,IT,Вводное обучение,Service Task,Марина_3,2025-09-21 15:26:15,2025-09-21 21:43:15,377,,
d8c55ee0-db90-4a8e-b06d-967b86c0a6d7,VAC-1028,CAND-10028,HR,Назначить ментора,Task,Наталья_3,2025-09-21 21:43:15,2025-09-21 22:44:15,61,,
d8c55ee0-db90-4a8e-b06d-967b86c0a6d7,VAC-1028,CAND-10028,HR,Уведомить всех,Message,system,2025-09-21 22:44:15,2025-09-21 22:49:15,5,notified,
d8c55ee0-db90-4a8e-b06d-967b86c0a6d7,VAC-1028,CAND-10028,HR,Обновить HCM,Service Task,Марина_6,2025-09-21 22:49:15,2025-09-21 23:09:15,20,,
d8c55ee0-db90-4a8e-b06d-967b86c0a6d7,VAC-1028,CAND-10028,HR,Payroll,Service Task,Наталья_8,2025-09-21 23:09:15,2025-09-21 23:29:15,20,,
d8c55ee0-db90-4a8e-b06d-967b86c0a6d7,VAC-1028,CAND-10028,HR,Закрыть вакансию,Service Task,Наталья_9,2025-09-21 23:29:15,2025-09-21 23:34:15,5,,
d9dfdbbb-cf85-4e16-865a-baede4eb3cba,VAC-1038,CAND-10038,РУКОВОДИТЕЛЬ,Создать заявку,User Task,Петров_4,2025-10-05 21:20:15,2025-10-05 21:33:15,13,,
d9dfdbbb-cf85-4e16-865a-baede4eb3cba,VAC-1038,CAND-10038,HR,Зарегистрировать в HCM,Service Task,Марина_4,2025-10-05 21:33:15,2025-10-05 21:47:15,14,,
d9dfdbbb-cf85-4e16-865a-baede4eb3cba,VAC-1038,CAND-10038,РЕКРУТЕР,Разместить вакансию,Task,Екатерина_4,2025-10-05 21:47:15,2025-10-05 22:15:15,28,,
d9dfdbbb-cf85-4e16-865a-baede4eb3cba,VAC-1038,CAND-10038,РЕКРУТЕР,Собирать резюме,Task,Алексей_4,2025-10-05 22:15:15,2025-10-08 14:16:15,3841,,
d9dfdbbb-cf85-4e16-865a-baede4eb3cba,VAC-1038,CAND-10038,РЕКРУТЕР,Скрининг,Task,Екатерина_1,2025-10-08 14:16:15,2025-10-08 14:30:15,14,passed,
d9dfdbbb-cf85-4e16-865a-baede4eb3cba,VAC-1038,CAND-10038,HR,Назначить интервью с HR,User Task,Наталья_3,2025-10-08 14:30:15,2025-10-08 14:48:15,18,,
d9dfdbbb-cf85-4e16-865a-baede4eb3cba,VAC-1038,CAND-10038,HR,Провести интервью с HR,User Task,Наталья_1,2025-10-08 14:48:15,2025-10-08 15:55:15,67,passed,
d9dfdbbb-cf85-4e16-865a-baede4eb3cba,VAC-1038,CAND-10038,ИНТЕРВЬЮЕРЫ,Назначить техническое интервью,User Task,Андрей_6,2025-10-08 15:55:15,2025-10-08 16:09:15,14,,
d9dfdbbb-cf85-4e16-865a-baede4eb3cba,VAC-1038,CAND-10038,ИНТЕРВЬЮЕРЫ,Провести техническое интервью,User Task,Анна_6,2025-10-08 16:09:15,2025-10-08 17:24:15,75,rejected,недостаточно технических навыков
d9efc6cb-7ac0-4eb9-86f2-b55e2c53cd3c,VAC-1043,CAND-10043,РУКОВОДИТЕЛЬ,Создать заявку,User Task,Иванов_2,2025-09-04 15:07:15,2025-09-04 15:56:15,49,,
d9efc6cb-7ac0-4eb9-86f2-b55e2c53cd3c,VAC-1043,CAND-10043,HR,Зарегистрировать в HCM,Service Task,Ольга_7,2025-09-04 15:56:15,2025-09-04 16:14:15,18,,
d9efc6cb-7ac0-4eb9-86f2-b55e2c53cd3c,VAC-1043,CAND-10043,РЕКРУТЕР,Разместить вакансию,Task,Екатерина_8,2025-09-04 16:14:15,2025-09-04 17:36:15,82,,
d9efc6cb-7ac0-4eb9-86f2-b55e2c53cd3c,VAC-1043,CAND-10043,РЕКРУТЕР,Собирать резюме,Task,Дмитрий_4,2025-09-04 17:36:15,2025-09-06 21:52:15,3136,,
d9efc6cb-7ac0-4eb9-86f2-b55e2c53cd3c,VAC-1043,CAND-10043,РЕКРУТЕР,Скрининг,Task,Дмитрий_7,2025-09-06 21:52:15,2025-09-06 22:05:15,13,rejected,не соотв. опыту
da691e44-0db9-4fd2-aa26-01905fa3491c,VAC-1089,CAND-10089,РУКОВОДИТЕЛЬ,Создать заявку,User Task,Иванов_3,2025-09-18 16:27:15,2025-09-18 17:01:15,34,,
da691e44-0db9-4fd2-aa26-01905fa3491c,VAC-1089,CAND-10089,HR,Зарегистрировать в HCM,Service Task,Марина_1,2025-09-18 17:01:15,2025-09-18 17:13:15,12,,
da691e44-0db9-4fd2-aa26-01905fa3491c,VAC-1089,CAND-10089,РЕКРУТЕР,Разместить вакансию,Task,Екатерина_3,2025-09-18 17:13:15,2025-09-18 18:51:15,98,,
da691e44-0db9-4fd2-aa26-01905fa3491c,VAC-1089,CAND-10089,РЕКРУТЕР,Собирать резюме,Task,Дмитрий_4,2025-09-18 18:51:15,2025-09-21 00:53:15,3242,,
da691e44-0db9-4fd2-aa26-01905fa3491c,VAC-1089,CAND-10089,РЕКРУТЕР,Скрининг,Task,Дмитрий_8,2025-09-21 00:53:15,2025-09-21 01:07:15,14,passed,
da691e44-0db9-4fd2-aa26-01905fa3491c,VAC-1089,CAND-10089,HR,Назначить интервью с HR,User Task,Наталья_2,2025-09-21 01:07:15,2025-09-21 01:44:15,37,,
da691e44-0db9-4fd2-aa26-01905fa3491c,VAC-1089,CAND-10089,HR,Провести интервью с HR,User Task,Наталья_7,2025-09-21 01:44:15,2025-09-21 02:46:15,62,rejected,несоответствие культуре
db573630-039d-47b6-9832-1ab84aacec45,VAC-1070,CAND-10070,РУКОВОДИТЕЛЬ,Создать заявку,User Task,Петров_5,2025-09-24 21:22:15,2025-09-24 22:07:15,45,,
db573630-039d-47b6-9832-1ab84aacec45,VAC-1070,CAND-10070,HR,Зарегистрировать в HCM,Service Task,Наталья_7,2025-09-24 22:07:15,2025-09-24 22:40:15,33,,
db573630-039d-47b6-9832-1ab84aacec45,VAC-1070,CAND-10070,РЕКРУТЕР,Разместить вакансию,Task,Алексей_4,2025-09-24 22:40:15,2025-09-24 23:32:15,52,,
db573630-039d-47b6-9832-1ab84aacec45,VAC-1070,CAND-10070,РЕКРУТЕР,Собирать резюме,Task,Алексей_1,2025-09-24 23:32:15,2025-09-27 15:00:15,3808,,
db573630-039d-47b6-9832-1ab84aacec45,VAC-1070,CAND-10070,РЕКРУТЕР,Скрининг,Task,Алексей_9,2025-09-27 15:00:15,2025-09-27 15:32:15,32,passed,
db573630-039d-47b6-9832-1ab84aacec45,VAC-1070,CAND-10070,HR,Назначить интервью с HR,User Task,Наталья_8,2025-09-27 15:32:15,2025-09-27 15:43:15,11,,
db573630-039d-47b6-9832-1ab84aacec45,VAC-1070,CAND-10070,HR,Провести интервью с HR,User Task,Наталья_3,2025-09-27 15:43:15,2025-09-27 17:20:15,97,passed,
db573630-039d-47b6-9832-1ab84aacec45,VAC-1070,CAND-10070,ИНТЕРВЬЮЕРЫ,Назначить техническое интервью,User Task,Анна_7,2025-09-27 17:20:15,2025-09-27 17:54:15,34,,
db573630-039d-47b6-9832-1ab84aacec45,VAC-1070,CAND-10070,ИНТЕРВЬЮЕРЫ,Провести техническое интервью,User Task,Сергей_7,2025-09-27 17:54:15,2025-09-27 19:27:15,93,passed,
db573630-039d-47b6-9832-1ab84aacec45,VAC-1070,CAND-10070,ИНТЕРВЬЮЕРЫ,Назначить финальное интервью,User Task,Андрей_9,2025-09-27 19:27:15,2025-09-27 19:49:15,22,,
db573630-039d-47b6-9832-1ab84aacec45,VAC-1070,CAND-10070,ИНТЕРВЬЮЕРЫ,Провести финальное интервью,User Task,Андрей_3,2025-09-27 19:49:15,2025-09-27 21:18:15,89,passed,
db573630-039d-47b6-9832-1ab84aacec45,VAC-1070,CAND-10070,HR (ОФФЕР),Согласовать условия,User Task,Ольга_9,2025-09-27 21:18:15,2025-09-28 00:35:15,197,,
db573630-039d-47b6-9832-1ab84aacec45,VAC-1070,CAND-10070,HR (ОФФЕР),Сгенерировать оффер,Service Task,Марина_4,2025-09-28 00:35:15,2025-09-28 00:44:15,9,,
db573630-039d-47b6-9832-1ab84aacec45,VAC-1070,CAND-10070,HR (ОФФЕР),Отправить оффер,Send Task,Наталья_1,2025-09-28 00:44:15,2025-09-28 00:54:15,10,sent,
db573630-039d-47b6-9832-1ab84aacec45,VAC-1070,CAND-10070,HR (ОФФЕР),Переговоры / отказ,Task,Марина_9,2025-09-28 00:54:15,2025-09-28 03:52:15,178,rejected,
ddec0c95-7006-43f3-963e-33ee9c522641,VAC-1196,CAND-10196,РУКОВОДИТЕЛЬ,Создать заявку,User Task,Сидоров_5,2025-10-24 14:04:15,2025-10-24 14:55:15,51,,
ddec0c95-7006-43f3-963e-33ee9c522641,VAC-1196,CAND-10196,HR,Зарегистрировать в HCM,Service Task,Марина_8,2025-10-24 14:55:15,2025-10-24 15:18:15,23,,
ddec0c95-7006-43f3-963e-33ee9c522641,VAC-1196,CAND-10196,РЕКРУТЕР,Разместить вакансию,Task,Алексей_4,2025-10-24 15:18:15,2025-10-24 17:06:15,108,,
ddec0c95-7006-43f3-963e-33ee9c522641,VAC-1196,CAND-10196,РЕКРУТЕР,Собирать резюме,Task,Екатерина_5,2025-10-24 17:06:15,2025-10-26 02:52:15,2026,,
ddec0c95-7006-43f3-963e-33ee9c522641,VAC-1196,CAND-10196,РЕКРУТЕР,Скрининг,Task,Алексей_3,2025-10-26 02:52:15,2025-10-26 03:15:15,23,passed,
ddec0c95-7006-43f3-963e-33ee9c522641,VAC-1196,CAND-10196,HR,Назначить интервью с HR,User Task,Марина_1,2025-10-26 03:15:15,2025-10-26 03:44:15,29,,
ddec0c95-7006-43f3-963e-33ee9c522641,VAC-1196,CAND-10196,HR,Провести интервью с HR,User Task,Марина_2,2025-10-26 03:44:15,2025-10-26 05:32:15,108,passed,
ddec0c95-7006-43f3-963e-33ee9c522641,VAC-1196,CAND-10196,ИНТЕРВЬЮЕРЫ,Назначить техническое интервью,User Task,Сергей_6,2025-10-26 05:32:15,2025-10-26 06:02:15,30,,
ddec0c95-7006-43f3-963e-33ee9c522641,VAC-1196,CAND-10196,ИНТЕРВЬЮЕРЫ,Провести техническое интервью,User Task,Андрей_4,2025-10-26 06:02:15,2025-10-26 07:58:15,116,passed,
ddec0c95-7006-43f3-963e-33ee9c522641,VAC-1196,CAND-10196,ИНТЕРВЬЮЕРЫ,Назначить финальное интервью,User Task,Анна_2,2025-10-26 07:58:15,2025-10-26 08:11:15,13,,
ddec0c95-7006-43f3-963e-33ee9c522641,VAC-1196,CAND-10196,ИНТЕРВЬЮЕРЫ,Провести финальное интервью,User Task,Анна_4,2025-10-26 08:11:15,2025-10-26 10:05:15,114,passed,
ddec0c95-7006-43f3-963e-33ee9c522641,VAC-1196,CAND-10196,HR (ОФФЕР),Согласовать условия,User Task,Марина_4,2025-10-26 10:05:15,2025-10-26 13:03:15,178,,
ddec0c95-7006-43f3-963e-33ee9c522641,VAC-1196,CAND-10196,HR (ОФФЕР),Сгенерировать оффер,Service Task,Наталья_4,2025-10-26 13:03:15,2025-10-26 13:16:15,13,,
ddec0c95-7006-43f3-963e-33ee9c522641,VAC-1196,CAND-10196,HR (ОФФЕР),Отправить оффер,Send Task,Наталья_3,2025-10-26 13:16:15,2025-10-26 13:26:15,10,sent,
ddec0c95-7006-43f3-963e-33ee9c522641,VAC-1196,CAND-10196,SECURITY,Background Check,Call Activity,Служба_БД_3,2025-10-26 13:26:15,2025-10-31 06:12:15,6766,report_ready,
ddec0c95-7006-43f3-963e-33ee9c522641,VAC-1196,CAND-10196,IT,Выдача оборудования,Task,IT_Specialist_1,2025-10-31 06:12:15,2025-10-31 09:10:15,178,,
ddec0c95-7006-43f3-963e-33ee9c522641,VAC-1196,CAND-10196,IT,Создать доступы,Task,IT_Specialist_5,2025-10-31 09:10:15,2025-10-31 11:02:15,112,,
ddec0c95-7006-43f3-963e-33ee9c522641,VAC-1196,CAND-10196,IT,Вводное обучение,Service Task,Ольга_5,2025-10-31 11:02:15,2025-10-31 15:49:15,287,,
ddec0c95-7006-43f3-963e-33ee9c522641,VAC-1196,CAND-10196,HR,Назначить ментора,Task,Марина_8,2025-10-31 15:49:15,2025-10-31 16:40:15,51,,
ddec0c95-7006-43f3-963e-33ee9c522641,VAC-1196,CAND-10196,HR,Уведомить всех,Message,system,2025-10-31 16:40:15,2025-10-31 16:45:15,5,notified,
ddec0c95-7006-43f3-963e-33ee9c522641,VAC-1196,CAND-10196,HR,Обновить HCM,Service Task,Наталья_2,2025-10-31 16:45:15,2025-10-31 17:05:15,20,,
ddec0c95-7006-43f3-963e-33ee9c522641,VAC-1196,CAND-10196,HR,Payroll,Service Task,Марина_1,2025-10-31 17:05:15,2025-10-31 17:25:15,20,,
ddec0c95-7006-43f3-963e-33ee9c522641,VAC-1196,CAND-10196,HR,Закрыть вакансию,Service Task,Марина_3,2025-10-31 17:25:15,2025-10-31 17:30:15,5,,
dfbec12c-bf14-42a7-baba-86f1db920ee8,VAC-1140,CAND-10140,РУКОВОДИТЕЛЬ,Создать заявку,User Task,Иванов_4,2025-10-12 15:13:15,2025-10-12 16:05:15,52,,
dfbec12c-bf14-42a7-baba-86f1db920ee8,VAC-1140,CAND-10140,HR,Зарегистрировать в HCM,Service Task,Марина_3,2025-10-12 16:05:15,2025-10-12 16:29:15,24,,
dfbec12c-bf14-42a7-baba-86f1db920ee8,VAC-1140,CAND-10140,РЕКРУТЕР,Разместить вакансию,Task,Алексей_9,2025-10-12 16:29:15,2025-10-12 17:01:15,32,,
dfbec12c-bf14-42a7-baba-86f1db920ee8,VAC-1140,CAND-10140,РЕКРУТЕР,Собирать резюме,Task,Дмитрий_9,2025-10-12 17:01:15,2025-10-14 20:21:15,3080,,
dfbec12c-bf14-42a7-baba-86f1db920ee8,VAC-1140,CAND-10140,РЕКРУТЕР,Скрининг,Task,Екатерина_1,2025-10-14 20:21:15,2025-10-14 20:52:15,31,passed,
dfbec12c-bf14-42a7-baba-86f1db920ee8,VAC-1140,CAND-10140,HR,Назначить интервью с HR,User Task,Ольга_1,2025-10-14 20:52:15,2025-10-14 21:07:15,15,,
dfbec12c-bf14-42a7-baba-86f1db920ee8,VAC-1140,CAND-10140,HR,Провести интервью с HR,User Task,Ольга_7,2025-10-14 21:07:15,2025-10-14 22:10:15,63,rejected,недостаточная мотивация
e1197824-6ad1-4fc4-967a-a54a01b2e6ff,VAC-1051,CAND-10051,РУКОВОДИТЕЛЬ,Создать заявку,User Task,Сидоров_9,2025-09-25 17:54:15,2025-09-25 18:10:15,16,,
e1197824-6ad1-4fc4-967a-a54a01b2e6ff,VAC-1051,CAND-10051,HR,Зарегистрировать в HCM,Service Task,Наталья_5,2025-09-25 18:10:15,2025-09-25 18:47:15,37,,
e1197824-6ad1-4fc4-967a-a54a01b2e6ff,VAC-1051,CAND-10051,РЕКРУТЕР,Разместить вакансию,Task,Алексей_5,2025-09-25 18:47:15,2025-09-25 19:17:15,30,,
e1197824-6ad1-4fc4-967a-a54a01b2e6ff,VAC-1051,CAND-10051,РЕКРУТЕР,Собирать резюме,Task,Екатерина_3,2025-09-25 19:17:15,2025-09-28 01:57:15,3280,,
e1197824-6ad1-4fc4-967a-a54a01b2e6ff,VAC-1051,CAND-10051,РЕКРУТЕР,Скрининг,Task,Алексей_8,2025-09-28 01:57:15,2025-09-28 02:09:15,12,rejected,некорректное резюме
e1e420d5-1d80-4804-8974-b9c31c7bfd25,VAC-1034,CAND-10034,РУКОВОДИТЕЛЬ,Создать заявку,User Task,Петров_9,2025-09-07 15:09:15,2025-09-07 15:53:15,44,,
e1e420d5-1d80-4804-8974-b9c31c7bfd25,VAC-1034,CAND-10034,HR,Зарегистрировать в HCM,Service Task,Ольга_3,2025-09-07 15:53:15,2025-09-07 16:19:15,26,,
e1e420d5-1d80-4804-8974-b9c31c7bfd25,VAC-1034,CAND-10034,РЕКРУТЕР,Разместить вакансию,Task,Дмитрий_5,2025-09-07 16:19:15,2025-09-07 17:11:15,52,,
e1e420d5-1d80-4804-8974-b9c31c7bfd25,VAC-1034,CAND-10034,РЕКРУТЕР,Собирать резюме,Task,Алексей_8,2025-09-07 17:11:15,2025-09-09 16:18:15,2827,,
e1e420d5-1d80-4804-8974-b9c31c7bfd25,VAC-1034,CAND-10034,РЕКРУТЕР,Скрининг,Task,Алексей_7,2025-09-09 16:18:15,2025-09-09 16:32:15,14,rejected,не прошёл тест
e202c5bf-4f03-4de8-a1ae-72471f150d22,VAC-1092,CAND-10092,РУКОВОДИТЕЛЬ,Создать заявку,User Task,Сидоров_6,2025-09-09 17:34:15,2025-09-09 18:10:15,36,,
e202c5bf-4f03-4de8-a1ae-72471f150d22,VAC-1092,CAND-10092,HR,Зарегистрировать в HCM,Service Task,Наталья_6,2025-09-09 18:10:15,2025-09-09 18:28:15,18,,
e202c5bf-4f03-4de8-a1ae-72471f150d22,VAC-1092,CAND-10092,РЕКРУТЕР,Разместить вакансию,Task,Екатерина_1,2025-09-09 18:28:15,2025-09-09 19:03:15,35,,
e202c5bf-4f03-4de8-a1ae-72471f150d22,VAC-1092,CAND-10092,РЕКРУТЕР,Собирать резюме,Task,Алексей_9,2025-09-09 19:03:15,2025-09-11 07:17:15,2174,,
e202c5bf-4f03-4de8-a1ae-72471f150d22,VAC-1092,CAND-10092,РЕКРУТЕР,Скрининг,Task,Дмитрий_2,2025-09-11 07:17:15,2025-09-11 07:57:15,40,rejected,некорректное резюме
e2105733-5a4a-448d-9a00-dfda0e2511b6,VAC-1090,CAND-10090,РУКОВОДИТЕЛЬ,Создать заявку,User Task,Иванов_5,2025-09-22 18:09:15,2025-09-22 18:27:15,18,,
e2105733-5a4a-448d-9a00-dfda0e2511b6,VAC-1090,CAND-10090,HR,Зарегистрировать в HCM,Service Task,Наталья_4,2025-09-22 18:27:15,2025-09-22 18:57:15,30,,
e2105733-5a4a-448d-9a00-dfda0e2511b6,VAC-1090,CAND-10090,РЕКРУТЕР,Разместить вакансию,Task,Екатерина_5,2025-09-22 18:57:15,2025-09-22 20:27:15,90,,
e2105733-5a4a-448d-9a00-dfda0e2511b6,VAC-1090,CAND-10090,РЕКРУТЕР,Собирать резюме,Task,Алексей_5,2025-09-22 20:27:15,2025-09-25 19:35:15,4268,,
e2105733-5a4a-448d-9a00-dfda0e2511b6,VAC-1090,CAND-10090,РЕКРУТЕР,Скрининг,Task,Екатерина_4,2025-09-25 19:35:15,2025-09-25 20:04:15,29,passed,
e2105733-5a4a-448d-9a00-dfda0e2511b6,VAC-1090,CAND-10090,HR,Назначить интервью с HR,User Task,Ольга_5,2025-09-25 20:04:15,2025-09-25 20:37:15,33,,
e2105733-5a4a-448d-9a00-dfda0e2511b6,VAC-1090,CAND-10090,HR,Провести интервью с HR,User Task,Ольга_7,2025-09-25 20:37:15,2025-09-25 21:52:15,75,passed,
e2105733-5a4a-448d-9a00-dfda0e2511b6,VAC-1090,CAND-10090,ИНТЕРВЬЮЕРЫ,Назначить техническое интервью,User Task,Андрей_8,2025-09-25 21:52:15,2025-09-25 22:05:15,13,,
e2105733-5a4a-448d-9a00-dfda0e2511b6,VAC-1090,CAND-10090,ИНТЕРВЬЮЕРЫ,Провести техническое интервью,User Task,Анна_1,2025-09-25 22:05:15,2025-09-25 22:59:15,54,passed,
e2105733-5a4a-448d-9a00-dfda0e2511b6,VAC-1090,CAND-10090,ИНТЕРВЬЮЕРЫ,Назначить финальное интервью,User Task,Сергей_3,2025-09-25 22:59:15,2025-09-25 23:20:15,21,,
e2105733-5a4a-448d-9a00-dfda0e2511b6,VAC-1090,CAND-10090,ИНТЕРВЬЮЕРЫ,Провести финальное интервью,User Task,Сергей_6,2025-09-25 23:20:15,2025-09-26 01:17:15,117,passed,
e2105733-5a4a-448d-9a00-dfda0e2511b6,VAC-1090,CAND-10090,HR (ОФФЕР),Согласовать условия,User Task,Марина_3,2025-09-26 01:17:15,2025-09-26 04:36:15,199,,
e2105733-5a4a-448d-9a00-dfda0e2511b6,VAC-1090,CAND-10090,HR (ОФФЕР),Сгенерировать оффер,Service Task,Ольга_2,2025-09-26 04:36:15,2025-09-26 05:05:15,29,,
e2105733-5a4a-448d-9a00-dfda0e2511b6,VAC-1090,CAND-10090,HR (ОФФЕР),Отправить оффер,Send Task,Наталья_2,2025-09-26 05:05:15,2025-09-26 05:15:15,10,sent,
e2105733-5a4a-448d-9a00-dfda0e2511b6,VAC-1090,CAND-10090,SECURITY,Background Check,Call Activity,Служба_БД_1,2025-09-26 05:15:15,2025-09-29 10:42:15,4647,report_ready,
e2105733-5a4a-448d-9a00-dfda0e2511b6,VAC-1090,CAND-10090,SECURITY,Решение руководителя по BG,User Task,Петров_9,2025-09-29 10:42:15,2025-09-29 13:51:15,189,proceed_with_conditions,
e2105733-5a4a-448d-9a00-dfda0e2511b6,VAC-1090,CAND-10090,IT,Выдача оборудования,Task,IT_Specialist_7,2025-09-29 13:51:15,2025-09-29 16:29:15,158,,
e2105733-5a4a-448d-9a00-dfda0e2511b6,VAC-1090,CAND-10090,IT,Создать доступы,Task,IT_Specialist_2,2025-09-29 16:29:15,2025-09-29 18:28:15,119,,
e2105733-5a4a-448d-9a00-dfda0e2511b6,VAC-1090,CAND-10090,IT,Вводное обучение,Service Task,Марина_3,2025-09-29 18:28:15,2025-09-30 02:02:15,454,,
e2105733-5a4a-448d-9a00-dfda0e2511b6,VAC-1090,CAND-10090,HR,Назначить ментора,Task,Наталья_5,2025-09-30 02:02:15,2025-09-30 02:49:15,47,,
e2105733-5a4a-448d-9a00-dfda0e2511b6,VAC-1090,CAND-10090,HR,Уведомить всех,Message,system,2025-09-30 02:49:15,2025-09-30 02:54:15,5,notified,
e2105733-5a4a-448d-9a00-dfda0e2511b6,VAC-1090,CAND-10090,HR,Обновить HCM,Service Task,Наталья_9,2025-09-30 02:54:15,2025-09-30 03:14:15,20,,
e2105733-5a4a-448d-9a00-dfda0e2511b6,VAC-1090,CAND-10090,HR,Payroll,Service Task,Наталья_3,2025-09-30 03:14:15,2025-09-30 03:34:15,20,,
e2105733-5a4a-448d-9a00-dfda0e2511b6,VAC-1090,CAND-10090,HR,Закрыть вакансию,Service Task,Марина_6,2025-09-30 03:34:15,2025-09-30 03:39:15,5,,
e2f90dc9-84cb-4751-a6c8-aab4c7ce1e58,VAC-1039,CAND-10039,РУКОВОДИТЕЛЬ,Создать заявку,User Task,Сидоров_7,2025-09-06 16:22:15,2025-09-06 16:40:15,18,,
e2f90dc9-84cb-4751-a6c8-aab4c7ce1e58,VAC-1039,CAND-10039,HR,Зарегистрировать в HCM,Service Task,Наталья_2,2025-09-06 16:40:15,2025-09-06 17:06:15,26,,
e2f90dc9-84cb-4751-a6c8-aab4c7ce1e58,VAC-1039,CAND-10039,РЕКРУТЕР,Разместить вакансию,Task,Дмитрий_6,2025-09-06 17:06:15,2025-09-06 18:26:15,80,,
e2f90dc9-84cb-4751-a6c8-aab4c7ce1e58,VAC-1039,CAND-10039,РЕКРУТЕР,Собирать резюме,Task,Екатерина_2,2025-09-06 18:26:15,2025-09-09 05:28:15,3542,,
e2f90dc9-84cb-4751-a6c8-aab4c7ce1e58,VAC-1039,CAND-10039,РЕКРУТЕР,Скрининг,Task,Екатерина_1,2025-09-09 05:28:15,2025-09-09 05:45:15,17,passed,
e2f90dc9-84cb-4751-a6c8-aab4c7ce1e58,VAC-1039,CAND-10039,HR,Назначить интервью с HR,User Task,Марина_9,2025-09-09 05:45:15,2025-09-09 06:18:15,33,,
e2f90dc9-84cb-4751-a6c8-aab4c7ce1e58,VAC-1039,CAND-10039,HR,Провести интервью с HR,User Task,Наталья_8,2025-09-09 06:18:15,2025-09-09 07:06:15,48,passed,
e2f90dc9-84cb-4751-a6c8-aab4c7ce1e58,VAC-1039,CAND-10039,ИНТЕРВЬЮЕРЫ,Назначить техническое интервью,User Task,Сергей_7,2025-09-09 07:06:15,2025-09-09 07:43:15,37,,
e2f90dc9-84cb-4751-a6c8-aab4c7ce1e58,VAC-1039,CAND-10039,ИНТЕРВЬЮЕРЫ,Провести техническое интервью,User Task,Анна_8,2025-09-09 07:43:15,2025-09-09 09:30:15,107,passed,
e2f90dc9-84cb-4751-a6c8-aab4c7ce1e58,VAC-1039,CAND-10039,ИНТЕРВЬЮЕРЫ,Назначить финальное интервью,User Task,Андрей_6,2025-09-09 09:30:15,2025-09-09 09:42:15,12,,
e2f90dc9-84cb-4751-a6c8-aab4c7ce1e58,VAC-1039,CAND-10039,ИНТЕРВЬЮЕРЫ,Провести финальное интервью,User Task,Андрей_5,2025-09-09 09:42:15,2025-09-09 10:35:15,53,passed,
e2f90dc9-84cb-4751-a6c8-aab4c7ce1e58,VAC-1039,CAND-10039,HR (ОФФЕР),Согласовать условия,User Task,Марина_9,2025-09-09 10:35:15,2025-09-09 14:14:15,219,,
e2f90dc9-84cb-4751-a6c8-aab4c7ce1e58,VAC-1039,CAND-10039,HR (ОФФЕР),Сгенерировать оффер,Service Task,Ольга_7,2025-09-09 14:14:15,2025-09-09 14:41:15,27,,
e2f90dc9-84cb-4751-a6c8-aab4c7ce1e58,VAC-1039,CAND-10039,HR (ОФФЕР),Отправить оффер,Send Task,Марина_9,2025-09-09 14:41:15,2025-09-09 14:51:15,10,sent,
e2f90dc9-84cb-4751-a6c8-aab4c7ce1e58,VAC-1039,CAND-10039,SECURITY,Background Check,Call Activity,Служба_БД_2,2025-09-09 14:51:15,2025-09-14 11:52:15,7021,report_ready,
e2f90dc9-84cb-4751-a6c8-aab4c7ce1e58,VAC-1039,CAND-10039,IT,Выдача оборудования,Task,IT_Specialist_7,2025-09-14 11:52:15,2025-09-14 13:06:15,74,,
e2f90dc9-84cb-4751-a6c8-aab4c7ce1e58,VAC-1039,CAND-10039,IT,Создать доступы,Task,IT_Specialist_7,2025-09-14 13:06:15,2025-09-14 14:33:15,87,,
e2f90dc9-84cb-4751-a6c8-aab4c7ce1e58,VAC-1039,CAND-10039,IT,Вводное обучение,Service Task,Ольга_7,2025-09-14 14:33:15,2025-09-14 20:26:15,353,,
e2f90dc9-84cb-4751-a6c8-aab4c7ce1e58,VAC-1039,CAND-10039,HR,Назначить ментора,Task,Марина_2,2025-09-14 20:26:15,2025-09-14 21:22:15,56,,
e2f90dc9-84cb-4751-a6c8-aab4c7ce1e58,VAC-1039,CAND-10039,HR,Уведомить всех,Message,system,2025-09-14 21:22:15,2025-09-14 21:27:15,5,notified,
e2f90dc9-84cb-4751-a6c8-aab4c7ce1e58,VAC-1039,CAND-10039,HR,Обновить HCM,Service Task,Ольга_7,2025-09-14 21:27:15,2025-09-14 21:47:15,20,,
e2f90dc9-84cb-4751-a6c8-aab4c7ce1e58,VAC-1039,CAND-10039,HR,Payroll,Service Task,Ольга_5,2025-09-14 21:47:15,2025-09-14 22:07:15,20,,
e2f90dc9-84cb-4751-a6c8-aab4c7ce1e58,VAC-1039,CAND-10039,HR,Закрыть вакансию,Service Task,Ольга_3,2025-09-14 22:07:15,2025-09-14 22:12:15,5,,
e4208434-3e5b-4bcf-a5d4-1eae454c3bc7,VAC-1166,CAND-10166,РУКОВОДИТЕЛЬ,Создать заявку,User Task,Петров_3,2025-09-17 14:03:15,2025-09-17 15:02:15,59,,
e4208434-3e5b-4bcf-a5d4-1eae454c3bc7,VAC-1166,CAND-10166,HR,Зарегистрировать в HCM,Service Task,Марина_8,2025-09-17 15:02:15,2025-09-17 15:28:15,26,,
e4208434-3e5b-4bcf-a5d4-1eae454c3bc7,VAC-1166,CAND-10166,РЕКРУТЕР,Разместить вакансию,Task,Екатерина_6,2025-09-17 15:28:15,2025-09-17 17:19:15,111,,
e4208434-3e5b-4bcf-a5d4-1eae454c3bc7,VAC-1166,CAND-10166,РЕКРУТЕР,Собирать резюме,Task,Дмитрий_8,2025-09-17 17:19:15,2025-09-19 05:52:15,2193,,
e4208434-3e5b-4bcf-a5d4-1eae454c3bc7,VAC-1166,CAND-10166,РЕКРУТЕР,Скрининг,Task,Алексей_4,2025-09-19 05:52:15,2025-09-19 06:07:15,15,passed,
e4208434-3e5b-4bcf-a5d4-1eae454c3bc7,VAC-1166,CAND-10166,HR,Назначить интервью с HR,User Task,Ольга_1,2025-09-19 06:07:15,2025-09-19 06:18:15,11,,
e4208434-3e5b-4bcf-a5d4-1eae454c3bc7,VAC-1166,CAND-10166,HR,Провести интервью с HR,User Task,Наталья_4,2025-09-19 06:18:15,2025-09-19 07:55:15,97,rejected,недостаточная мотивация
e57dea70-11a7-4b19-a799-df2c4532950f,VAC-1118,CAND-10118,РУКОВОДИТЕЛЬ,Создать заявку,User Task,Петров_7,2025-10-17 17:30:15,2025-10-17 17:47:15,17,,
e57dea70-11a7-4b19-a799-df2c4532950f,VAC-1118,CAND-10118,HR,Зарегистрировать в HCM,Service Task,Ольга_5,2025-10-17 17:47:15,2025-10-17 18:27:15,40,,
e57dea70-11a7-4b19-a799-df2c4532950f,VAC-1118,CAND-10118,РЕКРУТЕР,Разместить вакансию,Task,Екатерина_8,2025-10-17 18:27:15,2025-10-17 19:36:15,69,,
e57dea70-11a7-4b19-a799-df2c4532950f,VAC-1118,CAND-10118,РЕКРУТЕР,Собирать резюме,Task,Екатерина_3,2025-10-17 19:36:15,2025-10-20 00:23:15,3167,,
e57dea70-11a7-4b19-a799-df2c4532950f,VAC-1118,CAND-10118,РЕКРУТЕР,Скрининг,Task,Екатерина_1,2025-10-20 00:23:15,2025-10-20 00:55:15,32,passed,
e57dea70-11a7-4b19-a799-df2c4532950f,VAC-1118,CAND-10118,HR,Назначить интервью с HR,User Task,Наталья_2,2025-10-20 00:55:15,2025-10-20 01:35:15,40,,
e57dea70-11a7-4b19-a799-df2c4532950f,VAC-1118,CAND-10118,HR,Провести интервью с HR,User Task,Ольга_8,2025-10-20 01:35:15,2025-10-20 03:35:15,120,passed,
e57dea70-11a7-4b19-a799-df2c4532950f,VAC-1118,CAND-10118,ИНТЕРВЬЮЕРЫ,Назначить техническое интервью,User Task,Анна_7,2025-10-20 03:35:15,2025-10-20 03:50:15,15,,
e57dea70-11a7-4b19-a799-df2c4532950f,VAC-1118,CAND-10118,ИНТЕРВЬЮЕРЫ,Провести техническое интервью,User Task,Анна_3,2025-10-20 03:50:15,2025-10-20 04:38:15,48,rejected,слабое решение задач
e5f9d38a-dad4-46f9-b70d-3406872c93f6,VAC-1183,CAND-10183,РУКОВОДИТЕЛЬ,Создать заявку,User Task,Сидоров_8,2025-09-29 16:43:15,2025-09-29 17:32:15,49,,
e5f9d38a-dad4-46f9-b70d-3406872c93f6,VAC-1183,CAND-10183,HR,Зарегистрировать в HCM,Service Task,Наталья_6,2025-09-29 17:32:15,2025-09-29 17:48:15,16,,
e5f9d38a-dad4-46f9-b70d-3406872c93f6,VAC-1183,CAND-10183,РЕКРУТЕР,Разместить вакансию,Task,Екатерина_5,2025-09-29 17:48:15,2025-09-29 18:46:15,58,,
e5f9d38a-dad4-46f9-b70d-3406872c93f6,VAC-1183,CAND-10183,РЕКРУТЕР,Собирать резюме,Task,Екатерина_6,2025-09-29 18:46:15,2025-10-02 00:26:15,3220,,
e5f9d38a-dad4-46f9-b70d-3406872c93f6,VAC-1183,CAND-10183,РЕКРУТЕР,Скрининг,Task,Алексей_9,2025-10-02 00:26:15,2025-10-02 00:54:15,28,rejected,некорректное резюме
e709f359-e241-4519-92c2-82baa8049901,VAC-1033,CAND-10033,РУКОВОДИТЕЛЬ,Создать заявку,User Task,Иванов_8,2025-10-20 23:08:15,2025-10-21 00:05:15,57,,
e709f359-e241-4519-92c2-82baa8049901,VAC-1033,CAND-10033,HR,Зарегистрировать в HCM,Service Task,Ольга_4,2025-10-21 00:05:15,2025-10-21 00:41:15,36,,
e709f359-e241-4519-92c2-82baa8049901,VAC-1033,CAND-10033,РЕКРУТЕР,Разместить вакансию,Task,Дмитрий_4,2025-10-21 00:41:15,2025-10-21 02:18:15,97,,
e709f359-e241-4519-92c2-82baa8049901,VAC-1033,CAND-10033,РЕКРУТЕР,Собирать резюме,Task,Алексей_5,2025-10-21 02:18:15,2025-10-23 21:45:15,4047,,
e709f359-e241-4519-92c2-82baa8049901,VAC-1033,CAND-10033,РЕКРУТЕР,Скрининг,Task,Екатерина_3,2025-10-23 21:45:15,2025-10-23 22:18:15,33,passed,
e709f359-e241-4519-92c2-82baa8049901,VAC-1033,CAND-10033,HR,Назначить интервью с HR,User Task,Наталья_1,2025-10-23 22:18:15,2025-10-23 22:48:15,30,,
e709f359-e241-4519-92c2-82baa8049901,VAC-1033,CAND-10033,HR,Провести интервью с HR,User Task,Наталья_6,2025-10-23 22:48:15,2025-10-24 00:29:15,101,passed,
e709f359-e241-4519-92c2-82baa8049901,VAC-1033,CAND-10033,ИНТЕРВЬЮЕРЫ,Назначить техническое интервью,User Task,Андрей_2,2025-10-24 00:29:15,2025-10-24 01:02:15,33,,
e709f359-e241-4519-92c2-82baa8049901,VAC-1033,CAND-10033,ИНТЕРВЬЮЕРЫ,Провести техническое интервью,User Task,Анна_7,2025-10-24 01:02:15,2025-10-24 02:28:15,86,rejected,недостаточно технических навыков
e7f9ac25-3d7d-4247-896d-d7862cff3159,VAC-1048,CAND-10048,РУКОВОДИТЕЛЬ,Создать заявку,User Task,Сидоров_6,2025-08-31 23:01:15,2025-08-31 23:38:15,37,,
e7f9ac25-3d7d-4247-896d-d7862cff3159,VAC-1048,CAND-10048,HR,Зарегистрировать в HCM,Service Task,Ольга_5,2025-08-31 23:38:15,2025-08-31 23:48:15,10,,
e7f9ac25-3d7d-4247-896d-d7862cff3159,VAC-1048,CAND-10048,РЕКРУТЕР,Разместить вакансию,Task,Алексей_6,2025-08-31 23:48:15,2025-09-01 00:31:15,43,,
e7f9ac25-3d7d-4247-896d-d7862cff3159,VAC-1048,CAND-10048,РЕКРУТЕР,Собирать резюме,Task,Алексей_4,2025-09-01 00:31:15,2025-09-03 09:42:15,3431,,
e7f9ac25-3d7d-4247-896d-d7862cff3159,VAC-1048,CAND-10048,РЕКРУТЕР,Скрининг,Task,Алексей_5,2025-09-03 09:42:15,2025-09-03 09:56:15,14,rejected,не соотв. опыту
e86be51a-b338-4209-9ccc-9216f0b34e22,VAC-1009,CAND-10009,РУКОВОДИТЕЛЬ,Создать заявку,User Task,Иванов_3,2025-09-26 19:32:15,2025-09-26 20:07:15,35,,
e86be51a-b338-4209-9ccc-9216f0b34e22,VAC-1009,CAND-10009,HR,Зарегистрировать в HCM,Service Task,Наталья_7,2025-09-26 20:07:15,2025-09-26 20:29:15,22,,
e86be51a-b338-4209-9ccc-9216f0b34e22,VAC-1009,CAND-10009,РЕКРУТЕР,Разместить вакансию,Task,Дмитрий_5,2025-09-26 20:29:15,2025-09-26 21:22:15,53,,
e86be51a-b338-4209-9ccc-9216f0b34e22,VAC-1009,CAND-10009,РЕКРУТЕР,Собирать резюме,Task,Екатерина_9,2025-09-26 21:22:15,2025-09-29 02:14:15,3172,,
e86be51a-b338-4209-9ccc-9216f0b34e22,VAC-1009,CAND-10009,РЕКРУТЕР,Скрининг,Task,Алексей_4,2025-09-29 02:14:15,2025-09-29 02:39:15,25,passed,
e86be51a-b338-4209-9ccc-9216f0b34e22,VAC-1009,CAND-10009,HR,Назначить интервью с HR,User Task,Наталья_1,2025-09-29 02:39:15,2025-09-29 02:58:15,19,,
e86be51a-b338-4209-9ccc-9216f0b34e22,VAC-1009,CAND-10009,HR,Провести интервью с HR,User Task,Наталья_6,2025-09-29 02:58:15,2025-09-29 04:52:15,114,passed,
e86be51a-b338-4209-9ccc-9216f0b34e22,VAC-1009,CAND-10009,ИНТЕРВЬЮЕРЫ,Назначить техническое интервью,User Task,Андрей_8,2025-09-29 04:52:15,2025-09-29 05:03:15,11,,
e86be51a-b338-4209-9ccc-9216f0b34e22,VAC-1009,CAND-10009,ИНТЕРВЬЮЕРЫ,Провести техническое интервью,User Task,Андрей_1,2025-09-29 05:03:15,2025-09-29 06:55:15,112,passed,
e86be51a-b338-4209-9ccc-9216f0b34e22,VAC-1009,CAND-10009,ИНТЕРВЬЮЕРЫ,Назначить финальное интервью,User Task,Анна_2,2025-09-29 06:55:15,2025-09-29 07:35:15,40,,
e86be51a-b338-4209-9ccc-9216f0b34e22,VAC-1009,CAND-10009,ИНТЕРВЬЮЕРЫ,Провести финальное интервью,User Task,Анна_2,2025-09-29 07:35:15,2025-09-29 08:28:15,53,rejected,несоответствие ценностям
ea9dbaf3-fb18-4897-8a40-3c9d0d978e7d,VAC-1053,CAND-10053,РУКОВОДИТЕЛЬ,Создать заявку,User Task,Сидоров_3,2025-08-28 17:17:15,2025-08-28 17:57:15,40,,
ea9dbaf3-fb18-4897-8a40-3c9d0d978e7d,VAC-1053,CAND-10053,HR,Зарегистрировать в HCM,Service Task,Марина_8,2025-08-28 17:57:15,2025-08-28 18:31:15,34,,
ea9dbaf3-fb18-4897-8a40-3c9d0d978e7d,VAC-1053,CAND-10053,РЕКРУТЕР,Разместить вакансию,Task,Екатерина_1,2025-08-28 18:31:15,2025-08-28 19:48:15,77,,
ea9dbaf3-fb18-4897-8a40-3c9d0d978e7d,VAC-1053,CAND-10053,РЕКРУТЕР,Собирать резюме,Task,Алексей_5,2025-08-28 19:48:15,2025-08-30 01:12:15,1764,,
ea9dbaf3-fb18-4897-8a40-3c9d0d978e7d,VAC-1053,CAND-10053,РЕКРУТЕР,Скрининг,Task,Екатерина_9,2025-08-30 01:12:15,2025-08-30 01:26:15,14,passed,
ea9dbaf3-fb18-4897-8a40-3c9d0d978e7d,VAC-1053,CAND-10053,HR,Назначить интервью с HR,User Task,Наталья_5,2025-08-30 01:26:15,2025-08-30 01:49:15,23,,
ea9dbaf3-fb18-4897-8a40-3c9d0d978e7d,VAC-1053,CAND-10053,HR,Провести интервью с HR,User Task,Наталья_4,2025-08-30 01:49:15,2025-08-30 02:49:15,60,passed,
ea9dbaf3-fb18-4897-8a40-3c9d0d978e7d,VAC-1053,CAND-10053,ИНТЕРВЬЮЕРЫ,Назначить техническое интервью,User Task,Анна_8,2025-08-30 02:49:15,2025-08-30 03:12:15,23,,
ea9dbaf3-fb18-4897-8a40-3c9d0d978e7d,VAC-1053,CAND-10053,ИНТЕРВЬЮЕРЫ,Провести техническое интервью,User Task,Анна_9,2025-08-30 03:12:15,2025-08-30 05:00:15,108,passed,
ea9dbaf3-fb18-4897-8a40-3c9d0d978e7d,VAC-1053,CAND-10053,ИНТЕРВЬЮЕРЫ,Назначить финальное интервью,User Task,Анна_9,2025-08-30 05:00:15,2025-08-30 05:10:15,10,,
ea9dbaf3-fb18-4897-8a40-3c9d0d978e7d,VAC-1053,CAND-10053,ИНТЕРВЬЮЕРЫ,Провести финальное интервью,User Task,Сергей_7,2025-08-30 05:10:15,2025-08-30 06:13:15,63,passed,
ea9dbaf3-fb18-4897-8a40-3c9d0d978e7d,VAC-1053,CAND-10053,HR (ОФФЕР),Согласовать условия,User Task,Марина_6,2025-08-30 06:13:15,2025-08-30 07:13:15,60,,
ea9dbaf3-fb18-4897-8a40-3c9d0d978e7d,VAC-1053,CAND-10053,HR (ОФФЕР),Сгенерировать оффер,Service Task,Марина_7,2025-08-30 07:13:15,2025-08-30 07:25:15,12,,
ea9dbaf3-fb18-4897-8a40-3c9d0d978e7d,VAC-1053,CAND-10053,HR (ОФФЕР),Отправить оффер,Send Task,Наталья_2,2025-08-30 07:25:15,2025-08-30 07:35:15,10,sent,
ea9dbaf3-fb18-4897-8a40-3c9d0d978e7d,VAC-1053,CAND-10053,SECURITY,Background Check,Call Activity,Служба_БД_9,2025-08-30 07:35:15,2025-09-03 08:49:15,5834,report_ready,
ea9dbaf3-fb18-4897-8a40-3c9d0d978e7d,VAC-1053,CAND-10053,IT,Выдача оборудования,Task,IT_Specialist_7,2025-09-03 08:49:15,2025-09-03 11:29:15,160,,
ea9dbaf3-fb18-4897-8a40-3c9d0d978e7d,VAC-1053,CAND-10053,IT,Создать доступы,Task,IT_Specialist_7,2025-09-03 11:29:15,2025-09-03 12:59:15,90,,
ea9dbaf3-fb18-4897-8a40-3c9d0d978e7d,VAC-1053,CAND-10053,IT,Вводное обучение,Service Task,Ольга_1,2025-09-03 12:59:15,2025-09-03 19:10:15,371,,
ea9dbaf3-fb18-4897-8a40-3c9d0d978e7d,VAC-1053,CAND-10053,HR,Назначить ментора,Task,Наталья_6,2025-09-03 19:10:15,2025-09-03 20:02:15,52,,
ea9dbaf3-fb18-4897-8a40-3c9d0d978e7d,VAC-1053,CAND-10053,HR,Уведомить всех,Message,system,2025-09-03 20:02:15,2025-09-03 20:07:15,5,notified,
ea9dbaf3-fb18-4897-8a40-3c9d0d978e7d,VAC-1053,CAND-10053,HR,Обновить HCM,Service Task,Наталья_2,2025-09-03 20:07:15,2025-09-03 20:27:15,20,,
ea9dbaf3-fb18-4897-8a40-3c9d0d978e7d,VAC-1053,CAND-10053,HR,Payroll,Service Task,Марина_6,2025-09-03 20:27:15,2025-09-03 20:47:15,20,,
ea9dbaf3-fb18-4897-8a40-3c9d0d978e7d,VAC-1053,CAND-10053,HR,Закрыть вакансию,Service Task,Наталья_1,2025-09-03 20:47:15,2025-09-03 20:52:15,5,,
eb696fc0-3074-43d7-bbe0-d9b06449fa9e,VAC-1122,CAND-10122,РУКОВОДИТЕЛЬ,Создать заявку,User Task,Иванов_7,2025-09-11 21:31:15,2025-09-11 21:53:15,22,,
eb696fc0-3074-43d7-bbe0-d9b06449fa9e,VAC-1122,CAND-10122,HR,Зарегистрировать в HCM,Service Task,Ольга_4,2025-09-11 21:53:15,2025-09-11 22:09:15,16,,
eb696fc0-3074-43d7-bbe0-d9b06449fa9e,VAC-1122,CAND-10122,РЕКРУТЕР,Разместить вакансию,Task,Дмитрий_2,2025-09-11 22:09:15,2025-09-12 00:00:15,111,,
eb696fc0-3074-43d7-bbe0-d9b06449fa9e,VAC-1122,CAND-10122,РЕКРУТЕР,Собирать резюме,Task,Алексей_2,2025-09-12 00:00:15,2025-09-14 04:17:15,3137,,
eb696fc0-3074-43d7-bbe0-d9b06449fa9e,VAC-1122,CAND-10122,РЕКРУТЕР,Скрининг,Task,Дмитрий_9,2025-09-14 04:17:15,2025-09-14 04:41:15,24,rejected,не соотв. опыту
ebc60735-10da-4a79-934a-a69f3a748f3c,VAC-1145,CAND-10145,РУКОВОДИТЕЛЬ,Создать заявку,User Task,Петров_1,2025-09-02 14:02:15,2025-09-02 14:54:15,52,,
ebc60735-10da-4a79-934a-a69f3a748f3c,VAC-1145,CAND-10145,HR,Зарегистрировать в HCM,Service Task,Марина_1,2025-09-02 14:54:15,2025-09-02 15:28:15,34,,
ebc60735-10da-4a79-934a-a69f3a748f3c,VAC-1145,CAND-10145,РЕКРУТЕР,Разместить вакансию,Task,Дмитрий_6,2025-09-02 15:28:15,2025-09-02 16:49:15,81,,
ebc60735-10da-4a79-934a-a69f3a748f3c,VAC-1145,CAND-10145,РЕКРУТЕР,Собирать резюме,Task,Екатерина_5,2025-09-02 16:49:15,2025-09-05 02:25:15,3456,,
ebc60735-10da-4a79-934a-a69f3a748f3c,VAC-1145,CAND-10145,РЕКРУТЕР,Скрининг,Task,Екатерина_5,2025-09-05 02:25:15,2025-09-05 02:59:15,34,passed,
ebc60735-10da-4a79-934a-a69f3a748f3c,VAC-1145,CAND-10145,HR,Назначить интервью с HR,User Task,Наталья_3,2025-09-05 02:59:15,2025-09-05 03:21:15,22,,
ebc60735-10da-4a79-934a-a69f3a748f3c,VAC-1145,CAND-10145,HR,Провести интервью с HR,User Task,Ольга_9,2025-09-05 03:21:15,2025-09-05 05:00:15,99,passed,
ebc60735-10da-4a79-934a-a69f3a748f3c,VAC-1145,CAND-10145,ИНТЕРВЬЮЕРЫ,Назначить техническое интервью,User Task,Анна_6,2025-09-05 05:00:15,2025-09-05 05:11:15,11,,
ebc60735-10da-4a79-934a-a69f3a748f3c,VAC-1145,CAND-10145,ИНТЕРВЬЮЕРЫ,Провести техническое интервью,User Task,Сергей_2,2025-09-05 05:11:15,2025-09-05 06:18:15,67,passed,
ebc60735-10da-4a79-934a-a69f3a748f3c,VAC-1145,CAND-10145,ИНТЕРВЬЮЕРЫ,Назначить финальное интервью,User Task,Анна_8,2025-09-05 06:18:15,2025-09-05 06:50:15,32,,
ebc60735-10da-4a79-934a-a69f3a748f3c,VAC-1145,CAND-10145,ИНТЕРВЬЮЕРЫ,Провести финальное интервью,User Task,Андрей_4,2025-09-05 06:50:15,2025-09-05 07:36:15,46,passed,
ebc60735-10da-4a79-934a-a69f3a748f3c,VAC-1145,CAND-10145,HR (ОФФЕР),Согласовать условия,User Task,Марина_2,2025-09-05 07:36:15,2025-09-05 10:13:15,157,,
ebc60735-10da-4a79-934a-a69f3a748f3c,VAC-1145,CAND-10145,HR (ОФФЕР),Сгенерировать оффер,Service Task,Ольга_5,2025-09-05 10:13:15,2025-09-05 10:28:15,15,,
ebc60735-10da-4a79-934a-a69f3a748f3c,VAC-1145,CAND-10145,HR (ОФФЕР),Отправить оффер,Send Task,Наталья_9,2025-09-05 10:28:15,2025-09-05 10:38:15,10,sent,
ebc60735-10da-4a79-934a-a69f3a748f3c,VAC-1145,CAND-10145,SECURITY,Background Check,Call Activity,Служба_БД_6,2025-09-05 10:38:15,2025-09-08 23:24:15,5086,report_ready,
ebc60735-10da-4a79-934a-a69f3a748f3c,VAC-1145,CAND-10145,IT,Выдача оборудования,Task,IT_Specialist_4,2025-09-08 23:24:15,2025-09-09 01:27:15,123,,
ebc60735-10da-4a79-934a-a69f3a748f3c,VAC-1145,CAND-10145,IT,Создать доступы,Task,IT_Specialist_6,2025-09-09 01:27:15,2025-09-09 02:50:15,83,,
ebc60735-10da-4a79-934a-a69f3a748f3c,VAC-1145,CAND-10145,IT,Вводное обучение,Service Task,Ольга_8,2025-09-09 02:50:15,2025-09-09 09:15:15,385,,
ebc60735-10da-4a79-934a-a69f3a748f3c,VAC-1145,CAND-10145,HR,Назначить ментора,Task,Марина_3,2025-09-09 09:15:15,2025-09-09 09:56:15,41,,
ebc60735-10da-4a79-934a-a69f3a748f3c,VAC-1145,CAND-10145,HR,Уведомить всех,Message,system,2025-09-09 09:56:15,2025-09-09 10:01:15,5,notified,
ebc60735-10da-4a79-934a-a69f3a748f3c,VAC-1145,CAND-10145,HR,Обновить HCM,Service Task,Марина_4,2025-09-09 10:01:15,2025-09-09 10:21:15,20,,
ebc60735-10da-4a79-934a-a69f3a748f3c,VAC-1145,CAND-10145,HR,Payroll,Service Task,Наталья_5,2025-09-09 10:21:15,2025-09-09 10:41:15,20,,
ebc60735-10da-4a79-934a-a69f3a748f3c,VAC-1145,CAND-10145,HR,Закрыть вакансию,Service Task,Наталья_9,2025-09-09 10:41:15,2025-09-09 10:46:15,5,,
ecb463d8-c283-4315-9491-a449ab9dc730,VAC-1041,CAND-10041,РУКОВОДИТЕЛЬ,Создать заявку,User Task,Иванов_8,2025-09-01 21:51:15,2025-09-01 22:14:15,23,,
ecb463d8-c283-4315-9491-a449ab9dc730,VAC-1041,CAND-10041,HR,Зарегистрировать в HCM,Service Task,Наталья_6,2025-09-01 22:14:15,2025-09-01 22:31:15,17,,
ecb463d8-c283-4315-9491-a449ab9dc730,VAC-1041,CAND-10041,РЕКРУТЕР,Разместить вакансию,Task,Дмитрий_2,2025-09-01 22:31:15,2025-09-02 00:02:15,91,,
ecb463d8-c283-4315-9491-a449ab9dc730,VAC-1041,CAND-10041,РЕКРУТЕР,Собирать резюме,Task,Екатерина_4,2025-09-02 00:02:15,2025-09-03 19:03:15,2581,,
ecb463d8-c283-4315-9491-a449ab9dc730,VAC-1041,CAND-10041,РЕКРУТЕР,Скрининг,Task,Екатерина_9,2025-09-03 19:03:15,2025-09-03 19:40:15,37,rejected,не соотв. опыту
ed9ad734-ef3b-47e2-b3a5-6e0d6c65f425,VAC-1192,CAND-10192,РУКОВОДИТЕЛЬ,Создать заявку,User Task,Сидоров_8,2025-09-29 15:19:15,2025-09-29 15:53:15,34,,
ed9ad734-ef3b-47e2-b3a5-6e0d6c65f425,VAC-1192,CAND-10192,HR,Зарегистрировать в HCM,Service Task,Марина_9,2025-09-29 15:53:15,2025-09-29 16:06:15,13,,
ed9ad734-ef3b-47e2-b3a5-6e0d6c65f425,VAC-1192,CAND-10192,РЕКРУТЕР,Разместить вакансию,Task,Дмитрий_5,2025-09-29 16:06:15,2025-09-29 17:11:15,65,,
ed9ad734-ef3b-47e2-b3a5-6e0d6c65f425,VAC-1192,CAND-10192,РЕКРУТЕР,Собирать резюме,Task,Алексей_2,2025-09-29 17:11:15,2025-10-01 20:31:15,3080,,
ed9ad734-ef3b-47e2-b3a5-6e0d6c65f425,VAC-1192,CAND-10192,РЕКРУТЕР,Скрининг,Task,Дмитрий_2,2025-10-01 20:31:15,2025-10-01 21:08:15,37,passed,
ed9ad734-ef3b-47e2-b3a5-6e0d6c65f425,VAC-1192,CAND-10192,HR,Назначить интервью с HR,User Task,Ольга_5,2025-10-01 21:08:15,2025-10-01 21:44:15,36,,
ed9ad734-ef3b-47e2-b3a5-6e0d6c65f425,VAC-1192,CAND-10192,HR,Провести интервью с HR,User Task,Марина_1,2025-10-01 21:44:15,2025-10-01 22:51:15,67,passed,
ed9ad734-ef3b-47e2-b3a5-6e0d6c65f425,VAC-1192,CAND-10192,ИНТЕРВЬЮЕРЫ,Назначить техническое интервью,User Task,Сергей_4,2025-10-01 22:51:15,2025-10-01 23:31:15,40,,
ed9ad734-ef3b-47e2-b3a5-6e0d6c65f425,VAC-1192,CAND-10192,ИНТЕРВЬЮЕРЫ,Провести техническое интервью,User Task,Андрей_6,2025-10-01 23:31:15,2025-10-02 01:05:15,94,passed,
ed9ad734-ef3b-47e2-b3a5-6e0d6c65f425,VAC-1192,CAND-10192,ИНТЕРВЬЮЕРЫ,Назначить финальное интервью,User Task,Андрей_8,2025-10-02 01:05:15,2025-10-02 01:30:15,25,,
ed9ad734-ef3b-47e2-b3a5-6e0d6c65f425,VAC-1192,CAND-10192,ИНТЕРВЬЮЕРЫ,Провести финальное интервью,User Task,Андрей_4,2025-10-02 01:30:15,2025-10-02 02:32:15,62,passed,
ed9ad734-ef3b-47e2-b3a5-6e0d6c65f425,VAC-1192,CAND-10192,HR (ОФФЕР),Согласовать условия,User Task,Марина_4,2025-10-02 02:32:15,2025-10-02 03:38:15,66,,
ed9ad734-ef3b-47e2-b3a5-6e0d6c65f425,VAC-1192,CAND-10192,HR (ОФФЕР),Сгенерировать оффер,Service Task,Ольга_2,2025-10-02 03:38:15,2025-10-02 03:58:15,20,,
ed9ad734-ef3b-47e2-b3a5-6e0d6c65f425,VAC-1192,CAND-10192,HR (ОФФЕР),Отправить оффер,Send Task,Марина_5,2025-10-02 03:58:15,2025-10-02 04:08:15,10,sent,
ed9ad734-ef3b-47e2-b3a5-6e0d6c65f425,VAC-1192,CAND-10192,SECURITY,Background Check,Call Activity,Служба_БД_1,2025-10-02 04:08:15,2025-10-06 17:28:15,6560,report_ready,
ed9ad734-ef3b-47e2-b3a5-6e0d6c65f425,VAC-1192,CAND-10192,IT,Выдача оборудования,Task,IT_Specialist_7,2025-10-06 17:28:15,2025-10-06 19:11:15,103,,
ed9ad734-ef3b-47e2-b3a5-6e0d6c65f425,VAC-1192,CAND-10192,IT,Создать доступы,Task,IT_Specialist_9,2025-10-06 19:11:15,2025-10-06 19:56:15,45,,
ed9ad734-ef3b-47e2-b3a5-6e0d6c65f425,VAC-1192,CAND-10192,IT,Вводное обучение,Service Task,Марина_9,2025-10-06 19:56:15,2025-10-07 02:50:15,414,,
ed9ad734-ef3b-47e2-b3a5-6e0d6c65f425,VAC-1192,CAND-10192,HR,Назначить ментора,Task,Марина_4,2025-10-07 02:50:15,2025-10-07 03:29:15,39,,
ed9ad734-ef3b-47e2-b3a5-6e0d6c65f425,VAC-1192,CAND-10192,HR,Уведомить всех,Message,system,2025-10-07 03:29:15,2025-10-07 03:34:15,5,notified,
ed9ad734-ef3b-47e2-b3a5-6e0d6c65f425,VAC-1192,CAND-10192,HR,Обновить HCM,Service Task,Наталья_1,2025-10-07 03:34:15,2025-10-07 03:54:15,20,,
ed9ad734-ef3b-47e2-b3a5-6e0d6c65f425,VAC-1192,CAND-10192,HR,Payroll,Service Task,Марина_3,2025-10-07 03:54:15,2025-10-07 04:14:15,20,,
ed9ad734-ef3b-47e2-b3a5-6e0d6c65f425,VAC-1192,CAND-10192,HR,Закрыть вакансию,Service Task,Ольга_1,2025-10-07 04:14:15,2025-10-07 04:19:15,5,,
edd6f56a-0d13-408a-96f3-ead324a8ab08,VAC-1144,CAND-10144,РУКОВОДИТЕЛЬ,Создать заявку,User Task,Петров_8,2025-10-01 20:08:15,2025-10-01 20:33:15,25,,
edd6f56a-0d13-408a-96f3-ead324a8ab08,VAC-1144,CAND-10144,HR,Зарегистрировать в HCM,Service Task,Ольга_1,2025-10-01 20:33:15,2025-10-01 21:04:15,31,,
edd6f56a-0d13-408a-96f3-ead324a8ab08,VAC-1144,CAND-10144,РЕКРУТЕР,Разместить вакансию,Task,Алексей_5,2025-10-01 21:04:15,2025-10-01 22:25:15,81,,
edd6f56a-0d13-408a-96f3-ead324a8ab08,VAC-1144,CAND-10144,РЕКРУТЕР,Собирать резюме,Task,Дмитрий_4,2025-10-01 22:25:15,2025-10-03 03:01:15,1716,,
edd6f56a-0d13-408a-96f3-ead324a8ab08,VAC-1144,CAND-10144,РЕКРУТЕР,Скрининг,Task,Дмитрий_7,2025-10-03 03:01:15,2025-10-03 03:18:15,17,passed,
edd6f56a-0d13-408a-96f3-ead324a8ab08,VAC-1144,CAND-10144,HR,Назначить интервью с HR,User Task,Ольга_9,2025-10-03 03:18:15,2025-10-03 03:58:15,40,,
edd6f56a-0d13-408a-96f3-ead324a8ab08,VAC-1144,CAND-10144,HR,Провести интервью с HR,User Task,Наталья_5,2025-10-03 03:58:15,2025-10-03 05:16:15,78,passed,
edd6f56a-0d13-408a-96f3-ead324a8ab08,VAC-1144,CAND-10144,ИНТЕРВЬЮЕРЫ,Назначить техническое интервью,User Task,Сергей_6,2025-10-03 05:16:15,2025-10-03 05:28:15,12,,
edd6f56a-0d13-408a-96f3-ead324a8ab08,VAC-1144,CAND-10144,ИНТЕРВЬЮЕРЫ,Провести техническое интервью,User Task,Сергей_6,2025-10-03 05:28:15,2025-10-03 06:35:15,67,passed,
edd6f56a-0d13-408a-96f3-ead324a8ab08,VAC-1144,CAND-10144,ИНТЕРВЬЮЕРЫ,Назначить финальное интервью,User Task,Андрей_5,2025-10-03 06:35:15,2025-10-03 06:56:15,21,,
edd6f56a-0d13-408a-96f3-ead324a8ab08,VAC-1144,CAND-10144,ИНТЕРВЬЮЕРЫ,Провести финальное интервью,User Task,Сергей_4,2025-10-03 06:56:15,2025-10-03 08:05:15,69,passed,
edd6f56a-0d13-408a-96f3-ead324a8ab08,VAC-1144,CAND-10144,HR (ОФФЕР),Согласовать условия,User Task,Марина_4,2025-10-03 08:05:15,2025-10-03 10:05:15,120,,
edd6f56a-0d13-408a-96f3-ead324a8ab08,VAC-1144,CAND-10144,HR (ОФФЕР),Сгенерировать оффер,Service Task,Наталья_4,2025-10-03 10:05:15,2025-10-03 10:18:15,13,,
edd6f56a-0d13-408a-96f3-ead324a8ab08,VAC-1144,CAND-10144,HR (ОФФЕР),Отправить оффер,Send Task,Наталья_4,2025-10-03 10:18:15,2025-10-03 10:28:15,10,sent,
edd6f56a-0d13-408a-96f3-ead324a8ab08,VAC-1144,CAND-10144,HR (ОФФЕР),Переговоры / отказ,Task,Наталья_2,2025-10-03 10:28:15,2025-10-03 12:59:15,151,rejected,
edfa5249-c149-4c1a-a8d2-95aa8fc66fb6,VAC-1175,CAND-10175,РУКОВОДИТЕЛЬ,Создать заявку,User Task,Петров_9,2025-10-22 19:11:15,2025-10-22 19:25:15,14,,
edfa5249-c149-4c1a-a8d2-95aa8fc66fb6,VAC-1175,CAND-10175,HR,Зарегистрировать в HCM,Service Task,Ольга_8,2025-10-22 19:25:15,2025-10-22 19:37:15,12,,
edfa5249-c149-4c1a-a8d2-95aa8fc66fb6,VAC-1175,CAND-10175,РЕКРУТЕР,Разместить вакансию,Task,Алексей_5,2025-10-22 19:37:15,2025-10-22 20:14:15,37,,
edfa5249-c149-4c1a-a8d2-95aa8fc66fb6,VAC-1175,CAND-10175,РЕКРУТЕР,Собирать резюме,Task,Екатерина_7,2025-10-22 20:14:15,2025-10-24 18:42:15,2788,,
edfa5249-c149-4c1a-a8d2-95aa8fc66fb6,VAC-1175,CAND-10175,РЕКРУТЕР,Скрининг,Task,Алексей_1,2025-10-24 18:42:15,2025-10-24 19:14:15,32,passed,
edfa5249-c149-4c1a-a8d2-95aa8fc66fb6,VAC-1175,CAND-10175,HR,Назначить интервью с HR,User Task,Марина_9,2025-10-24 19:14:15,2025-10-24 19:27:15,13,,
edfa5249-c149-4c1a-a8d2-95aa8fc66fb6,VAC-1175,CAND-10175,HR,Провести интервью с HR,User Task,Марина_5,2025-10-24 19:27:15,2025-10-24 21:13:15,106,rejected,несоответствие культуре
ee04ac33-7ffb-44e7-949e-0d138feb6fd8,VAC-1005,CAND-10005,РУКОВОДИТЕЛЬ,Создать заявку,User Task,Сидоров_5,2025-09-05 19:19:15,2025-09-05 20:15:15,56,,
ee04ac33-7ffb-44e7-949e-0d138feb6fd8,VAC-1005,CAND-10005,HR,Зарегистрировать в HCM,Service Task,Наталья_9,2025-09-05 20:15:15,2025-09-05 20:41:15,26,,
ee04ac33-7ffb-44e7-949e-0d138feb6fd8,VAC-1005,CAND-10005,РЕКРУТЕР,Разместить вакансию,Task,Екатерина_5,2025-09-05 20:41:15,2025-09-05 21:14:15,33,,
ee04ac33-7ffb-44e7-949e-0d138feb6fd8,VAC-1005,CAND-10005,РЕКРУТЕР,Собирать резюме,Task,Екатерина_4,2025-09-05 21:14:15,2025-09-08 16:51:15,4057,,
ee04ac33-7ffb-44e7-949e-0d138feb6fd8,VAC-1005,CAND-10005,РЕКРУТЕР,Скрининг,Task,Алексей_9,2025-09-08 16:51:15,2025-09-08 17:25:15,34,passed,
ee04ac33-7ffb-44e7-949e-0d138feb6fd8,VAC-1005,CAND-10005,HR,Назначить интервью с HR,User Task,Марина_1,2025-09-08 17:25:15,2025-09-08 18:05:15,40,,
ee04ac33-7ffb-44e7-949e-0d138feb6fd8,VAC-1005,CAND-10005,HR,Провести интервью с HR,User Task,Наталья_2,2025-09-08 18:05:15,2025-09-08 19:52:15,107,passed,
ee04ac33-7ffb-44e7-949e-0d138feb6fd8,VAC-1005,CAND-10005,ИНТЕРВЬЮЕРЫ,Назначить техническое интервью,User Task,Сергей_5,2025-09-08 19:52:15,2025-09-08 20:31:15,39,,
ee04ac33-7ffb-44e7-949e-0d138feb6fd8,VAC-1005,CAND-10005,ИНТЕРВЬЮЕРЫ,Провести техническое интервью,User Task,Анна_2,2025-09-08 20:31:15,2025-09-08 21:46:15,75,passed,
ee04ac33-7ffb-44e7-949e-0d138feb6fd8,VAC-1005,CAND-10005,ИНТЕРВЬЮЕРЫ,Назначить финальное интервью,User Task,Анна_8,2025-09-08 21:46:15,2025-09-08 21:58:15,12,,
ee04ac33-7ffb-44e7-949e-0d138feb6fd8,VAC-1005,CAND-10005,ИНТЕРВЬЮЕРЫ,Провести финальное интервью,User Task,Андрей_3,2025-09-08 21:58:15,2025-09-08 23:51:15,113,rejected,несоответствие ценностям
ef568e88-f7af-41d9-ba15-dbf2ace3fd51,VAC-1139,CAND-10139,РУКОВОДИТЕЛЬ,Создать заявку,User Task,Сидоров_1,2025-09-25 22:27:15,2025-09-25 23:15:15,48,,
ef568e88-f7af-41d9-ba15-dbf2ace3fd51,VAC-1139,CAND-10139,HR,Зарегистрировать в HCM,Service Task,Марина_7,2025-09-25 23:15:15,2025-09-25 23:53:15,38,,
ef568e88-f7af-41d9-ba15-dbf2ace3fd51,VAC-1139,CAND-10139,РЕКРУТЕР,Разместить вакансию,Task,Дмитрий_6,2025-09-25 23:53:15,2025-09-26 01:19:15,86,,
ef568e88-f7af-41d9-ba15-dbf2ace3fd51,VAC-1139,CAND-10139,РЕКРУТЕР,Собирать резюме,Task,Екатерина_9,2025-09-26 01:19:15,2025-09-27 04:16:15,1617,,
ef568e88-f7af-41d9-ba15-dbf2ace3fd51,VAC-1139,CAND-10139,РЕКРУТЕР,Скрининг,Task,Дмитрий_7,2025-09-27 04:16:15,2025-09-27 04:56:15,40,passed,
ef568e88-f7af-41d9-ba15-dbf2ace3fd51,VAC-1139,CAND-10139,HR,Назначить интервью с HR,User Task,Марина_2,2025-09-27 04:56:15,2025-09-27 05:17:15,21,,
ef568e88-f7af-41d9-ba15-dbf2ace3fd51,VAC-1139,CAND-10139,HR,Провести интервью с HR,User Task,Ольга_4,2025-09-27 05:17:15,2025-09-27 06:34:15,77,passed,
ef568e88-f7af-41d9-ba15-dbf2ace3fd51,VAC-1139,CAND-10139,ИНТЕРВЬЮЕРЫ,Назначить техническое интервью,User Task,Андрей_5,2025-09-27 06:34:15,2025-09-27 07:13:15,39,,
ef568e88-f7af-41d9-ba15-dbf2ace3fd51,VAC-1139,CAND-10139,ИНТЕРВЬЮЕРЫ,Провести техническое интервью,User Task,Сергей_5,2025-09-27 07:13:15,2025-09-27 09:07:15,114,passed,
ef568e88-f7af-41d9-ba15-dbf2ace3fd51,VAC-1139,CAND-10139,ИНТЕРВЬЮЕРЫ,Назначить финальное интервью,User Task,Андрей_1,2025-09-27 09:07:15,2025-09-27 09:23:15,16,,
ef568e88-f7af-41d9-ba15-dbf2ace3fd51,VAC-1139,CAND-10139,ИНТЕРВЬЮЕРЫ,Провести финальное интервью,User Task,Анна_1,2025-09-27 09:23:15,2025-09-27 10:23:15,60,passed,
ef568e88-f7af-41d9-ba15-dbf2ace3fd51,VAC-1139,CAND-10139,HR (ОФФЕР),Согласовать условия,User Task,Марина_4,2025-09-27 10:23:15,2025-09-27 12:59:15,156,,
ef568e88-f7af-41d9-ba15-dbf2ace3fd51,VAC-1139,CAND-10139,HR (ОФФЕР),Сгенерировать оффер,Service Task,Ольга_7,2025-09-27 12:59:15,2025-09-27 13:26:15,27,,
ef568e88-f7af-41d9-ba15-dbf2ace3fd51,VAC-1139,CAND-10139,HR (ОФФЕР),Отправить оффер,Send Task,Ольга_2,2025-09-27 13:26:15,2025-09-27 13:36:15,10,sent,
ef568e88-f7af-41d9-ba15-dbf2ace3fd51,VAC-1139,CAND-10139,SECURITY,Background Check,Call Activity,Служба_БД_9,2025-09-27 13:36:15,2025-10-01 00:13:15,4957,report_ready,
ef568e88-f7af-41d9-ba15-dbf2ace3fd51,VAC-1139,CAND-10139,IT,Выдача оборудования,Task,IT_Specialist_7,2025-10-01 00:13:15,2025-10-01 01:59:15,106,,
ef568e88-f7af-41d9-ba15-dbf2ace3fd51,VAC-1139,CAND-10139,IT,Создать доступы,Task,IT_Specialist_9,2025-10-01 01:59:15,2025-10-01 02:55:15,56,,
ef568e88-f7af-41d9-ba15-dbf2ace3fd51,VAC-1139,CAND-10139,IT,Вводное обучение,Service Task,Ольга_3,2025-10-01 02:55:15,2025-10-01 10:40:15,465,,
ef568e88-f7af-41d9-ba15-dbf2ace3fd51,VAC-1139,CAND-10139,HR,Назначить ментора,Task,Марина_9,2025-10-01 10:40:15,2025-10-01 11:33:15,53,,
ef568e88-f7af-41d9-ba15-dbf2ace3fd51,VAC-1139,CAND-10139,HR,Уведомить всех,Message,system,2025-10-01 11:33:15,2025-10-01 11:38:15,5,notified,
ef568e88-f7af-41d9-ba15-dbf2ace3fd51,VAC-1139,CAND-10139,HR,Обновить HCM,Service Task,Ольга_5,2025-10-01 11:38:15,2025-10-01 11:58:15,20,,
ef568e88-f7af-41d9-ba15-dbf2ace3fd51,VAC-1139,CAND-10139,HR,Payroll,Service Task,Ольга_6,2025-10-01 11:58:15,2025-10-01 12:18:15,20,,
ef568e88-f7af-41d9-ba15-dbf2ace3fd51,VAC-1139,CAND-10139,HR,Закрыть вакансию,Service Task,Марина_7,2025-10-01 12:18:15,2025-10-01 12:23:15,5,,
ef8f4f34-cef6-4502-b739-28e019d0855b,VAC-1165,CAND-10165,РУКОВОДИТЕЛЬ,Создать заявку,User Task,Сидоров_5,2025-09-11 19:15:15,2025-09-11 19:26:15,11,,
ef8f4f34-cef6-4502-b739-28e019d0855b,VAC-1165,CAND-10165,HR,Зарегистрировать в HCM,Service Task,Наталья_6,2025-09-11 19:26:15,2025-09-11 19:43:15,17,,
ef8f4f34-cef6-4502-b739-28e019d0855b,VAC-1165,CAND-10165,РЕКРУТЕР,Разместить вакансию,Task,Екатерина_3,2025-09-11 19:43:15,2025-09-11 20:53:15,70,,
ef8f4f34-cef6-4502-b739-28e019d0855b,VAC-1165,CAND-10165,РЕКРУТЕР,Собирать резюме,Task,Екатерина_7,2025-09-11 20:53:15,2025-09-13 02:52:15,1799,,
ef8f4f34-cef6-4502-b739-28e019d0855b,VAC-1165,CAND-10165,РЕКРУТЕР,Скрининг,Task,Екатерина_4,2025-09-13 02:52:15,2025-09-13 03:23:15,31,passed,
ef8f4f34-cef6-4502-b739-28e019d0855b,VAC-1165,CAND-10165,HR,Назначить интервью с HR,User Task,Наталья_3,2025-09-13 03:23:15,2025-09-13 03:46:15,23,,
ef8f4f34-cef6-4502-b739-28e019d0855b,VAC-1165,CAND-10165,HR,Провести интервью с HR,User Task,Марина_6,2025-09-13 03:46:15,2025-09-13 05:10:15,84,passed,
ef8f4f34-cef6-4502-b739-28e019d0855b,VAC-1165,CAND-10165,ИНТЕРВЬЮЕРЫ,Назначить техническое интервью,User Task,Анна_3,2025-09-13 05:10:15,2025-09-13 05:34:15,24,,
ef8f4f34-cef6-4502-b739-28e019d0855b,VAC-1165,CAND-10165,ИНТЕРВЬЮЕРЫ,Провести техническое интервью,User Task,Анна_9,2025-09-13 05:34:15,2025-09-13 06:36:15,62,passed,
ef8f4f34-cef6-4502-b739-28e019d0855b,VAC-1165,CAND-10165,ИНТЕРВЬЮЕРЫ,Назначить финальное интервью,User Task,Андрей_3,2025-09-13 06:36:15,2025-09-13 07:07:15,31,,
ef8f4f34-cef6-4502-b739-28e019d0855b,VAC-1165,CAND-10165,ИНТЕРВЬЮЕРЫ,Провести финальное интервью,User Task,Андрей_7,2025-09-13 07:07:15,2025-09-13 08:59:15,112,passed,
ef8f4f34-cef6-4502-b739-28e019d0855b,VAC-1165,CAND-10165,HR (ОФФЕР),Согласовать условия,User Task,Марина_3,2025-09-13 08:59:15,2025-09-13 10:36:15,97,,
ef8f4f34-cef6-4502-b739-28e019d0855b,VAC-1165,CAND-10165,HR (ОФФЕР),Сгенерировать оффер,Service Task,Наталья_9,2025-09-13 10:36:15,2025-09-13 10:51:15,15,,
ef8f4f34-cef6-4502-b739-28e019d0855b,VAC-1165,CAND-10165,HR (ОФФЕР),Отправить оффер,Send Task,Марина_2,2025-09-13 10:51:15,2025-09-13 11:01:15,10,sent,
ef8f4f34-cef6-4502-b739-28e019d0855b,VAC-1165,CAND-10165,SECURITY,Background Check,Call Activity,Служба_БД_6,2025-09-13 11:01:15,2025-09-16 06:53:15,4072,report_ready,
ef8f4f34-cef6-4502-b739-28e019d0855b,VAC-1165,CAND-10165,IT,Выдача оборудования,Task,IT_Specialist_5,2025-09-16 06:53:15,2025-09-16 08:45:15,112,,
ef8f4f34-cef6-4502-b739-28e019d0855b,VAC-1165,CAND-10165,IT,Создать доступы,Task,IT_Specialist_3,2025-09-16 08:45:15,2025-09-16 10:11:15,86,,
ef8f4f34-cef6-4502-b739-28e019d0855b,VAC-1165,CAND-10165,IT,Вводное обучение,Service Task,Наталья_3,2025-09-16 10:11:15,2025-09-16 14:47:15,276,,
ef8f4f34-cef6-4502-b739-28e019d0855b,VAC-1165,CAND-10165,HR,Назначить ментора,Task,Наталья_5,2025-09-16 14:47:15,2025-09-16 15:28:15,41,,
ef8f4f34-cef6-4502-b739-28e019d0855b,VAC-1165,CAND-10165,HR,Уведомить всех,Message,system,2025-09-16 15:28:15,2025-09-16 15:33:15,5,notified,
ef8f4f34-cef6-4502-b739-28e019d0855b,VAC-1165,CAND-10165,HR,Обновить HCM,Service Task,Марина_4,2025-09-16 15:33:15,2025-09-16 15:53:15,20,,
ef8f4f34-cef6-4502-b739-28e019d0855b,VAC-1165,CAND-10165,HR,Payroll,Service Task,Марина_4,2025-09-16 15:53:15,2025-09-16 16:13:15,20,,
ef8f4f34-cef6-4502-b739-28e019d0855b,VAC-1165,CAND-10165,HR,Закрыть вакансию,Service Task,Наталья_1,2025-09-16 16:13:15,2025-09-16 16:18:15,5,,
effe210f-deee-4aee-9b00-fcff48f8fa3e,VAC-1171,CAND-10171,РУКОВОДИТЕЛЬ,Создать заявку,User Task,Сидоров_7,2025-09-23 22:42:15,2025-09-23 22:57:15,15,,
effe210f-deee-4aee-9b00-fcff48f8fa3e,VAC-1171,CAND-10171,HR,Зарегистрировать в HCM,Service Task,Марина_3,2025-09-23 22:57:15,2025-09-23 23:30:15,33,,
effe210f-deee-4aee-9b00-fcff48f8fa3e,VAC-1171,CAND-10171,РЕКРУТЕР,Разместить вакансию,Task,Екатерина_7,2025-09-23 23:30:15,2025-09-24 00:38:15,68,,
effe210f-deee-4aee-9b00-fcff48f8fa3e,VAC-1171,CAND-10171,РЕКРУТЕР,Собирать резюме,Task,Алексей_6,2025-09-24 00:38:15,2025-09-25 03:37:15,1619,,
effe210f-deee-4aee-9b00-fcff48f8fa3e,VAC-1171,CAND-10171,РЕКРУТЕР,Скрининг,Task,Алексей_3,2025-09-25 03:37:15,2025-09-25 04:08:15,31,passed,
effe210f-deee-4aee-9b00-fcff48f8fa3e,VAC-1171,CAND-10171,HR,Назначить интервью с HR,User Task,Наталья_3,2025-09-25 04:08:15,2025-09-25 04:45:15,37,,
effe210f-deee-4aee-9b00-fcff48f8fa3e,VAC-1171,CAND-10171,HR,Провести интервью с HR,User Task,Ольга_5,2025-09-25 04:45:15,2025-09-25 05:36:15,51,rejected,несоответствие культуре
f0048cdf-0aca-4b1a-a532-a1d5bfd7e92d,VAC-1082,CAND-10082,РУКОВОДИТЕЛЬ,Создать заявку,User Task,Иванов_5,2025-08-30 19:02:15,2025-08-30 19:43:15,41,,
f0048cdf-0aca-4b1a-a532-a1d5bfd7e92d,VAC-1082,CAND-10082,HR,Зарегистрировать в HCM,Service Task,Ольга_3,2025-08-30 19:43:15,2025-08-30 20:00:15,17,,
f0048cdf-0aca-4b1a-a532-a1d5bfd7e92d,VAC-1082,CAND-10082,РЕКРУТЕР,Разместить вакансию,Task,Дмитрий_7,2025-08-30 20:00:15,2025-08-30 21:51:15,111,,
f0048cdf-0aca-4b1a-a532-a1d5bfd7e92d,VAC-1082,CAND-10082,РЕКРУТЕР,Собирать резюме,Task,Дмитрий_8,2025-08-30 21:51:15,2025-09-01 02:53:15,1742,,
f0048cdf-0aca-4b1a-a532-a1d5bfd7e92d,VAC-1082,CAND-10082,РЕКРУТЕР,Скрининг,Task,Екатерина_7,2025-09-01 02:53:15,2025-09-01 03:20:15,27,passed,
f0048cdf-0aca-4b1a-a532-a1d5bfd7e92d,VAC-1082,CAND-10082,HR,Назначить интервью с HR,User Task,Наталья_6,2025-09-01 03:20:15,2025-09-01 03:47:15,27,,
f0048cdf-0aca-4b1a-a532-a1d5bfd7e92d,VAC-1082,CAND-10082,HR,Провести интервью с HR,User Task,Марина_2,2025-09-01 03:47:15,2025-09-01 05:40:15,113,passed,
f0048cdf-0aca-4b1a-a532-a1d5bfd7e92d,VAC-1082,CAND-10082,ИНТЕРВЬЮЕРЫ,Назначить техническое интервью,User Task,Андрей_6,2025-09-01 05:40:15,2025-09-01 05:53:15,13,,
f0048cdf-0aca-4b1a-a532-a1d5bfd7e92d,VAC-1082,CAND-10082,ИНТЕРВЬЮЕРЫ,Провести техническое интервью,User Task,Анна_7,2025-09-01 05:53:15,2025-09-01 06:43:15,50,passed,
f0048cdf-0aca-4b1a-a532-a1d5bfd7e92d,VAC-1082,CAND-10082,ИНТЕРВЬЮЕРЫ,Назначить финальное интервью,User Task,Сергей_7,2025-09-01 06:43:15,2025-09-01 07:23:15,40,,
f0048cdf-0aca-4b1a-a532-a1d5bfd7e92d,VAC-1082,CAND-10082,ИНТЕРВЬЮЕРЫ,Провести финальное интервью,User Task,Сергей_4,2025-09-01 07:23:15,2025-09-01 08:20:15,57,passed,
f0048cdf-0aca-4b1a-a532-a1d5bfd7e92d,VAC-1082,CAND-10082,HR (ОФФЕР),Согласовать условия,User Task,Марина_9,2025-09-01 08:20:15,2025-09-01 11:30:15,190,,
f0048cdf-0aca-4b1a-a532-a1d5bfd7e92d,VAC-1082,CAND-10082,HR (ОФФЕР),Сгенерировать оффер,Service Task,Марина_4,2025-09-01 11:30:15,2025-09-01 11:52:15,22,,
f0048cdf-0aca-4b1a-a532-a1d5bfd7e92d,VAC-1082,CAND-10082,HR (ОФФЕР),Отправить оффер,Send Task,Ольга_6,2025-09-01 11:52:15,2025-09-01 12:02:15,10,sent,
f0048cdf-0aca-4b1a-a532-a1d5bfd7e92d,VAC-1082,CAND-10082,SECURITY,Background Check,Call Activity,Служба_БД_6,2025-09-01 12:02:15,2025-09-06 08:21:15,6979,report_ready,
f0048cdf-0aca-4b1a-a532-a1d5bfd7e92d,VAC-1082,CAND-10082,SECURITY,Решение руководителя по BG,User Task,Петров_7,2025-09-06 08:21:15,2025-09-06 09:47:15,86,proceed_with_conditions,
f0048cdf-0aca-4b1a-a532-a1d5bfd7e92d,VAC-1082,CAND-10082,IT,Выдача оборудования,Task,IT_Specialist_2,2025-09-06 09:47:15,2025-09-06 12:44:15,177,,
f0048cdf-0aca-4b1a-a532-a1d5bfd7e92d,VAC-1082,CAND-10082,IT,Создать доступы,Task,IT_Specialist_5,2025-09-06 12:44:15,2025-09-06 13:32:15,48,,
f0048cdf-0aca-4b1a-a532-a1d5bfd7e92d,VAC-1082,CAND-10082,IT,Вводное обучение,Service Task,Ольга_4,2025-09-06 13:32:15,2025-09-06 19:27:15,355,,
f0048cdf-0aca-4b1a-a532-a1d5bfd7e92d,VAC-1082,CAND-10082,HR,Назначить ментора,Task,Ольга_6,2025-09-06 19:27:15,2025-09-06 20:30:15,63,,
f0048cdf-0aca-4b1a-a532-a1d5bfd7e92d,VAC-1082,CAND-10082,HR,Уведомить всех,Message,system,2025-09-06 20:30:15,2025-09-06 20:35:15,5,notified,
f0048cdf-0aca-4b1a-a532-a1d5bfd7e92d,VAC-1082,CAND-10082,HR,Обновить HCM,Service Task,Ольга_2,2025-09-06 20:35:15,2025-09-06 20:55:15,20,,
f0048cdf-0aca-4b1a-a532-a1d5bfd7e92d,VAC-1082,CAND-10082,HR,Payroll,Service Task,Ольга_8,2025-09-06 20:55:15,2025-09-06 21:15:15,20,,
f0048cdf-0aca-4b1a-a532-a1d5bfd7e92d,VAC-1082,CAND-10082,HR,Закрыть вакансию,Service Task,Ольга_2,2025-09-06 21:15:15,2025-09-06 21:20:15,5,,
f0ccbfa4-ff8b-44b7-bd70-850d3a0dd051,VAC-1111,CAND-10111,РУКОВОДИТЕЛЬ,Создать заявку,User Task,Сидоров_1,2025-09-16 22:30:15,2025-09-16 23:00:15,30,,
f0ccbfa4-ff8b-44b7-bd70-850d3a0dd051,VAC-1111,CAND-10111,HR,Зарегистрировать в HCM,Service Task,Ольга_5,2025-09-16 23:00:15,2025-09-16 23:10:15,10,,
f0ccbfa4-ff8b-44b7-bd70-850d3a0dd051,VAC-1111,CAND-10111,РЕКРУТЕР,Разместить вакансию,Task,Алексей_3,2025-09-16 23:10:15,2025-09-16 23:56:15,46,,
f0ccbfa4-ff8b-44b7-bd70-850d3a0dd051,VAC-1111,CAND-10111,РЕКРУТЕР,Собирать резюме,Task,Алексей_3,2025-09-16 23:56:15,2025-09-19 09:21:15,3445,,
f0ccbfa4-ff8b-44b7-bd70-850d3a0dd051,VAC-1111,CAND-10111,РЕКРУТЕР,Скрининг,Task,Дмитрий_7,2025-09-19 09:21:15,2025-09-19 09:51:15,30,passed,
f0ccbfa4-ff8b-44b7-bd70-850d3a0dd051,VAC-1111,CAND-10111,HR,Назначить интервью с HR,User Task,Ольга_7,2025-09-19 09:51:15,2025-09-19 10:14:15,23,,
f0ccbfa4-ff8b-44b7-bd70-850d3a0dd051,VAC-1111,CAND-10111,HR,Провести интервью с HR,User Task,Наталья_6,2025-09-19 10:14:15,2025-09-19 12:07:15,113,passed,
f0ccbfa4-ff8b-44b7-bd70-850d3a0dd051,VAC-1111,CAND-10111,ИНТЕРВЬЮЕРЫ,Назначить техническое интервью,User Task,Андрей_6,2025-09-19 12:07:15,2025-09-19 12:47:15,40,,
f0ccbfa4-ff8b-44b7-bd70-850d3a0dd051,VAC-1111,CAND-10111,ИНТЕРВЬЮЕРЫ,Провести техническое интервью,User Task,Андрей_1,2025-09-19 12:47:15,2025-09-19 14:39:15,112,rejected,нет опыта с технологиями
f1b050c2-5d62-44b1-96dd-a5e1dafb73d9,VAC-1167,CAND-10167,РУКОВОДИТЕЛЬ,Создать заявку,User Task,Сидоров_8,2025-08-30 15:18:15,2025-08-30 15:56:15,38,,
f1b050c2-5d62-44b1-96dd-a5e1dafb73d9,VAC-1167,CAND-10167,HR,Зарегистрировать в HCM,Service Task,Ольга_8,2025-08-30 15:56:15,2025-08-30 16:28:15,32,,
f1b050c2-5d62-44b1-96dd-a5e1dafb73d9,VAC-1167,CAND-10167,РЕКРУТЕР,Разместить вакансию,Task,Дмитрий_7,2025-08-30 16:28:15,2025-08-30 17:19:15,51,,
f1b050c2-5d62-44b1-96dd-a5e1dafb73d9,VAC-1167,CAND-10167,РЕКРУТЕР,Собирать резюме,Task,Екатерина_7,2025-08-30 17:19:15,2025-08-31 20:10:15,1611,,
f1b050c2-5d62-44b1-96dd-a5e1dafb73d9,VAC-1167,CAND-10167,РЕКРУТЕР,Скрининг,Task,Екатерина_9,2025-08-31 20:10:15,2025-08-31 20:32:15,22,rejected,не прошёл тест
f21e8da6-ff67-4fb9-9fcc-b1947c513122,VAC-1179,CAND-10179,РУКОВОДИТЕЛЬ,Создать заявку,User Task,Петров_8,2025-10-22 20:28:15,2025-10-22 20:50:15,22,,
f21e8da6-ff67-4fb9-9fcc-b1947c513122,VAC-1179,CAND-10179,HR,Зарегистрировать в HCM,Service Task,Марина_5,2025-10-22 20:50:15,2025-10-22 21:23:15,33,,
f21e8da6-ff67-4fb9-9fcc-b1947c513122,VAC-1179,CAND-10179,РЕКРУТЕР,Разместить вакансию,Task,Дмитрий_3,2025-10-22 21:23:15,2025-10-22 23:22:15,119,,
f21e8da6-ff67-4fb9-9fcc-b1947c513122,VAC-1179,CAND-10179,РЕКРУТЕР,Собирать резюме,Task,Екатерина_3,2025-10-22 23:22:15,2025-10-24 06:04:15,1842,,
f21e8da6-ff67-4fb9-9fcc-b1947c513122,VAC-1179,CAND-10179,РЕКРУТЕР,Скрининг,Task,Дмитрий_7,2025-10-24 06:04:15,2025-10-24 06:15:15,11,passed,
f21e8da6-ff67-4fb9-9fcc-b1947c513122,VAC-1179,CAND-10179,HR,Назначить интервью с HR,User Task,Марина_2,2025-10-24 06:15:15,2025-10-24 06:47:15,32,,
f21e8da6-ff67-4fb9-9fcc-b1947c513122,VAC-1179,CAND-10179,HR,Провести интервью с HR,User Task,Марина_2,2025-10-24 06:47:15,2025-10-24 07:37:15,50,passed,
f21e8da6-ff67-4fb9-9fcc-b1947c513122,VAC-1179,CAND-10179,ИНТЕРВЬЮЕРЫ,Назначить техническое интервью,User Task,Сергей_1,2025-10-24 07:37:15,2025-10-24 07:57:15,20,,
f21e8da6-ff67-4fb9-9fcc-b1947c513122,VAC-1179,CAND-10179,ИНТЕРВЬЮЕРЫ,Провести техническое интервью,User Task,Андрей_5,2025-10-24 07:57:15,2025-10-24 09:21:15,84,passed,
f21e8da6-ff67-4fb9-9fcc-b1947c513122,VAC-1179,CAND-10179,ИНТЕРВЬЮЕРЫ,Назначить финальное интервью,User Task,Андрей_6,2025-10-24 09:21:15,2025-10-24 09:51:15,30,,
f21e8da6-ff67-4fb9-9fcc-b1947c513122,VAC-1179,CAND-10179,ИНТЕРВЬЮЕРЫ,Провести финальное интервью,User Task,Сергей_9,2025-10-24 09:51:15,2025-10-24 11:12:15,81,passed,
f21e8da6-ff67-4fb9-9fcc-b1947c513122,VAC-1179,CAND-10179,HR (ОФФЕР),Согласовать условия,User Task,Ольга_2,2025-10-24 11:12:15,2025-10-24 13:33:15,141,,
f21e8da6-ff67-4fb9-9fcc-b1947c513122,VAC-1179,CAND-10179,HR (ОФФЕР),Сгенерировать оффер,Service Task,Наталья_3,2025-10-24 13:33:15,2025-10-24 13:46:15,13,,
f21e8da6-ff67-4fb9-9fcc-b1947c513122,VAC-1179,CAND-10179,HR (ОФФЕР),Отправить оффер,Send Task,Ольга_2,2025-10-24 13:46:15,2025-10-24 13:56:15,10,sent,
f21e8da6-ff67-4fb9-9fcc-b1947c513122,VAC-1179,CAND-10179,SECURITY,Background Check,Call Activity,Служба_БД_4,2025-10-24 13:56:15,2025-10-29 12:07:15,7091,report_ready,
f21e8da6-ff67-4fb9-9fcc-b1947c513122,VAC-1179,CAND-10179,IT,Выдача оборудования,Task,IT_Specialist_5,2025-10-29 12:07:15,2025-10-29 14:17:15,130,,
f21e8da6-ff67-4fb9-9fcc-b1947c513122,VAC-1179,CAND-10179,IT,Создать доступы,Task,IT_Specialist_4,2025-10-29 14:17:15,2025-10-29 15:05:15,48,,
f21e8da6-ff67-4fb9-9fcc-b1947c513122,VAC-1179,CAND-10179,IT,Вводное обучение,Service Task,Наталья_5,2025-10-29 15:05:15,2025-10-29 19:32:15,267,,
f21e8da6-ff67-4fb9-9fcc-b1947c513122,VAC-1179,CAND-10179,HR,Назначить ментора,Task,Ольга_9,2025-10-29 19:32:15,2025-10-29 20:41:15,69,,
f21e8da6-ff67-4fb9-9fcc-b1947c513122,VAC-1179,CAND-10179,HR,Уведомить всех,Message,system,2025-10-29 20:41:15,2025-10-29 20:46:15,5,notified,
f21e8da6-ff67-4fb9-9fcc-b1947c513122,VAC-1179,CAND-10179,HR,Обновить HCM,Service Task,Ольга_1,2025-10-29 20:46:15,2025-10-29 21:06:15,20,,
f21e8da6-ff67-4fb9-9fcc-b1947c513122,VAC-1179,CAND-10179,HR,Payroll,Service Task,Наталья_1,2025-10-29 21:06:15,2025-10-29 21:26:15,20,,
f21e8da6-ff67-4fb9-9fcc-b1947c513122,VAC-1179,CAND-10179,HR,Закрыть вакансию,Service Task,Ольга_1,2025-10-29 21:26:15,2025-10-29 21:31:15,5,,
f3e29225-4bc5-4909-b898-683fde5e00c9,VAC-1093,CAND-10093,РУКОВОДИТЕЛЬ,Создать заявку,User Task,Петров_2,2025-10-20 17:08:15,2025-10-20 17:37:15,29,,
f3e29225-4bc5-4909-b898-683fde5e00c9,VAC-1093,CAND-10093,HR,Зарегистрировать в HCM,Service Task,Ольга_1,2025-10-20 17:37:15,2025-10-20 18:04:15,27,,
f3e29225-4bc5-4909-b898-683fde5e00c9,VAC-1093,CAND-10093,РЕКРУТЕР,Разместить вакансию,Task,Алексей_5,2025-10-20 18:04:15,2025-10-20 19:11:15,67,,
f3e29225-4bc5-4909-b898-683fde5e00c9,VAC-1093,CAND-10093,РЕКРУТЕР,Собирать резюме,Task,Дмитрий_4,2025-10-20 19:11:15,2025-10-23 09:40:15,3749,,
f3e29225-4bc5-4909-b898-683fde5e00c9,VAC-1093,CAND-10093,РЕКРУТЕР,Скрининг,Task,Дмитрий_4,2025-10-23 09:40:15,2025-10-23 10:08:15,28,passed,
f3e29225-4bc5-4909-b898-683fde5e00c9,VAC-1093,CAND-10093,HR,Назначить интервью с HR,User Task,Марина_4,2025-10-23 10:08:15,2025-10-23 10:41:15,33,,
f3e29225-4bc5-4909-b898-683fde5e00c9,VAC-1093,CAND-10093,HR,Провести интервью с HR,User Task,Наталья_4,2025-10-23 10:41:15,2025-10-23 12:18:15,97,passed,
f3e29225-4bc5-4909-b898-683fde5e00c9,VAC-1093,CAND-10093,ИНТЕРВЬЮЕРЫ,Назначить техническое интервью,User Task,Сергей_1,2025-10-23 12:18:15,2025-10-23 12:45:15,27,,
f3e29225-4bc5-4909-b898-683fde5e00c9,VAC-1093,CAND-10093,ИНТЕРВЬЮЕРЫ,Провести техническое интервью,User Task,Анна_7,2025-10-23 12:45:15,2025-10-23 13:30:15,45,rejected,нет опыта с технологиями
f4d0e47e-54a6-44e7-a52a-00a3eccf07ff,VAC-1061,CAND-10061,РУКОВОДИТЕЛЬ,Создать заявку,User Task,Сидоров_5,2025-09-27 20:53:15,2025-09-27 21:34:15,41,,
f4d0e47e-54a6-44e7-a52a-00a3eccf07ff,VAC-1061,CAND-10061,HR,Зарегистрировать в HCM,Service Task,Наталья_6,2025-09-27 21:34:15,2025-09-27 21:59:15,25,,
f4d0e47e-54a6-44e7-a52a-00a3eccf07ff,VAC-1061,CAND-10061,РЕКРУТЕР,Разместить вакансию,Task,Екатерина_2,2025-09-27 21:59:15,2025-09-27 23:01:15,62,,
f4d0e47e-54a6-44e7-a52a-00a3eccf07ff,VAC-1061,CAND-10061,РЕКРУТЕР,Собирать резюме,Task,Екатерина_5,2025-09-27 23:01:15,2025-09-30 03:27:15,3146,,
f4d0e47e-54a6-44e7-a52a-00a3eccf07ff,VAC-1061,CAND-10061,РЕКРУТЕР,Скрининг,Task,Екатерина_1,2025-09-30 03:27:15,2025-09-30 04:00:15,33,rejected,не прошёл тест
f5fb1bf0-fec6-4253-ab8f-6dd07cf5c430,VAC-1013,CAND-10013,РУКОВОДИТЕЛЬ,Создать заявку,User Task,Петров_4,2025-09-05 13:43:15,2025-09-05 13:55:15,12,,
f5fb1bf0-fec6-4253-ab8f-6dd07cf5c430,VAC-1013,CAND-10013,HR,Зарегистрировать в HCM,Service Task,Ольга_6,2025-09-05 13:55:15,2025-09-05 14:11:15,16,,
f5fb1bf0-fec6-4253-ab8f-6dd07cf5c430,VAC-1013,CAND-10013,РЕКРУТЕР,Разместить вакансию,Task,Алексей_4,2025-09-05 14:11:15,2025-09-05 15:10:15,59,,
f5fb1bf0-fec6-4253-ab8f-6dd07cf5c430,VAC-1013,CAND-10013,РЕКРУТЕР,Собирать резюме,Task,Екатерина_4,2025-09-05 15:10:15,2025-09-06 16:46:15,1536,,
f5fb1bf0-fec6-4253-ab8f-6dd07cf5c430,VAC-1013,CAND-10013,РЕКРУТЕР,Скрининг,Task,Алексей_5,2025-09-06 16:46:15,2025-09-06 17:04:15,18,passed,
f5fb1bf0-fec6-4253-ab8f-6dd07cf5c430,VAC-1013,CAND-10013,HR,Назначить интервью с HR,User Task,Марина_9,2025-09-06 17:04:15,2025-09-06 17:25:15,21,,
f5fb1bf0-fec6-4253-ab8f-6dd07cf5c430,VAC-1013,CAND-10013,HR,Провести интервью с HR,User Task,Ольга_1,2025-09-06 17:25:15,2025-09-06 19:18:15,113,passed,
f5fb1bf0-fec6-4253-ab8f-6dd07cf5c430,VAC-1013,CAND-10013,ИНТЕРВЬЮЕРЫ,Назначить техническое интервью,User Task,Сергей_3,2025-09-06 19:18:15,2025-09-06 19:31:15,13,,
f5fb1bf0-fec6-4253-ab8f-6dd07cf5c430,VAC-1013,CAND-10013,ИНТЕРВЬЮЕРЫ,Провести техническое интервью,User Task,Андрей_2,2025-09-06 19:31:15,2025-09-06 20:49:15,78,passed,
f5fb1bf0-fec6-4253-ab8f-6dd07cf5c430,VAC-1013,CAND-10013,ИНТЕРВЬЮЕРЫ,Назначить финальное интервью,User Task,Сергей_6,2025-09-06 20:49:15,2025-09-06 21:18:15,29,,
f5fb1bf0-fec6-4253-ab8f-6dd07cf5c430,VAC-1013,CAND-10013,ИНТЕРВЬЮЕРЫ,Провести финальное интервью,User Task,Сергей_9,2025-09-06 21:18:15,2025-09-06 22:43:15,85,passed,
f5fb1bf0-fec6-4253-ab8f-6dd07cf5c430,VAC-1013,CAND-10013,HR (ОФФЕР),Согласовать условия,User Task,Ольга_4,2025-09-06 22:43:15,2025-09-07 00:12:15,89,,
f5fb1bf0-fec6-4253-ab8f-6dd07cf5c430,VAC-1013,CAND-10013,HR (ОФФЕР),Сгенерировать оффер,Service Task,Наталья_7,2025-09-07 00:12:15,2025-09-07 00:25:15,13,,
f5fb1bf0-fec6-4253-ab8f-6dd07cf5c430,VAC-1013,CAND-10013,HR (ОФФЕР),Отправить оффер,Send Task,Наталья_9,2025-09-07 00:25:15,2025-09-07 00:35:15,10,sent,
f5fb1bf0-fec6-4253-ab8f-6dd07cf5c430,VAC-1013,CAND-10013,HR (ОФФЕР),Переговоры / отказ,Task,Марина_4,2025-09-07 00:35:15,2025-09-07 03:52:15,197,rejected,
fa3ee464-bf66-404b-95be-fac4edfc8eea,VAC-1159,CAND-10159,РУКОВОДИТЕЛЬ,Создать заявку,User Task,Сидоров_7,2025-10-19 17:45:15,2025-10-19 18:43:15,58,,
fa3ee464-bf66-404b-95be-fac4edfc8eea,VAC-1159,CAND-10159,HR,Зарегистрировать в HCM,Service Task,Марина_6,2025-10-19 18:43:15,2025-10-19 19:19:15,36,,
fa3ee464-bf66-404b-95be-fac4edfc8eea,VAC-1159,CAND-10159,РЕКРУТЕР,Разместить вакансию,Task,Алексей_9,2025-10-19 19:19:15,2025-10-19 20:56:15,97,,
fa3ee464-bf66-404b-95be-fac4edfc8eea,VAC-1159,CAND-10159,РЕКРУТЕР,Собирать резюме,Task,Дмитрий_9,2025-10-19 20:56:15,2025-10-21 11:32:15,2316,,
fa3ee464-bf66-404b-95be-fac4edfc8eea,VAC-1159,CAND-10159,РЕКРУТЕР,Скрининг,Task,Дмитрий_8,2025-10-21 11:32:15,2025-10-21 11:50:15,18,rejected,некорректное резюме
fa518c57-40d9-4cc3-8e3c-3a3c3d9c2dac,VAC-1136,CAND-10136,РУКОВОДИТЕЛЬ,Создать заявку,User Task,Петров_1,2025-10-17 17:50:15,2025-10-17 18:50:15,60,,
fa518c57-40d9-4cc3-8e3c-3a3c3d9c2dac,VAC-1136,CAND-10136,HR,Зарегистрировать в HCM,Service Task,Наталья_8,2025-10-17 18:50:15,2025-10-17 19:16:15,26,,
fa518c57-40d9-4cc3-8e3c-3a3c3d9c2dac,VAC-1136,CAND-10136,РЕКРУТЕР,Разместить вакансию,Task,Алексей_2,2025-10-17 19:16:15,2025-10-17 19:57:15,41,,
fa518c57-40d9-4cc3-8e3c-3a3c3d9c2dac,VAC-1136,CAND-10136,РЕКРУТЕР,Собирать резюме,Task,Екатерина_5,2025-10-17 19:57:15,2025-10-20 07:04:15,3547,,
fa518c57-40d9-4cc3-8e3c-3a3c3d9c2dac,VAC-1136,CAND-10136,РЕКРУТЕР,Скрининг,Task,Алексей_6,2025-10-20 07:04:15,2025-10-20 07:19:15,15,passed,
fa518c57-40d9-4cc3-8e3c-3a3c3d9c2dac,VAC-1136,CAND-10136,HR,Назначить интервью с HR,User Task,Марина_2,2025-10-20 07:19:15,2025-10-20 07:48:15,29,,
fa518c57-40d9-4cc3-8e3c-3a3c3d9c2dac,VAC-1136,CAND-10136,HR,Провести интервью с HR,User Task,Ольга_2,2025-10-20 07:48:15,2025-10-20 09:26:15,98,passed,
fa518c57-40d9-4cc3-8e3c-3a3c3d9c2dac,VAC-1136,CAND-10136,ИНТЕРВЬЮЕРЫ,Назначить техническое интервью,User Task,Анна_8,2025-10-20 09:26:15,2025-10-20 09:51:15,25,,
fa518c57-40d9-4cc3-8e3c-3a3c3d9c2dac,VAC-1136,CAND-10136,ИНТЕРВЬЮЕРЫ,Провести техническое интервью,User Task,Андрей_7,2025-10-20 09:51:15,2025-10-20 11:51:15,120,passed,
fa518c57-40d9-4cc3-8e3c-3a3c3d9c2dac,VAC-1136,CAND-10136,ИНТЕРВЬЮЕРЫ,Назначить финальное интервью,User Task,Андрей_1,2025-10-20 11:51:15,2025-10-20 12:01:15,10,,
fa518c57-40d9-4cc3-8e3c-3a3c3d9c2dac,VAC-1136,CAND-10136,ИНТЕРВЬЮЕРЫ,Провести финальное интервью,User Task,Андрей_3,2025-10-20 12:01:15,2025-10-20 14:01:15,120,passed,
fa518c57-40d9-4cc3-8e3c-3a3c3d9c2dac,VAC-1136,CAND-10136,HR (ОФФЕР),Согласовать условия,User Task,Марина_1,2025-10-20 14:01:15,2025-10-20 17:42:15,221,,
fa518c57-40d9-4cc3-8e3c-3a3c3d9c2dac,VAC-1136,CAND-10136,HR (ОФФЕР),Сгенерировать оффер,Service Task,Наталья_1,2025-10-20 17:42:15,2025-10-20 18:05:15,23,,
fa518c57-40d9-4cc3-8e3c-3a3c3d9c2dac,VAC-1136,CAND-10136,HR (ОФФЕР),Отправить оффер,Send Task,Наталья_5,2025-10-20 18:05:15,2025-10-20 18:15:15,10,sent,
fa518c57-40d9-4cc3-8e3c-3a3c3d9c2dac,VAC-1136,CAND-10136,HR (ОФФЕР),Переговоры / отказ,Task,Ольга_1,2025-10-20 18:15:15,2025-10-20 21:27:15,192,rejected,
fa58381e-900b-4c8c-a441-58046b1c06e7,VAC-1031,CAND-10031,РУКОВОДИТЕЛЬ,Создать заявку,User Task,Сидоров_3,2025-09-04 15:52:15,2025-09-04 16:28:15,36,,
fa58381e-900b-4c8c-a441-58046b1c06e7,VAC-1031,CAND-10031,HR,Зарегистрировать в HCM,Service Task,Наталья_2,2025-09-04 16:28:15,2025-09-04 16:43:15,15,,
fa58381e-900b-4c8c-a441-58046b1c06e7,VAC-1031,CAND-10031,РЕКРУТЕР,Разместить вакансию,Task,Дмитрий_4,2025-09-04 16:43:15,2025-09-04 18:21:15,98,,
fa58381e-900b-4c8c-a441-58046b1c06e7,VAC-1031,CAND-10031,РЕКРУТЕР,Собирать резюме,Task,Екатерина_3,2025-09-04 18:21:15,2025-09-07 04:19:15,3478,,
fa58381e-900b-4c8c-a441-58046b1c06e7,VAC-1031,CAND-10031,РЕКРУТЕР,Скрининг,Task,Дмитрий_8,2025-09-07 04:19:15,2025-09-07 04:49:15,30,passed,
fa58381e-900b-4c8c-a441-58046b1c06e7,VAC-1031,CAND-10031,HR,Назначить интервью с HR,User Task,Марина_1,2025-09-07 04:49:15,2025-09-07 05:07:15,18,,
fa58381e-900b-4c8c-a441-58046b1c06e7,VAC-1031,CAND-10031,HR,Провести интервью с HR,User Task,Ольга_9,2025-09-07 05:07:15,2025-09-07 06:51:15,104,rejected,недостаточная мотивация
fb5118c0-8d6e-4bd6-adb1-d7b895d1f8dc,VAC-1168,CAND-10168,РУКОВОДИТЕЛЬ,Создать заявку,User Task,Петров_8,2025-10-06 12:52:15,2025-10-06 13:08:15,16,,
fb5118c0-8d6e-4bd6-adb1-d7b895d1f8dc,VAC-1168,CAND-10168,HR,Зарегистрировать в HCM,Service Task,Наталья_4,2025-10-06 13:08:15,2025-10-06 13:44:15,36,,
fb5118c0-8d6e-4bd6-adb1-d7b895d1f8dc,VAC-1168,CAND-10168,РЕКРУТЕР,Разместить вакансию,Task,Екатерина_7,2025-10-06 13:44:15,2025-10-06 15:10:15,86,,
fb5118c0-8d6e-4bd6-adb1-d7b895d1f8dc,VAC-1168,CAND-10168,РЕКРУТЕР,Собирать резюме,Task,Екатерина_7,2025-10-06 15:10:15,2025-10-07 17:50:15,1600,,
fb5118c0-8d6e-4bd6-adb1-d7b895d1f8dc,VAC-1168,CAND-10168,РЕКРУТЕР,Скрининг,Task,Алексей_4,2025-10-07 17:50:15,2025-10-07 18:20:15,30,passed,
fb5118c0-8d6e-4bd6-adb1-d7b895d1f8dc,VAC-1168,CAND-10168,HR,Назначить интервью с HR,User Task,Ольга_7,2025-10-07 18:20:15,2025-10-07 18:39:15,19,,
fb5118c0-8d6e-4bd6-adb1-d7b895d1f8dc,VAC-1168,CAND-10168,HR,Провести интервью с HR,User Task,Ольга_3,2025-10-07 18:39:15,2025-10-07 20:00:15,81,rejected,несоответствие культуре
fb91ddb5-f02f-4aa8-8596-dde24075ceb5,VAC-1181,CAND-10181,РУКОВОДИТЕЛЬ,Создать заявку,User Task,Сидоров_7,2025-08-30 17:32:15,2025-08-30 18:26:15,54,,
fb91ddb5-f02f-4aa8-8596-dde24075ceb5,VAC-1181,CAND-10181,HR,Зарегистрировать в HCM,Service Task,Ольга_6,2025-08-30 18:26:15,2025-08-30 19:01:15,35,,
fb91ddb5-f02f-4aa8-8596-dde24075ceb5,VAC-1181,CAND-10181,РЕКРУТЕР,Разместить вакансию,Task,Екатерина_4,2025-08-30 19:01:15,2025-08-30 20:30:15,89,,
fb91ddb5-f02f-4aa8-8596-dde24075ceb5,VAC-1181,CAND-10181,РЕКРУТЕР,Собирать резюме,Task,Екатерина_2,2025-08-30 20:30:15,2025-09-01 08:18:15,2148,,
fb91ddb5-f02f-4aa8-8596-dde24075ceb5,VAC-1181,CAND-10181,РЕКРУТЕР,Скрининг,Task,Екатерина_8,2025-09-01 08:18:15,2025-09-01 08:50:15,32,rejected,не соотв. опыту
fcbc13f1-2a45-4c01-aebf-35c9c18c815b,VAC-1078,CAND-10078,РУКОВОДИТЕЛЬ,Создать заявку,User Task,Петров_9,2025-09-05 21:34:15,2025-09-05 22:20:15,46,,
fcbc13f1-2a45-4c01-aebf-35c9c18c815b,VAC-1078,CAND-10078,HR,Зарегистрировать в HCM,Service Task,Ольга_3,2025-09-05 22:20:15,2025-09-05 22:40:15,20,,
fcbc13f1-2a45-4c01-aebf-35c9c18c815b,VAC-1078,CAND-10078,РЕКРУТЕР,Разместить вакансию,Task,Екатерина_2,2025-09-05 22:40:15,2025-09-06 00:28:15,108,,
fcbc13f1-2a45-4c01-aebf-35c9c18c815b,VAC-1078,CAND-10078,РЕКРУТЕР,Собирать резюме,Task,Екатерина_6,2025-09-06 00:28:15,2025-09-08 10:39:15,3491,,
fcbc13f1-2a45-4c01-aebf-35c9c18c815b,VAC-1078,CAND-10078,РЕКРУТЕР,Скрининг,Task,Алексей_2,2025-09-08 10:39:15,2025-09-08 11:02:15,23,passed,
fcbc13f1-2a45-4c01-aebf-35c9c18c815b,VAC-1078,CAND-10078,HR,Назначить интервью с HR,User Task,Марина_7,2025-09-08 11:02:15,2025-09-08 11:22:15,20,,
fcbc13f1-2a45-4c01-aebf-35c9c18c815b,VAC-1078,CAND-10078,HR,Провести интервью с HR,User Task,Наталья_5,2025-09-08 11:22:15,2025-09-08 12:48:15,86,rejected,несоответствие культуре
fe8c5be2-100b-4e01-a3b9-c827d1796b4f,VAC-1004,CAND-10004,РУКОВОДИТЕЛЬ,Создать заявку,User Task,Иванов_2,2025-09-27 19:24:15,2025-09-27 20:22:15,58,,
fe8c5be2-100b-4e01-a3b9-c827d1796b4f,VAC-1004,CAND-10004,HR,Зарегистрировать в HCM,Service Task,Марина_3,2025-09-27 20:22:15,2025-09-27 20:36:15,14,,
fe8c5be2-100b-4e01-a3b9-c827d1796b4f,VAC-1004,CAND-10004,РЕКРУТЕР,Разместить вакансию,Task,Дмитрий_2,2025-09-27 20:36:15,2025-09-27 22:23:15,107,,
fe8c5be2-100b-4e01-a3b9-c827d1796b4f,VAC-1004,CAND-10004,РЕКРУТЕР,Собирать резюме,Task,Дмитрий_8,2025-09-27 22:23:15,2025-09-30 00:39:15,3016,,
fe8c5be2-100b-4e01-a3b9-c827d1796b4f,VAC-1004,CAND-10004,РЕКРУТЕР,Скрининг,Task,Алексей_2,2025-09-30 00:39:15,2025-09-30 01:06:15,27,passed,
fe8c5be2-100b-4e01-a3b9-c827d1796b4f,VAC-1004,CAND-10004,HR,Назначить интервью с HR,User Task,Марина_5,2025-09-30 01:06:15,2025-09-30 01:37:15,31,,
fe8c5be2-100b-4e01-a3b9-c827d1796b4f,VAC-1004,CAND-10004,HR,Провести интервью с HR,User Task,Наталья_5,2025-09-30 01:37:15,2025-09-30 03:05:15,88,rejected,несоответствие культуре
ffb3ead2-981c-4287-b040-cc261efe38ae,VAC-1117,CAND-10117,РУКОВОДИТЕЛЬ,Создать заявку,User Task,Сидоров_2,2025-10-16 22:39:15,2025-10-16 23:16:15,37,,
ffb3ead2-981c-4287-b040-cc261efe38ae,VAC-1117,CAND-10117,HR,Зарегистрировать в HCM,Service Task,Наталья_1,2025-10-16 23:16:15,2025-10-16 23:29:15,13,,
ffb3ead2-981c-4287-b040-cc261efe38ae,VAC-1117,CAND-10117,РЕКРУТЕР,Разместить вакансию,Task,Екатерина_3,2025-10-16 23:29:15,2025-10-17 00:06:15,37,,
ffb3ead2-981c-4287-b040-cc261efe38ae,VAC-1117,CAND-10117,РЕКРУТЕР,Собирать резюме,Task,Дмитрий_8,2025-10-17 00:06:15,2025-10-18 22:32:15,2786,,
ffb3ead2-981c-4287-b040-cc261efe38ae,VAC-1117,CAND-10117,РЕКРУТЕР,Скрининг,Task,Екатерина_2,2025-10-18 22:32:15,2025-10-18 22:50:15,18,rejected,некорректное резюме
